record_id,service_type,service_type_label,name,latitude,longitude,district,neighborhood,address,phone,detail,observed_at,retrieved_at,coverage_status,source_transport,source_dataset,source_dataset_url,source_license,source_attribution
assembly:kaggle:1:38.359739740429:26.30963585461,assembly,Emergency Assembly Area,1 NO LU AFET VE ACİL DURUM TOPLANMA ALANI,38.359739740429,26.30963585461,,,,,,,2026-09-20T07:31:27.118Z,COMPLETE_FOR_MAPPABLE_ROWS,compact-proximity-endpoint,Afet toplanma alanları,https://acikveri.bizizmir.com/dataset/afet-ve-acil-durum-toplanma-alanlari,CC BY 4.0,İzmir Büyükşehir Belediyesi Açık Veri Portalı
assembly:kaggle:2:38.475945216893:27.185345692106,assembly,Emergency Assembly Area,1 NO LU AFET VE ACİL DURUM TOPLANMA ALANI,38.475945216893,27.185345692106,,,,,,,2026-09-20T07:31:27.118Z,COMPLETE_FOR_MAPPABLE_ROWS,compact-proximity-endpoint,Afet toplanma alanları,https://acikveri.bizizmir.com/dataset/afet-ve-acil-durum-toplanma-alanlari,CC BY 4.0,İzmir Büyükşehir Belediyesi Açık Veri Portalı
assembly:kaggle:3:38.628269642504:26.926994996726,assembly,Emergency Assembly Area,1 NO LU AFET VE ACİL DURUM TOPLANMA ALANI,38.628269642504,26.926994996726,,,,,,,2026-09-20T07:31:27.118Z,COMPLETE_FOR_MAPPABLE_ROWS,compact-proximity-endpoint,Afet toplanma alanları,https://acikveri.bizizmir.com/dataset/afet-ve-acil-durum-toplanma-alanlari,CC BY 4.0,İzmir Büyükşehir Belediyesi Açık Veri Portalı
assembly:kaggle:4:38.613661641089:27.185946271299,assembly,Emergency Assembly Area,1 NO LU AFET VE ACİL DURUM TOPLANMA ALANI,38.613661641089,27.185946271299,,,,,,,2026-09-20T07:31:27.118Z,COMPLETE_FOR_MAPPABLE_ROWS,compact-proximity-endpoint,Afet toplanma alanları,https://acikveri.bizizmir.com/dataset/afet-ve-acil-durum-toplanma-alanlari,CC BY 4.0,İzmir Büyükşehir Belediyesi Açık Veri Portalı
assembly:kaggle:5:39.044441364998:27.501204154956,assembly,Emergency Assembly Area,1 NO LU AFET VE ACİL DURUM TOPLANMA ALANI,39.044441364998,27.501204154956,,,,,,,2026-09-20T07:31:27.118Z,COMPLETE_FOR_MAPPABLE_ROWS,compact-proximity-endpoint,Afet toplanma alanları,https://acikveri.bizizmir.com/dataset/afet-ve-acil-durum-toplanma-alanlari,CC BY 4.0,İzmir Büyükşehir Belediyesi Açık Veri Portalı
assembly:kaggle:6:38.471997435581:27.154296601551,assembly,Emergency Assembly Area,1 NO LU AFET VE ACİL DURUM TOPLANMA ALANI,38.471997435581,27.154296601551,,,,,,,2026-09-20T07:31:27.118Z,COMPLETE_FOR_MAPPABLE_ROWS,compact-proximity-endpoint,Afet toplanma alanları,https://acikveri.bizizmir.com/dataset/afet-ve-acil-durum-toplanma-alanlari,CC BY 4.0,İzmir Büyükşehir Belediyesi Açık Veri Portalı
assembly:kaggle:7:38.46142985901:27.168662459436,assembly,Emergency Assembly Area,1 NO LU AFET VE ACİL DURUM TOPLANMA ALANI,38.46142985901,27.168662459436,,,,,,,2026-09-20T07:31:27.118Z,COMPLETE_FOR_MAPPABLE_ROWS,compact-proximity-endpoint,Afet toplanma alanları,https://acikveri.bizizmir.com/dataset/afet-ve-acil-durum-toplanma-alanlari,CC BY 4.0,İzmir Büyükşehir Belediyesi Açık Veri Portalı
assembly:kaggle:8:38.46522700509:27.194765581365,assembly,Emergency Assembly Area,1 NO LU AFET VE ACİL DURUM TOPLANMA ALANI,38.46522700509,27.194765581365,,,,,,,2026-09-20T07:31:27.118Z,COMPLETE_FOR_MAPPABLE_ROWS,compact-proximity-endpoint,Afet toplanma alanları,https://acikveri.bizizmir.com/dataset/afet-ve-acil-durum-toplanma-alanlari,CC BY 4.0,İzmir Büyükşehir Belediyesi Açık Veri Portalı
assembly:kaggle:9:38.494252973057:26.946667796092,assembly,Emergency Assembly Area,1 NO LU AFET VE ACİL DURUM TOPLANMA ALANI,38.494252973057,26.946667796092,,,,,,,2026-09-20T07:31:27.118Z,COMPLETE_FOR_MAPPABLE_ROWS,compact-proximity-endpoint,Afet toplanma alanları,https://acikveri.bizizmir.com/dataset/afet-ve-acil-durum-toplanma-alanlari,CC BY 4.0,İzmir Büyükşehir Belediyesi Açık Veri Portalı
assembly:kaggle:10:38.619454140725:27.152504644504,assembly,Emergency Assembly Area,1 NO LU AFET VE ACİL DURUM TOPLANMA ALANI,38.619454140725,27.152504644504,,,,,,,2026-09-20T07:31:27.118Z,COMPLETE_FOR_MAPPABLE_ROWS,compact-proximity-endpoint,Afet toplanma alanları,https://acikveri.bizizmir.com/dataset/afet-ve-acil-durum-toplanma-alanlari,CC BY 4.0,İzmir Büyükşehir Belediyesi Açık Veri Portalı
assembly:kaggle:11:39.016924849555:27.435947710772,assembly,Emergency Assembly Area,1 NO LU AFET VE ACİL DURUM TOPLANMA ALANI,39.016924849555,27.435947710772,,,,,,,2026-09-20T07:31:27.118Z,COMPLETE_FOR_MAPPABLE_ROWS,compact-proximity-endpoint,Afet toplanma alanları,https://acikveri.bizizmir.com/dataset/afet-ve-acil-durum-toplanma-alanlari,CC BY 4.0,İzmir Büyükşehir Belediyesi Açık Veri Portalı
assembly:kaggle:12:38.649339884481:27.164954005329,assembly,Emergency Assembly Area,1 NO LU AFET VE ACİL DURUM TOPLANMA ALANI,38.649339884481,27.164954005329,,,,,,,2026-09-20T07:31:27.118Z,COMPLETE_FOR_MAPPABLE_ROWS,compact-proximity-endpoint,Afet toplanma alanları,https://acikveri.bizizmir.com/dataset/afet-ve-acil-durum-toplanma-alanlari,CC BY 4.0,İzmir Büyükşehir Belediyesi Açık Veri Portalı
assembly:kaggle:13:38.253342172883:27.122861637517,assembly,Emergency Assembly Area,1 NO LU AFET VE ACİL DURUM TOPLANMA ALANI,38.253342172883,27.122861637517,,,,,,,2026-09-20T07:31:27.118Z,COMPLETE_FOR_MAPPABLE_ROWS,compact-proximity-endpoint,Afet toplanma alanları,https://acikveri.bizizmir.com/dataset/afet-ve-acil-durum-toplanma-alanlari,CC BY 4.0,İzmir Büyükşehir Belediyesi Açık Veri Portalı
assembly:kaggle:14:39.101779432817:27.30441267072,assembly,Emergency Assembly Area,1 NO LU AFET VE ACİL DURUM TOPLANMA ALANI,39.101779432817,27.30441267072,,,,,,,2026-09-20T07:31:27.118Z,COMPLETE_FOR_MAPPABLE_ROWS,compact-proximity-endpoint,Afet toplanma alanları,https://acikveri.bizizmir.com/dataset/afet-ve-acil-durum-toplanma-alanlari,CC BY 4.0,İzmir Büyükşehir Belediyesi Açık Veri Portalı
assembly:kaggle:15:38.249382283723:27.140875269327,assembly,Emergency Assembly Area,1 NO LU AFET VE ACİL DURUM TOPLANMA ALANI,38.249382283723,27.140875269327,,,,,,,2026-09-20T07:31:27.118Z,COMPLETE_FOR_MAPPABLE_ROWS,compact-proximity-endpoint,Afet toplanma alanları,https://acikveri.bizizmir.com/dataset/afet-ve-acil-durum-toplanma-alanlari,CC BY 4.0,İzmir Büyükşehir Belediyesi Açık Veri Portalı
assembly:kaggle:16:38.136594626074:27.194937789239,assembly,Emergency Assembly Area,1 NO LU AFET VE ACİL DURUM TOPLANMA ALANI,38.136594626074,27.194937789239,,,,,,,2026-09-20T07:31:27.118Z,COMPLETE_FOR_MAPPABLE_ROWS,compact-proximity-endpoint,Afet toplanma alanları,https://acikveri.bizizmir.com/dataset/afet-ve-acil-durum-toplanma-alanlari,CC BY 4.0,İzmir Büyükşehir Belediyesi Açık Veri Portalı
assembly:kaggle:17:38.700592487468:27.043789744744,assembly,Emergency Assembly Area,1 NO LU AFET VE ACİL DURUM TOPLANMA ALANI,38.700592487468,27.043789744744,,,,,,,2026-09-20T07:31:27.118Z,COMPLETE_FOR_MAPPABLE_ROWS,compact-proximity-endpoint,Afet toplanma alanları,https://acikveri.bizizmir.com/dataset/afet-ve-acil-durum-toplanma-alanlari,CC BY 4.0,İzmir Büyükşehir Belediyesi Açık Veri Portalı
assembly:kaggle:18:38.318896910846:26.308273376476,assembly,Emergency Assembly Area,1 NO LU AFET VE ACİL DURUM TOPLANMA ALANI,38.318896910846,26.308273376476,,,,,,,2026-09-20T07:31:27.118Z,COMPLETE_FOR_MAPPABLE_ROWS,compact-proximity-endpoint,Afet toplanma alanları,https://acikveri.bizizmir.com/dataset/afet-ve-acil-durum-toplanma-alanlari,CC BY 4.0,İzmir Büyükşehir Belediyesi Açık Veri Portalı
assembly:kaggle:19:38.656323431745:27.159446104347,assembly,Emergency Assembly Area,1 NO LU AFET VE ACİL DURUM TOPLANMA ALANI,38.656323431745,27.159446104347,,,,,,,2026-09-20T07:31:27.118Z,COMPLETE_FOR_MAPPABLE_ROWS,compact-proximity-endpoint,Afet toplanma alanları,https://acikveri.bizizmir.com/dataset/afet-ve-acil-durum-toplanma-alanlari,CC BY 4.0,İzmir Büyükşehir Belediyesi Açık Veri Portalı
assembly:kaggle:20:38.637053142491:27.178955088285,assembly,Emergency Assembly Area,1 NO LU AFET VE ACİL DURUM TOPLANMA ALANI,38.637053142491,27.178955088285,,,,,,,2026-09-20T07:31:27.118Z,COMPLETE_FOR_MAPPABLE_ROWS,compact-proximity-endpoint,Afet toplanma alanları,https://acikveri.bizizmir.com/dataset/afet-ve-acil-durum-toplanma-alanlari,CC BY 4.0,İzmir Büyükşehir Belediyesi Açık Veri Portalı
assembly:kaggle:21:38.191912386161:27.552198094748,assembly,Emergency Assembly Area,1 NO LU AFET VE ACİL DURUM TOPLANMA ALANI,38.191912386161,27.552198094748,,,,,,,2026-09-20T07:31:27.118Z,COMPLETE_FOR_MAPPABLE_ROWS,compact-proximity-endpoint,Afet toplanma alanları,https://acikveri.bizizmir.com/dataset/afet-ve-acil-durum-toplanma-alanlari,CC BY 4.0,İzmir Büyükşehir Belediyesi Açık Veri Portalı
assembly:kaggle:22:38.24506889888:27.779270012113,assembly,Emergency Assembly Area,1 NO LU AFET VE ACİL DURUM TOPLANMA ALANI,38.24506889888,27.779270012113,,,,,,,2026-09-20T07:31:27.118Z,COMPLETE_FOR_MAPPABLE_ROWS,compact-proximity-endpoint,Afet toplanma alanları,https://acikveri.bizizmir.com/dataset/afet-ve-acil-durum-toplanma-alanlari,CC BY 4.0,İzmir Büyükşehir Belediyesi Açık Veri Portalı
assembly:kaggle:23:38.052700154702:27.052288047645,assembly,Emergency Assembly Area,1 NO LU AFET VE ACİL DURUM TOPLANMA ALANI,38.052700154702,27.052288047645,,,,,,,2026-09-20T07:31:27.118Z,COMPLETE_FOR_MAPPABLE_ROWS,compact-proximity-endpoint,Afet toplanma alanları,https://acikveri.bizizmir.com/dataset/afet-ve-acil-durum-toplanma-alanlari,CC BY 4.0,İzmir Büyükşehir Belediyesi Açık Veri Portalı
assembly:kaggle:24:39.032391422406:27.513562393481,assembly,Emergency Assembly Area,1 NO LU AFET VE ACİL DURUM TOPLANMA ALANI,39.032391422406,27.513562393481,,,,,,,2026-09-20T07:31:27.118Z,COMPLETE_FOR_MAPPABLE_ROWS,compact-proximity-endpoint,Afet toplanma alanları,https://acikveri.bizizmir.com/dataset/afet-ve-acil-durum-toplanma-alanlari,CC BY 4.0,İzmir Büyükşehir Belediyesi Açık Veri Portalı
assembly:kaggle:25:38.20022814358:27.50289664516,assembly,Emergency Assembly Area,1 NO LU AFET VE ACİL DURUM TOPLANMA ALANI,38.20022814358,27.50289664516,,,,,,,2026-09-20T07:31:27.118Z,COMPLETE_FOR_MAPPABLE_ROWS,compact-proximity-endpoint,Afet toplanma alanları,https://acikveri.bizizmir.com/dataset/afet-ve-acil-durum-toplanma-alanlari,CC BY 4.0,İzmir Büyükşehir Belediyesi Açık Veri Portalı
assembly:kaggle:26:38.242978648396:27.214850232709,assembly,Emergency Assembly Area,1 NO LU AFET VE ACİL DURUM TOPLANMA ALANI,38.242978648396,27.214850232709,,,,,,,2026-09-20T07:31:27.118Z,COMPLETE_FOR_MAPPABLE_ROWS,compact-proximity-endpoint,Afet toplanma alanları,https://acikveri.bizizmir.com/dataset/afet-ve-acil-durum-toplanma-alanlari,CC BY 4.0,İzmir Büyükşehir Belediyesi Açık Veri Portalı
assembly:kaggle:27:38.333336358164:26.896409095239,assembly,Emergency Assembly Area,1 NO LU AFET VE ACİL DURUM TOPLANMA ALANI,38.333336358164,26.896409095239,,,,,,,2026-09-20T07:31:27.118Z,COMPLETE_FOR_MAPPABLE_ROWS,compact-proximity-endpoint,Afet toplanma alanları,https://acikveri.bizizmir.com/dataset/afet-ve-acil-durum-toplanma-alanlari,CC BY 4.0,İzmir Büyükşehir Belediyesi Açık Veri Portalı
assembly:kaggle:28:38.31212895716:26.336291603959,assembly,Emergency Assembly Area,1 NO LU AFET VE ACİL DURUM TOPLANMA ALANI,38.31212895716,26.336291603959,,,,,,,2026-09-20T07:31:27.118Z,COMPLETE_FOR_MAPPABLE_ROWS,compact-proximity-endpoint,Afet toplanma alanları,https://acikveri.bizizmir.com/dataset/afet-ve-acil-durum-toplanma-alanlari,CC BY 4.0,İzmir Büyükşehir Belediyesi Açık Veri Portalı
assembly:kaggle:29:38.335582829961:26.43245363473,assembly,Emergency Assembly Area,1 NO LU AFET VE ACİL DURUM TOPLANMA ALANI,38.335582829961,26.43245363473,,,,,,,2026-09-20T07:31:27.118Z,COMPLETE_FOR_MAPPABLE_ROWS,compact-proximity-endpoint,Afet toplanma alanları,https://acikveri.bizizmir.com/dataset/afet-ve-acil-durum-toplanma-alanlari,CC BY 4.0,İzmir Büyükşehir Belediyesi Açık Veri Portalı
assembly:kaggle:30:38.198002461252:27.714511151552,assembly,Emergency Assembly Area,1 NO LU AFET VE ACİL DURUM TOPLANMA ALANI,38.198002461252,27.714511151552,,,,,,,2026-09-20T07:31:27.118Z,COMPLETE_FOR_MAPPABLE_ROWS,compact-proximity-endpoint,Afet toplanma alanları,https://acikveri.bizizmir.com/dataset/afet-ve-acil-durum-toplanma-alanlari,CC BY 4.0,İzmir Büyükşehir Belediyesi Açık Veri Portalı
assembly:kaggle:31:39.07606562283:27.287010626394,assembly,Emergency Assembly Area,1 NO LU AFET VE ACİL DURUM TOPLANMA ALANI,39.07606562283,27.287010626394,,,,,,,2026-09-20T07:31:27.118Z,COMPLETE_FOR_MAPPABLE_ROWS,compact-proximity-endpoint,Afet toplanma alanları,https://acikveri.bizizmir.com/dataset/afet-ve-acil-durum-toplanma-alanlari,CC BY 4.0,İzmir Büyükşehir Belediyesi Açık Veri Portalı
assembly:kaggle:32:38.22281423982:27.652450471162,assembly,Emergency Assembly Area,1 NO LU AFET VE ACİL DURUM TOPLANMA ALANI,38.22281423982,27.652450471162,,,,,,,2026-09-20T07:31:27.118Z,COMPLETE_FOR_MAPPABLE_ROWS,compact-proximity-endpoint,Afet toplanma alanları,https://acikveri.bizizmir.com/dataset/afet-ve-acil-durum-toplanma-alanlari,CC BY 4.0,İzmir Büyükşehir Belediyesi Açık Veri Portalı
assembly:kaggle:33:38.117150382321:28.17816636571,assembly,Emergency Assembly Area,1 NO LU AFET VE ACİL DURUM TOPLANMA ALANI,38.117150382321,28.17816636571,,,,,,,2026-09-20T07:31:27.118Z,COMPLETE_FOR_MAPPABLE_ROWS,compact-proximity-endpoint,Afet toplanma alanları,https://acikveri.bizizmir.com/dataset/afet-ve-acil-durum-toplanma-alanlari,CC BY 4.0,İzmir Büyükşehir Belediyesi Açık Veri Portalı
assembly:kaggle:34:38.085167281018:28.216001468743,assembly,Emergency Assembly Area,1 NO LU AFET VE ACİL DURUM TOPLANMA ALANI,38.085167281018,28.216001468743,,,,,,,2026-09-20T07:31:27.118Z,COMPLETE_FOR_MAPPABLE_ROWS,compact-proximity-endpoint,Afet toplanma alanları,https://acikveri.bizizmir.com/dataset/afet-ve-acil-durum-toplanma-alanlari,CC BY 4.0,İzmir Büyükşehir Belediyesi Açık Veri Portalı
assembly:kaggle:35:38.292019971734:27.131444598272,assembly,Emergency Assembly Area,1 NO LU AFET VE ACİL DURUM TOPLANMA ALANI,38.292019971734,27.131444598272,,,,,,,2026-09-20T07:31:27.118Z,COMPLETE_FOR_MAPPABLE_ROWS,compact-proximity-endpoint,Afet toplanma alanları,https://acikveri.bizizmir.com/dataset/afet-ve-acil-durum-toplanma-alanlari,CC BY 4.0,İzmir Büyükşehir Belediyesi Açık Veri Portalı
assembly:kaggle:36:38.335557433066:26.303370291492,assembly,Emergency Assembly Area,1 NO LU AFET VE ACİL DURUM TOPLANMA ALANI,38.335557433066,26.303370291492,,,,,,,2026-09-20T07:31:27.118Z,COMPLETE_FOR_MAPPABLE_ROWS,compact-proximity-endpoint,Afet toplanma alanları,https://acikveri.bizizmir.com/dataset/afet-ve-acil-durum-toplanma-alanlari,CC BY 4.0,İzmir Büyükşehir Belediyesi Açık Veri Portalı
assembly:kaggle:37:38.063244038052:28.249963467023,assembly,Emergency Assembly Area,1 NO LU AFET VE ACİL DURUM TOPLANMA ALANI,38.063244038052,28.249963467023,,,,,,,2026-09-20T07:31:27.118Z,COMPLETE_FOR_MAPPABLE_ROWS,compact-proximity-endpoint,Afet toplanma alanları,https://acikveri.bizizmir.com/dataset/afet-ve-acil-durum-toplanma-alanlari,CC BY 4.0,İzmir Büyükşehir Belediyesi Açık Veri Portalı
assembly:kaggle:38:38.376092499599:26.488570455041,assembly,Emergency Assembly Area,1 NO LU AFET VE ACİL DURUM TOPLANMA ALANI,38.376092499599,26.488570455041,,,,,,,2026-09-20T07:31:27.118Z,COMPLETE_FOR_MAPPABLE_ROWS,compact-proximity-endpoint,Afet toplanma alanları,https://acikveri.bizizmir.com/dataset/afet-ve-acil-durum-toplanma-alanlari,CC BY 4.0,İzmir Büyükşehir Belediyesi Açık Veri Portalı
assembly:kaggle:39:38.315643513463:26.342170969985,assembly,Emergency Assembly Area,1 NO LU AFET VE ACİL DURUM TOPLANMA ALANI,38.315643513463,26.342170969985,,,,,,,2026-09-20T07:31:27.118Z,COMPLETE_FOR_MAPPABLE_ROWS,compact-proximity-endpoint,Afet toplanma alanları,https://acikveri.bizizmir.com/dataset/afet-ve-acil-durum-toplanma-alanlari,CC BY 4.0,İzmir Büyükşehir Belediyesi Açık Veri Portalı
assembly:kaggle:40:38.314380775988:26.303965778946,assembly,Emergency Assembly Area,1 NO LU AFET VE ACİL DURUM TOPLANMA ALANI,38.314380775988,26.303965778946,,,,,,,2026-09-20T07:31:27.118Z,COMPLETE_FOR_MAPPABLE_ROWS,compact-proximity-endpoint,Afet toplanma alanları,https://acikveri.bizizmir.com/dataset/afet-ve-acil-durum-toplanma-alanlari,CC BY 4.0,İzmir Büyükşehir Belediyesi Açık Veri Portalı
assembly:kaggle:41:38.223282022404:27.646525500325,assembly,Emergency Assembly Area,1 NO LU AFET VE ACİL DURUM TOPLANMA ALANI,38.223282022404,27.646525500325,,,,,,,2026-09-20T07:31:27.118Z,COMPLETE_FOR_MAPPABLE_ROWS,compact-proximity-endpoint,Afet toplanma alanları,https://acikveri.bizizmir.com/dataset/afet-ve-acil-durum-toplanma-alanlari,CC BY 4.0,İzmir Büyükşehir Belediyesi Açık Veri Portalı
assembly:kaggle:42:38.649641450565:27.091704578761,assembly,Emergency Assembly Area,1 NO LU AFET VE ACİL DURUM TOPLANMA ALANI,38.649641450565,27.091704578761,,,,,,,2026-09-20T07:31:27.118Z,COMPLETE_FOR_MAPPABLE_ROWS,compact-proximity-endpoint,Afet toplanma alanları,https://acikveri.bizizmir.com/dataset/afet-ve-acil-durum-toplanma-alanlari,CC BY 4.0,İzmir Büyükşehir Belediyesi Açık Veri Portalı
assembly:kaggle:43:38.085000540529:28.26228008216,assembly,Emergency Assembly Area,1 NO LU AFET VE ACİL DURUM TOPLANMA ALANI,38.085000540529,28.26228008216,,,,,,,2026-09-20T07:31:27.118Z,COMPLETE_FOR_MAPPABLE_ROWS,compact-proximity-endpoint,Afet toplanma alanları,https://acikveri.bizizmir.com/dataset/afet-ve-acil-durum-toplanma-alanlari,CC BY 4.0,İzmir Büyükşehir Belediyesi Açık Veri Portalı
assembly:kaggle:44:38.614147738286:27.067334209096,assembly,Emergency Assembly Area,1 NO LU AFET VE ACİL DURUM TOPLANMA ALANI,38.614147738286,27.067334209096,,,,,,,2026-09-20T07:31:27.118Z,COMPLETE_FOR_MAPPABLE_ROWS,compact-proximity-endpoint,Afet toplanma alanları,https://acikveri.bizizmir.com/dataset/afet-ve-acil-durum-toplanma-alanlari,CC BY 4.0,İzmir Büyükşehir Belediyesi Açık Veri Portalı
assembly:kaggle:45:38.588618736793:27.080659401579,assembly,Emergency Assembly Area,1 NO LU AFET VE ACİL DURUM TOPLANMA ALANI,38.588618736793,27.080659401579,,,,,,,2026-09-20T07:31:27.118Z,COMPLETE_FOR_MAPPABLE_ROWS,compact-proximity-endpoint,Afet toplanma alanları,https://acikveri.bizizmir.com/dataset/afet-ve-acil-durum-toplanma-alanlari,CC BY 4.0,İzmir Büyükşehir Belediyesi Açık Veri Portalı
assembly:kaggle:46:38.256627868305:27.101983421993,assembly,Emergency Assembly Area,1 NO LU AFET VE ACİL DURUM TOPLANMA ALANI,38.256627868305,27.101983421993,,,,,,,2026-09-20T07:31:27.118Z,COMPLETE_FOR_MAPPABLE_ROWS,compact-proximity-endpoint,Afet toplanma alanları,https://acikveri.bizizmir.com/dataset/afet-ve-acil-durum-toplanma-alanlari,CC BY 4.0,İzmir Büyükşehir Belediyesi Açık Veri Portalı
assembly:kaggle:47:38.581999598616:26.978054697151,assembly,Emergency Assembly Area,1 NO LU AFET VE ACİL DURUM TOPLANMA ALANI,38.581999598616,26.978054697151,,,,,,,2026-09-20T07:31:27.118Z,COMPLETE_FOR_MAPPABLE_ROWS,compact-proximity-endpoint,Afet toplanma alanları,https://acikveri.bizizmir.com/dataset/afet-ve-acil-durum-toplanma-alanlari,CC BY 4.0,İzmir Büyükşehir Belediyesi Açık Veri Portalı
assembly:kaggle:48:38.622346024944:27.136695777659,assembly,Emergency Assembly Area,1 NO LU AFET VE ACİL DURUM TOPLANMA ALANI,38.622346024944,27.136695777659,,,,,,,2026-09-20T07:31:27.118Z,COMPLETE_FOR_MAPPABLE_ROWS,compact-proximity-endpoint,Afet toplanma alanları,https://acikveri.bizizmir.com/dataset/afet-ve-acil-durum-toplanma-alanlari,CC BY 4.0,İzmir Büyükşehir Belediyesi Açık Veri Portalı
assembly:kaggle:49:39.037360121072:27.238886730766,assembly,Emergency Assembly Area,1 NO LU AFET VE ACİL DURUM TOPLANMA ALANI,39.037360121072,27.238886730766,,,,,,,2026-09-20T07:31:27.118Z,COMPLETE_FOR_MAPPABLE_ROWS,compact-proximity-endpoint,Afet toplanma alanları,https://acikveri.bizizmir.com/dataset/afet-ve-acil-durum-toplanma-alanlari,CC BY 4.0,İzmir Büyükşehir Belediyesi Açık Veri Portalı
assembly:kaggle:50:38.184307864149:27.186097194023,assembly,Emergency Assembly Area,1 NO LU AFET VE ACİL DURUM TOPLANMA ALANI,38.184307864149,27.186097194023,,,,,,,2026-09-20T07:31:27.118Z,COMPLETE_FOR_MAPPABLE_ROWS,compact-proximity-endpoint,Afet toplanma alanları,https://acikveri.bizizmir.com/dataset/afet-ve-acil-durum-toplanma-alanlari,CC BY 4.0,İzmir Büyükşehir Belediyesi Açık Veri Portalı
assembly:kaggle:51:38.261109713445:27.130071366066,assembly,Emergency Assembly Area,1 NO LU AFET VE ACİL DURUM TOPLANMA ALANI,38.261109713445,27.130071366066,,,,,,,2026-09-20T07:31:27.118Z,COMPLETE_FOR_MAPPABLE_ROWS,compact-proximity-endpoint,Afet toplanma alanları,https://acikveri.bizizmir.com/dataset/afet-ve-acil-durum-toplanma-alanlari,CC BY 4.0,İzmir Büyükşehir Belediyesi Açık Veri Portalı
assembly:kaggle:52:38.49921143988:27.085836192628,assembly,Emergency Assembly Area,1 NO LU AFET VE ACİL DURUM TOPLANMA ALANI,38.49921143988,27.085836192628,,,,,,,2026-09-20T07:31:27.118Z,COMPLETE_FOR_MAPPABLE_ROWS,compact-proximity-endpoint,Afet toplanma alanları,https://acikveri.bizizmir.com/dataset/afet-ve-acil-durum-toplanma-alanlari,CC BY 4.0,İzmir Büyükşehir Belediyesi Açık Veri Portalı
assembly:kaggle:53:38.636835168336:27.100409667218,assembly,Emergency Assembly Area,1 NO LU AFET VE ACİL DURUM TOPLANMA ALANI,38.636835168336,27.100409667218,,,,,,,2026-09-20T07:31:27.118Z,COMPLETE_FOR_MAPPABLE_ROWS,compact-proximity-endpoint,Afet toplanma alanları,https://acikveri.bizizmir.com/dataset/afet-ve-acil-durum-toplanma-alanlari,CC BY 4.0,İzmir Büyükşehir Belediyesi Açık Veri Portalı
assembly:kaggle:54:38.078987684302:28.189281439624,assembly,Emergency Assembly Area,1 NO LU AFET VE ACİL DURUM TOPLANMA ALANI,38.078987684302,28.189281439624,,,,,,,2026-09-20T07:31:27.118Z,COMPLETE_FOR_MAPPABLE_ROWS,compact-proximity-endpoint,Afet toplanma alanları,https://acikveri.bizizmir.com/dataset/afet-ve-acil-durum-toplanma-alanlari,CC BY 4.0,İzmir Büyükşehir Belediyesi Açık Veri Portalı
assembly:kaggle:55:38.288541347399:26.383047680696,assembly,Emergency Assembly Area,1 NO LU AFET VE ACİL DURUM TOPLANMA ALANI,38.288541347399,26.383047680696,,,,,,,2026-09-20T07:31:27.118Z,COMPLETE_FOR_MAPPABLE_ROWS,compact-proximity-endpoint,Afet toplanma alanları,https://acikveri.bizizmir.com/dataset/afet-ve-acil-durum-toplanma-alanlari,CC BY 4.0,İzmir Büyükşehir Belediyesi Açık Veri Portalı
assembly:kaggle:56:39.086353195731:27.382276850186,assembly,Emergency Assembly Area,1 NO LU AFET VE ACİL DURUM TOPLANMA ALANI,39.086353195731,27.382276850186,,,,,,,2026-09-20T07:31:27.118Z,COMPLETE_FOR_MAPPABLE_ROWS,compact-proximity-endpoint,Afet toplanma alanları,https://acikveri.bizizmir.com/dataset/afet-ve-acil-durum-toplanma-alanlari,CC BY 4.0,İzmir Büyükşehir Belediyesi Açık Veri Portalı
assembly:kaggle:57:38.083818240107:28.20587349801,assembly,Emergency Assembly Area,1 NO LU AFET VE ACİL DURUM TOPLANMA ALANI,38.083818240107,28.20587349801,,,,,,,2026-09-20T07:31:27.118Z,COMPLETE_FOR_MAPPABLE_ROWS,compact-proximity-endpoint,Afet toplanma alanları,https://acikveri.bizizmir.com/dataset/afet-ve-acil-durum-toplanma-alanlari,CC BY 4.0,İzmir Büyükşehir Belediyesi Açık Veri Portalı
assembly:kaggle:58:38.201240079687:27.701164541168,assembly,Emergency Assembly Area,1 NO LU AFET VE ACİL DURUM TOPLANMA ALANI,38.201240079687,27.701164541168,,,,,,,2026-09-20T07:31:27.118Z,COMPLETE_FOR_MAPPABLE_ROWS,compact-proximity-endpoint,Afet toplanma alanları,https://acikveri.bizizmir.com/dataset/afet-ve-acil-durum-toplanma-alanlari,CC BY 4.0,İzmir Büyükşehir Belediyesi Açık Veri Portalı
assembly:kaggle:59:38.614323830695:27.112038365641,assembly,Emergency Assembly Area,1 NO LU AFET VE ACİL DURUM TOPLANMA ALANI,38.614323830695,27.112038365641,,,,,,,2026-09-20T07:31:27.118Z,COMPLETE_FOR_MAPPABLE_ROWS,compact-proximity-endpoint,Afet toplanma alanları,https://acikveri.bizizmir.com/dataset/afet-ve-acil-durum-toplanma-alanlari,CC BY 4.0,İzmir Büyükşehir Belediyesi Açık Veri Portalı
assembly:kaggle:60:38.222145666382:27.056407614052,assembly,Emergency Assembly Area,1 NO LU AFET VE ACİL DURUM TOPLANMA ALANI,38.222145666382,27.056407614052,,,,,,,2026-09-20T07:31:27.118Z,COMPLETE_FOR_MAPPABLE_ROWS,compact-proximity-endpoint,Afet toplanma alanları,https://acikveri.bizizmir.com/dataset/afet-ve-acil-durum-toplanma-alanlari,CC BY 4.0,İzmir Büyükşehir Belediyesi Açık Veri Portalı
assembly:kaggle:61:38.612571797218:27.16311542271,assembly,Emergency Assembly Area,1 NO LU AFET VE ACİL DURUM TOPLANMA ALANI,38.612571797218,27.16311542271,,,,,,,2026-09-20T07:31:27.118Z,COMPLETE_FOR_MAPPABLE_ROWS,compact-proximity-endpoint,Afet toplanma alanları,https://acikveri.bizizmir.com/dataset/afet-ve-acil-durum-toplanma-alanlari,CC BY 4.0,İzmir Büyükşehir Belediyesi Açık Veri Portalı
assembly:kaggle:62:38.12373403156:28.253868661315,assembly,Emergency Assembly Area,1 NO LU AFET VE ACİL DURUM TOPLANMA ALANI,38.12373403156,28.253868661315,,,,,,,2026-09-20T07:31:27.118Z,COMPLETE_FOR_MAPPABLE_ROWS,compact-proximity-endpoint,Afet toplanma alanları,https://acikveri.bizizmir.com/dataset/afet-ve-acil-durum-toplanma-alanlari,CC BY 4.0,İzmir Büyükşehir Belediyesi Açık Veri Portalı
assembly:kaggle:63:38.14381872552:28.245328520655,assembly,Emergency Assembly Area,1 NO LU AFET VE ACİL DURUM TOPLANMA ALANI,38.14381872552,28.245328520655,,,,,,,2026-09-20T07:31:27.118Z,COMPLETE_FOR_MAPPABLE_ROWS,compact-proximity-endpoint,Afet toplanma alanları,https://acikveri.bizizmir.com/dataset/afet-ve-acil-durum-toplanma-alanlari,CC BY 4.0,İzmir Büyükşehir Belediyesi Açık Veri Portalı
assembly:kaggle:64:38.021164296206:27.096442400712,assembly,Emergency Assembly Area,1 NO LU AFET VE ACİL DURUM TOPLANMA ALANI,38.021164296206,27.096442400712,,,,,,,2026-09-20T07:31:27.118Z,COMPLETE_FOR_MAPPABLE_ROWS,compact-proximity-endpoint,Afet toplanma alanları,https://acikveri.bizizmir.com/dataset/afet-ve-acil-durum-toplanma-alanlari,CC BY 4.0,İzmir Büyükşehir Belediyesi Açık Veri Portalı
assembly:kaggle:65:38.685186594082:27.034978758282,assembly,Emergency Assembly Area,1 NO LU AFET VE ACİL DURUM TOPLANMA ALANI,38.685186594082,27.034978758282,,,,,,,2026-09-20T07:31:27.118Z,COMPLETE_FOR_MAPPABLE_ROWS,compact-proximity-endpoint,Afet toplanma alanları,https://acikveri.bizizmir.com/dataset/afet-ve-acil-durum-toplanma-alanlari,CC BY 4.0,İzmir Büyükşehir Belediyesi Açık Veri Portalı
assembly:kaggle:66:38.638018908547:27.110088368672,assembly,Emergency Assembly Area,1 NO LU AFET VE ACİL DURUM TOPLANMA ALANI,38.638018908547,27.110088368672,,,,,,,2026-09-20T07:31:27.118Z,COMPLETE_FOR_MAPPABLE_ROWS,compact-proximity-endpoint,Afet toplanma alanları,https://acikveri.bizizmir.com/dataset/afet-ve-acil-durum-toplanma-alanlari,CC BY 4.0,İzmir Büyükşehir Belediyesi Açık Veri Portalı
assembly:kaggle:67:38.200430568704:27.579800556014,assembly,Emergency Assembly Area,1 NO LU AFET VE ACİL DURUM TOPLANMA ALANI,38.200430568704,27.579800556014,,,,,,,2026-09-20T07:31:27.118Z,COMPLETE_FOR_MAPPABLE_ROWS,compact-proximity-endpoint,Afet toplanma alanları,https://acikveri.bizizmir.com/dataset/afet-ve-acil-durum-toplanma-alanlari,CC BY 4.0,İzmir Büyükşehir Belediyesi Açık Veri Portalı
assembly:kaggle:68:38.580299254124:27.083695661461,assembly,Emergency Assembly Area,1 NO LU AFET VE ACİL DURUM TOPLANMA ALANI,38.580299254124,27.083695661461,,,,,,,2026-09-20T07:31:27.118Z,COMPLETE_FOR_MAPPABLE_ROWS,compact-proximity-endpoint,Afet toplanma alanları,https://acikveri.bizizmir.com/dataset/afet-ve-acil-durum-toplanma-alanlari,CC BY 4.0,İzmir Büyükşehir Belediyesi Açık Veri Portalı
assembly:kaggle:69:38.316275503681:26.923370554625,assembly,Emergency Assembly Area,1 NO LU AFET VE ACİL DURUM TOPLANMA ALANI,38.316275503681,26.923370554625,,,,,,,2026-09-20T07:31:27.118Z,COMPLETE_FOR_MAPPABLE_ROWS,compact-proximity-endpoint,Afet toplanma alanları,https://acikveri.bizizmir.com/dataset/afet-ve-acil-durum-toplanma-alanlari,CC BY 4.0,İzmir Büyükşehir Belediyesi Açık Veri Portalı
assembly:kaggle:70:38.268792707046:27.652756170394,assembly,Emergency Assembly Area,1 NO LU AFET VE ACİL DURUM TOPLANMA ALANI,38.268792707046,27.652756170394,,,,,,,2026-09-20T07:31:27.118Z,COMPLETE_FOR_MAPPABLE_ROWS,compact-proximity-endpoint,Afet toplanma alanları,https://acikveri.bizizmir.com/dataset/afet-ve-acil-durum-toplanma-alanlari,CC BY 4.0,İzmir Büyükşehir Belediyesi Açık Veri Portalı
assembly:kaggle:71:38.215031656917:27.229141016639,assembly,Emergency Assembly Area,1 NO LU AFET VE ACİL DURUM TOPLANMA ALANI,38.215031656917,27.229141016639,,,,,,,2026-09-20T07:31:27.118Z,COMPLETE_FOR_MAPPABLE_ROWS,compact-proximity-endpoint,Afet toplanma alanları,https://acikveri.bizizmir.com/dataset/afet-ve-acil-durum-toplanma-alanlari,CC BY 4.0,İzmir Büyükşehir Belediyesi Açık Veri Portalı
assembly:kaggle:72:38.327604295084:26.310531768688,assembly,Emergency Assembly Area,1 NO LU AFET VE ACİL DURUM TOPLANMA ALANI,38.327604295084,26.310531768688,,,,,,,2026-09-20T07:31:27.118Z,COMPLETE_FOR_MAPPABLE_ROWS,compact-proximity-endpoint,Afet toplanma alanları,https://acikveri.bizizmir.com/dataset/afet-ve-acil-durum-toplanma-alanlari,CC BY 4.0,İzmir Büyükşehir Belediyesi Açık Veri Portalı
assembly:kaggle:73:38.326392312304:26.312130359531,assembly,Emergency Assembly Area,1 NO LU AFET VE ACİL DURUM TOPLANMA ALANI,38.326392312304,26.312130359531,,,,,,,2026-09-20T07:31:27.118Z,COMPLETE_FOR_MAPPABLE_ROWS,compact-proximity-endpoint,Afet toplanma alanları,https://acikveri.bizizmir.com/dataset/afet-ve-acil-durum-toplanma-alanlari,CC BY 4.0,İzmir Büyükşehir Belediyesi Açık Veri Portalı
assembly:kaggle:74:38.242776928502:27.732320862354,assembly,Emergency Assembly Area,1 NO LU AFET VE ACİL DURUM TOPLANMA ALANI,38.242776928502,27.732320862354,,,,,,,2026-09-20T07:31:27.118Z,COMPLETE_FOR_MAPPABLE_ROWS,compact-proximity-endpoint,Afet toplanma alanları,https://acikveri.bizizmir.com/dataset/afet-ve-acil-durum-toplanma-alanlari,CC BY 4.0,İzmir Büyükşehir Belediyesi Açık Veri Portalı
assembly:kaggle:75:38.561384959087:27.061221575916,assembly,Emergency Assembly Area,1 NO LU AFET VE ACİL DURUM TOPLANMA ALANI,38.561384959087,27.061221575916,,,,,,,2026-09-20T07:31:27.118Z,COMPLETE_FOR_MAPPABLE_ROWS,compact-proximity-endpoint,Afet toplanma alanları,https://acikveri.bizizmir.com/dataset/afet-ve-acil-durum-toplanma-alanlari,CC BY 4.0,İzmir Büyükşehir Belediyesi Açık Veri Portalı
assembly:kaggle:76:38.225517702758:27.678934466582,assembly,Emergency Assembly Area,1 NO LU AFET VE ACİL DURUM TOPLANMA ALANI,38.225517702758,27.678934466582,,,,,,,2026-09-20T07:31:27.118Z,COMPLETE_FOR_MAPPABLE_ROWS,compact-proximity-endpoint,Afet toplanma alanları,https://acikveri.bizizmir.com/dataset/afet-ve-acil-durum-toplanma-alanlari,CC BY 4.0,İzmir Büyükşehir Belediyesi Açık Veri Portalı
assembly:kaggle:77:38.031339893178:27.242316261917,assembly,Emergency Assembly Area,1 NO LU AFET VE ACİL DURUM TOPLANMA ALANI,38.031339893178,27.242316261917,,,,,,,2026-09-20T07:31:27.118Z,COMPLETE_FOR_MAPPABLE_ROWS,compact-proximity-endpoint,Afet toplanma alanları,https://acikveri.bizizmir.com/dataset/afet-ve-acil-durum-toplanma-alanlari,CC BY 4.0,İzmir Büyükşehir Belediyesi Açık Veri Portalı
assembly:kaggle:78:38.091417108512:27.16712886157,assembly,Emergency Assembly Area,1 NO LU AFET VE ACİL DURUM TOPLANMA ALANI,38.091417108512,27.16712886157,,,,,,,2026-09-20T07:31:27.118Z,COMPLETE_FOR_MAPPABLE_ROWS,compact-proximity-endpoint,Afet toplanma alanları,https://acikveri.bizizmir.com/dataset/afet-ve-acil-durum-toplanma-alanlari,CC BY 4.0,İzmir Büyükşehir Belediyesi Açık Veri Portalı
assembly:kaggle:79:38.620376287234:27.22777778536,assembly,Emergency Assembly Area,1 NO LU AFET VE ACİL DURUM TOPLANMA ALANI,38.620376287234,27.22777778536,,,,,,,2026-09-20T07:31:27.118Z,COMPLETE_FOR_MAPPABLE_ROWS,compact-proximity-endpoint,Afet toplanma alanları,https://acikveri.bizizmir.com/dataset/afet-ve-acil-durum-toplanma-alanlari,CC BY 4.0,İzmir Büyükşehir Belediyesi Açık Veri Portalı
assembly:kaggle:80:38.59289341074:27.07163112333,assembly,Emergency Assembly Area,1 NO LU AFET VE ACİL DURUM TOPLANMA ALANI,38.59289341074,27.07163112333,,,,,,,2026-09-20T07:31:27.118Z,COMPLETE_FOR_MAPPABLE_ROWS,compact-proximity-endpoint,Afet toplanma alanları,https://acikveri.bizizmir.com/dataset/afet-ve-acil-durum-toplanma-alanlari,CC BY 4.0,İzmir Büyükşehir Belediyesi Açık Veri Portalı
assembly:kaggle:81:38.248203141013:27.5840061641,assembly,Emergency Assembly Area,1 NO LU AFET VE ACİL DURUM TOPLANMA ALANI,38.248203141013,27.5840061641,,,,,,,2026-09-20T07:31:27.118Z,COMPLETE_FOR_MAPPABLE_ROWS,compact-proximity-endpoint,Afet toplanma alanları,https://acikveri.bizizmir.com/dataset/afet-ve-acil-durum-toplanma-alanlari,CC BY 4.0,İzmir Büyükşehir Belediyesi Açık Veri Portalı
assembly:kaggle:82:38.255667478755:27.135972205368,assembly,Emergency Assembly Area,1 NO LU AFET VE ACİL DURUM TOPLANMA ALANI,38.255667478755,27.135972205368,,,,,,,2026-09-20T07:31:27.118Z,COMPLETE_FOR_MAPPABLE_ROWS,compact-proximity-endpoint,Afet toplanma alanları,https://acikveri.bizizmir.com/dataset/afet-ve-acil-durum-toplanma-alanlari,CC BY 4.0,İzmir Büyükşehir Belediyesi Açık Veri Portalı
assembly:kaggle:83:39.123654385337:27.462954565057,assembly,Emergency Assembly Area,1 NO LU AFET VE ACİL DURUM TOPLANMA ALANI,39.123654385337,27.462954565057,,,,,,,2026-09-20T07:31:27.118Z,COMPLETE_FOR_MAPPABLE_ROWS,compact-proximity-endpoint,Afet toplanma alanları,https://acikveri.bizizmir.com/dataset/afet-ve-acil-durum-toplanma-alanlari,CC BY 4.0,İzmir Büyükşehir Belediyesi Açık Veri Portalı
assembly:kaggle:84:38.225214181271:27.574296651974,assembly,Emergency Assembly Area,1 NO LU AFET VE ACİL DURUM TOPLANMA ALANI,38.225214181271,27.574296651974,,,,,,,2026-09-20T07:31:27.118Z,COMPLETE_FOR_MAPPABLE_ROWS,compact-proximity-endpoint,Afet toplanma alanları,https://acikveri.bizizmir.com/dataset/afet-ve-acil-durum-toplanma-alanlari,CC BY 4.0,İzmir Büyükşehir Belediyesi Açık Veri Portalı
assembly:kaggle:85:38.283346794957:27.713180651943,assembly,Emergency Assembly Area,1 NO LU AFET VE ACİL DURUM TOPLANMA ALANI,38.283346794957,27.713180651943,,,,,,,2026-09-20T07:31:27.118Z,COMPLETE_FOR_MAPPABLE_ROWS,compact-proximity-endpoint,Afet toplanma alanları,https://acikveri.bizizmir.com/dataset/afet-ve-acil-durum-toplanma-alanlari,CC BY 4.0,İzmir Büyükşehir Belediyesi Açık Veri Portalı
assembly:kaggle:86:38.490256038933:27.132495684098,assembly,Emergency Assembly Area,1 NO LU AFET VE ACİL DURUM TOPLANMA ALANI,38.490256038933,27.132495684098,,,,,,,2026-09-20T07:31:27.118Z,COMPLETE_FOR_MAPPABLE_ROWS,compact-proximity-endpoint,Afet toplanma alanları,https://acikveri.bizizmir.com/dataset/afet-ve-acil-durum-toplanma-alanlari,CC BY 4.0,İzmir Büyükşehir Belediyesi Açık Veri Portalı
assembly:kaggle:87:38.259492184743:27.069797070818,assembly,Emergency Assembly Area,1 NO LU AFET VE ACİL DURUM TOPLANMA ALANI,38.259492184743,27.069797070818,,,,,,,2026-09-20T07:31:27.118Z,COMPLETE_FOR_MAPPABLE_ROWS,compact-proximity-endpoint,Afet toplanma alanları,https://acikveri.bizizmir.com/dataset/afet-ve-acil-durum-toplanma-alanlari,CC BY 4.0,İzmir Büyükşehir Belediyesi Açık Veri Portalı
assembly:kaggle:88:39.087527381396:27.37972876189,assembly,Emergency Assembly Area,1 NO LU AFET VE ACİL DURUM TOPLANMA ALANI,39.087527381396,27.37972876189,,,,,,,2026-09-20T07:31:27.118Z,COMPLETE_FOR_MAPPABLE_ROWS,compact-proximity-endpoint,Afet toplanma alanları,https://acikveri.bizizmir.com/dataset/afet-ve-acil-durum-toplanma-alanlari,CC BY 4.0,İzmir Büyükşehir Belediyesi Açık Veri Portalı
assembly:kaggle:89:38.606323946219:27.231527518734,assembly,Emergency Assembly Area,1 NO LU AFET VE ACİL DURUM TOPLANMA ALANI,38.606323946219,27.231527518734,,,,,,,2026-09-20T07:31:27.118Z,COMPLETE_FOR_MAPPABLE_ROWS,compact-proximity-endpoint,Afet toplanma alanları,https://acikveri.bizizmir.com/dataset/afet-ve-acil-durum-toplanma-alanlari,CC BY 4.0,İzmir Büyükşehir Belediyesi Açık Veri Portalı
assembly:kaggle:90:38.073042039212:28.275798367742,assembly,Emergency Assembly Area,1 NO LU AFET VE ACİL DURUM TOPLANMA ALANI,38.073042039212,28.275798367742,,,,,,,2026-09-20T07:31:27.118Z,COMPLETE_FOR_MAPPABLE_ROWS,compact-proximity-endpoint,Afet toplanma alanları,https://acikveri.bizizmir.com/dataset/afet-ve-acil-durum-toplanma-alanlari,CC BY 4.0,İzmir Büyükşehir Belediyesi Açık Veri Portalı
assembly:kaggle:91:38.14361519735:27.169617852489,assembly,Emergency Assembly Area,1 NO LU AFET VE ACİL DURUM TOPLANMA ALANI,38.14361519735,27.169617852489,,,,,,,2026-09-20T07:31:27.118Z,COMPLETE_FOR_MAPPABLE_ROWS,compact-proximity-endpoint,Afet toplanma alanları,https://acikveri.bizizmir.com/dataset/afet-ve-acil-durum-toplanma-alanlari,CC BY 4.0,İzmir Büyükşehir Belediyesi Açık Veri Portalı
assembly:kaggle:92:38.129675622295:28.247130976117,assembly,Emergency Assembly Area,1 NO LU AFET VE ACİL DURUM TOPLANMA ALANI,38.129675622295,28.247130976117,,,,,,,2026-09-20T07:31:27.118Z,COMPLETE_FOR_MAPPABLE_ROWS,compact-proximity-endpoint,Afet toplanma alanları,https://acikveri.bizizmir.com/dataset/afet-ve-acil-durum-toplanma-alanlari,CC BY 4.0,İzmir Büyükşehir Belediyesi Açık Veri Portalı
assembly:kaggle:93:38.216650524555:27.644387800669,assembly,Emergency Assembly Area,1 NO LU AFET VE ACİL DURUM TOPLANMA ALANI,38.216650524555,27.644387800669,,,,,,,2026-09-20T07:31:27.118Z,COMPLETE_FOR_MAPPABLE_ROWS,compact-proximity-endpoint,Afet toplanma alanları,https://acikveri.bizizmir.com/dataset/afet-ve-acil-durum-toplanma-alanlari,CC BY 4.0,İzmir Büyükşehir Belediyesi Açık Veri Portalı
assembly:kaggle:94:38.205817864637:27.51285831063,assembly,Emergency Assembly Area,1 NO LU AFET VE ACİL DURUM TOPLANMA ALANI,38.205817864637,27.51285831063,,,,,,,2026-09-20T07:31:27.118Z,COMPLETE_FOR_MAPPABLE_ROWS,compact-proximity-endpoint,Afet toplanma alanları,https://acikveri.bizizmir.com/dataset/afet-ve-acil-durum-toplanma-alanlari,CC BY 4.0,İzmir Büyükşehir Belediyesi Açık Veri Portalı
assembly:kaggle:95:38.223149267306:27.641662679883,assembly,Emergency Assembly Area,1 NO LU AFET VE ACİL DURUM TOPLANMA ALANI,38.223149267306,27.641662679883,,,,,,,2026-09-20T07:31:27.118Z,COMPLETE_FOR_MAPPABLE_ROWS,compact-proximity-endpoint,Afet toplanma alanları,https://acikveri.bizizmir.com/dataset/afet-ve-acil-durum-toplanma-alanlari,CC BY 4.0,İzmir Büyükşehir Belediyesi Açık Veri Portalı
assembly:kaggle:96:38.229630679859:27.750044831353,assembly,Emergency Assembly Area,1 NO LU AFET VE ACİL DURUM TOPLANMA ALANI,38.229630679859,27.750044831353,,,,,,,2026-09-20T07:31:27.118Z,COMPLETE_FOR_MAPPABLE_ROWS,compact-proximity-endpoint,Afet toplanma alanları,https://acikveri.bizizmir.com/dataset/afet-ve-acil-durum-toplanma-alanlari,CC BY 4.0,İzmir Büyükşehir Belediyesi Açık Veri Portalı
assembly:kaggle:97:38.066757921337:28.220266186132,assembly,Emergency Assembly Area,1 NO LU AFET VE ACİL DURUM TOPLANMA ALANI,38.066757921337,28.220266186132,,,,,,,2026-09-20T07:31:27.118Z,COMPLETE_FOR_MAPPABLE_ROWS,compact-proximity-endpoint,Afet toplanma alanları,https://acikveri.bizizmir.com/dataset/afet-ve-acil-durum-toplanma-alanlari,CC BY 4.0,İzmir Büyükşehir Belediyesi Açık Veri Portalı
assembly:kaggle:98:38.09168825316:28.153576027941,assembly,Emergency Assembly Area,1 NO LU AFET VE ACİL DURUM TOPLANMA ALANI,38.09168825316,28.153576027941,,,,,,,2026-09-20T07:31:27.118Z,COMPLETE_FOR_MAPPABLE_ROWS,compact-proximity-endpoint,Afet toplanma alanları,https://acikveri.bizizmir.com/dataset/afet-ve-acil-durum-toplanma-alanlari,CC BY 4.0,İzmir Büyükşehir Belediyesi Açık Veri Portalı
assembly:kaggle:99:37.993944093013:27.235449902677,assembly,Emergency Assembly Area,1 NO LU AFET VE ACİL DURUM TOPLANMA ALANI,37.993944093013,27.235449902677,,,,,,,2026-09-20T07:31:27.118Z,COMPLETE_FOR_MAPPABLE_ROWS,compact-proximity-endpoint,Afet toplanma alanları,https://acikveri.bizizmir.com/dataset/afet-ve-acil-durum-toplanma-alanlari,CC BY 4.0,İzmir Büyükşehir Belediyesi Açık Veri Portalı
assembly:kaggle:100:38.317781708238:26.415488781065,assembly,Emergency Assembly Area,1 NO LU AFET VE ACİL DURUM TOPLANMA ALANI,38.317781708238,26.415488781065,,,,,,,2026-09-20T07:31:27.118Z,COMPLETE_FOR_MAPPABLE_ROWS,compact-proximity-endpoint,Afet toplanma alanları,https://acikveri.bizizmir.com/dataset/afet-ve-acil-durum-toplanma-alanlari,CC BY 4.0,İzmir Büyükşehir Belediyesi Açık Veri Portalı
assembly:kaggle:101:38.264765738496:27.141272208496,assembly,Emergency Assembly Area,1 NO LU AFET VE ACİL DURUM TOPLANMA ALANI,38.264765738496,27.141272208496,,,,,,,2026-09-20T07:31:27.118Z,COMPLETE_FOR_MAPPABLE_ROWS,compact-proximity-endpoint,Afet toplanma alanları,https://acikveri.bizizmir.com/dataset/afet-ve-acil-durum-toplanma-alanlari,CC BY 4.0,İzmir Büyükşehir Belediyesi Açık Veri Portalı
assembly:kaggle:102:38.24596139455:27.113034085513,assembly,Emergency Assembly Area,1 NO LU AFET VE ACİL DURUM TOPLANMA ALANI,38.24596139455,27.113034085513,,,,,,,2026-09-20T07:31:27.118Z,COMPLETE_FOR_MAPPABLE_ROWS,compact-proximity-endpoint,Afet toplanma alanları,https://acikveri.bizizmir.com/dataset/afet-ve-acil-durum-toplanma-alanlari,CC BY 4.0,İzmir Büyükşehir Belediyesi Açık Veri Portalı
assembly:kaggle:103:38.103035903902:28.205331667658,assembly,Emergency Assembly Area,1 NO LU AFET VE ACİL DURUM TOPLANMA ALANI,38.103035903902,28.205331667658,,,,,,,2026-09-20T07:31:27.118Z,COMPLETE_FOR_MAPPABLE_ROWS,compact-proximity-endpoint,Afet toplanma alanları,https://acikveri.bizizmir.com/dataset/afet-ve-acil-durum-toplanma-alanlari,CC BY 4.0,İzmir Büyükşehir Belediyesi Açık Veri Portalı
assembly:kaggle:104:38.167642522245:27.562033743795,assembly,Emergency Assembly Area,1 NO LU AFET VE ACİL DURUM TOPLANMA ALANI,38.167642522245,27.562033743795,,,,,,,2026-09-20T07:31:27.118Z,COMPLETE_FOR_MAPPABLE_ROWS,compact-proximity-endpoint,Afet toplanma alanları,https://acikveri.bizizmir.com/dataset/afet-ve-acil-durum-toplanma-alanlari,CC BY 4.0,İzmir Büyükşehir Belediyesi Açık Veri Portalı
assembly:kaggle:105:38.063987360222:28.228162575432,assembly,Emergency Assembly Area,1 NO LU AFET VE ACİL DURUM TOPLANMA ALANI,38.063987360222,28.228162575432,,,,,,,2026-09-20T07:31:27.118Z,COMPLETE_FOR_MAPPABLE_ROWS,compact-proximity-endpoint,Afet toplanma alanları,https://acikveri.bizizmir.com/dataset/afet-ve-acil-durum-toplanma-alanlari,CC BY 4.0,İzmir Büyükşehir Belediyesi Açık Veri Portalı
assembly:kaggle:106:38.26661075648:27.368995972282,assembly,Emergency Assembly Area,1 NO LU AFET VE ACİL DURUM TOPLANMA ALANI,38.26661075648,27.368995972282,,,,,,,2026-09-20T07:31:27.118Z,COMPLETE_FOR_MAPPABLE_ROWS,compact-proximity-endpoint,Afet toplanma alanları,https://acikveri.bizizmir.com/dataset/afet-ve-acil-durum-toplanma-alanlari,CC BY 4.0,İzmir Büyükşehir Belediyesi Açık Veri Portalı
assembly:kaggle:107:38.461597814041:27.108195039962,assembly,Emergency Assembly Area,1 NO LU AFET VE ACİL DURUM TOPLANMA ALANI,38.461597814041,27.108195039962,,,,,,,2026-09-20T07:31:27.118Z,COMPLETE_FOR_MAPPABLE_ROWS,compact-proximity-endpoint,Afet toplanma alanları,https://acikveri.bizizmir.com/dataset/afet-ve-acil-durum-toplanma-alanlari,CC BY 4.0,İzmir Büyükşehir Belediyesi Açık Veri Portalı
assembly:kaggle:108:39.174163202058:27.14485406197,assembly,Emergency Assembly Area,1 NO LU AFET VE ACİL DURUM TOPLANMA ALANI,39.174163202058,27.14485406197,,,,,,,2026-09-20T07:31:27.118Z,COMPLETE_FOR_MAPPABLE_ROWS,compact-proximity-endpoint,Afet toplanma alanları,https://acikveri.bizizmir.com/dataset/afet-ve-acil-durum-toplanma-alanlari,CC BY 4.0,İzmir Büyükşehir Belediyesi Açık Veri Portalı
assembly:kaggle:109:38.058734948797:27.899561401576,assembly,Emergency Assembly Area,1 NO LU AFET VE ACİL DURUM TOPLANMA ALANI,38.058734948797,27.899561401576,,,,,,,2026-09-20T07:31:27.118Z,COMPLETE_FOR_MAPPABLE_ROWS,compact-proximity-endpoint,Afet toplanma alanları,https://acikveri.bizizmir.com/dataset/afet-ve-acil-durum-toplanma-alanlari,CC BY 4.0,İzmir Büyükşehir Belediyesi Açık Veri Portalı
assembly:kaggle:110:38.067825070386:27.890368162593,assembly,Emergency Assembly Area,1 NO LU AFET VE ACİL DURUM TOPLANMA ALANI,38.067825070386,27.890368162593,,,,,,,2026-09-20T07:31:27.118Z,COMPLETE_FOR_MAPPABLE_ROWS,compact-proximity-endpoint,Afet toplanma alanları,https://acikveri.bizizmir.com/dataset/afet-ve-acil-durum-toplanma-alanlari,CC BY 4.0,İzmir Büyükşehir Belediyesi Açık Veri Portalı
assembly:kaggle:111:38.082320962981:27.72628214264,assembly,Emergency Assembly Area,1 NO LU AFET VE ACİL DURUM TOPLANMA ALANI,38.082320962981,27.72628214264,,,,,,,2026-09-20T07:31:27.118Z,COMPLETE_FOR_MAPPABLE_ROWS,compact-proximity-endpoint,Afet toplanma alanları,https://acikveri.bizizmir.com/dataset/afet-ve-acil-durum-toplanma-alanlari,CC BY 4.0,İzmir Büyükşehir Belediyesi Açık Veri Portalı
assembly:kaggle:112:38.122843050088:27.655248154993,assembly,Emergency Assembly Area,1 NO LU AFET VE ACİL DURUM TOPLANMA ALANI,38.122843050088,27.655248154993,,,,,,,2026-09-20T07:31:27.118Z,COMPLETE_FOR_MAPPABLE_ROWS,compact-proximity-endpoint,Afet toplanma alanları,https://acikveri.bizizmir.com/dataset/afet-ve-acil-durum-toplanma-alanlari,CC BY 4.0,İzmir Büyükşehir Belediyesi Açık Veri Portalı
assembly:kaggle:113:38.3353728342:26.781932985397,assembly,Emergency Assembly Area,1 NO LU AFET VE ACİL DURUM TOPLANMA ALANI,38.3353728342,26.781932985397,,,,,,,2026-09-20T07:31:27.118Z,COMPLETE_FOR_MAPPABLE_ROWS,compact-proximity-endpoint,Afet toplanma alanları,https://acikveri.bizizmir.com/dataset/afet-ve-acil-durum-toplanma-alanlari,CC BY 4.0,İzmir Büyükşehir Belediyesi Açık Veri Portalı
assembly:kaggle:114:38.467679800797:27.095309761612,assembly,Emergency Assembly Area,1 NO LU AFET VE ACİL DURUM TOPLANMA ALANI,38.467679800797,27.095309761612,,,,,,,2026-09-20T07:31:27.118Z,COMPLETE_FOR_MAPPABLE_ROWS,compact-proximity-endpoint,Afet toplanma alanları,https://acikveri.bizizmir.com/dataset/afet-ve-acil-durum-toplanma-alanlari,CC BY 4.0,İzmir Büyükşehir Belediyesi Açık Veri Portalı
assembly:kaggle:115:38.078649755532:28.05675950169,assembly,Emergency Assembly Area,1 NO LU AFET VE ACİL DURUM TOPLANMA ALANI,38.078649755532,28.05675950169,,,,,,,2026-09-20T07:31:27.118Z,COMPLETE_FOR_MAPPABLE_ROWS,compact-proximity-endpoint,Afet toplanma alanları,https://acikveri.bizizmir.com/dataset/afet-ve-acil-durum-toplanma-alanlari,CC BY 4.0,İzmir Büyükşehir Belediyesi Açık Veri Portalı
assembly:kaggle:116:37.999611361531:27.704927967983,assembly,Emergency Assembly Area,1 NO LU AFET VE ACİL DURUM TOPLANMA ALANI,37.999611361531,27.704927967983,,,,,,,2026-09-20T07:31:27.118Z,COMPLETE_FOR_MAPPABLE_ROWS,compact-proximity-endpoint,Afet toplanma alanları,https://acikveri.bizizmir.com/dataset/afet-ve-acil-durum-toplanma-alanlari,CC BY 4.0,İzmir Büyükşehir Belediyesi Açık Veri Portalı
assembly:kaggle:117:38.402279864772:27.127002696471,assembly,Emergency Assembly Area,1 NO LU AFET VE ACİL DURUM TOPLANMA ALANI,38.402279864772,27.127002696471,,,,,,,2026-09-20T07:31:27.118Z,COMPLETE_FOR_MAPPABLE_ROWS,compact-proximity-endpoint,Afet toplanma alanları,https://acikveri.bizizmir.com/dataset/afet-ve-acil-durum-toplanma-alanlari,CC BY 4.0,İzmir Büyükşehir Belediyesi Açık Veri Portalı
assembly:kaggle:118:39.050260006473:27.122238001672,assembly,Emergency Assembly Area,1 NO LU AFET VE ACİL DURUM TOPLANMA ALANI,39.050260006473,27.122238001672,,,,,,,2026-09-20T07:31:27.118Z,COMPLETE_FOR_MAPPABLE_ROWS,compact-proximity-endpoint,Afet toplanma alanları,https://acikveri.bizizmir.com/dataset/afet-ve-acil-durum-toplanma-alanlari,CC BY 4.0,İzmir Büyükşehir Belediyesi Açık Veri Portalı
assembly:kaggle:119:38.392376878064:27.118599394332,assembly,Emergency Assembly Area,1 NO LU AFET VE ACİL DURUM TOPLANMA ALANI,38.392376878064,27.118599394332,,,,,,,2026-09-20T07:31:27.118Z,COMPLETE_FOR_MAPPABLE_ROWS,compact-proximity-endpoint,Afet toplanma alanları,https://acikveri.bizizmir.com/dataset/afet-ve-acil-durum-toplanma-alanlari,CC BY 4.0,İzmir Büyükşehir Belediyesi Açık Veri Portalı
assembly:kaggle:120:38.393468009027:27.191729456241,assembly,Emergency Assembly Area,1 NO LU AFET VE ACİL DURUM TOPLANMA ALANI,38.393468009027,27.191729456241,,,,,,,2026-09-20T07:31:27.118Z,COMPLETE_FOR_MAPPABLE_ROWS,compact-proximity-endpoint,Afet toplanma alanları,https://acikveri.bizizmir.com/dataset/afet-ve-acil-durum-toplanma-alanlari,CC BY 4.0,İzmir Büyükşehir Belediyesi Açık Veri Portalı
assembly:kaggle:121:38.084463819398:27.721413954463,assembly,Emergency Assembly Area,1 NO LU AFET VE ACİL DURUM TOPLANMA ALANI,38.084463819398,27.721413954463,,,,,,,2026-09-20T07:31:27.118Z,COMPLETE_FOR_MAPPABLE_ROWS,compact-proximity-endpoint,Afet toplanma alanları,https://acikveri.bizizmir.com/dataset/afet-ve-acil-durum-toplanma-alanlari,CC BY 4.0,İzmir Büyükşehir Belediyesi Açık Veri Portalı
assembly:kaggle:122:38.124829891201:27.925431082211,assembly,Emergency Assembly Area,1 NO LU AFET VE ACİL DURUM TOPLANMA ALANI,38.124829891201,27.925431082211,,,,,,,2026-09-20T07:31:27.118Z,COMPLETE_FOR_MAPPABLE_ROWS,compact-proximity-endpoint,Afet toplanma alanları,https://acikveri.bizizmir.com/dataset/afet-ve-acil-durum-toplanma-alanlari,CC BY 4.0,İzmir Büyükşehir Belediyesi Açık Veri Portalı
assembly:kaggle:123:38.245979293431:28.203700692405,assembly,Emergency Assembly Area,1 NO LU AFET VE ACİL DURUM TOPLANMA ALANI,38.245979293431,28.203700692405,,,,,,,2026-09-20T07:31:27.118Z,COMPLETE_FOR_MAPPABLE_ROWS,compact-proximity-endpoint,Afet toplanma alanları,https://acikveri.bizizmir.com/dataset/afet-ve-acil-durum-toplanma-alanlari,CC BY 4.0,İzmir Büyükşehir Belediyesi Açık Veri Portalı
assembly:kaggle:124:38.623317670197:26.519624457643,assembly,Emergency Assembly Area,1 NO LU AFET VE ACİL DURUM TOPLANMA ALANI,38.623317670197,26.519624457643,,,,,,,2026-09-20T07:31:27.118Z,COMPLETE_FOR_MAPPABLE_ROWS,compact-proximity-endpoint,Afet toplanma alanları,https://acikveri.bizizmir.com/dataset/afet-ve-acil-durum-toplanma-alanlari,CC BY 4.0,İzmir Büyükşehir Belediyesi Açık Veri Portalı
assembly:kaggle:125:38.184916113216:28.318498780551,assembly,Emergency Assembly Area,1 NO LU AFET VE ACİL DURUM TOPLANMA ALANI,38.184916113216,28.318498780551,,,,,,,2026-09-20T07:31:27.118Z,COMPLETE_FOR_MAPPABLE_ROWS,compact-proximity-endpoint,Afet toplanma alanları,https://acikveri.bizizmir.com/dataset/afet-ve-acil-durum-toplanma-alanlari,CC BY 4.0,İzmir Büyükşehir Belediyesi Açık Veri Portalı
assembly:kaggle:126:38.472031241322:27.355375448065,assembly,Emergency Assembly Area,1 NO LU AFET VE ACİL DURUM TOPLANMA ALANI,38.472031241322,27.355375448065,,,,,,,2026-09-20T07:31:27.118Z,COMPLETE_FOR_MAPPABLE_ROWS,compact-proximity-endpoint,Afet toplanma alanları,https://acikveri.bizizmir.com/dataset/afet-ve-acil-durum-toplanma-alanlari,CC BY 4.0,İzmir Büyükşehir Belediyesi Açık Veri Portalı
assembly:kaggle:127:38.249113708792:28.233140474205,assembly,Emergency Assembly Area,1 NO LU AFET VE ACİL DURUM TOPLANMA ALANI,38.249113708792,28.233140474205,,,,,,,2026-09-20T07:31:27.118Z,COMPLETE_FOR_MAPPABLE_ROWS,compact-proximity-endpoint,Afet toplanma alanları,https://acikveri.bizizmir.com/dataset/afet-ve-acil-durum-toplanma-alanlari,CC BY 4.0,İzmir Büyükşehir Belediyesi Açık Veri Portalı
assembly:kaggle:128:38.137270787627:28.338969369084,assembly,Emergency Assembly Area,1 NO LU AFET VE ACİL DURUM TOPLANMA ALANI,38.137270787627,28.338969369084,,,,,,,2026-09-20T07:31:27.118Z,COMPLETE_FOR_MAPPABLE_ROWS,compact-proximity-endpoint,Afet toplanma alanları,https://acikveri.bizizmir.com/dataset/afet-ve-acil-durum-toplanma-alanlari,CC BY 4.0,İzmir Büyükşehir Belediyesi Açık Veri Portalı
assembly:kaggle:129:38.378262088007:27.099929995662,assembly,Emergency Assembly Area,1 NO LU AFET VE ACİL DURUM TOPLANMA ALANI,38.378262088007,27.099929995662,,,,,,,2026-09-20T07:31:27.118Z,COMPLETE_FOR_MAPPABLE_ROWS,compact-proximity-endpoint,Afet toplanma alanları,https://acikveri.bizizmir.com/dataset/afet-ve-acil-durum-toplanma-alanlari,CC BY 4.0,İzmir Büyükşehir Belediyesi Açık Veri Portalı
assembly:kaggle:130:39.349571413404:27.309948297177,assembly,Emergency Assembly Area,1 NO LU AFET VE ACİL DURUM TOPLANMA ALANI,39.349571413404,27.309948297177,,,,,,,2026-09-20T07:31:27.118Z,COMPLETE_FOR_MAPPABLE_ROWS,compact-proximity-endpoint,Afet toplanma alanları,https://acikveri.bizizmir.com/dataset/afet-ve-acil-durum-toplanma-alanlari,CC BY 4.0,İzmir Büyükşehir Belediyesi Açık Veri Portalı
assembly:kaggle:131:39.217832098676:27.304884538134,assembly,Emergency Assembly Area,1 NO LU AFET VE ACİL DURUM TOPLANMA ALANI,39.217832098676,27.304884538134,,,,,,,2026-09-20T07:31:27.118Z,COMPLETE_FOR_MAPPABLE_ROWS,compact-proximity-endpoint,Afet toplanma alanları,https://acikveri.bizizmir.com/dataset/afet-ve-acil-durum-toplanma-alanlari,CC BY 4.0,İzmir Büyükşehir Belediyesi Açık Veri Portalı
assembly:kaggle:132:38.19058284265:28.261550378996,assembly,Emergency Assembly Area,1 NO LU AFET VE ACİL DURUM TOPLANMA ALANI,38.19058284265,28.261550378996,,,,,,,2026-09-20T07:31:27.118Z,COMPLETE_FOR_MAPPABLE_ROWS,compact-proximity-endpoint,Afet toplanma alanları,https://acikveri.bizizmir.com/dataset/afet-ve-acil-durum-toplanma-alanlari,CC BY 4.0,İzmir Büyükşehir Belediyesi Açık Veri Portalı
assembly:kaggle:133:38.398702242091:27.117003477226,assembly,Emergency Assembly Area,1 NO LU AFET VE ACİL DURUM TOPLANMA ALANI,38.398702242091,27.117003477226,,,,,,,2026-09-20T07:31:27.118Z,COMPLETE_FOR_MAPPABLE_ROWS,compact-proximity-endpoint,Afet toplanma alanları,https://acikveri.bizizmir.com/dataset/afet-ve-acil-durum-toplanma-alanlari,CC BY 4.0,İzmir Büyükşehir Belediyesi Açık Veri Portalı
assembly:kaggle:134:38.386353713159:27.123985253326,assembly,Emergency Assembly Area,1 NO LU AFET VE ACİL DURUM TOPLANMA ALANI,38.386353713159,27.123985253326,,,,,,,2026-09-20T07:31:27.118Z,COMPLETE_FOR_MAPPABLE_ROWS,compact-proximity-endpoint,Afet toplanma alanları,https://acikveri.bizizmir.com/dataset/afet-ve-acil-durum-toplanma-alanlari,CC BY 4.0,İzmir Büyükşehir Belediyesi Açık Veri Portalı
assembly:kaggle:135:38.359794238619:27.088823055001,assembly,Emergency Assembly Area,1 NO LU AFET VE ACİL DURUM TOPLANMA ALANI,38.359794238619,27.088823055001,,,,,,,2026-09-20T07:31:27.118Z,COMPLETE_FOR_MAPPABLE_ROWS,compact-proximity-endpoint,Afet toplanma alanları,https://acikveri.bizizmir.com/dataset/afet-ve-acil-durum-toplanma-alanlari,CC BY 4.0,İzmir Büyükşehir Belediyesi Açık Veri Portalı
assembly:kaggle:136:39.235185251741:26.958473506976,assembly,Emergency Assembly Area,1 NO LU AFET VE ACİL DURUM TOPLANMA ALANI,39.235185251741,26.958473506976,,,,,,,2026-09-20T07:31:27.118Z,COMPLETE_FOR_MAPPABLE_ROWS,compact-proximity-endpoint,Afet toplanma alanları,https://acikveri.bizizmir.com/dataset/afet-ve-acil-durum-toplanma-alanlari,CC BY 4.0,İzmir Büyükşehir Belediyesi Açık Veri Portalı
assembly:kaggle:137:38.950874036871:27.265574729512,assembly,Emergency Assembly Area,1 NO LU AFET VE ACİL DURUM TOPLANMA ALANI,38.950874036871,27.265574729512,,,,,,,2026-09-20T07:31:27.118Z,COMPLETE_FOR_MAPPABLE_ROWS,compact-proximity-endpoint,Afet toplanma alanları,https://acikveri.bizizmir.com/dataset/afet-ve-acil-durum-toplanma-alanlari,CC BY 4.0,İzmir Büyükşehir Belediyesi Açık Veri Portalı
assembly:kaggle:138:39.191860323364:27.335418704071,assembly,Emergency Assembly Area,1 NO LU AFET VE ACİL DURUM TOPLANMA ALANI,39.191860323364,27.335418704071,,,,,,,2026-09-20T07:31:27.118Z,COMPLETE_FOR_MAPPABLE_ROWS,compact-proximity-endpoint,Afet toplanma alanları,https://acikveri.bizizmir.com/dataset/afet-ve-acil-durum-toplanma-alanlari,CC BY 4.0,İzmir Büyükşehir Belediyesi Açık Veri Portalı
assembly:kaggle:139:38.953210144661:27.201974493788,assembly,Emergency Assembly Area,1 NO LU AFET VE ACİL DURUM TOPLANMA ALANI,38.953210144661,27.201974493788,,,,,,,2026-09-20T07:31:27.118Z,COMPLETE_FOR_MAPPABLE_ROWS,compact-proximity-endpoint,Afet toplanma alanları,https://acikveri.bizizmir.com/dataset/afet-ve-acil-durum-toplanma-alanlari,CC BY 4.0,İzmir Büyükşehir Belediyesi Açık Veri Portalı
assembly:kaggle:140:38.508526759115:27.0647112034,assembly,Emergency Assembly Area,1 NO LU AFET VE ACİL DURUM TOPLANMA ALANI,38.508526759115,27.0647112034,,,,,,,2026-09-20T07:31:27.118Z,COMPLETE_FOR_MAPPABLE_ROWS,compact-proximity-endpoint,Afet toplanma alanları,https://acikveri.bizizmir.com/dataset/afet-ve-acil-durum-toplanma-alanlari,CC BY 4.0,İzmir Büyükşehir Belediyesi Açık Veri Portalı
assembly:kaggle:141:38.086071478424:27.749724526214,assembly,Emergency Assembly Area,1 NO LU AFET VE ACİL DURUM TOPLANMA ALANI,38.086071478424,27.749724526214,,,,,,,2026-09-20T07:31:27.118Z,COMPLETE_FOR_MAPPABLE_ROWS,compact-proximity-endpoint,Afet toplanma alanları,https://acikveri.bizizmir.com/dataset/afet-ve-acil-durum-toplanma-alanlari,CC BY 4.0,İzmir Büyükşehir Belediyesi Açık Veri Portalı
assembly:kaggle:142:38.240653933035:28.25159399666,assembly,Emergency Assembly Area,1 NO LU AFET VE ACİL DURUM TOPLANMA ALANI,38.240653933035,28.25159399666,,,,,,,2026-09-20T07:31:27.118Z,COMPLETE_FOR_MAPPABLE_ROWS,compact-proximity-endpoint,Afet toplanma alanları,https://acikveri.bizizmir.com/dataset/afet-ve-acil-durum-toplanma-alanlari,CC BY 4.0,İzmir Büyükşehir Belediyesi Açık Veri Portalı
assembly:kaggle:143:38.537703377432:27.052802204324,assembly,Emergency Assembly Area,1 NO LU AFET VE ACİL DURUM TOPLANMA ALANI,38.537703377432,27.052802204324,,,,,,,2026-09-20T07:31:27.118Z,COMPLETE_FOR_MAPPABLE_ROWS,compact-proximity-endpoint,Afet toplanma alanları,https://acikveri.bizizmir.com/dataset/afet-ve-acil-durum-toplanma-alanlari,CC BY 4.0,İzmir Büyükşehir Belediyesi Açık Veri Portalı
assembly:kaggle:144:38.32012953591:26.769140280773,assembly,Emergency Assembly Area,1 NO LU AFET VE ACİL DURUM TOPLANMA ALANI,38.32012953591,26.769140280773,,,,,,,2026-09-20T07:31:27.118Z,COMPLETE_FOR_MAPPABLE_ROWS,compact-proximity-endpoint,Afet toplanma alanları,https://acikveri.bizizmir.com/dataset/afet-ve-acil-durum-toplanma-alanlari,CC BY 4.0,İzmir Büyükşehir Belediyesi Açık Veri Portalı
assembly:kaggle:145:38.419749230738:27.17086193007,assembly,Emergency Assembly Area,1 NO LU AFET VE ACİL DURUM TOPLANMA ALANI,38.419749230738,27.17086193007,,,,,,,2026-09-20T07:31:27.118Z,COMPLETE_FOR_MAPPABLE_ROWS,compact-proximity-endpoint,Afet toplanma alanları,https://acikveri.bizizmir.com/dataset/afet-ve-acil-durum-toplanma-alanlari,CC BY 4.0,İzmir Büyükşehir Belediyesi Açık Veri Portalı
assembly:kaggle:146:39.091241065363:27.106187668492,assembly,Emergency Assembly Area,1 NO LU AFET VE ACİL DURUM TOPLANMA ALANI,39.091241065363,27.106187668492,,,,,,,2026-09-20T07:31:27.118Z,COMPLETE_FOR_MAPPABLE_ROWS,compact-proximity-endpoint,Afet toplanma alanları,https://acikveri.bizizmir.com/dataset/afet-ve-acil-durum-toplanma-alanlari,CC BY 4.0,İzmir Büyükşehir Belediyesi Açık Veri Portalı
assembly:kaggle:147:38.085643982932:27.756851120499,assembly,Emergency Assembly Area,1 NO LU AFET VE ACİL DURUM TOPLANMA ALANI,38.085643982932,27.756851120499,,,,,,,2026-09-20T07:31:27.118Z,COMPLETE_FOR_MAPPABLE_ROWS,compact-proximity-endpoint,Afet toplanma alanları,https://acikveri.bizizmir.com/dataset/afet-ve-acil-durum-toplanma-alanlari,CC BY 4.0,İzmir Büyükşehir Belediyesi Açık Veri Portalı
assembly:kaggle:148:38.098578606286:27.579024218835,assembly,Emergency Assembly Area,1 NO LU AFET VE ACİL DURUM TOPLANMA ALANI,38.098578606286,27.579024218835,,,,,,,2026-09-20T07:31:27.118Z,COMPLETE_FOR_MAPPABLE_ROWS,compact-proximity-endpoint,Afet toplanma alanları,https://acikveri.bizizmir.com/dataset/afet-ve-acil-durum-toplanma-alanlari,CC BY 4.0,İzmir Büyükşehir Belediyesi Açık Veri Portalı
assembly:kaggle:149:38.322356731962:26.578196117887,assembly,Emergency Assembly Area,1 NO LU AFET VE ACİL DURUM TOPLANMA ALANI,38.322356731962,26.578196117887,,,,,,,2026-09-20T07:31:27.118Z,COMPLETE_FOR_MAPPABLE_ROWS,compact-proximity-endpoint,Afet toplanma alanları,https://acikveri.bizizmir.com/dataset/afet-ve-acil-durum-toplanma-alanlari,CC BY 4.0,İzmir Büyükşehir Belediyesi Açık Veri Portalı
assembly:kaggle:150:38.74510600309:26.831703077952,assembly,Emergency Assembly Area,1 NO LU AFET VE ACİL DURUM TOPLANMA ALANI,38.74510600309,26.831703077952,,,,,,,2026-09-20T07:31:27.118Z,COMPLETE_FOR_MAPPABLE_ROWS,compact-proximity-endpoint,Afet toplanma alanları,https://acikveri.bizizmir.com/dataset/afet-ve-acil-durum-toplanma-alanlari,CC BY 4.0,İzmir Büyükşehir Belediyesi Açık Veri Portalı
assembly:kaggle:151:38.338285274171:27.455475207373,assembly,Emergency Assembly Area,1 NO LU AFET VE ACİL DURUM TOPLANMA ALANI,38.338285274171,27.455475207373,,,,,,,2026-09-20T07:31:27.118Z,COMPLETE_FOR_MAPPABLE_ROWS,compact-proximity-endpoint,Afet toplanma alanları,https://acikveri.bizizmir.com/dataset/afet-ve-acil-durum-toplanma-alanlari,CC BY 4.0,İzmir Büyükşehir Belediyesi Açık Veri Portalı
assembly:kaggle:152:38.387850656721:27.161302638475,assembly,Emergency Assembly Area,1 NO LU AFET VE ACİL DURUM TOPLANMA ALANI,38.387850656721,27.161302638475,,,,,,,2026-09-20T07:31:27.118Z,COMPLETE_FOR_MAPPABLE_ROWS,compact-proximity-endpoint,Afet toplanma alanları,https://acikveri.bizizmir.com/dataset/afet-ve-acil-durum-toplanma-alanlari,CC BY 4.0,İzmir Büyükşehir Belediyesi Açık Veri Portalı
assembly:kaggle:153:38.418505470789:27.471611167714,assembly,Emergency Assembly Area,1 NO LU AFET VE ACİL DURUM TOPLANMA ALANI,38.418505470789,27.471611167714,,,,,,,2026-09-20T07:31:27.118Z,COMPLETE_FOR_MAPPABLE_ROWS,compact-proximity-endpoint,Afet toplanma alanları,https://acikveri.bizizmir.com/dataset/afet-ve-acil-durum-toplanma-alanlari,CC BY 4.0,İzmir Büyükşehir Belediyesi Açık Veri Portalı
assembly:kaggle:154:38.118196360705:27.445948399775,assembly,Emergency Assembly Area,1 NO LU AFET VE ACİL DURUM TOPLANMA ALANI,38.118196360705,27.445948399775,,,,,,,2026-09-20T07:31:27.118Z,COMPLETE_FOR_MAPPABLE_ROWS,compact-proximity-endpoint,Afet toplanma alanları,https://acikveri.bizizmir.com/dataset/afet-ve-acil-durum-toplanma-alanlari,CC BY 4.0,İzmir Büyükşehir Belediyesi Açık Veri Portalı
assembly:kaggle:155:38.542436414307:27.132667255915,assembly,Emergency Assembly Area,1 NO LU AFET VE ACİL DURUM TOPLANMA ALANI,38.542436414307,27.132667255915,,,,,,,2026-09-20T07:31:27.118Z,COMPLETE_FOR_MAPPABLE_ROWS,compact-proximity-endpoint,Afet toplanma alanları,https://acikveri.bizizmir.com/dataset/afet-ve-acil-durum-toplanma-alanlari,CC BY 4.0,İzmir Büyükşehir Belediyesi Açık Veri Portalı
assembly:kaggle:156:38.321873759944:27.537314386816,assembly,Emergency Assembly Area,1 NO LU AFET VE ACİL DURUM TOPLANMA ALANI,38.321873759944,27.537314386816,,,,,,,2026-09-20T07:31:27.118Z,COMPLETE_FOR_MAPPABLE_ROWS,compact-proximity-endpoint,Afet toplanma alanları,https://acikveri.bizizmir.com/dataset/afet-ve-acil-durum-toplanma-alanlari,CC BY 4.0,İzmir Büyükşehir Belediyesi Açık Veri Portalı
assembly:kaggle:157:38.466335769703:27.10787316842,assembly,Emergency Assembly Area,1 NO LU AFET VE ACİL DURUM TOPLANMA ALANI,38.466335769703,27.10787316842,,,,,,,2026-09-20T07:31:27.118Z,COMPLETE_FOR_MAPPABLE_ROWS,compact-proximity-endpoint,Afet toplanma alanları,https://acikveri.bizizmir.com/dataset/afet-ve-acil-durum-toplanma-alanlari,CC BY 4.0,İzmir Büyükşehir Belediyesi Açık Veri Portalı
assembly:kaggle:158:38.439449890987:27.367381009351,assembly,Emergency Assembly Area,1 NO LU AFET VE ACİL DURUM TOPLANMA ALANI,38.439449890987,27.367381009351,,,,,,,2026-09-20T07:31:27.118Z,COMPLETE_FOR_MAPPABLE_ROWS,compact-proximity-endpoint,Afet toplanma alanları,https://acikveri.bizizmir.com/dataset/afet-ve-acil-durum-toplanma-alanlari,CC BY 4.0,İzmir Büyükşehir Belediyesi Açık Veri Portalı
assembly:kaggle:159:38.434499849862:27.15504767967,assembly,Emergency Assembly Area,1 NO LU AFET VE ACİL DURUM TOPLANMA ALANI,38.434499849862,27.15504767967,,,,,,,2026-09-20T07:31:27.118Z,COMPLETE_FOR_MAPPABLE_ROWS,compact-proximity-endpoint,Afet toplanma alanları,https://acikveri.bizizmir.com/dataset/afet-ve-acil-durum-toplanma-alanlari,CC BY 4.0,İzmir Büyükşehir Belediyesi Açık Veri Portalı
assembly:kaggle:160:38.018299449183:27.514060228387,assembly,Emergency Assembly Area,1 NO LU AFET VE ACİL DURUM TOPLANMA ALANI,38.018299449183,27.514060228387,,,,,,,2026-09-20T07:31:27.118Z,COMPLETE_FOR_MAPPABLE_ROWS,compact-proximity-endpoint,Afet toplanma alanları,https://acikveri.bizizmir.com/dataset/afet-ve-acil-durum-toplanma-alanlari,CC BY 4.0,İzmir Büyükşehir Belediyesi Açık Veri Portalı
assembly:kaggle:161:38.405508808189:27.536627612127,assembly,Emergency Assembly Area,1 NO LU AFET VE ACİL DURUM TOPLANMA ALANI,38.405508808189,27.536627612127,,,,,,,2026-09-20T07:31:27.118Z,COMPLETE_FOR_MAPPABLE_ROWS,compact-proximity-endpoint,Afet toplanma alanları,https://acikveri.bizizmir.com/dataset/afet-ve-acil-durum-toplanma-alanlari,CC BY 4.0,İzmir Büyükşehir Belediyesi Açık Veri Portalı
assembly:kaggle:162:38.38783271552:27.093445771522,assembly,Emergency Assembly Area,1 NO LU AFET VE ACİL DURUM TOPLANMA ALANI,38.38783271552,27.093445771522,,,,,,,2026-09-20T07:31:27.118Z,COMPLETE_FOR_MAPPABLE_ROWS,compact-proximity-endpoint,Afet toplanma alanları,https://acikveri.bizizmir.com/dataset/afet-ve-acil-durum-toplanma-alanlari,CC BY 4.0,İzmir Büyükşehir Belediyesi Açık Veri Portalı
assembly:kaggle:163:38.394401284307:27.096457866046,assembly,Emergency Assembly Area,1 NO LU AFET VE ACİL DURUM TOPLANMA ALANI,38.394401284307,27.096457866046,,,,,,,2026-09-20T07:31:27.118Z,COMPLETE_FOR_MAPPABLE_ROWS,compact-proximity-endpoint,Afet toplanma alanları,https://acikveri.bizizmir.com/dataset/afet-ve-acil-durum-toplanma-alanlari,CC BY 4.0,İzmir Büyükşehir Belediyesi Açık Veri Portalı
assembly:kaggle:164:38.32123956207:26.765143807451,assembly,Emergency Assembly Area,1 NO LU AFET VE ACİL DURUM TOPLANMA ALANI,38.32123956207,26.765143807451,,,,,,,2026-09-20T07:31:27.118Z,COMPLETE_FOR_MAPPABLE_ROWS,compact-proximity-endpoint,Afet toplanma alanları,https://acikveri.bizizmir.com/dataset/afet-ve-acil-durum-toplanma-alanlari,CC BY 4.0,İzmir Büyükşehir Belediyesi Açık Veri Portalı
assembly:kaggle:165:38.964889901614:27.240941417362,assembly,Emergency Assembly Area,1 NO LU AFET VE ACİL DURUM TOPLANMA ALANI,38.964889901614,27.240941417362,,,,,,,2026-09-20T07:31:27.118Z,COMPLETE_FOR_MAPPABLE_ROWS,compact-proximity-endpoint,Afet toplanma alanları,https://acikveri.bizizmir.com/dataset/afet-ve-acil-durum-toplanma-alanlari,CC BY 4.0,İzmir Büyükşehir Belediyesi Açık Veri Portalı
assembly:kaggle:166:38.13787821695:28.172458623361,assembly,Emergency Assembly Area,1 NO LU AFET VE ACİL DURUM TOPLANMA ALANI,38.13787821695,28.172458623361,,,,,,,2026-09-20T07:31:27.118Z,COMPLETE_FOR_MAPPABLE_ROWS,compact-proximity-endpoint,Afet toplanma alanları,https://acikveri.bizizmir.com/dataset/afet-ve-acil-durum-toplanma-alanlari,CC BY 4.0,İzmir Büyükşehir Belediyesi Açık Veri Portalı
assembly:kaggle:167:37.984422484376:27.747159158908,assembly,Emergency Assembly Area,1 NO LU AFET VE ACİL DURUM TOPLANMA ALANI,37.984422484376,27.747159158908,,,,,,,2026-09-20T07:31:27.118Z,COMPLETE_FOR_MAPPABLE_ROWS,compact-proximity-endpoint,Afet toplanma alanları,https://acikveri.bizizmir.com/dataset/afet-ve-acil-durum-toplanma-alanlari,CC BY 4.0,İzmir Büyükşehir Belediyesi Açık Veri Portalı
assembly:kaggle:168:38.230642644825:28.458015861307,assembly,Emergency Assembly Area,1 NO LU AFET VE ACİL DURUM TOPLANMA ALANI,38.230642644825,28.458015861307,,,,,,,2026-09-20T07:31:27.118Z,COMPLETE_FOR_MAPPABLE_ROWS,compact-proximity-endpoint,Afet toplanma alanları,https://acikveri.bizizmir.com/dataset/afet-ve-acil-durum-toplanma-alanlari,CC BY 4.0,İzmir Büyükşehir Belediyesi Açık Veri Portalı
assembly:kaggle:169:38.419513860567:27.163201579703,assembly,Emergency Assembly Area,1 NO LU AFET VE ACİL DURUM TOPLANMA ALANI,38.419513860567,27.163201579703,,,,,,,2026-09-20T07:31:27.118Z,COMPLETE_FOR_MAPPABLE_ROWS,compact-proximity-endpoint,Afet toplanma alanları,https://acikveri.bizizmir.com/dataset/afet-ve-acil-durum-toplanma-alanlari,CC BY 4.0,İzmir Büyükşehir Belediyesi Açık Veri Portalı
assembly:kaggle:170:38.604464606859:27.080900771942,assembly,Emergency Assembly Area,1 NO LU AFET VE ACİL DURUM TOPLANMA ALANI,38.604464606859,27.080900771942,,,,,,,2026-09-20T07:31:27.118Z,COMPLETE_FOR_MAPPABLE_ROWS,compact-proximity-endpoint,Afet toplanma alanları,https://acikveri.bizizmir.com/dataset/afet-ve-acil-durum-toplanma-alanlari,CC BY 4.0,İzmir Büyükşehir Belediyesi Açık Veri Portalı
assembly:kaggle:171:38.388245851404:27.113245738868,assembly,Emergency Assembly Area,1 NO LU AFET VE ACİL DURUM TOPLANMA ALANI,38.388245851404,27.113245738868,,,,,,,2026-09-20T07:31:27.118Z,COMPLETE_FOR_MAPPABLE_ROWS,compact-proximity-endpoint,Afet toplanma alanları,https://acikveri.bizizmir.com/dataset/afet-ve-acil-durum-toplanma-alanlari,CC BY 4.0,İzmir Büyükşehir Belediyesi Açık Veri Portalı
assembly:kaggle:172:38.380992353656:27.123580250852,assembly,Emergency Assembly Area,1 NO LU AFET VE ACİL DURUM TOPLANMA ALANI,38.380992353656,27.123580250852,,,,,,,2026-09-20T07:31:27.118Z,COMPLETE_FOR_MAPPABLE_ROWS,compact-proximity-endpoint,Afet toplanma alanları,https://acikveri.bizizmir.com/dataset/afet-ve-acil-durum-toplanma-alanlari,CC BY 4.0,İzmir Büyükşehir Belediyesi Açık Veri Portalı
assembly:kaggle:173:38.43985775474:27.666864254023,assembly,Emergency Assembly Area,1 NO LU AFET VE ACİL DURUM TOPLANMA ALANI,38.43985775474,27.666864254023,,,,,,,2026-09-20T07:31:27.118Z,COMPLETE_FOR_MAPPABLE_ROWS,compact-proximity-endpoint,Afet toplanma alanları,https://acikveri.bizizmir.com/dataset/afet-ve-acil-durum-toplanma-alanlari,CC BY 4.0,İzmir Büyükşehir Belediyesi Açık Veri Portalı
assembly:kaggle:174:38.256190556223:27.887974024438,assembly,Emergency Assembly Area,1 NO LU AFET VE ACİL DURUM TOPLANMA ALANI,38.256190556223,27.887974024438,,,,,,,2026-09-20T07:31:27.118Z,COMPLETE_FOR_MAPPABLE_ROWS,compact-proximity-endpoint,Afet toplanma alanları,https://acikveri.bizizmir.com/dataset/afet-ve-acil-durum-toplanma-alanlari,CC BY 4.0,İzmir Büyükşehir Belediyesi Açık Veri Portalı
assembly:kaggle:175:39.076633640987:26.890410385254,assembly,Emergency Assembly Area,1 NO LU AFET VE ACİL DURUM TOPLANMA ALANI,39.076633640987,26.890410385254,,,,,,,2026-09-20T07:31:27.118Z,COMPLETE_FOR_MAPPABLE_ROWS,compact-proximity-endpoint,Afet toplanma alanları,https://acikveri.bizizmir.com/dataset/afet-ve-acil-durum-toplanma-alanlari,CC BY 4.0,İzmir Büyükşehir Belediyesi Açık Veri Portalı
assembly:kaggle:176:38.414537946986:27.656489560328,assembly,Emergency Assembly Area,1 NO LU AFET VE ACİL DURUM TOPLANMA ALANI,38.414537946986,27.656489560328,,,,,,,2026-09-20T07:31:27.118Z,COMPLETE_FOR_MAPPABLE_ROWS,compact-proximity-endpoint,Afet toplanma alanları,https://acikveri.bizizmir.com/dataset/afet-ve-acil-durum-toplanma-alanlari,CC BY 4.0,İzmir Büyükşehir Belediyesi Açık Veri Portalı
assembly:kaggle:177:38.381862799788:27.110888099732,assembly,Emergency Assembly Area,1 NO LU AFET VE ACİL DURUM TOPLANMA ALANI,38.381862799788,27.110888099732,,,,,,,2026-09-20T07:31:27.118Z,COMPLETE_FOR_MAPPABLE_ROWS,compact-proximity-endpoint,Afet toplanma alanları,https://acikveri.bizizmir.com/dataset/afet-ve-acil-durum-toplanma-alanlari,CC BY 4.0,İzmir Büyükşehir Belediyesi Açık Veri Portalı
assembly:kaggle:178:38.23515935388:27.97790271712,assembly,Emergency Assembly Area,1 NO LU AFET VE ACİL DURUM TOPLANMA ALANI,38.23515935388,27.97790271712,,,,,,,2026-09-20T07:31:27.118Z,COMPLETE_FOR_MAPPABLE_ROWS,compact-proximity-endpoint,Afet toplanma alanları,https://acikveri.bizizmir.com/dataset/afet-ve-acil-durum-toplanma-alanlari,CC BY 4.0,İzmir Büyükşehir Belediyesi Açık Veri Portalı
assembly:kaggle:179:38.323480552908:26.709331337618,assembly,Emergency Assembly Area,1 NO LU AFET VE ACİL DURUM TOPLANMA ALANI,38.323480552908,26.709331337618,,,,,,,2026-09-20T07:31:27.118Z,COMPLETE_FOR_MAPPABLE_ROWS,compact-proximity-endpoint,Afet toplanma alanları,https://acikveri.bizizmir.com/dataset/afet-ve-acil-durum-toplanma-alanlari,CC BY 4.0,İzmir Büyükşehir Belediyesi Açık Veri Portalı
assembly:kaggle:180:38.385601425693:27.4984680458,assembly,Emergency Assembly Area,1 NO LU AFET VE ACİL DURUM TOPLANMA ALANI,38.385601425693,27.4984680458,,,,,,,2026-09-20T07:31:27.118Z,COMPLETE_FOR_MAPPABLE_ROWS,compact-proximity-endpoint,Afet toplanma alanları,https://acikveri.bizizmir.com/dataset/afet-ve-acil-durum-toplanma-alanlari,CC BY 4.0,İzmir Büyükşehir Belediyesi Açık Veri Portalı
assembly:kaggle:181:38.255179899329:28.249019067928,assembly,Emergency Assembly Area,1 NO LU AFET VE ACİL DURUM TOPLANMA ALANI,38.255179899329,28.249019067928,,,,,,,2026-09-20T07:31:27.118Z,COMPLETE_FOR_MAPPABLE_ROWS,compact-proximity-endpoint,Afet toplanma alanları,https://acikveri.bizizmir.com/dataset/afet-ve-acil-durum-toplanma-alanlari,CC BY 4.0,İzmir Büyükşehir Belediyesi Açık Veri Portalı
assembly:kaggle:182:38.542805022542:26.569062837969,assembly,Emergency Assembly Area,1 NO LU AFET VE ACİL DURUM TOPLANMA ALANI,38.542805022542,26.569062837969,,,,,,,2026-09-20T07:31:27.118Z,COMPLETE_FOR_MAPPABLE_ROWS,compact-proximity-endpoint,Afet toplanma alanları,https://acikveri.bizizmir.com/dataset/afet-ve-acil-durum-toplanma-alanlari,CC BY 4.0,İzmir Büyükşehir Belediyesi Açık Veri Portalı
assembly:kaggle:183:38.328934601666:26.761980144146,assembly,Emergency Assembly Area,1 NO LU AFET VE ACİL DURUM TOPLANMA ALANI,38.328934601666,26.761980144146,,,,,,,2026-09-20T07:31:27.118Z,COMPLETE_FOR_MAPPABLE_ROWS,compact-proximity-endpoint,Afet toplanma alanları,https://acikveri.bizizmir.com/dataset/afet-ve-acil-durum-toplanma-alanlari,CC BY 4.0,İzmir Büyükşehir Belediyesi Açık Veri Portalı
assembly:kaggle:184:38.257909448982:28.174904617103,assembly,Emergency Assembly Area,1 NO LU AFET VE ACİL DURUM TOPLANMA ALANI,38.257909448982,28.174904617103,,,,,,,2026-09-20T07:31:27.118Z,COMPLETE_FOR_MAPPABLE_ROWS,compact-proximity-endpoint,Afet toplanma alanları,https://acikveri.bizizmir.com/dataset/afet-ve-acil-durum-toplanma-alanlari,CC BY 4.0,İzmir Büyükşehir Belediyesi Açık Veri Portalı
assembly:kaggle:185:38.409266893879:27.59750272001,assembly,Emergency Assembly Area,1 NO LU AFET VE ACİL DURUM TOPLANMA ALANI,38.409266893879,27.59750272001,,,,,,,2026-09-20T07:31:27.118Z,COMPLETE_FOR_MAPPABLE_ROWS,compact-proximity-endpoint,Afet toplanma alanları,https://acikveri.bizizmir.com/dataset/afet-ve-acil-durum-toplanma-alanlari,CC BY 4.0,İzmir Büyükşehir Belediyesi Açık Veri Portalı
assembly:kaggle:186:38.388212173412:27.075021769196,assembly,Emergency Assembly Area,1 NO LU AFET VE ACİL DURUM TOPLANMA ALANI,38.388212173412,27.075021769196,,,,,,,2026-09-20T07:31:27.118Z,COMPLETE_FOR_MAPPABLE_ROWS,compact-proximity-endpoint,Afet toplanma alanları,https://acikveri.bizizmir.com/dataset/afet-ve-acil-durum-toplanma-alanlari,CC BY 4.0,İzmir Büyükşehir Belediyesi Açık Veri Portalı
assembly:kaggle:187:39.018058134881:27.072456499575,assembly,Emergency Assembly Area,1 NO LU AFET VE ACİL DURUM TOPLANMA ALANI,39.018058134881,27.072456499575,,,,,,,2026-09-20T07:31:27.118Z,COMPLETE_FOR_MAPPABLE_ROWS,compact-proximity-endpoint,Afet toplanma alanları,https://acikveri.bizizmir.com/dataset/afet-ve-acil-durum-toplanma-alanlari,CC BY 4.0,İzmir Büyükşehir Belediyesi Açık Veri Portalı
assembly:kaggle:188:38.204342700838:27.728973540752,assembly,Emergency Assembly Area,1 NO LU AFET VE ACİL DURUM TOPLANMA ALANI,38.204342700838,27.728973540752,,,,,,,2026-09-20T07:31:27.118Z,COMPLETE_FOR_MAPPABLE_ROWS,compact-proximity-endpoint,Afet toplanma alanları,https://acikveri.bizizmir.com/dataset/afet-ve-acil-durum-toplanma-alanlari,CC BY 4.0,İzmir Büyükşehir Belediyesi Açık Veri Portalı
assembly:kaggle:189:38.371870843881:27.143804021164,assembly,Emergency Assembly Area,1 NO LU AFET VE ACİL DURUM TOPLANMA ALANI,38.371870843881,27.143804021164,,,,,,,2026-09-20T07:31:27.118Z,COMPLETE_FOR_MAPPABLE_ROWS,compact-proximity-endpoint,Afet toplanma alanları,https://acikveri.bizizmir.com/dataset/afet-ve-acil-durum-toplanma-alanlari,CC BY 4.0,İzmir Büyükşehir Belediyesi Açık Veri Portalı
assembly:kaggle:190:38.098121766328:27.725186441843,assembly,Emergency Assembly Area,1 NO LU AFET VE ACİL DURUM TOPLANMA ALANI,38.098121766328,27.725186441843,,,,,,,2026-09-20T07:31:27.118Z,COMPLETE_FOR_MAPPABLE_ROWS,compact-proximity-endpoint,Afet toplanma alanları,https://acikveri.bizizmir.com/dataset/afet-ve-acil-durum-toplanma-alanlari,CC BY 4.0,İzmir Büyükşehir Belediyesi Açık Veri Portalı
assembly:kaggle:191:38.412814590177:27.628326507741,assembly,Emergency Assembly Area,1 NO LU AFET VE ACİL DURUM TOPLANMA ALANI,38.412814590177,27.628326507741,,,,,,,2026-09-20T07:31:27.118Z,COMPLETE_FOR_MAPPABLE_ROWS,compact-proximity-endpoint,Afet toplanma alanları,https://acikveri.bizizmir.com/dataset/afet-ve-acil-durum-toplanma-alanlari,CC BY 4.0,İzmir Büyükşehir Belediyesi Açık Veri Portalı
assembly:kaggle:192:38.21408864728:28.413984940138,assembly,Emergency Assembly Area,1 NO LU AFET VE ACİL DURUM TOPLANMA ALANI,38.21408864728,28.413984940138,,,,,,,2026-09-20T07:31:27.118Z,COMPLETE_FOR_MAPPABLE_ROWS,compact-proximity-endpoint,Afet toplanma alanları,https://acikveri.bizizmir.com/dataset/afet-ve-acil-durum-toplanma-alanlari,CC BY 4.0,İzmir Büyükşehir Belediyesi Açık Veri Portalı
assembly:kaggle:193:38.237856167433:28.150915083117,assembly,Emergency Assembly Area,1 NO LU AFET VE ACİL DURUM TOPLANMA ALANI,38.237856167433,28.150915083117,,,,,,,2026-09-20T07:31:27.118Z,COMPLETE_FOR_MAPPABLE_ROWS,compact-proximity-endpoint,Afet toplanma alanları,https://acikveri.bizizmir.com/dataset/afet-ve-acil-durum-toplanma-alanlari,CC BY 4.0,İzmir Büyükşehir Belediyesi Açık Veri Portalı
assembly:kaggle:194:38.208457241553:28.206146908033,assembly,Emergency Assembly Area,1 NO LU AFET VE ACİL DURUM TOPLANMA ALANI,38.208457241553,28.206146908033,,,,,,,2026-09-20T07:31:27.118Z,COMPLETE_FOR_MAPPABLE_ROWS,compact-proximity-endpoint,Afet toplanma alanları,https://acikveri.bizizmir.com/dataset/afet-ve-acil-durum-toplanma-alanlari,CC BY 4.0,İzmir Büyükşehir Belediyesi Açık Veri Portalı
assembly:kaggle:195:38.250124722374:28.174732967555,assembly,Emergency Assembly Area,1 NO LU AFET VE ACİL DURUM TOPLANMA ALANI,38.250124722374,28.174732967555,,,,,,,2026-09-20T07:31:27.118Z,COMPLETE_FOR_MAPPABLE_ROWS,compact-proximity-endpoint,Afet toplanma alanları,https://acikveri.bizizmir.com/dataset/afet-ve-acil-durum-toplanma-alanlari,CC BY 4.0,İzmir Büyükşehir Belediyesi Açık Veri Portalı
assembly:kaggle:196:38.2346877137:28.300860588223,assembly,Emergency Assembly Area,1 NO LU AFET VE ACİL DURUM TOPLANMA ALANI,38.2346877137,28.300860588223,,,,,,,2026-09-20T07:31:27.118Z,COMPLETE_FOR_MAPPABLE_ROWS,compact-proximity-endpoint,Afet toplanma alanları,https://acikveri.bizizmir.com/dataset/afet-ve-acil-durum-toplanma-alanlari,CC BY 4.0,İzmir Büyükşehir Belediyesi Açık Veri Portalı
assembly:kaggle:197:38.184228841572:28.346527734903,assembly,Emergency Assembly Area,1 NO LU AFET VE ACİL DURUM TOPLANMA ALANI,38.184228841572,28.346527734903,,,,,,,2026-09-20T07:31:27.118Z,COMPLETE_FOR_MAPPABLE_ROWS,compact-proximity-endpoint,Afet toplanma alanları,https://acikveri.bizizmir.com/dataset/afet-ve-acil-durum-toplanma-alanlari,CC BY 4.0,İzmir Büyükşehir Belediyesi Açık Veri Portalı
assembly:kaggle:198:38.415033418077:27.154747306585,assembly,Emergency Assembly Area,1 NO LU AFET VE ACİL DURUM TOPLANMA ALANI,38.415033418077,27.154747306585,,,,,,,2026-09-20T07:31:27.118Z,COMPLETE_FOR_MAPPABLE_ROWS,compact-proximity-endpoint,Afet toplanma alanları,https://acikveri.bizizmir.com/dataset/afet-ve-acil-durum-toplanma-alanlari,CC BY 4.0,İzmir Büyükşehir Belediyesi Açık Veri Portalı
assembly:kaggle:199:38.217966157171:28.380167798748,assembly,Emergency Assembly Area,1 NO LU AFET VE ACİL DURUM TOPLANMA ALANI,38.217966157171,28.380167798748,,,,,,,2026-09-20T07:31:27.118Z,COMPLETE_FOR_MAPPABLE_ROWS,compact-proximity-endpoint,Afet toplanma alanları,https://acikveri.bizizmir.com/dataset/afet-ve-acil-durum-toplanma-alanlari,CC BY 4.0,İzmir Büyükşehir Belediyesi Açık Veri Portalı
assembly:kaggle:200:38.439390841242:27.148191979318,assembly,Emergency Assembly Area,1 NO LU AFET VE ACİL DURUM TOPLANMA ALANI,38.439390841242,27.148191979318,,,,,,,2026-09-20T07:31:27.118Z,COMPLETE_FOR_MAPPABLE_ROWS,compact-proximity-endpoint,Afet toplanma alanları,https://acikveri.bizizmir.com/dataset/afet-ve-acil-durum-toplanma-alanlari,CC BY 4.0,İzmir Büyükşehir Belediyesi Açık Veri Portalı
assembly:kaggle:201:38.38706430851:27.107095466319,assembly,Emergency Assembly Area,1 NO LU AFET VE ACİL DURUM TOPLANMA ALANI,38.38706430851,27.107095466319,,,,,,,2026-09-20T07:31:27.118Z,COMPLETE_FOR_MAPPABLE_ROWS,compact-proximity-endpoint,Afet toplanma alanları,https://acikveri.bizizmir.com/dataset/afet-ve-acil-durum-toplanma-alanlari,CC BY 4.0,İzmir Büyükşehir Belediyesi Açık Veri Portalı
assembly:kaggle:202:39.064056232836:27.065332505798,assembly,Emergency Assembly Area,1 NO LU AFET VE ACİL DURUM TOPLANMA ALANI,39.064056232836,27.065332505798,,,,,,,2026-09-20T07:31:27.118Z,COMPLETE_FOR_MAPPABLE_ROWS,compact-proximity-endpoint,Afet toplanma alanları,https://acikveri.bizizmir.com/dataset/afet-ve-acil-durum-toplanma-alanlari,CC BY 4.0,İzmir Büyükşehir Belediyesi Açık Veri Portalı
assembly:kaggle:203:38.150082140932:27.887565146889,assembly,Emergency Assembly Area,1 NO LU AFET VE ACİL DURUM TOPLANMA ALANI,38.150082140932,27.887565146889,,,,,,,2026-09-20T07:31:27.118Z,COMPLETE_FOR_MAPPABLE_ROWS,compact-proximity-endpoint,Afet toplanma alanları,https://acikveri.bizizmir.com/dataset/afet-ve-acil-durum-toplanma-alanlari,CC BY 4.0,İzmir Büyükşehir Belediyesi Açık Veri Portalı
assembly:kaggle:204:38.427717439248:27.141765458259,assembly,Emergency Assembly Area,1 NO LU AFET VE ACİL DURUM TOPLANMA ALANI,38.427717439248,27.141765458259,,,,,,,2026-09-20T07:31:27.118Z,COMPLETE_FOR_MAPPABLE_ROWS,compact-proximity-endpoint,Afet toplanma alanları,https://acikveri.bizizmir.com/dataset/afet-ve-acil-durum-toplanma-alanlari,CC BY 4.0,İzmir Büyükşehir Belediyesi Açık Veri Portalı
assembly:kaggle:205:38.391071406226:27.148664127274,assembly,Emergency Assembly Area,1 NO LU AFET VE ACİL DURUM TOPLANMA ALANI,38.391071406226,27.148664127274,,,,,,,2026-09-20T07:31:27.118Z,COMPLETE_FOR_MAPPABLE_ROWS,compact-proximity-endpoint,Afet toplanma alanları,https://acikveri.bizizmir.com/dataset/afet-ve-acil-durum-toplanma-alanlari,CC BY 4.0,İzmir Büyükşehir Belediyesi Açık Veri Portalı
assembly:kaggle:206:38.374461496995:27.148202817604,assembly,Emergency Assembly Area,1 NO LU AFET VE ACİL DURUM TOPLANMA ALANI,38.374461496995,27.148202817604,,,,,,,2026-09-20T07:31:27.118Z,COMPLETE_FOR_MAPPABLE_ROWS,compact-proximity-endpoint,Afet toplanma alanları,https://acikveri.bizizmir.com/dataset/afet-ve-acil-durum-toplanma-alanlari,CC BY 4.0,İzmir Büyükşehir Belediyesi Açık Veri Portalı
assembly:kaggle:207:38.368741775294:27.163158749954,assembly,Emergency Assembly Area,1 NO LU AFET VE ACİL DURUM TOPLANMA ALANI,38.368741775294,27.163158749954,,,,,,,2026-09-20T07:31:27.118Z,COMPLETE_FOR_MAPPABLE_ROWS,compact-proximity-endpoint,Afet toplanma alanları,https://acikveri.bizizmir.com/dataset/afet-ve-acil-durum-toplanma-alanlari,CC BY 4.0,İzmir Büyükşehir Belediyesi Açık Veri Portalı
assembly:kaggle:208:38.384486776816:27.155584203067,assembly,Emergency Assembly Area,1 NO LU AFET VE ACİL DURUM TOPLANMA ALANI,38.384486776816,27.155584203067,,,,,,,2026-09-20T07:31:27.118Z,COMPLETE_FOR_MAPPABLE_ROWS,compact-proximity-endpoint,Afet toplanma alanları,https://acikveri.bizizmir.com/dataset/afet-ve-acil-durum-toplanma-alanlari,CC BY 4.0,İzmir Büyükşehir Belediyesi Açık Veri Portalı
assembly:kaggle:209:38.225787573161:27.85325572778,assembly,Emergency Assembly Area,1 NO LU AFET VE ACİL DURUM TOPLANMA ALANI,38.225787573161,27.85325572778,,,,,,,2026-09-20T07:31:27.118Z,COMPLETE_FOR_MAPPABLE_ROWS,compact-proximity-endpoint,Afet toplanma alanları,https://acikveri.bizizmir.com/dataset/afet-ve-acil-durum-toplanma-alanlari,CC BY 4.0,İzmir Büyükşehir Belediyesi Açık Veri Portalı
assembly:kaggle:210:38.089452341973:27.738926001747,assembly,Emergency Assembly Area,1 NO LU AFET VE ACİL DURUM TOPLANMA ALANI,38.089452341973,27.738926001747,,,,,,,2026-09-20T07:31:27.118Z,COMPLETE_FOR_MAPPABLE_ROWS,compact-proximity-endpoint,Afet toplanma alanları,https://acikveri.bizizmir.com/dataset/afet-ve-acil-durum-toplanma-alanlari,CC BY 4.0,İzmir Büyükşehir Belediyesi Açık Veri Portalı
assembly:kaggle:211:38.012543031486:27.326773260834,assembly,Emergency Assembly Area,1 NO LU AFET VE ACİL DURUM TOPLANMA ALANI,38.012543031486,27.326773260834,,,,,,,2026-09-20T07:31:27.118Z,COMPLETE_FOR_MAPPABLE_ROWS,compact-proximity-endpoint,Afet toplanma alanları,https://acikveri.bizizmir.com/dataset/afet-ve-acil-durum-toplanma-alanlari,CC BY 4.0,İzmir Büyükşehir Belediyesi Açık Veri Portalı
assembly:kaggle:212:38.564350788377:26.373713121346,assembly,Emergency Assembly Area,1 NO LU AFET VE ACİL DURUM TOPLANMA ALANI,38.564350788377,26.373713121346,,,,,,,2026-09-20T07:31:27.118Z,COMPLETE_FOR_MAPPABLE_ROWS,compact-proximity-endpoint,Afet toplanma alanları,https://acikveri.bizizmir.com/dataset/afet-ve-acil-durum-toplanma-alanlari,CC BY 4.0,İzmir Büyükşehir Belediyesi Açık Veri Portalı
assembly:kaggle:213:38.371357715323:27.110770100912,assembly,Emergency Assembly Area,1 NO LU AFET VE ACİL DURUM TOPLANMA ALANI,38.371357715323,27.110770100912,,,,,,,2026-09-20T07:31:27.118Z,COMPLETE_FOR_MAPPABLE_ROWS,compact-proximity-endpoint,Afet toplanma alanları,https://acikveri.bizizmir.com/dataset/afet-ve-acil-durum-toplanma-alanlari,CC BY 4.0,İzmir Büyükşehir Belediyesi Açık Veri Portalı
assembly:kaggle:214:38.39453579901:27.072908188277,assembly,Emergency Assembly Area,1 NO LU AFET VE ACİL DURUM TOPLANMA ALANI,38.39453579901,27.072908188277,,,,,,,2026-09-20T07:31:27.118Z,COMPLETE_FOR_MAPPABLE_ROWS,compact-proximity-endpoint,Afet toplanma alanları,https://acikveri.bizizmir.com/dataset/afet-ve-acil-durum-toplanma-alanlari,CC BY 4.0,İzmir Büyükşehir Belediyesi Açık Veri Portalı
assembly:kaggle:215:39.301235834935:27.158114616228,assembly,Emergency Assembly Area,1 NO LU AFET VE ACİL DURUM TOPLANMA ALANI,39.301235834935,27.158114616228,,,,,,,2026-09-20T07:31:27.118Z,COMPLETE_FOR_MAPPABLE_ROWS,compact-proximity-endpoint,Afet toplanma alanları,https://acikveri.bizizmir.com/dataset/afet-ve-acil-durum-toplanma-alanlari,CC BY 4.0,İzmir Büyükşehir Belediyesi Açık Veri Portalı
assembly:kaggle:216:38.121877338018:28.4363867712,assembly,Emergency Assembly Area,1 NO LU AFET VE ACİL DURUM TOPLANMA ALANI,38.121877338018,28.4363867712,,,,,,,2026-09-20T07:31:27.118Z,COMPLETE_FOR_MAPPABLE_ROWS,compact-proximity-endpoint,Afet toplanma alanları,https://acikveri.bizizmir.com/dataset/afet-ve-acil-durum-toplanma-alanlari,CC BY 4.0,İzmir Büyükşehir Belediyesi Açık Veri Portalı
assembly:kaggle:217:38.3090103097:26.682251917472,assembly,Emergency Assembly Area,1 NO LU AFET VE ACİL DURUM TOPLANMA ALANI,38.3090103097,26.682251917472,,,,,,,2026-09-20T07:31:27.118Z,COMPLETE_FOR_MAPPABLE_ROWS,compact-proximity-endpoint,Afet toplanma alanları,https://acikveri.bizizmir.com/dataset/afet-ve-acil-durum-toplanma-alanlari,CC BY 4.0,İzmir Büyükşehir Belediyesi Açık Veri Portalı
assembly:kaggle:218:38.343091364281:26.552299482126,assembly,Emergency Assembly Area,1 NO LU AFET VE ACİL DURUM TOPLANMA ALANI,38.343091364281,26.552299482126,,,,,,,2026-09-20T07:31:27.118Z,COMPLETE_FOR_MAPPABLE_ROWS,compact-proximity-endpoint,Afet toplanma alanları,https://acikveri.bizizmir.com/dataset/afet-ve-acil-durum-toplanma-alanlari,CC BY 4.0,İzmir Büyükşehir Belediyesi Açık Veri Portalı
assembly:kaggle:219:38.020237344588:27.75934700168,assembly,Emergency Assembly Area,1 NO LU AFET VE ACİL DURUM TOPLANMA ALANI,38.020237344588,27.75934700168,,,,,,,2026-09-20T07:31:27.118Z,COMPLETE_FOR_MAPPABLE_ROWS,compact-proximity-endpoint,Afet toplanma alanları,https://acikveri.bizizmir.com/dataset/afet-ve-acil-durum-toplanma-alanlari,CC BY 4.0,İzmir Büyükşehir Belediyesi Açık Veri Portalı
assembly:kaggle:220:38.08796525588:27.890794602093,assembly,Emergency Assembly Area,1 NO LU AFET VE ACİL DURUM TOPLANMA ALANI,38.08796525588,27.890794602093,,,,,,,2026-09-20T07:31:27.118Z,COMPLETE_FOR_MAPPABLE_ROWS,compact-proximity-endpoint,Afet toplanma alanları,https://acikveri.bizizmir.com/dataset/afet-ve-acil-durum-toplanma-alanlari,CC BY 4.0,İzmir Büyükşehir Belediyesi Açık Veri Portalı
assembly:kaggle:221:38.390735013603:27.122603915173,assembly,Emergency Assembly Area,1 NO LU AFET VE ACİL DURUM TOPLANMA ALANI,38.390735013603,27.122603915173,,,,,,,2026-09-20T07:31:27.118Z,COMPLETE_FOR_MAPPABLE_ROWS,compact-proximity-endpoint,Afet toplanma alanları,https://acikveri.bizizmir.com/dataset/afet-ve-acil-durum-toplanma-alanlari,CC BY 4.0,İzmir Büyükşehir Belediyesi Açık Veri Portalı
assembly:kaggle:222:38.491717157767:27.091382986119,assembly,Emergency Assembly Area,1 NO LU AFET VE ACİL DURUM TOPLANMA ALANI,38.491717157767,27.091382986119,,,,,,,2026-09-20T07:31:27.118Z,COMPLETE_FOR_MAPPABLE_ROWS,compact-proximity-endpoint,Afet toplanma alanları,https://acikveri.bizizmir.com/dataset/afet-ve-acil-durum-toplanma-alanlari,CC BY 4.0,İzmir Büyükşehir Belediyesi Açık Veri Portalı
assembly:kaggle:223:38.149808484203:27.361598665603,assembly,Emergency Assembly Area,1 NO LU AFET VE ACİL DURUM TOPLANMA ALANI,38.149808484203,27.361598665603,,,,,,,2026-09-20T07:31:27.118Z,COMPLETE_FOR_MAPPABLE_ROWS,compact-proximity-endpoint,Afet toplanma alanları,https://acikveri.bizizmir.com/dataset/afet-ve-acil-durum-toplanma-alanlari,CC BY 4.0,İzmir Büyükşehir Belediyesi Açık Veri Portalı
assembly:kaggle:224:38.122347386173:27.868383465363,assembly,Emergency Assembly Area,1 NO LU AFET VE ACİL DURUM TOPLANMA ALANI,38.122347386173,27.868383465363,,,,,,,2026-09-20T07:31:27.118Z,COMPLETE_FOR_MAPPABLE_ROWS,compact-proximity-endpoint,Afet toplanma alanları,https://acikveri.bizizmir.com/dataset/afet-ve-acil-durum-toplanma-alanlari,CC BY 4.0,İzmir Büyükşehir Belediyesi Açık Veri Portalı
assembly:kaggle:225:38.384133854233:27.443072661011,assembly,Emergency Assembly Area,1 NO LU AFET VE ACİL DURUM TOPLANMA ALANI,38.384133854233,27.443072661011,,,,,,,2026-09-20T07:31:27.118Z,COMPLETE_FOR_MAPPABLE_ROWS,compact-proximity-endpoint,Afet toplanma alanları,https://acikveri.bizizmir.com/dataset/afet-ve-acil-durum-toplanma-alanlari,CC BY 4.0,İzmir Büyükşehir Belediyesi Açık Veri Portalı
assembly:kaggle:226:38.413932187819:27.161506441456,assembly,Emergency Assembly Area,1 NO LU AFET VE ACİL DURUM TOPLANMA ALANI,38.413932187819,27.161506441456,,,,,,,2026-09-20T07:31:27.118Z,COMPLETE_FOR_MAPPABLE_ROWS,compact-proximity-endpoint,Afet toplanma alanları,https://acikveri.bizizmir.com/dataset/afet-ve-acil-durum-toplanma-alanlari,CC BY 4.0,İzmir Büyükşehir Belediyesi Açık Veri Portalı
assembly:kaggle:227:38.461463408715:27.117057014675,assembly,Emergency Assembly Area,1 NO LU AFET VE ACİL DURUM TOPLANMA ALANI,38.461463408715,27.117057014675,,,,,,,2026-09-20T07:31:27.118Z,COMPLETE_FOR_MAPPABLE_ROWS,compact-proximity-endpoint,Afet toplanma alanları,https://acikveri.bizizmir.com/dataset/afet-ve-acil-durum-toplanma-alanlari,CC BY 4.0,İzmir Büyükşehir Belediyesi Açık Veri Portalı
assembly:kaggle:228:38.171893540004:27.445218757283,assembly,Emergency Assembly Area,1 NO LU AFET VE ACİL DURUM TOPLANMA ALANI,38.171893540004,27.445218757283,,,,,,,2026-09-20T07:31:27.118Z,COMPLETE_FOR_MAPPABLE_ROWS,compact-proximity-endpoint,Afet toplanma alanları,https://acikveri.bizizmir.com/dataset/afet-ve-acil-durum-toplanma-alanlari,CC BY 4.0,İzmir Büyükşehir Belediyesi Açık Veri Portalı
assembly:kaggle:229:38.249045633362:27.509333837362,assembly,Emergency Assembly Area,1 NO LU AFET VE ACİL DURUM TOPLANMA ALANI,38.249045633362,27.509333837362,,,,,,,2026-09-20T07:31:27.118Z,COMPLETE_FOR_MAPPABLE_ROWS,compact-proximity-endpoint,Afet toplanma alanları,https://acikveri.bizizmir.com/dataset/afet-ve-acil-durum-toplanma-alanlari,CC BY 4.0,İzmir Büyükşehir Belediyesi Açık Veri Portalı
assembly:kaggle:230:38.392072066292:27.131755564375,assembly,Emergency Assembly Area,1 NO LU AFET VE ACİL DURUM TOPLANMA ALANI,38.392072066292,27.131755564375,,,,,,,2026-09-20T07:31:27.118Z,COMPLETE_FOR_MAPPABLE_ROWS,compact-proximity-endpoint,Afet toplanma alanları,https://acikveri.bizizmir.com/dataset/afet-ve-acil-durum-toplanma-alanlari,CC BY 4.0,İzmir Büyükşehir Belediyesi Açık Veri Portalı
assembly:kaggle:231:39.285891447125:26.966241055414,assembly,Emergency Assembly Area,1 NO LU AFET VE ACİL DURUM TOPLANMA ALANI,39.285891447125,26.966241055414,,,,,,,2026-09-20T07:31:27.118Z,COMPLETE_FOR_MAPPABLE_ROWS,compact-proximity-endpoint,Afet toplanma alanları,https://acikveri.bizizmir.com/dataset/afet-ve-acil-durum-toplanma-alanlari,CC BY 4.0,İzmir Büyükşehir Belediyesi Açık Veri Portalı
assembly:kaggle:232:38.935620284659:27.285358633232,assembly,Emergency Assembly Area,1 NO LU AFET VE ACİL DURUM TOPLANMA ALANI,38.935620284659,27.285358633232,,,,,,,2026-09-20T07:31:27.118Z,COMPLETE_FOR_MAPPABLE_ROWS,compact-proximity-endpoint,Afet toplanma alanları,https://acikveri.bizizmir.com/dataset/afet-ve-acil-durum-toplanma-alanlari,CC BY 4.0,İzmir Büyükşehir Belediyesi Açık Veri Portalı
assembly:kaggle:233:39.191627458227:27.297074027943,assembly,Emergency Assembly Area,1 NO LU AFET VE ACİL DURUM TOPLANMA ALANI,39.191627458227,27.297074027943,,,,,,,2026-09-20T07:31:27.118Z,COMPLETE_FOR_MAPPABLE_ROWS,compact-proximity-endpoint,Afet toplanma alanları,https://acikveri.bizizmir.com/dataset/afet-ve-acil-durum-toplanma-alanlari,CC BY 4.0,İzmir Büyükşehir Belediyesi Açık Veri Portalı
assembly:kaggle:234:38.400816855991:27.093829303435,assembly,Emergency Assembly Area,1 NO LU AFET VE ACİL DURUM TOPLANMA ALANI,38.400816855991,27.093829303435,,,,,,,2026-09-20T07:31:27.118Z,COMPLETE_FOR_MAPPABLE_ROWS,compact-proximity-endpoint,Afet toplanma alanları,https://acikveri.bizizmir.com/dataset/afet-ve-acil-durum-toplanma-alanlari,CC BY 4.0,İzmir Büyükşehir Belediyesi Açık Veri Portalı
assembly:kaggle:235:38.103441191074:28.261035517712,assembly,Emergency Assembly Area,1 NO LU AFET VE ACİL DURUM TOPLANMA ALANI,38.103441191074,28.261035517712,,,,,,,2026-09-20T07:31:27.118Z,COMPLETE_FOR_MAPPABLE_ROWS,compact-proximity-endpoint,Afet toplanma alanları,https://acikveri.bizizmir.com/dataset/afet-ve-acil-durum-toplanma-alanlari,CC BY 4.0,İzmir Büyükşehir Belediyesi Açık Veri Portalı
assembly:kaggle:236:38.108709120374:28.291719836129,assembly,Emergency Assembly Area,1 NO LU AFET VE ACİL DURUM TOPLANMA ALANI,38.108709120374,28.291719836129,,,,,,,2026-09-20T07:31:27.118Z,COMPLETE_FOR_MAPPABLE_ROWS,compact-proximity-endpoint,Afet toplanma alanları,https://acikveri.bizizmir.com/dataset/afet-ve-acil-durum-toplanma-alanlari,CC BY 4.0,İzmir Büyükşehir Belediyesi Açık Veri Portalı
assembly:kaggle:237:38.396730430664:27.064539734204,assembly,Emergency Assembly Area,1 NO LU AFET VE ACİL DURUM TOPLANMA ALANI,38.396730430664,27.064539734204,,,,,,,2026-09-20T07:31:27.118Z,COMPLETE_FOR_MAPPABLE_ROWS,compact-proximity-endpoint,Afet toplanma alanları,https://acikveri.bizizmir.com/dataset/afet-ve-acil-durum-toplanma-alanlari,CC BY 4.0,İzmir Büyükşehir Belediyesi Açık Veri Portalı
assembly:kaggle:238:39.002118337219:26.944483591325,assembly,Emergency Assembly Area,1 NO LU AFET VE ACİL DURUM TOPLANMA ALANI,39.002118337219,26.944483591325,,,,,,,2026-09-20T07:31:27.118Z,COMPLETE_FOR_MAPPABLE_ROWS,compact-proximity-endpoint,Afet toplanma alanları,https://acikveri.bizizmir.com/dataset/afet-ve-acil-durum-toplanma-alanlari,CC BY 4.0,İzmir Büyükşehir Belediyesi Açık Veri Portalı
assembly:kaggle:239:39.098768276685:27.053058715177,assembly,Emergency Assembly Area,1 NO LU AFET VE ACİL DURUM TOPLANMA ALANI,39.098768276685,27.053058715177,,,,,,,2026-09-20T07:31:27.118Z,COMPLETE_FOR_MAPPABLE_ROWS,compact-proximity-endpoint,Afet toplanma alanları,https://acikveri.bizizmir.com/dataset/afet-ve-acil-durum-toplanma-alanlari,CC BY 4.0,İzmir Büyükşehir Belediyesi Açık Veri Portalı
assembly:kaggle:240:39.269016121119:27.450280943508,assembly,Emergency Assembly Area,1 NO LU AFET VE ACİL DURUM TOPLANMA ALANI,39.269016121119,27.450280943508,,,,,,,2026-09-20T07:31:27.118Z,COMPLETE_FOR_MAPPABLE_ROWS,compact-proximity-endpoint,Afet toplanma alanları,https://acikveri.bizizmir.com/dataset/afet-ve-acil-durum-toplanma-alanlari,CC BY 4.0,İzmir Büyükşehir Belediyesi Açık Veri Portalı
assembly:kaggle:241:39.304689560009:27.240683339016,assembly,Emergency Assembly Area,1 NO LU AFET VE ACİL DURUM TOPLANMA ALANI,39.304689560009,27.240683339016,,,,,,,2026-09-20T07:31:27.118Z,COMPLETE_FOR_MAPPABLE_ROWS,compact-proximity-endpoint,Afet toplanma alanları,https://acikveri.bizizmir.com/dataset/afet-ve-acil-durum-toplanma-alanlari,CC BY 4.0,İzmir Büyükşehir Belediyesi Açık Veri Portalı
assembly:kaggle:242:39.121445283124:27.185215841491,assembly,Emergency Assembly Area,1 NO LU AFET VE ACİL DURUM TOPLANMA ALANI,39.121445283124,27.185215841491,,,,,,,2026-09-20T07:31:27.118Z,COMPLETE_FOR_MAPPABLE_ROWS,compact-proximity-endpoint,Afet toplanma alanları,https://acikveri.bizizmir.com/dataset/afet-ve-acil-durum-toplanma-alanlari,CC BY 4.0,İzmir Büyükşehir Belediyesi Açık Veri Portalı
assembly:kaggle:243:39.196150787424:27.301193873487,assembly,Emergency Assembly Area,1 NO LU AFET VE ACİL DURUM TOPLANMA ALANI,39.196150787424,27.301193873487,,,,,,,2026-09-20T07:31:27.118Z,COMPLETE_FOR_MAPPABLE_ROWS,compact-proximity-endpoint,Afet toplanma alanları,https://acikveri.bizizmir.com/dataset/afet-ve-acil-durum-toplanma-alanlari,CC BY 4.0,İzmir Büyükşehir Belediyesi Açık Veri Portalı
assembly:kaggle:244:38.099125548228:27.852166944754,assembly,Emergency Assembly Area,1 NO LU AFET VE ACİL DURUM TOPLANMA ALANI,38.099125548228,27.852166944754,,,,,,,2026-09-20T07:31:27.118Z,COMPLETE_FOR_MAPPABLE_ROWS,compact-proximity-endpoint,Afet toplanma alanları,https://acikveri.bizizmir.com/dataset/afet-ve-acil-durum-toplanma-alanlari,CC BY 4.0,İzmir Büyükşehir Belediyesi Açık Veri Portalı
assembly:kaggle:245:38.405575676364:27.150659656377,assembly,Emergency Assembly Area,1 NO LU AFET VE ACİL DURUM TOPLANMA ALANI,38.405575676364,27.150659656377,,,,,,,2026-09-20T07:31:27.118Z,COMPLETE_FOR_MAPPABLE_ROWS,compact-proximity-endpoint,Afet toplanma alanları,https://acikveri.bizizmir.com/dataset/afet-ve-acil-durum-toplanma-alanlari,CC BY 4.0,İzmir Büyükşehir Belediyesi Açık Veri Portalı
assembly:kaggle:246:38.429852239243:27.141035897434,assembly,Emergency Assembly Area,1 NO LU AFET VE ACİL DURUM TOPLANMA ALANI,38.429852239243,27.141035897434,,,,,,,2026-09-20T07:31:27.118Z,COMPLETE_FOR_MAPPABLE_ROWS,compact-proximity-endpoint,Afet toplanma alanları,https://acikveri.bizizmir.com/dataset/afet-ve-acil-durum-toplanma-alanlari,CC BY 4.0,İzmir Büyükşehir Belediyesi Açık Veri Portalı
assembly:kaggle:247:38.416521833621:27.663656384278,assembly,Emergency Assembly Area,1 NO LU AFET VE ACİL DURUM TOPLANMA ALANI,38.416521833621,27.663656384278,,,,,,,2026-09-20T07:31:27.118Z,COMPLETE_FOR_MAPPABLE_ROWS,compact-proximity-endpoint,Afet toplanma alanları,https://acikveri.bizizmir.com/dataset/afet-ve-acil-durum-toplanma-alanlari,CC BY 4.0,İzmir Büyükşehir Belediyesi Açık Veri Portalı
assembly:kaggle:248:38.224574333772:28.355019514198,assembly,Emergency Assembly Area,1 NO LU AFET VE ACİL DURUM TOPLANMA ALANI,38.224574333772,28.355019514198,,,,,,,2026-09-20T07:31:27.118Z,COMPLETE_FOR_MAPPABLE_ROWS,compact-proximity-endpoint,Afet toplanma alanları,https://acikveri.bizizmir.com/dataset/afet-ve-acil-durum-toplanma-alanlari,CC BY 4.0,İzmir Büyükşehir Belediyesi Açık Veri Portalı
assembly:kaggle:249:38.356543840388:27.234161852531,assembly,Emergency Assembly Area,1 NO LU AFET VE ACİL DURUM TOPLANMA ALANI,38.356543840388,27.234161852531,,,,,,,2026-09-20T07:31:27.118Z,COMPLETE_FOR_MAPPABLE_ROWS,compact-proximity-endpoint,Afet toplanma alanları,https://acikveri.bizizmir.com/dataset/afet-ve-acil-durum-toplanma-alanlari,CC BY 4.0,İzmir Büyükşehir Belediyesi Açık Veri Portalı
assembly:kaggle:250:39.086265678672:27.307915645356,assembly,Emergency Assembly Area,1 NO LU AFET VE ACİL DURUM TOPLANMA ALANI,39.086265678672,27.307915645356,,,,,,,2026-09-20T07:31:27.118Z,COMPLETE_FOR_MAPPABLE_ROWS,compact-proximity-endpoint,Afet toplanma alanları,https://acikveri.bizizmir.com/dataset/afet-ve-acil-durum-toplanma-alanlari,CC BY 4.0,İzmir Büyükşehir Belediyesi Açık Veri Portalı
assembly:kaggle:251:38.158633154701:27.363722950221,assembly,Emergency Assembly Area,1 NO LU AFET VE ACİL DURUM TOPLANMA ALANI,38.158633154701,27.363722950221,,,,,,,2026-09-20T07:31:27.118Z,COMPLETE_FOR_MAPPABLE_ROWS,compact-proximity-endpoint,Afet toplanma alanları,https://acikveri.bizizmir.com/dataset/afet-ve-acil-durum-toplanma-alanlari,CC BY 4.0,İzmir Büyükşehir Belediyesi Açık Veri Portalı
assembly:kaggle:252:38.352942448486:26.780076874924,assembly,Emergency Assembly Area,1 NO LU AFET VE ACİL DURUM TOPLANMA ALANI,38.352942448486,26.780076874924,,,,,,,2026-09-20T07:31:27.118Z,COMPLETE_FOR_MAPPABLE_ROWS,compact-proximity-endpoint,Afet toplanma alanları,https://acikveri.bizizmir.com/dataset/afet-ve-acil-durum-toplanma-alanlari,CC BY 4.0,İzmir Büyükşehir Belediyesi Açık Veri Portalı
assembly:kaggle:253:38.422540160697:27.430713041358,assembly,Emergency Assembly Area,1 NO LU AFET VE ACİL DURUM TOPLANMA ALANI,38.422540160697,27.430713041358,,,,,,,2026-09-20T07:31:27.118Z,COMPLETE_FOR_MAPPABLE_ROWS,compact-proximity-endpoint,Afet toplanma alanları,https://acikveri.bizizmir.com/dataset/afet-ve-acil-durum-toplanma-alanlari,CC BY 4.0,İzmir Büyükşehir Belediyesi Açık Veri Portalı
assembly:kaggle:254:38.427473979292:27.416229176667,assembly,Emergency Assembly Area,1 NO LU AFET VE ACİL DURUM TOPLANMA ALANI,38.427473979292,27.416229176667,,,,,,,2026-09-20T07:31:27.118Z,COMPLETE_FOR_MAPPABLE_ROWS,compact-proximity-endpoint,Afet toplanma alanları,https://acikveri.bizizmir.com/dataset/afet-ve-acil-durum-toplanma-alanlari,CC BY 4.0,İzmir Büyükşehir Belediyesi Açık Veri Portalı
assembly:kaggle:255:39.078183112309:27.199656860464,assembly,Emergency Assembly Area,1 NO LU AFET VE ACİL DURUM TOPLANMA ALANI,39.078183112309,27.199656860464,,,,,,,2026-09-20T07:31:27.118Z,COMPLETE_FOR_MAPPABLE_ROWS,compact-proximity-endpoint,Afet toplanma alanları,https://acikveri.bizizmir.com/dataset/afet-ve-acil-durum-toplanma-alanlari,CC BY 4.0,İzmir Büyükşehir Belediyesi Açık Veri Portalı
assembly:kaggle:256:39.016857809597:27.096703553922,assembly,Emergency Assembly Area,1 NO LU AFET VE ACİL DURUM TOPLANMA ALANI,39.016857809597,27.096703553922,,,,,,,2026-09-20T07:31:27.118Z,COMPLETE_FOR_MAPPABLE_ROWS,compact-proximity-endpoint,Afet toplanma alanları,https://acikveri.bizizmir.com/dataset/afet-ve-acil-durum-toplanma-alanlari,CC BY 4.0,İzmir Büyükşehir Belediyesi Açık Veri Portalı
assembly:kaggle:257:38.379726614752:27.143010078025,assembly,Emergency Assembly Area,1 NO LU AFET VE ACİL DURUM TOPLANMA ALANI,38.379726614752,27.143010078025,,,,,,,2026-09-20T07:31:27.118Z,COMPLETE_FOR_MAPPABLE_ROWS,compact-proximity-endpoint,Afet toplanma alanları,https://acikveri.bizizmir.com/dataset/afet-ve-acil-durum-toplanma-alanlari,CC BY 4.0,İzmir Büyükşehir Belediyesi Açık Veri Portalı
assembly:kaggle:258:38.39550287859:27.153138022113,assembly,Emergency Assembly Area,1 NO LU AFET VE ACİL DURUM TOPLANMA ALANI,38.39550287859,27.153138022113,,,,,,,2026-09-20T07:31:27.118Z,COMPLETE_FOR_MAPPABLE_ROWS,compact-proximity-endpoint,Afet toplanma alanları,https://acikveri.bizizmir.com/dataset/afet-ve-acil-durum-toplanma-alanlari,CC BY 4.0,İzmir Büyükşehir Belediyesi Açık Veri Portalı
assembly:kaggle:259:39.085399674479:27.382893756904,assembly,Emergency Assembly Area,1 NO LU AFET VE ACİL DURUM TOPLANMA ALANI,39.085399674479,27.382893756904,,,,,,,2026-09-20T07:31:27.118Z,COMPLETE_FOR_MAPPABLE_ROWS,compact-proximity-endpoint,Afet toplanma alanları,https://acikveri.bizizmir.com/dataset/afet-ve-acil-durum-toplanma-alanlari,CC BY 4.0,İzmir Büyükşehir Belediyesi Açık Veri Portalı
assembly:kaggle:260:38.08719039275:27.783336458483,assembly,Emergency Assembly Area,1 NO LU AFET VE ACİL DURUM TOPLANMA ALANI,38.08719039275,27.783336458483,,,,,,,2026-09-20T07:31:27.118Z,COMPLETE_FOR_MAPPABLE_ROWS,compact-proximity-endpoint,Afet toplanma alanları,https://acikveri.bizizmir.com/dataset/afet-ve-acil-durum-toplanma-alanlari,CC BY 4.0,İzmir Büyükşehir Belediyesi Açık Veri Portalı
assembly:kaggle:261:39.297117939107:27.277075390507,assembly,Emergency Assembly Area,1 NO LU AFET VE ACİL DURUM TOPLANMA ALANI,39.297117939107,27.277075390507,,,,,,,2026-09-20T07:31:27.118Z,COMPLETE_FOR_MAPPABLE_ROWS,compact-proximity-endpoint,Afet toplanma alanları,https://acikveri.bizizmir.com/dataset/afet-ve-acil-durum-toplanma-alanlari,CC BY 4.0,İzmir Büyükşehir Belediyesi Açık Veri Portalı
assembly:kaggle:262:38.243509611141:27.319895737921,assembly,Emergency Assembly Area,1 NO LU AFET VE ACİL DURUM TOPLANMA ALANI,38.243509611141,27.319895737921,,,,,,,2026-09-20T07:31:27.118Z,COMPLETE_FOR_MAPPABLE_ROWS,compact-proximity-endpoint,Afet toplanma alanları,https://acikveri.bizizmir.com/dataset/afet-ve-acil-durum-toplanma-alanlari,CC BY 4.0,İzmir Büyükşehir Belediyesi Açık Veri Portalı
assembly:kaggle:263:38.327361463044:27.461783749,assembly,Emergency Assembly Area,1 NO LU AFET VE ACİL DURUM TOPLANMA ALANI,38.327361463044,27.461783749,,,,,,,2026-09-20T07:31:27.118Z,COMPLETE_FOR_MAPPABLE_ROWS,compact-proximity-endpoint,Afet toplanma alanları,https://acikveri.bizizmir.com/dataset/afet-ve-acil-durum-toplanma-alanlari,CC BY 4.0,İzmir Büyükşehir Belediyesi Açık Veri Portalı
assembly:kaggle:264:38.429793418645:27.152183102655,assembly,Emergency Assembly Area,1 NO LU AFET VE ACİL DURUM TOPLANMA ALANI,38.429793418645,27.152183102655,,,,,,,2026-09-20T07:31:27.118Z,COMPLETE_FOR_MAPPABLE_ROWS,compact-proximity-endpoint,Afet toplanma alanları,https://acikveri.bizizmir.com/dataset/afet-ve-acil-durum-toplanma-alanlari,CC BY 4.0,İzmir Büyükşehir Belediyesi Açık Veri Portalı
assembly:kaggle:265:38.295338600544:28.147825111433,assembly,Emergency Assembly Area,1 NO LU AFET VE ACİL DURUM TOPLANMA ALANI,38.295338600544,28.147825111433,,,,,,,2026-09-20T07:31:27.118Z,COMPLETE_FOR_MAPPABLE_ROWS,compact-proximity-endpoint,Afet toplanma alanları,https://acikveri.bizizmir.com/dataset/afet-ve-acil-durum-toplanma-alanlari,CC BY 4.0,İzmir Büyükşehir Belediyesi Açık Veri Portalı
assembly:kaggle:266:38.42297694017:27.134888316637,assembly,Emergency Assembly Area,1 NO LU AFET VE ACİL DURUM TOPLANMA ALANI,38.42297694017,27.134888316637,,,,,,,2026-09-20T07:31:27.118Z,COMPLETE_FOR_MAPPABLE_ROWS,compact-proximity-endpoint,Afet toplanma alanları,https://acikveri.bizizmir.com/dataset/afet-ve-acil-durum-toplanma-alanlari,CC BY 4.0,İzmir Büyükşehir Belediyesi Açık Veri Portalı
assembly:kaggle:267:38.398058974354:27.083250728588,assembly,Emergency Assembly Area,1 NO LU AFET VE ACİL DURUM TOPLANMA ALANI,38.398058974354,27.083250728588,,,,,,,2026-09-20T07:31:27.118Z,COMPLETE_FOR_MAPPABLE_ROWS,compact-proximity-endpoint,Afet toplanma alanları,https://acikveri.bizizmir.com/dataset/afet-ve-acil-durum-toplanma-alanlari,CC BY 4.0,İzmir Büyükşehir Belediyesi Açık Veri Portalı
assembly:kaggle:268:39.109342182835:27.485003582456,assembly,Emergency Assembly Area,1 NO LU AFET VE ACİL DURUM TOPLANMA ALANI,39.109342182835,27.485003582456,,,,,,,2026-09-20T07:31:27.118Z,COMPLETE_FOR_MAPPABLE_ROWS,compact-proximity-endpoint,Afet toplanma alanları,https://acikveri.bizizmir.com/dataset/afet-ve-acil-durum-toplanma-alanlari,CC BY 4.0,İzmir Büyükşehir Belediyesi Açık Veri Portalı
assembly:kaggle:269:38.471174203061:27.099354506727,assembly,Emergency Assembly Area,1 NO LU AFET VE ACİL DURUM TOPLANMA ALANI,38.471174203061,27.099354506727,,,,,,,2026-09-20T07:31:27.118Z,COMPLETE_FOR_MAPPABLE_ROWS,compact-proximity-endpoint,Afet toplanma alanları,https://acikveri.bizizmir.com/dataset/afet-ve-acil-durum-toplanma-alanlari,CC BY 4.0,İzmir Büyükşehir Belediyesi Açık Veri Portalı
assembly:kaggle:270:38.474769215962:27.091468845317,assembly,Emergency Assembly Area,1 NO LU AFET VE ACİL DURUM TOPLANMA ALANI,38.474769215962,27.091468845317,,,,,,,2026-09-20T07:31:27.118Z,COMPLETE_FOR_MAPPABLE_ROWS,compact-proximity-endpoint,Afet toplanma alanları,https://acikveri.bizizmir.com/dataset/afet-ve-acil-durum-toplanma-alanlari,CC BY 4.0,İzmir Büyükşehir Belediyesi Açık Veri Portalı
assembly:kaggle:271:39.032260492813:26.840371416499,assembly,Emergency Assembly Area,1 NO LU AFET VE ACİL DURUM TOPLANMA ALANI,39.032260492813,26.840371416499,,,,,,,2026-09-20T07:31:27.118Z,COMPLETE_FOR_MAPPABLE_ROWS,compact-proximity-endpoint,Afet toplanma alanları,https://acikveri.bizizmir.com/dataset/afet-ve-acil-durum-toplanma-alanlari,CC BY 4.0,İzmir Büyükşehir Belediyesi Açık Veri Portalı
assembly:kaggle:272:38.494236318366:27.077392649115,assembly,Emergency Assembly Area,1 NO LU AFET VE ACİL DURUM TOPLANMA ALANI,38.494236318366,27.077392649115,,,,,,,2026-09-20T07:31:27.118Z,COMPLETE_FOR_MAPPABLE_ROWS,compact-proximity-endpoint,Afet toplanma alanları,https://acikveri.bizizmir.com/dataset/afet-ve-acil-durum-toplanma-alanlari,CC BY 4.0,İzmir Büyükşehir Belediyesi Açık Veri Portalı
assembly:kaggle:273:38.158616268456:27.349700432203,assembly,Emergency Assembly Area,1 NO LU AFET VE ACİL DURUM TOPLANMA ALANI,38.158616268456,27.349700432203,,,,,,,2026-09-20T07:31:27.118Z,COMPLETE_FOR_MAPPABLE_ROWS,compact-proximity-endpoint,Afet toplanma alanları,https://acikveri.bizizmir.com/dataset/afet-ve-acil-durum-toplanma-alanlari,CC BY 4.0,İzmir Büyükşehir Belediyesi Açık Veri Portalı
assembly:kaggle:274:38.423321866833:27.433835115873,assembly,Emergency Assembly Area,1 NO LU AFET VE ACİL DURUM TOPLANMA ALANI,38.423321866833,27.433835115873,,,,,,,2026-09-20T07:31:27.118Z,COMPLETE_FOR_MAPPABLE_ROWS,compact-proximity-endpoint,Afet toplanma alanları,https://acikveri.bizizmir.com/dataset/afet-ve-acil-durum-toplanma-alanlari,CC BY 4.0,İzmir Büyükşehir Belediyesi Açık Veri Portalı
assembly:kaggle:275:38.969294337147:27.254330932347,assembly,Emergency Assembly Area,1 NO LU AFET VE ACİL DURUM TOPLANMA ALANI,38.969294337147,27.254330932347,,,,,,,2026-09-20T07:31:27.118Z,COMPLETE_FOR_MAPPABLE_ROWS,compact-proximity-endpoint,Afet toplanma alanları,https://acikveri.bizizmir.com/dataset/afet-ve-acil-durum-toplanma-alanlari,CC BY 4.0,İzmir Büyükşehir Belediyesi Açık Veri Portalı
assembly:kaggle:276:38.239506994504:27.281089739359,assembly,Emergency Assembly Area,1 NO LU AFET VE ACİL DURUM TOPLANMA ALANI,38.239506994504,27.281089739359,,,,,,,2026-09-20T07:31:27.118Z,COMPLETE_FOR_MAPPABLE_ROWS,compact-proximity-endpoint,Afet toplanma alanları,https://acikveri.bizizmir.com/dataset/afet-ve-acil-durum-toplanma-alanlari,CC BY 4.0,İzmir Büyükşehir Belediyesi Açık Veri Portalı
assembly:kaggle:277:39.221954882678:27.404190163203,assembly,Emergency Assembly Area,1 NO LU AFET VE ACİL DURUM TOPLANMA ALANI,39.221954882678,27.404190163203,,,,,,,2026-09-20T07:31:27.118Z,COMPLETE_FOR_MAPPABLE_ROWS,compact-proximity-endpoint,Afet toplanma alanları,https://acikveri.bizizmir.com/dataset/afet-ve-acil-durum-toplanma-alanlari,CC BY 4.0,İzmir Büyükşehir Belediyesi Açık Veri Portalı
assembly:kaggle:278:39.318900707422:27.140691038281,assembly,Emergency Assembly Area,1 NO LU AFET VE ACİL DURUM TOPLANMA ALANI,39.318900707422,27.140691038281,,,,,,,2026-09-20T07:31:27.118Z,COMPLETE_FOR_MAPPABLE_ROWS,compact-proximity-endpoint,Afet toplanma alanları,https://acikveri.bizizmir.com/dataset/afet-ve-acil-durum-toplanma-alanlari,CC BY 4.0,İzmir Büyükşehir Belediyesi Açık Veri Portalı
assembly:kaggle:279:39.220757807815:27.219569236426,assembly,Emergency Assembly Area,1 NO LU AFET VE ACİL DURUM TOPLANMA ALANI,39.220757807815,27.219569236426,,,,,,,2026-09-20T07:31:27.118Z,COMPLETE_FOR_MAPPABLE_ROWS,compact-proximity-endpoint,Afet toplanma alanları,https://acikveri.bizizmir.com/dataset/afet-ve-acil-durum-toplanma-alanlari,CC BY 4.0,İzmir Büyükşehir Belediyesi Açık Veri Portalı
assembly:kaggle:280:38.300659229083:27.340591465815,assembly,Emergency Assembly Area,1 NO LU AFET VE ACİL DURUM TOPLANMA ALANI,38.300659229083,27.340591465815,,,,,,,2026-09-20T07:31:27.118Z,COMPLETE_FOR_MAPPABLE_ROWS,compact-proximity-endpoint,Afet toplanma alanları,https://acikveri.bizizmir.com/dataset/afet-ve-acil-durum-toplanma-alanlari,CC BY 4.0,İzmir Büyükşehir Belediyesi Açık Veri Portalı
assembly:kaggle:281:38.370836244456:27.147312334765,assembly,Emergency Assembly Area,1 NO LU AFET VE ACİL DURUM TOPLANMA ALANI,38.370836244456,27.147312334765,,,,,,,2026-09-20T07:31:27.118Z,COMPLETE_FOR_MAPPABLE_ROWS,compact-proximity-endpoint,Afet toplanma alanları,https://acikveri.bizizmir.com/dataset/afet-ve-acil-durum-toplanma-alanlari,CC BY 4.0,İzmir Büyükşehir Belediyesi Açık Veri Portalı
assembly:kaggle:282:39.027059847389:26.821746256832,assembly,Emergency Assembly Area,1 NO LU AFET VE ACİL DURUM TOPLANMA ALANI,39.027059847389,26.821746256832,,,,,,,2026-09-20T07:31:27.118Z,COMPLETE_FOR_MAPPABLE_ROWS,compact-proximity-endpoint,Afet toplanma alanları,https://acikveri.bizizmir.com/dataset/afet-ve-acil-durum-toplanma-alanlari,CC BY 4.0,İzmir Büyükşehir Belediyesi Açık Veri Portalı
assembly:kaggle:283:39.252601409144:27.393976308468,assembly,Emergency Assembly Area,1 NO LU AFET VE ACİL DURUM TOPLANMA ALANI,39.252601409144,27.393976308468,,,,,,,2026-09-20T07:31:27.118Z,COMPLETE_FOR_MAPPABLE_ROWS,compact-proximity-endpoint,Afet toplanma alanları,https://acikveri.bizizmir.com/dataset/afet-ve-acil-durum-toplanma-alanlari,CC BY 4.0,İzmir Büyükşehir Belediyesi Açık Veri Portalı
assembly:kaggle:284:38.321874003629:27.790771150973,assembly,Emergency Assembly Area,1 NO LU AFET VE ACİL DURUM TOPLANMA ALANI,38.321874003629,27.790771150973,,,,,,,2026-09-20T07:31:27.118Z,COMPLETE_FOR_MAPPABLE_ROWS,compact-proximity-endpoint,Afet toplanma alanları,https://acikveri.bizizmir.com/dataset/afet-ve-acil-durum-toplanma-alanlari,CC BY 4.0,İzmir Büyükşehir Belediyesi Açık Veri Portalı
assembly:kaggle:285:38.19476459087:27.614990970815,assembly,Emergency Assembly Area,1 NO LU AFET VE ACİL DURUM TOPLANMA ALANI,38.19476459087,27.614990970815,,,,,,,2026-09-20T07:31:27.118Z,COMPLETE_FOR_MAPPABLE_ROWS,compact-proximity-endpoint,Afet toplanma alanları,https://acikveri.bizizmir.com/dataset/afet-ve-acil-durum-toplanma-alanlari,CC BY 4.0,İzmir Büyükşehir Belediyesi Açık Veri Portalı
assembly:kaggle:286:38.252685637204:27.751632656139,assembly,Emergency Assembly Area,1 NO LU AFET VE ACİL DURUM TOPLANMA ALANI,38.252685637204,27.751632656139,,,,,,,2026-09-20T07:31:27.118Z,COMPLETE_FOR_MAPPABLE_ROWS,compact-proximity-endpoint,Afet toplanma alanları,https://acikveri.bizizmir.com/dataset/afet-ve-acil-durum-toplanma-alanlari,CC BY 4.0,İzmir Büyükşehir Belediyesi Açık Veri Portalı
assembly:kaggle:287:38.097260565121:27.722128740202,assembly,Emergency Assembly Area,1 NO LU AFET VE ACİL DURUM TOPLANMA ALANI,38.097260565121,27.722128740202,,,,,,,2026-09-20T07:31:27.118Z,COMPLETE_FOR_MAPPABLE_ROWS,compact-proximity-endpoint,Afet toplanma alanları,https://acikveri.bizizmir.com/dataset/afet-ve-acil-durum-toplanma-alanlari,CC BY 4.0,İzmir Büyükşehir Belediyesi Açık Veri Portalı
assembly:kaggle:288:38.057578483942:27.698092304982,assembly,Emergency Assembly Area,1 NO LU AFET VE ACİL DURUM TOPLANMA ALANI,38.057578483942,27.698092304982,,,,,,,2026-09-20T07:31:27.118Z,COMPLETE_FOR_MAPPABLE_ROWS,compact-proximity-endpoint,Afet toplanma alanları,https://acikveri.bizizmir.com/dataset/afet-ve-acil-durum-toplanma-alanlari,CC BY 4.0,İzmir Büyükşehir Belediyesi Açık Veri Portalı
assembly:kaggle:289:38.429499512646:27.401959892335,assembly,Emergency Assembly Area,1 NO LU AFET VE ACİL DURUM TOPLANMA ALANI,38.429499512646,27.401959892335,,,,,,,2026-09-20T07:31:27.118Z,COMPLETE_FOR_MAPPABLE_ROWS,compact-proximity-endpoint,Afet toplanma alanları,https://acikveri.bizizmir.com/dataset/afet-ve-acil-durum-toplanma-alanlari,CC BY 4.0,İzmir Büyükşehir Belediyesi Açık Veri Portalı
assembly:kaggle:290:38.24540559496:27.422473621658,assembly,Emergency Assembly Area,1 NO LU AFET VE ACİL DURUM TOPLANMA ALANI,38.24540559496,27.422473621658,,,,,,,2026-09-20T07:31:27.118Z,COMPLETE_FOR_MAPPABLE_ROWS,compact-proximity-endpoint,Afet toplanma alanları,https://acikveri.bizizmir.com/dataset/afet-ve-acil-durum-toplanma-alanlari,CC BY 4.0,İzmir Büyükşehir Belediyesi Açık Veri Portalı
assembly:kaggle:291:38.16595555142:27.619067952706,assembly,Emergency Assembly Area,1 NO LU AFET VE ACİL DURUM TOPLANMA ALANI,38.16595555142,27.619067952706,,,,,,,2026-09-20T07:31:27.118Z,COMPLETE_FOR_MAPPABLE_ROWS,compact-proximity-endpoint,Afet toplanma alanları,https://acikveri.bizizmir.com/dataset/afet-ve-acil-durum-toplanma-alanlari,CC BY 4.0,İzmir Büyükşehir Belediyesi Açık Veri Portalı
assembly:kaggle:292:38.365430293156:26.837864756373,assembly,Emergency Assembly Area,1 NO LU AFET VE ACİL DURUM TOPLANMA ALANI,38.365430293156,26.837864756373,,,,,,,2026-09-20T07:31:27.118Z,COMPLETE_FOR_MAPPABLE_ROWS,compact-proximity-endpoint,Afet toplanma alanları,https://acikveri.bizizmir.com/dataset/afet-ve-acil-durum-toplanma-alanlari,CC BY 4.0,İzmir Büyükşehir Belediyesi Açık Veri Portalı
assembly:kaggle:293:38.383662630314:27.181032876509,assembly,Emergency Assembly Area,1 NO LU AFET VE ACİL DURUM TOPLANMA ALANI,38.383662630314,27.181032876509,,,,,,,2026-09-20T07:31:27.118Z,COMPLETE_FOR_MAPPABLE_ROWS,compact-proximity-endpoint,Afet toplanma alanları,https://acikveri.bizizmir.com/dataset/afet-ve-acil-durum-toplanma-alanlari,CC BY 4.0,İzmir Büyükşehir Belediyesi Açık Veri Portalı
assembly:kaggle:294:38.033470019471:27.817708875061,assembly,Emergency Assembly Area,1 NO LU AFET VE ACİL DURUM TOPLANMA ALANI,38.033470019471,27.817708875061,,,,,,,2026-09-20T07:31:27.118Z,COMPLETE_FOR_MAPPABLE_ROWS,compact-proximity-endpoint,Afet toplanma alanları,https://acikveri.bizizmir.com/dataset/afet-ve-acil-durum-toplanma-alanlari,CC BY 4.0,İzmir Büyükşehir Belediyesi Açık Veri Portalı
assembly:kaggle:295:38.001953272819:27.77819347593,assembly,Emergency Assembly Area,1 NO LU AFET VE ACİL DURUM TOPLANMA ALANI,38.001953272819,27.77819347593,,,,,,,2026-09-20T07:31:27.118Z,COMPLETE_FOR_MAPPABLE_ROWS,compact-proximity-endpoint,Afet toplanma alanları,https://acikveri.bizizmir.com/dataset/afet-ve-acil-durum-toplanma-alanlari,CC BY 4.0,İzmir Büyükşehir Belediyesi Açık Veri Portalı
assembly:kaggle:296:38.397100486837:27.145477668707,assembly,Emergency Assembly Area,1 NO LU AFET VE ACİL DURUM TOPLANMA ALANI,38.397100486837,27.145477668707,,,,,,,2026-09-20T07:31:27.118Z,COMPLETE_FOR_MAPPABLE_ROWS,compact-proximity-endpoint,Afet toplanma alanları,https://acikveri.bizizmir.com/dataset/afet-ve-acil-durum-toplanma-alanlari,CC BY 4.0,İzmir Büyükşehir Belediyesi Açık Veri Portalı
assembly:kaggle:297:38.3644181483:27.280939331047,assembly,Emergency Assembly Area,1 NO LU AFET VE ACİL DURUM TOPLANMA ALANI,38.3644181483,27.280939331047,,,,,,,2026-09-20T07:31:27.118Z,COMPLETE_FOR_MAPPABLE_ROWS,compact-proximity-endpoint,Afet toplanma alanları,https://acikveri.bizizmir.com/dataset/afet-ve-acil-durum-toplanma-alanlari,CC BY 4.0,İzmir Büyükşehir Belediyesi Açık Veri Portalı
assembly:kaggle:298:38.391769393474:27.181408370305,assembly,Emergency Assembly Area,1 NO LU AFET VE ACİL DURUM TOPLANMA ALANI,38.391769393474,27.181408370305,,,,,,,2026-09-20T07:31:27.118Z,COMPLETE_FOR_MAPPABLE_ROWS,compact-proximity-endpoint,Afet toplanma alanları,https://acikveri.bizizmir.com/dataset/afet-ve-acil-durum-toplanma-alanlari,CC BY 4.0,İzmir Büyükşehir Belediyesi Açık Veri Portalı
assembly:kaggle:299:39.027302150518:27.383368603616,assembly,Emergency Assembly Area,1 NO LU AFET VE ACİL DURUM TOPLANMA ALANI,39.027302150518,27.383368603616,,,,,,,2026-09-20T07:31:27.118Z,COMPLETE_FOR_MAPPABLE_ROWS,compact-proximity-endpoint,Afet toplanma alanları,https://acikveri.bizizmir.com/dataset/afet-ve-acil-durum-toplanma-alanlari,CC BY 4.0,İzmir Büyükşehir Belediyesi Açık Veri Portalı
assembly:kaggle:300:39.040863309799:27.346063256534,assembly,Emergency Assembly Area,1 NO LU AFET VE ACİL DURUM TOPLANMA ALANI,39.040863309799,27.346063256534,,,,,,,2026-09-20T07:31:27.118Z,COMPLETE_FOR_MAPPABLE_ROWS,compact-proximity-endpoint,Afet toplanma alanları,https://acikveri.bizizmir.com/dataset/afet-ve-acil-durum-toplanma-alanlari,CC BY 4.0,İzmir Büyükşehir Belediyesi Açık Veri Portalı
assembly:kaggle:301:38.38007988981:27.179208989493,assembly,Emergency Assembly Area,1 NO LU AFET VE ACİL DURUM TOPLANMA ALANI,38.38007988981,27.179208989493,,,,,,,2026-09-20T07:31:27.118Z,COMPLETE_FOR_MAPPABLE_ROWS,compact-proximity-endpoint,Afet toplanma alanları,https://acikveri.bizizmir.com/dataset/afet-ve-acil-durum-toplanma-alanlari,CC BY 4.0,İzmir Büyükşehir Belediyesi Açık Veri Portalı
assembly:kaggle:302:38.274759150413:26.484552713087,assembly,Emergency Assembly Area,1 NO LU AFET VE ACİL DURUM TOPLANMA ALANI,38.274759150413,26.484552713087,,,,,,,2026-09-20T07:31:27.118Z,COMPLETE_FOR_MAPPABLE_ROWS,compact-proximity-endpoint,Afet toplanma alanları,https://acikveri.bizizmir.com/dataset/afet-ve-acil-durum-toplanma-alanlari,CC BY 4.0,İzmir Büyükşehir Belediyesi Açık Veri Portalı
assembly:kaggle:303:38.166292638157:27.294071685256,assembly,Emergency Assembly Area,1 NO LU AFET VE ACİL DURUM TOPLANMA ALANI,38.166292638157,27.294071685256,,,,,,,2026-09-20T07:31:27.118Z,COMPLETE_FOR_MAPPABLE_ROWS,compact-proximity-endpoint,Afet toplanma alanları,https://acikveri.bizizmir.com/dataset/afet-ve-acil-durum-toplanma-alanlari,CC BY 4.0,İzmir Büyükşehir Belediyesi Açık Veri Portalı
assembly:kaggle:304:38.137122223968:27.377895705774,assembly,Emergency Assembly Area,1 NO LU AFET VE ACİL DURUM TOPLANMA ALANI,38.137122223968,27.377895705774,,,,,,,2026-09-20T07:31:27.118Z,COMPLETE_FOR_MAPPABLE_ROWS,compact-proximity-endpoint,Afet toplanma alanları,https://acikveri.bizizmir.com/dataset/afet-ve-acil-durum-toplanma-alanlari,CC BY 4.0,İzmir Büyükşehir Belediyesi Açık Veri Portalı
assembly:kaggle:305:38.245607661209:27.265833401123,assembly,Emergency Assembly Area,1 NO LU AFET VE ACİL DURUM TOPLANMA ALANI,38.245607661209,27.265833401123,,,,,,,2026-09-20T07:31:27.118Z,COMPLETE_FOR_MAPPABLE_ROWS,compact-proximity-endpoint,Afet toplanma alanları,https://acikveri.bizizmir.com/dataset/afet-ve-acil-durum-toplanma-alanlari,CC BY 4.0,İzmir Büyükşehir Belediyesi Açık Veri Portalı
assembly:kaggle:306:38.087431772931:27.432001032138,assembly,Emergency Assembly Area,1 NO LU AFET VE ACİL DURUM TOPLANMA ALANI,38.087431772931,27.432001032138,,,,,,,2026-09-20T07:31:27.118Z,COMPLETE_FOR_MAPPABLE_ROWS,compact-proximity-endpoint,Afet toplanma alanları,https://acikveri.bizizmir.com/dataset/afet-ve-acil-durum-toplanma-alanlari,CC BY 4.0,İzmir Büyükşehir Belediyesi Açık Veri Portalı
assembly:kaggle:307:38.368691274898:27.134287596502,assembly,Emergency Assembly Area,1 NO LU AFET VE ACİL DURUM TOPLANMA ALANI,38.368691274898,27.134287596502,,,,,,,2026-09-20T07:31:27.118Z,COMPLETE_FOR_MAPPABLE_ROWS,compact-proximity-endpoint,Afet toplanma alanları,https://acikveri.bizizmir.com/dataset/afet-ve-acil-durum-toplanma-alanlari,CC BY 4.0,İzmir Büyükşehir Belediyesi Açık Veri Portalı
assembly:kaggle:308:38.943998594501:27.295872827343,assembly,Emergency Assembly Area,1 NO LU AFET VE ACİL DURUM TOPLANMA ALANI,38.943998594501,27.295872827343,,,,,,,2026-09-20T07:31:27.118Z,COMPLETE_FOR_MAPPABLE_ROWS,compact-proximity-endpoint,Afet toplanma alanları,https://acikveri.bizizmir.com/dataset/afet-ve-acil-durum-toplanma-alanlari,CC BY 4.0,İzmir Büyükşehir Belediyesi Açık Veri Portalı
assembly:kaggle:309:38.286849682577:27.282656063901,assembly,Emergency Assembly Area,1 NO LU AFET VE ACİL DURUM TOPLANMA ALANI,38.286849682577,27.282656063901,,,,,,,2026-09-20T07:31:27.118Z,COMPLETE_FOR_MAPPABLE_ROWS,compact-proximity-endpoint,Afet toplanma alanları,https://acikveri.bizizmir.com/dataset/afet-ve-acil-durum-toplanma-alanlari,CC BY 4.0,İzmir Büyükşehir Belediyesi Açık Veri Portalı
assembly:kaggle:310:38.09405936163:27.60029001291,assembly,Emergency Assembly Area,1 NO LU AFET VE ACİL DURUM TOPLANMA ALANI,38.09405936163,27.60029001291,,,,,,,2026-09-20T07:31:27.118Z,COMPLETE_FOR_MAPPABLE_ROWS,compact-proximity-endpoint,Afet toplanma alanları,https://acikveri.bizizmir.com/dataset/afet-ve-acil-durum-toplanma-alanlari,CC BY 4.0,İzmir Büyükşehir Belediyesi Açık Veri Portalı
assembly:kaggle:311:38.47004023093:27.107583484982,assembly,Emergency Assembly Area,1 NO LU AFET VE ACİL DURUM TOPLANMA ALANI,38.47004023093,27.107583484982,,,,,,,2026-09-20T07:31:27.118Z,COMPLETE_FOR_MAPPABLE_ROWS,compact-proximity-endpoint,Afet toplanma alanları,https://acikveri.bizizmir.com/dataset/afet-ve-acil-durum-toplanma-alanlari,CC BY 4.0,İzmir Büyükşehir Belediyesi Açık Veri Portalı
assembly:kaggle:312:38.110329180928:27.470195459397,assembly,Emergency Assembly Area,1 NO LU AFET VE ACİL DURUM TOPLANMA ALANI,38.110329180928,27.470195459397,,,,,,,2026-09-20T07:31:27.118Z,COMPLETE_FOR_MAPPABLE_ROWS,compact-proximity-endpoint,Afet toplanma alanları,https://acikveri.bizizmir.com/dataset/afet-ve-acil-durum-toplanma-alanlari,CC BY 4.0,İzmir Büyükşehir Belediyesi Açık Veri Portalı
assembly:kaggle:313:38.416302789852:27.181118652009,assembly,Emergency Assembly Area,1 NO LU AFET VE ACİL DURUM TOPLANMA ALANI,38.416302789852,27.181118652009,,,,,,,2026-09-20T07:31:27.118Z,COMPLETE_FOR_MAPPABLE_ROWS,compact-proximity-endpoint,Afet toplanma alanları,https://acikveri.bizizmir.com/dataset/afet-ve-acil-durum-toplanma-alanlari,CC BY 4.0,İzmir Büyükşehir Belediyesi Açık Veri Portalı
assembly:kaggle:314:38.050974091409:27.631335151056,assembly,Emergency Assembly Area,1 NO LU AFET VE ACİL DURUM TOPLANMA ALANI,38.050974091409,27.631335151056,,,,,,,2026-09-20T07:31:27.118Z,COMPLETE_FOR_MAPPABLE_ROWS,compact-proximity-endpoint,Afet toplanma alanları,https://acikveri.bizizmir.com/dataset/afet-ve-acil-durum-toplanma-alanlari,CC BY 4.0,İzmir Büyükşehir Belediyesi Açık Veri Portalı
assembly:kaggle:315:39.181980679953:26.849726643392,assembly,Emergency Assembly Area,1 NO LU AFET VE ACİL DURUM TOPLANMA ALANI,39.181980679953,26.849726643392,,,,,,,2026-09-20T07:31:27.118Z,COMPLETE_FOR_MAPPABLE_ROWS,compact-proximity-endpoint,Afet toplanma alanları,https://acikveri.bizizmir.com/dataset/afet-ve-acil-durum-toplanma-alanlari,CC BY 4.0,İzmir Büyükşehir Belediyesi Açık Veri Portalı
assembly:kaggle:316:39.273135584241:27.246777343832,assembly,Emergency Assembly Area,1 NO LU AFET VE ACİL DURUM TOPLANMA ALANI,39.273135584241,27.246777343832,,,,,,,2026-09-20T07:31:27.118Z,COMPLETE_FOR_MAPPABLE_ROWS,compact-proximity-endpoint,Afet toplanma alanları,https://acikveri.bizizmir.com/dataset/afet-ve-acil-durum-toplanma-alanlari,CC BY 4.0,İzmir Büyükşehir Belediyesi Açık Veri Portalı
assembly:kaggle:317:38.483185171312:27.357338797022,assembly,Emergency Assembly Area,1 NO LU AFET VE ACİL DURUM TOPLANMA ALANI,38.483185171312,27.357338797022,,,,,,,2026-09-20T07:31:27.118Z,COMPLETE_FOR_MAPPABLE_ROWS,compact-proximity-endpoint,Afet toplanma alanları,https://acikveri.bizizmir.com/dataset/afet-ve-acil-durum-toplanma-alanlari,CC BY 4.0,İzmir Büyükşehir Belediyesi Açık Veri Portalı
assembly:kaggle:318:39.185241225035:27.425905285219,assembly,Emergency Assembly Area,1 NO LU AFET VE ACİL DURUM TOPLANMA ALANI,39.185241225035,27.425905285219,,,,,,,2026-09-20T07:31:27.118Z,COMPLETE_FOR_MAPPABLE_ROWS,compact-proximity-endpoint,Afet toplanma alanları,https://acikveri.bizizmir.com/dataset/afet-ve-acil-durum-toplanma-alanlari,CC BY 4.0,İzmir Büyükşehir Belediyesi Açık Veri Portalı
assembly:kaggle:319:38.23251336573:28.208367732764,assembly,Emergency Assembly Area,1 NO LU AFET VE ACİL DURUM TOPLANMA ALANI,38.23251336573,28.208367732764,,,,,,,2026-09-20T07:31:27.118Z,COMPLETE_FOR_MAPPABLE_ROWS,compact-proximity-endpoint,Afet toplanma alanları,https://acikveri.bizizmir.com/dataset/afet-ve-acil-durum-toplanma-alanlari,CC BY 4.0,İzmir Büyükşehir Belediyesi Açık Veri Portalı
assembly:kaggle:320:38.403978209246:27.114181798488,assembly,Emergency Assembly Area,1 NO LU AFET VE ACİL DURUM TOPLANMA ALANI,38.403978209246,27.114181798488,,,,,,,2026-09-20T07:31:27.118Z,COMPLETE_FOR_MAPPABLE_ROWS,compact-proximity-endpoint,Afet toplanma alanları,https://acikveri.bizizmir.com/dataset/afet-ve-acil-durum-toplanma-alanlari,CC BY 4.0,İzmir Büyükşehir Belediyesi Açık Veri Portalı
assembly:kaggle:321:38.282808354839:28.31656746444,assembly,Emergency Assembly Area,1 NO LU AFET VE ACİL DURUM TOPLANMA ALANI,38.282808354839,28.31656746444,,,,,,,2026-09-20T07:31:27.118Z,COMPLETE_FOR_MAPPABLE_ROWS,compact-proximity-endpoint,Afet toplanma alanları,https://acikveri.bizizmir.com/dataset/afet-ve-acil-durum-toplanma-alanlari,CC BY 4.0,İzmir Büyükşehir Belediyesi Açık Veri Portalı
assembly:kaggle:322:38.410838561136:27.176151234857,assembly,Emergency Assembly Area,1 NO LU AFET VE ACİL DURUM TOPLANMA ALANI,38.410838561136,27.176151234857,,,,,,,2026-09-20T07:31:27.118Z,COMPLETE_FOR_MAPPABLE_ROWS,compact-proximity-endpoint,Afet toplanma alanları,https://acikveri.bizizmir.com/dataset/afet-ve-acil-durum-toplanma-alanlari,CC BY 4.0,İzmir Büyükşehir Belediyesi Açık Veri Portalı
assembly:kaggle:323:38.384878854516:27.125039358697,assembly,Emergency Assembly Area,1 NO LU AFET VE ACİL DURUM TOPLANMA ALANI,38.384878854516,27.125039358697,,,,,,,2026-09-20T07:31:27.118Z,COMPLETE_FOR_MAPPABLE_ROWS,compact-proximity-endpoint,Afet toplanma alanları,https://acikveri.bizizmir.com/dataset/afet-ve-acil-durum-toplanma-alanlari,CC BY 4.0,İzmir Büyükşehir Belediyesi Açık Veri Portalı
assembly:kaggle:324:38.377506193921:27.112223840524,assembly,Emergency Assembly Area,1 NO LU AFET VE ACİL DURUM TOPLANMA ALANI,38.377506193921,27.112223840524,,,,,,,2026-09-20T07:31:27.118Z,COMPLETE_FOR_MAPPABLE_ROWS,compact-proximity-endpoint,Afet toplanma alanları,https://acikveri.bizizmir.com/dataset/afet-ve-acil-durum-toplanma-alanlari,CC BY 4.0,İzmir Büyükşehir Belediyesi Açık Veri Portalı
assembly:kaggle:325:38.570658977771:26.368477463376,assembly,Emergency Assembly Area,1 NO LU AFET VE ACİL DURUM TOPLANMA ALANI,38.570658977771,26.368477463376,,,,,,,2026-09-20T07:31:27.118Z,COMPLETE_FOR_MAPPABLE_ROWS,compact-proximity-endpoint,Afet toplanma alanları,https://acikveri.bizizmir.com/dataset/afet-ve-acil-durum-toplanma-alanlari,CC BY 4.0,İzmir Büyükşehir Belediyesi Açık Veri Portalı
assembly:kaggle:326:38.550088419863:26.565329208158,assembly,Emergency Assembly Area,1 NO LU AFET VE ACİL DURUM TOPLANMA ALANI,38.550088419863,26.565329208158,,,,,,,2026-09-20T07:31:27.118Z,COMPLETE_FOR_MAPPABLE_ROWS,compact-proximity-endpoint,Afet toplanma alanları,https://acikveri.bizizmir.com/dataset/afet-ve-acil-durum-toplanma-alanlari,CC BY 4.0,İzmir Büyükşehir Belediyesi Açık Veri Portalı
assembly:kaggle:327:38.08898263239:27.731992526917,assembly,Emergency Assembly Area,1 NO LU AFET VE ACİL DURUM TOPLANMA ALANI,38.08898263239,27.731992526917,,,,,,,2026-09-20T07:31:27.118Z,COMPLETE_FOR_MAPPABLE_ROWS,compact-proximity-endpoint,Afet toplanma alanları,https://acikveri.bizizmir.com/dataset/afet-ve-acil-durum-toplanma-alanlari,CC BY 4.0,İzmir Büyükşehir Belediyesi Açık Veri Portalı
assembly:kaggle:328:38.124021358848:27.503932092718,assembly,Emergency Assembly Area,1 NO LU AFET VE ACİL DURUM TOPLANMA ALANI,38.124021358848,27.503932092718,,,,,,,2026-09-20T07:31:27.118Z,COMPLETE_FOR_MAPPABLE_ROWS,compact-proximity-endpoint,Afet toplanma alanları,https://acikveri.bizizmir.com/dataset/afet-ve-acil-durum-toplanma-alanlari,CC BY 4.0,İzmir Büyükşehir Belediyesi Açık Veri Portalı
assembly:kaggle:329:38.406012830262:27.120994571941,assembly,Emergency Assembly Area,1 NO LU AFET VE ACİL DURUM TOPLANMA ALANI,38.406012830262,27.120994571941,,,,,,,2026-09-20T07:31:27.118Z,COMPLETE_FOR_MAPPABLE_ROWS,compact-proximity-endpoint,Afet toplanma alanları,https://acikveri.bizizmir.com/dataset/afet-ve-acil-durum-toplanma-alanlari,CC BY 4.0,İzmir Büyükşehir Belediyesi Açık Veri Portalı
assembly:kaggle:330:39.031727336505:27.04524827864,assembly,Emergency Assembly Area,1 NO LU AFET VE ACİL DURUM TOPLANMA ALANI,39.031727336505,27.04524827864,,,,,,,2026-09-20T07:31:27.118Z,COMPLETE_FOR_MAPPABLE_ROWS,compact-proximity-endpoint,Afet toplanma alanları,https://acikveri.bizizmir.com/dataset/afet-ve-acil-durum-toplanma-alanlari,CC BY 4.0,İzmir Büyükşehir Belediyesi Açık Veri Portalı
assembly:kaggle:331:38.317294466419:27.320592988331,assembly,Emergency Assembly Area,1 NO LU AFET VE ACİL DURUM TOPLANMA ALANI,38.317294466419,27.320592988331,,,,,,,2026-09-20T07:31:27.118Z,COMPLETE_FOR_MAPPABLE_ROWS,compact-proximity-endpoint,Afet toplanma alanları,https://acikveri.bizizmir.com/dataset/afet-ve-acil-durum-toplanma-alanlari,CC BY 4.0,İzmir Büyükşehir Belediyesi Açık Veri Portalı
assembly:kaggle:332:38.40214536329:27.149597512689,assembly,Emergency Assembly Area,1 NO LU AFET VE ACİL DURUM TOPLANMA ALANI,38.40214536329,27.149597512689,,,,,,,2026-09-20T07:31:27.118Z,COMPLETE_FOR_MAPPABLE_ROWS,compact-proximity-endpoint,Afet toplanma alanları,https://acikveri.bizizmir.com/dataset/afet-ve-acil-durum-toplanma-alanlari,CC BY 4.0,İzmir Büyükşehir Belediyesi Açık Veri Portalı
assembly:kaggle:333:38.159999777488:27.355204295125,assembly,Emergency Assembly Area,1 NO LU AFET VE ACİL DURUM TOPLANMA ALANI,38.159999777488,27.355204295125,,,,,,,2026-09-20T07:31:27.118Z,COMPLETE_FOR_MAPPABLE_ROWS,compact-proximity-endpoint,Afet toplanma alanları,https://acikveri.bizizmir.com/dataset/afet-ve-acil-durum-toplanma-alanlari,CC BY 4.0,İzmir Büyükşehir Belediyesi Açık Veri Portalı
assembly:kaggle:334:38.239809516558:26.504175719485,assembly,Emergency Assembly Area,1 NO LU AFET VE ACİL DURUM TOPLANMA ALANI,38.239809516558,26.504175719485,,,,,,,2026-09-20T07:31:27.118Z,COMPLETE_FOR_MAPPABLE_ROWS,compact-proximity-endpoint,Afet toplanma alanları,https://acikveri.bizizmir.com/dataset/afet-ve-acil-durum-toplanma-alanlari,CC BY 4.0,İzmir Büyükşehir Belediyesi Açık Veri Portalı
assembly:kaggle:335:38.234686795803:27.319820650816,assembly,Emergency Assembly Area,1 NO LU AFET VE ACİL DURUM TOPLANMA ALANI,38.234686795803,27.319820650816,,,,,,,2026-09-20T07:31:27.118Z,COMPLETE_FOR_MAPPABLE_ROWS,compact-proximity-endpoint,Afet toplanma alanları,https://acikveri.bizizmir.com/dataset/afet-ve-acil-durum-toplanma-alanlari,CC BY 4.0,İzmir Büyükşehir Belediyesi Açık Veri Portalı
assembly:kaggle:336:38.416151988299:27.691122069416,assembly,Emergency Assembly Area,1 NO LU AFET VE ACİL DURUM TOPLANMA ALANI,38.416151988299,27.691122069416,,,,,,,2026-09-20T07:31:27.118Z,COMPLETE_FOR_MAPPABLE_ROWS,compact-proximity-endpoint,Afet toplanma alanları,https://acikveri.bizizmir.com/dataset/afet-ve-acil-durum-toplanma-alanlari,CC BY 4.0,İzmir Büyükşehir Belediyesi Açık Veri Portalı
assembly:kaggle:337:38.399383370869:27.17982049772,assembly,Emergency Assembly Area,1 NO LU AFET VE ACİL DURUM TOPLANMA ALANI,38.399383370869,27.17982049772,,,,,,,2026-09-20T07:31:27.118Z,COMPLETE_FOR_MAPPABLE_ROWS,compact-proximity-endpoint,Afet toplanma alanları,https://acikveri.bizizmir.com/dataset/afet-ve-acil-durum-toplanma-alanlari,CC BY 4.0,İzmir Büyükşehir Belediyesi Açık Veri Portalı
assembly:kaggle:338:38.017363364938:27.526666548382,assembly,Emergency Assembly Area,1 NO LU AFET VE ACİL DURUM TOPLANMA ALANI,38.017363364938,27.526666548382,,,,,,,2026-09-20T07:31:27.118Z,COMPLETE_FOR_MAPPABLE_ROWS,compact-proximity-endpoint,Afet toplanma alanları,https://acikveri.bizizmir.com/dataset/afet-ve-acil-durum-toplanma-alanlari,CC BY 4.0,İzmir Büyükşehir Belediyesi Açık Veri Portalı
assembly:kaggle:339:38.506141930136:26.621247704086,assembly,Emergency Assembly Area,1 NO LU AFET VE ACİL DURUM TOPLANMA ALANI,38.506141930136,26.621247704086,,,,,,,2026-09-20T07:31:27.118Z,COMPLETE_FOR_MAPPABLE_ROWS,compact-proximity-endpoint,Afet toplanma alanları,https://acikveri.bizizmir.com/dataset/afet-ve-acil-durum-toplanma-alanlari,CC BY 4.0,İzmir Büyükşehir Belediyesi Açık Veri Portalı
assembly:kaggle:340:38.392761549378:27.082714298479,assembly,Emergency Assembly Area,1 NO LU AFET VE ACİL DURUM TOPLANMA ALANI,38.392761549378,27.082714298479,,,,,,,2026-09-20T07:31:27.118Z,COMPLETE_FOR_MAPPABLE_ROWS,compact-proximity-endpoint,Afet toplanma alanları,https://acikveri.bizizmir.com/dataset/afet-ve-acil-durum-toplanma-alanlari,CC BY 4.0,İzmir Büyükşehir Belediyesi Açık Veri Portalı
assembly:kaggle:341:39.062669026624:26.879998125477,assembly,Emergency Assembly Area,1 NO LU AFET VE ACİL DURUM TOPLANMA ALANI,39.062669026624,26.879998125477,,,,,,,2026-09-20T07:31:27.118Z,COMPLETE_FOR_MAPPABLE_ROWS,compact-proximity-endpoint,Afet toplanma alanları,https://acikveri.bizizmir.com/dataset/afet-ve-acil-durum-toplanma-alanlari,CC BY 4.0,İzmir Büyükşehir Belediyesi Açık Veri Portalı
assembly:kaggle:342:38.458161770086:27.116660055326,assembly,Emergency Assembly Area,1 NO LU AFET VE ACİL DURUM TOPLANMA ALANI,38.458161770086,27.116660055326,,,,,,,2026-09-20T07:31:27.118Z,COMPLETE_FOR_MAPPABLE_ROWS,compact-proximity-endpoint,Afet toplanma alanları,https://acikveri.bizizmir.com/dataset/afet-ve-acil-durum-toplanma-alanlari,CC BY 4.0,İzmir Büyükşehir Belediyesi Açık Veri Portalı
assembly:kaggle:343:37.981088618012:27.814181865569,assembly,Emergency Assembly Area,1 NO LU AFET VE ACİL DURUM TOPLANMA ALANI,37.981088618012,27.814181865569,,,,,,,2026-09-20T07:31:27.118Z,COMPLETE_FOR_MAPPABLE_ROWS,compact-proximity-endpoint,Afet toplanma alanları,https://acikveri.bizizmir.com/dataset/afet-ve-acil-durum-toplanma-alanlari,CC BY 4.0,İzmir Büyükşehir Belediyesi Açık Veri Portalı
assembly:kaggle:344:38.195372263287:28.247130885007,assembly,Emergency Assembly Area,1 NO LU AFET VE ACİL DURUM TOPLANMA ALANI,38.195372263287,28.247130885007,,,,,,,2026-09-20T07:31:27.118Z,COMPLETE_FOR_MAPPABLE_ROWS,compact-proximity-endpoint,Afet toplanma alanları,https://acikveri.bizizmir.com/dataset/afet-ve-acil-durum-toplanma-alanlari,CC BY 4.0,İzmir Büyükşehir Belediyesi Açık Veri Portalı
assembly:kaggle:345:38.152086456424:27.353552075464,assembly,Emergency Assembly Area,1 NO LU AFET VE ACİL DURUM TOPLANMA ALANI,38.152086456424,27.353552075464,,,,,,,2026-09-20T07:31:27.118Z,COMPLETE_FOR_MAPPABLE_ROWS,compact-proximity-endpoint,Afet toplanma alanları,https://acikveri.bizizmir.com/dataset/afet-ve-acil-durum-toplanma-alanlari,CC BY 4.0,İzmir Büyükşehir Belediyesi Açık Veri Portalı
assembly:kaggle:346:38.285300259495:27.379472597957,assembly,Emergency Assembly Area,1 NO LU AFET VE ACİL DURUM TOPLANMA ALANI,38.285300259495,27.379472597957,,,,,,,2026-09-20T07:31:27.118Z,COMPLETE_FOR_MAPPABLE_ROWS,compact-proximity-endpoint,Afet toplanma alanları,https://acikveri.bizizmir.com/dataset/afet-ve-acil-durum-toplanma-alanlari,CC BY 4.0,İzmir Büyükşehir Belediyesi Açık Veri Portalı
assembly:kaggle:347:38.085684070154:27.731151663593,assembly,Emergency Assembly Area,1 NO LU AFET VE ACİL DURUM TOPLANMA ALANI,38.085684070154,27.731151663593,,,,,,,2026-09-20T07:31:27.118Z,COMPLETE_FOR_MAPPABLE_ROWS,compact-proximity-endpoint,Afet toplanma alanları,https://acikveri.bizizmir.com/dataset/afet-ve-acil-durum-toplanma-alanlari,CC BY 4.0,İzmir Büyükşehir Belediyesi Açık Veri Portalı
assembly:kaggle:348:38.10933357553:28.019208715832,assembly,Emergency Assembly Area,1 NO LU AFET VE ACİL DURUM TOPLANMA ALANI,38.10933357553,28.019208715832,,,,,,,2026-09-20T07:31:27.118Z,COMPLETE_FOR_MAPPABLE_ROWS,compact-proximity-endpoint,Afet toplanma alanları,https://acikveri.bizizmir.com/dataset/afet-ve-acil-durum-toplanma-alanlari,CC BY 4.0,İzmir Büyükşehir Belediyesi Açık Veri Portalı
assembly:kaggle:349:38.125389911194:27.729837327672,assembly,Emergency Assembly Area,1 NO LU AFET VE ACİL DURUM TOPLANMA ALANI,38.125389911194,27.729837327672,,,,,,,2026-09-20T07:31:27.118Z,COMPLETE_FOR_MAPPABLE_ROWS,compact-proximity-endpoint,Afet toplanma alanları,https://acikveri.bizizmir.com/dataset/afet-ve-acil-durum-toplanma-alanlari,CC BY 4.0,İzmir Büyükşehir Belediyesi Açık Veri Portalı
assembly:kaggle:350:38.110952148278:27.887444505833,assembly,Emergency Assembly Area,1 NO LU AFET VE ACİL DURUM TOPLANMA ALANI,38.110952148278,27.887444505833,,,,,,,2026-09-20T07:31:27.118Z,COMPLETE_FOR_MAPPABLE_ROWS,compact-proximity-endpoint,Afet toplanma alanları,https://acikveri.bizizmir.com/dataset/afet-ve-acil-durum-toplanma-alanlari,CC BY 4.0,İzmir Büyükşehir Belediyesi Açık Veri Portalı
assembly:kaggle:351:38.086522200028:27.749488492324,assembly,Emergency Assembly Area,1 NO LU AFET VE ACİL DURUM TOPLANMA ALANI,38.086522200028,27.749488492324,,,,,,,2026-09-20T07:31:27.118Z,COMPLETE_FOR_MAPPABLE_ROWS,compact-proximity-endpoint,Afet toplanma alanları,https://acikveri.bizizmir.com/dataset/afet-ve-acil-durum-toplanma-alanlari,CC BY 4.0,İzmir Büyükşehir Belediyesi Açık Veri Portalı
assembly:kaggle:352:38.029586766533:27.680246359643,assembly,Emergency Assembly Area,1 NO LU AFET VE ACİL DURUM TOPLANMA ALANI,38.029586766533,27.680246359643,,,,,,,2026-09-20T07:31:27.118Z,COMPLETE_FOR_MAPPABLE_ROWS,compact-proximity-endpoint,Afet toplanma alanları,https://acikveri.bizizmir.com/dataset/afet-ve-acil-durum-toplanma-alanlari,CC BY 4.0,İzmir Büyükşehir Belediyesi Açık Veri Portalı
assembly:kaggle:353:38.047987630053:27.78962760686,assembly,Emergency Assembly Area,1 NO LU AFET VE ACİL DURUM TOPLANMA ALANI,38.047987630053,27.78962760686,,,,,,,2026-09-20T07:31:27.118Z,COMPLETE_FOR_MAPPABLE_ROWS,compact-proximity-endpoint,Afet toplanma alanları,https://acikveri.bizizmir.com/dataset/afet-ve-acil-durum-toplanma-alanlari,CC BY 4.0,İzmir Büyükşehir Belediyesi Açık Veri Portalı
assembly:kaggle:354:38.30146772513:27.559029474912,assembly,Emergency Assembly Area,1 NO LU AFET VE ACİL DURUM TOPLANMA ALANI,38.30146772513,27.559029474912,,,,,,,2026-09-20T07:31:27.118Z,COMPLETE_FOR_MAPPABLE_ROWS,compact-proximity-endpoint,Afet toplanma alanları,https://acikveri.bizizmir.com/dataset/afet-ve-acil-durum-toplanma-alanlari,CC BY 4.0,İzmir Büyükşehir Belediyesi Açık Veri Portalı
assembly:kaggle:355:38.403297192674:27.117368248049,assembly,Emergency Assembly Area,1 NO LU AFET VE ACİL DURUM TOPLANMA ALANI,38.403297192674,27.117368248049,,,,,,,2026-09-20T07:31:27.118Z,COMPLETE_FOR_MAPPABLE_ROWS,compact-proximity-endpoint,Afet toplanma alanları,https://acikveri.bizizmir.com/dataset/afet-ve-acil-durum-toplanma-alanlari,CC BY 4.0,İzmir Büyükşehir Belediyesi Açık Veri Portalı
assembly:kaggle:356:38.440626692411:27.695048766039,assembly,Emergency Assembly Area,1 NO LU AFET VE ACİL DURUM TOPLANMA ALANI,38.440626692411,27.695048766039,,,,,,,2026-09-20T07:31:27.118Z,COMPLETE_FOR_MAPPABLE_ROWS,compact-proximity-endpoint,Afet toplanma alanları,https://acikveri.bizizmir.com/dataset/afet-ve-acil-durum-toplanma-alanlari,CC BY 4.0,İzmir Büyükşehir Belediyesi Açık Veri Portalı
assembly:kaggle:357:38.907073141985:27.198798853655,assembly,Emergency Assembly Area,1 NO LU AFET VE ACİL DURUM TOPLANMA ALANI,38.907073141985,27.198798853655,,,,,,,2026-09-20T07:31:27.118Z,COMPLETE_FOR_MAPPABLE_ROWS,compact-proximity-endpoint,Afet toplanma alanları,https://acikveri.bizizmir.com/dataset/afet-ve-acil-durum-toplanma-alanlari,CC BY 4.0,İzmir Büyükşehir Belediyesi Açık Veri Portalı
assembly:kaggle:358:38.297446510737:26.805972229933,assembly,Emergency Assembly Area,1 NO LU AFET VE ACİL DURUM TOPLANMA ALANI,38.297446510737,26.805972229933,,,,,,,2026-09-20T07:31:27.118Z,COMPLETE_FOR_MAPPABLE_ROWS,compact-proximity-endpoint,Afet toplanma alanları,https://acikveri.bizizmir.com/dataset/afet-ve-acil-durum-toplanma-alanlari,CC BY 4.0,İzmir Büyükşehir Belediyesi Açık Veri Portalı
assembly:kaggle:359:38.182959582388:28.27099172063,assembly,Emergency Assembly Area,1 NO LU AFET VE ACİL DURUM TOPLANMA ALANI,38.182959582388,28.27099172063,,,,,,,2026-09-20T07:31:27.118Z,COMPLETE_FOR_MAPPABLE_ROWS,compact-proximity-endpoint,Afet toplanma alanları,https://acikveri.bizizmir.com/dataset/afet-ve-acil-durum-toplanma-alanlari,CC BY 4.0,İzmir Büyükşehir Belediyesi Açık Veri Portalı
assembly:kaggle:360:38.100730631225:27.72785790468,assembly,Emergency Assembly Area,1 NO LU AFET VE ACİL DURUM TOPLANMA ALANI,38.100730631225,27.72785790468,,,,,,,2026-09-20T07:31:27.118Z,COMPLETE_FOR_MAPPABLE_ROWS,compact-proximity-endpoint,Afet toplanma alanları,https://acikveri.bizizmir.com/dataset/afet-ve-acil-durum-toplanma-alanlari,CC BY 4.0,İzmir Büyükşehir Belediyesi Açık Veri Portalı
assembly:kaggle:361:37.997687907897:27.659252864104,assembly,Emergency Assembly Area,1 NO LU AFET VE ACİL DURUM TOPLANMA ALANI,37.997687907897,27.659252864104,,,,,,,2026-09-20T07:31:27.118Z,COMPLETE_FOR_MAPPABLE_ROWS,compact-proximity-endpoint,Afet toplanma alanları,https://acikveri.bizizmir.com/dataset/afet-ve-acil-durum-toplanma-alanlari,CC BY 4.0,İzmir Büyükşehir Belediyesi Açık Veri Portalı
assembly:kaggle:362:38.125374037104:27.677967688575,assembly,Emergency Assembly Area,1 NO LU AFET VE ACİL DURUM TOPLANMA ALANI,38.125374037104,27.677967688575,,,,,,,2026-09-20T07:31:27.118Z,COMPLETE_FOR_MAPPABLE_ROWS,compact-proximity-endpoint,Afet toplanma alanları,https://acikveri.bizizmir.com/dataset/afet-ve-acil-durum-toplanma-alanlari,CC BY 4.0,İzmir Büyükşehir Belediyesi Açık Veri Portalı
assembly:kaggle:363:38.583068908258:26.970823495586,assembly,Emergency Assembly Area,1 NO LU AFET VE ACİL DURUM TOPLANMA ALANI,38.583068908258,26.970823495586,,,,,,,2026-09-20T07:31:27.118Z,COMPLETE_FOR_MAPPABLE_ROWS,compact-proximity-endpoint,Afet toplanma alanları,https://acikveri.bizizmir.com/dataset/afet-ve-acil-durum-toplanma-alanlari,CC BY 4.0,İzmir Büyükşehir Belediyesi Açık Veri Portalı
assembly:kaggle:364:38.002409771086:27.75095980299,assembly,Emergency Assembly Area,1 NO LU AFET VE ACİL DURUM TOPLANMA ALANI,38.002409771086,27.75095980299,,,,,,,2026-09-20T07:31:27.118Z,COMPLETE_FOR_MAPPABLE_ROWS,compact-proximity-endpoint,Afet toplanma alanları,https://acikveri.bizizmir.com/dataset/afet-ve-acil-durum-toplanma-alanlari,CC BY 4.0,İzmir Büyükşehir Belediyesi Açık Veri Portalı
assembly:kaggle:365:38.300073439963:26.751071706182,assembly,Emergency Assembly Area,1 NO LU AFET VE ACİL DURUM TOPLANMA ALANI,38.300073439963,26.751071706182,,,,,,,2026-09-20T07:31:27.118Z,COMPLETE_FOR_MAPPABLE_ROWS,compact-proximity-endpoint,Afet toplanma alanları,https://acikveri.bizizmir.com/dataset/afet-ve-acil-durum-toplanma-alanlari,CC BY 4.0,İzmir Büyükşehir Belediyesi Açık Veri Portalı
assembly:kaggle:366:38.386790610532:26.748834600685,assembly,Emergency Assembly Area,1 NO LU AFET VE ACİL DURUM TOPLANMA ALANI,38.386790610532,26.748834600685,,,,,,,2026-09-20T07:31:27.118Z,COMPLETE_FOR_MAPPABLE_ROWS,compact-proximity-endpoint,Afet toplanma alanları,https://acikveri.bizizmir.com/dataset/afet-ve-acil-durum-toplanma-alanlari,CC BY 4.0,İzmir Büyükşehir Belediyesi Açık Veri Portalı
assembly:kaggle:367:38.309617085215:27.277248720188,assembly,Emergency Assembly Area,1 NO LU AFET VE ACİL DURUM TOPLANMA ALANI,38.309617085215,27.277248720188,,,,,,,2026-09-20T07:31:27.118Z,COMPLETE_FOR_MAPPABLE_ROWS,compact-proximity-endpoint,Afet toplanma alanları,https://acikveri.bizizmir.com/dataset/afet-ve-acil-durum-toplanma-alanlari,CC BY 4.0,İzmir Büyükşehir Belediyesi Açık Veri Portalı
assembly:kaggle:368:38.403541063419:27.163351809544,assembly,Emergency Assembly Area,1 NO LU AFET VE ACİL DURUM TOPLANMA ALANI,38.403541063419,27.163351809544,,,,,,,2026-09-20T07:31:27.118Z,COMPLETE_FOR_MAPPABLE_ROWS,compact-proximity-endpoint,Afet toplanma alanları,https://acikveri.bizizmir.com/dataset/afet-ve-acil-durum-toplanma-alanlari,CC BY 4.0,İzmir Büyükşehir Belediyesi Açık Veri Portalı
assembly:kaggle:369:38.614046541097:26.523658497268,assembly,Emergency Assembly Area,1 NO LU AFET VE ACİL DURUM TOPLANMA ALANI,38.614046541097,26.523658497268,,,,,,,2026-09-20T07:31:27.118Z,COMPLETE_FOR_MAPPABLE_ROWS,compact-proximity-endpoint,Afet toplanma alanları,https://acikveri.bizizmir.com/dataset/afet-ve-acil-durum-toplanma-alanlari,CC BY 4.0,İzmir Büyükşehir Belediyesi Açık Veri Portalı
assembly:kaggle:370:38.397781514118:27.096801181344,assembly,Emergency Assembly Area,1 NO LU AFET VE ACİL DURUM TOPLANMA ALANI,38.397781514118,27.096801181344,,,,,,,2026-09-20T07:31:27.118Z,COMPLETE_FOR_MAPPABLE_ROWS,compact-proximity-endpoint,Afet toplanma alanları,https://acikveri.bizizmir.com/dataset/afet-ve-acil-durum-toplanma-alanlari,CC BY 4.0,İzmir Büyükşehir Belediyesi Açık Veri Portalı
assembly:kaggle:371:39.062123388211:26.886891370293,assembly,Emergency Assembly Area,1 NO LU AFET VE ACİL DURUM TOPLANMA ALANI,39.062123388211,26.886891370293,,,,,,,2026-09-20T07:31:27.118Z,COMPLETE_FOR_MAPPABLE_ROWS,compact-proximity-endpoint,Afet toplanma alanları,https://acikveri.bizizmir.com/dataset/afet-ve-acil-durum-toplanma-alanlari,CC BY 4.0,İzmir Büyükşehir Belediyesi Açık Veri Portalı
assembly:kaggle:372:38.669307998106:26.756800214558,assembly,Emergency Assembly Area,1 NO LU AFET VE ACİL DURUM TOPLANMA ALANI,38.669307998106,26.756800214558,,,,,,,2026-09-20T07:31:27.118Z,COMPLETE_FOR_MAPPABLE_ROWS,compact-proximity-endpoint,Afet toplanma alanları,https://acikveri.bizizmir.com/dataset/afet-ve-acil-durum-toplanma-alanlari,CC BY 4.0,İzmir Büyükşehir Belediyesi Açık Veri Portalı
assembly:kaggle:373:38.970195014396:27.071169129612,assembly,Emergency Assembly Area,1 NO LU AFET VE ACİL DURUM TOPLANMA ALANI,38.970195014396,27.071169129612,,,,,,,2026-09-20T07:31:27.118Z,COMPLETE_FOR_MAPPABLE_ROWS,compact-proximity-endpoint,Afet toplanma alanları,https://acikveri.bizizmir.com/dataset/afet-ve-acil-durum-toplanma-alanlari,CC BY 4.0,İzmir Büyükşehir Belediyesi Açık Veri Portalı
assembly:kaggle:374:39.121545134469:27.156312496022,assembly,Emergency Assembly Area,1 NO LU AFET VE ACİL DURUM TOPLANMA ALANI,39.121545134469,27.156312496022,,,,,,,2026-09-20T07:31:27.118Z,COMPLETE_FOR_MAPPABLE_ROWS,compact-proximity-endpoint,Afet toplanma alanları,https://acikveri.bizizmir.com/dataset/afet-ve-acil-durum-toplanma-alanlari,CC BY 4.0,İzmir Büyükşehir Belediyesi Açık Veri Portalı
assembly:kaggle:375:39.184243017676:27.152364193484,assembly,Emergency Assembly Area,1 NO LU AFET VE ACİL DURUM TOPLANMA ALANI,39.184243017676,27.152364193484,,,,,,,2026-09-20T07:31:27.118Z,COMPLETE_FOR_MAPPABLE_ROWS,compact-proximity-endpoint,Afet toplanma alanları,https://acikveri.bizizmir.com/dataset/afet-ve-acil-durum-toplanma-alanlari,CC BY 4.0,İzmir Büyükşehir Belediyesi Açık Veri Portalı
assembly:kaggle:376:38.410519046983:27.123987894638,assembly,Emergency Assembly Area,1 NO LU AFET VE ACİL DURUM TOPLANMA ALANI,38.410519046983,27.123987894638,,,,,,,2026-09-20T07:31:27.118Z,COMPLETE_FOR_MAPPABLE_ROWS,compact-proximity-endpoint,Afet toplanma alanları,https://acikveri.bizizmir.com/dataset/afet-ve-acil-durum-toplanma-alanlari,CC BY 4.0,İzmir Büyükşehir Belediyesi Açık Veri Portalı
assembly:kaggle:377:38.178907940684:27.822892001316,assembly,Emergency Assembly Area,1 NO LU AFET VE ACİL DURUM TOPLANMA ALANI,38.178907940684,27.822892001316,,,,,,,2026-09-20T07:31:27.118Z,COMPLETE_FOR_MAPPABLE_ROWS,compact-proximity-endpoint,Afet toplanma alanları,https://acikveri.bizizmir.com/dataset/afet-ve-acil-durum-toplanma-alanlari,CC BY 4.0,İzmir Büyükşehir Belediyesi Açık Veri Portalı
assembly:kaggle:378:38.380710624955:27.139308646416,assembly,Emergency Assembly Area,1 NO LU AFET VE ACİL DURUM TOPLANMA ALANI,38.380710624955,27.139308646416,,,,,,,2026-09-20T07:31:27.118Z,COMPLETE_FOR_MAPPABLE_ROWS,compact-proximity-endpoint,Afet toplanma alanları,https://acikveri.bizizmir.com/dataset/afet-ve-acil-durum-toplanma-alanlari,CC BY 4.0,İzmir Büyükşehir Belediyesi Açık Veri Portalı
assembly:kaggle:379:38.098567313964:27.915520407515,assembly,Emergency Assembly Area,1 NO LU AFET VE ACİL DURUM TOPLANMA ALANI,38.098567313964,27.915520407515,,,,,,,2026-09-20T07:31:27.118Z,COMPLETE_FOR_MAPPABLE_ROWS,compact-proximity-endpoint,Afet toplanma alanları,https://acikveri.bizizmir.com/dataset/afet-ve-acil-durum-toplanma-alanlari,CC BY 4.0,İzmir Büyükşehir Belediyesi Açık Veri Portalı
assembly:kaggle:380:38.095031555123:27.744390966804,assembly,Emergency Assembly Area,1 NO LU AFET VE ACİL DURUM TOPLANMA ALANI,38.095031555123,27.744390966804,,,,,,,2026-09-20T07:31:27.118Z,COMPLETE_FOR_MAPPABLE_ROWS,compact-proximity-endpoint,Afet toplanma alanları,https://acikveri.bizizmir.com/dataset/afet-ve-acil-durum-toplanma-alanlari,CC BY 4.0,İzmir Büyükşehir Belediyesi Açık Veri Portalı
assembly:kaggle:381:38.057982751308:27.523780442746,assembly,Emergency Assembly Area,1 NO LU AFET VE ACİL DURUM TOPLANMA ALANI,38.057982751308,27.523780442746,,,,,,,2026-09-20T07:31:27.118Z,COMPLETE_FOR_MAPPABLE_ROWS,compact-proximity-endpoint,Afet toplanma alanları,https://acikveri.bizizmir.com/dataset/afet-ve-acil-durum-toplanma-alanlari,CC BY 4.0,İzmir Büyükşehir Belediyesi Açık Veri Portalı
assembly:kaggle:382:38.936738186261:26.932832248868,assembly,Emergency Assembly Area,1 NO LU AFET VE ACİL DURUM TOPLANMA ALANI,38.936738186261,26.932832248868,,,,,,,2026-09-20T07:31:27.118Z,COMPLETE_FOR_MAPPABLE_ROWS,compact-proximity-endpoint,Afet toplanma alanları,https://acikveri.bizizmir.com/dataset/afet-ve-acil-durum-toplanma-alanlari,CC BY 4.0,İzmir Büyükşehir Belediyesi Açık Veri Portalı
assembly:kaggle:383:39.133130325308:27.012975915666,assembly,Emergency Assembly Area,1 NO LU AFET VE ACİL DURUM TOPLANMA ALANI,39.133130325308,27.012975915666,,,,,,,2026-09-20T07:31:27.118Z,COMPLETE_FOR_MAPPABLE_ROWS,compact-proximity-endpoint,Afet toplanma alanları,https://acikveri.bizizmir.com/dataset/afet-ve-acil-durum-toplanma-alanlari,CC BY 4.0,İzmir Büyükşehir Belediyesi Açık Veri Portalı
assembly:kaggle:384:38.069575446175:27.723966086053,assembly,Emergency Assembly Area,1 NO LU AFET VE ACİL DURUM TOPLANMA ALANI,38.069575446175,27.723966086053,,,,,,,2026-09-20T07:31:27.118Z,COMPLETE_FOR_MAPPABLE_ROWS,compact-proximity-endpoint,Afet toplanma alanları,https://acikveri.bizizmir.com/dataset/afet-ve-acil-durum-toplanma-alanlari,CC BY 4.0,İzmir Büyükşehir Belediyesi Açık Veri Portalı
assembly:kaggle:385:39.118748236204:27.015980000947,assembly,Emergency Assembly Area,1 NO LU AFET VE ACİL DURUM TOPLANMA ALANI,39.118748236204,27.015980000947,,,,,,,2026-09-20T07:31:27.118Z,COMPLETE_FOR_MAPPABLE_ROWS,compact-proximity-endpoint,Afet toplanma alanları,https://acikveri.bizizmir.com/dataset/afet-ve-acil-durum-toplanma-alanlari,CC BY 4.0,İzmir Büyükşehir Belediyesi Açık Veri Portalı
assembly:kaggle:386:39.269414797465:27.438178873359,assembly,Emergency Assembly Area,1 NO LU AFET VE ACİL DURUM TOPLANMA ALANI,39.269414797465,27.438178873359,,,,,,,2026-09-20T07:31:27.118Z,COMPLETE_FOR_MAPPABLE_ROWS,compact-proximity-endpoint,Afet toplanma alanları,https://acikveri.bizizmir.com/dataset/afet-ve-acil-durum-toplanma-alanlari,CC BY 4.0,İzmir Büyükşehir Belediyesi Açık Veri Portalı
assembly:kaggle:387:39.189631820199:27.334667692955,assembly,Emergency Assembly Area,1 NO LU AFET VE ACİL DURUM TOPLANMA ALANI,39.189631820199,27.334667692955,,,,,,,2026-09-20T07:31:27.118Z,COMPLETE_FOR_MAPPABLE_ROWS,compact-proximity-endpoint,Afet toplanma alanları,https://acikveri.bizizmir.com/dataset/afet-ve-acil-durum-toplanma-alanlari,CC BY 4.0,İzmir Büyükşehir Belediyesi Açık Veri Portalı
assembly:kaggle:388:39.022726063704:27.156484328905,assembly,Emergency Assembly Area,1 NO LU AFET VE ACİL DURUM TOPLANMA ALANI,39.022726063704,27.156484328905,,,,,,,2026-09-20T07:31:27.118Z,COMPLETE_FOR_MAPPABLE_ROWS,compact-proximity-endpoint,Afet toplanma alanları,https://acikveri.bizizmir.com/dataset/afet-ve-acil-durum-toplanma-alanlari,CC BY 4.0,İzmir Büyükşehir Belediyesi Açık Veri Portalı
assembly:kaggle:389:38.363287285486:26.842812069881,assembly,Emergency Assembly Area,1 NO LU AFET VE ACİL DURUM TOPLANMA ALANI,38.363287285486,26.842812069881,,,,,,,2026-09-20T07:31:27.118Z,COMPLETE_FOR_MAPPABLE_ROWS,compact-proximity-endpoint,Afet toplanma alanları,https://acikveri.bizizmir.com/dataset/afet-ve-acil-durum-toplanma-alanlari,CC BY 4.0,İzmir Büyükşehir Belediyesi Açık Veri Portalı
assembly:kaggle:390:39.252468163364:27.091252915495,assembly,Emergency Assembly Area,1 NO LU AFET VE ACİL DURUM TOPLANMA ALANI,39.252468163364,27.091252915495,,,,,,,2026-09-20T07:31:27.118Z,COMPLETE_FOR_MAPPABLE_ROWS,compact-proximity-endpoint,Afet toplanma alanları,https://acikveri.bizizmir.com/dataset/afet-ve-acil-durum-toplanma-alanlari,CC BY 4.0,İzmir Büyükşehir Belediyesi Açık Veri Portalı
assembly:kaggle:391:38.989177209216:26.927489220625,assembly,Emergency Assembly Area,1 NO LU AFET VE ACİL DURUM TOPLANMA ALANI,38.989177209216,26.927489220625,,,,,,,2026-09-20T07:31:27.118Z,COMPLETE_FOR_MAPPABLE_ROWS,compact-proximity-endpoint,Afet toplanma alanları,https://acikveri.bizizmir.com/dataset/afet-ve-acil-durum-toplanma-alanlari,CC BY 4.0,İzmir Büyükşehir Belediyesi Açık Veri Portalı
assembly:kaggle:392:39.168540553609:27.19227529963,assembly,Emergency Assembly Area,1 NO LU AFET VE ACİL DURUM TOPLANMA ALANI,39.168540553609,27.19227529963,,,,,,,2026-09-20T07:31:27.118Z,COMPLETE_FOR_MAPPABLE_ROWS,compact-proximity-endpoint,Afet toplanma alanları,https://acikveri.bizizmir.com/dataset/afet-ve-acil-durum-toplanma-alanlari,CC BY 4.0,İzmir Büyükşehir Belediyesi Açık Veri Portalı
assembly:kaggle:393:39.168806383872:26.874617447379,assembly,Emergency Assembly Area,1 NO LU AFET VE ACİL DURUM TOPLANMA ALANI,39.168806383872,26.874617447379,,,,,,,2026-09-20T07:31:27.118Z,COMPLETE_FOR_MAPPABLE_ROWS,compact-proximity-endpoint,Afet toplanma alanları,https://acikveri.bizizmir.com/dataset/afet-ve-acil-durum-toplanma-alanlari,CC BY 4.0,İzmir Büyükşehir Belediyesi Açık Veri Portalı
assembly:kaggle:394:39.098909942015:27.165893340028,assembly,Emergency Assembly Area,1 NO LU AFET VE ACİL DURUM TOPLANMA ALANI,39.098909942015,27.165893340028,,,,,,,2026-09-20T07:31:27.118Z,COMPLETE_FOR_MAPPABLE_ROWS,compact-proximity-endpoint,Afet toplanma alanları,https://acikveri.bizizmir.com/dataset/afet-ve-acil-durum-toplanma-alanlari,CC BY 4.0,İzmir Büyükşehir Belediyesi Açık Veri Portalı
assembly:kaggle:395:39.085980575483:27.424192870689,assembly,Emergency Assembly Area,1 NO LU AFET VE ACİL DURUM TOPLANMA ALANI,39.085980575483,27.424192870689,,,,,,,2026-09-20T07:31:27.118Z,COMPLETE_FOR_MAPPABLE_ROWS,compact-proximity-endpoint,Afet toplanma alanları,https://acikveri.bizizmir.com/dataset/afet-ve-acil-durum-toplanma-alanlari,CC BY 4.0,İzmir Büyükşehir Belediyesi Açık Veri Portalı
assembly:kaggle:396:38.407787180072:27.529214019592,assembly,Emergency Assembly Area,1 NO LU AFET VE ACİL DURUM TOPLANMA ALANI,38.407787180072,27.529214019592,,,,,,,2026-09-20T07:31:27.118Z,COMPLETE_FOR_MAPPABLE_ROWS,compact-proximity-endpoint,Afet toplanma alanları,https://acikveri.bizizmir.com/dataset/afet-ve-acil-durum-toplanma-alanlari,CC BY 4.0,İzmir Büyükşehir Belediyesi Açık Veri Portalı
assembly:kaggle:397:38.08873246541:27.722150210681,assembly,Emergency Assembly Area,1 NO LU AFET VE ACİL DURUM TOPLANMA ALANI,38.08873246541,27.722150210681,,,,,,,2026-09-20T07:31:27.118Z,COMPLETE_FOR_MAPPABLE_ROWS,compact-proximity-endpoint,Afet toplanma alanları,https://acikveri.bizizmir.com/dataset/afet-ve-acil-durum-toplanma-alanlari,CC BY 4.0,İzmir Büyükşehir Belediyesi Açık Veri Portalı
assembly:kaggle:398:38.283669826135:26.561504885686,assembly,Emergency Assembly Area,1 NO LU AFET VE ACİL DURUM TOPLANMA ALANI,38.283669826135,26.561504885686,,,,,,,2026-09-20T07:31:27.118Z,COMPLETE_FOR_MAPPABLE_ROWS,compact-proximity-endpoint,Afet toplanma alanları,https://acikveri.bizizmir.com/dataset/afet-ve-acil-durum-toplanma-alanlari,CC BY 4.0,İzmir Büyükşehir Belediyesi Açık Veri Portalı
assembly:kaggle:399:38.2834087463:26.552589268309,assembly,Emergency Assembly Area,1 NO LU AFET VE ACİL DURUM TOPLANMA ALANI,38.2834087463,26.552589268309,,,,,,,2026-09-20T07:31:27.118Z,COMPLETE_FOR_MAPPABLE_ROWS,compact-proximity-endpoint,Afet toplanma alanları,https://acikveri.bizizmir.com/dataset/afet-ve-acil-durum-toplanma-alanlari,CC BY 4.0,İzmir Büyükşehir Belediyesi Açık Veri Portalı
assembly:kaggle:400:38.40155712087:27.451312338045,assembly,Emergency Assembly Area,1 NO LU AFET VE ACİL DURUM TOPLANMA ALANI,38.40155712087,27.451312338045,,,,,,,2026-09-20T07:31:27.118Z,COMPLETE_FOR_MAPPABLE_ROWS,compact-proximity-endpoint,Afet toplanma alanları,https://acikveri.bizizmir.com/dataset/afet-ve-acil-durum-toplanma-alanlari,CC BY 4.0,İzmir Büyükşehir Belediyesi Açık Veri Portalı
assembly:kaggle:401:38.384144031398:27.115431735241,assembly,Emergency Assembly Area,1 NO LU AFET VE ACİL DURUM TOPLANMA ALANI,38.384144031398,27.115431735241,,,,,,,2026-09-20T07:31:27.118Z,COMPLETE_FOR_MAPPABLE_ROWS,compact-proximity-endpoint,Afet toplanma alanları,https://acikveri.bizizmir.com/dataset/afet-ve-acil-durum-toplanma-alanlari,CC BY 4.0,İzmir Büyükşehir Belediyesi Açık Veri Portalı
assembly:kaggle:402:39.125889887495:27.18043079588,assembly,Emergency Assembly Area,1 NO LU AFET VE ACİL DURUM TOPLANMA ALANI,39.125889887495,27.18043079588,,,,,,,2026-09-20T07:31:27.118Z,COMPLETE_FOR_MAPPABLE_ROWS,compact-proximity-endpoint,Afet toplanma alanları,https://acikveri.bizizmir.com/dataset/afet-ve-acil-durum-toplanma-alanlari,CC BY 4.0,İzmir Büyükşehir Belediyesi Açık Veri Portalı
assembly:kaggle:403:39.321756097747:27.336512817095,assembly,Emergency Assembly Area,1 NO LU AFET VE ACİL DURUM TOPLANMA ALANI,39.321756097747,27.336512817095,,,,,,,2026-09-20T07:31:27.118Z,COMPLETE_FOR_MAPPABLE_ROWS,compact-proximity-endpoint,Afet toplanma alanları,https://acikveri.bizizmir.com/dataset/afet-ve-acil-durum-toplanma-alanlari,CC BY 4.0,İzmir Büyükşehir Belediyesi Açık Veri Portalı
assembly:kaggle:404:38.232024575561:28.217197523476,assembly,Emergency Assembly Area,1 NO LU AFET VE ACİL DURUM TOPLANMA ALANI,38.232024575561,28.217197523476,,,,,,,2026-09-20T07:31:27.118Z,COMPLETE_FOR_MAPPABLE_ROWS,compact-proximity-endpoint,Afet toplanma alanları,https://acikveri.bizizmir.com/dataset/afet-ve-acil-durum-toplanma-alanlari,CC BY 4.0,İzmir Büyükşehir Belediyesi Açık Veri Portalı
assembly:kaggle:405:38.304135605915:26.555502094798,assembly,Emergency Assembly Area,1 NO LU AFET VE ACİL DURUM TOPLANMA ALANI,38.304135605915,26.555502094798,,,,,,,2026-09-20T07:31:27.118Z,COMPLETE_FOR_MAPPABLE_ROWS,compact-proximity-endpoint,Afet toplanma alanları,https://acikveri.bizizmir.com/dataset/afet-ve-acil-durum-toplanma-alanlari,CC BY 4.0,İzmir Büyükşehir Belediyesi Açık Veri Portalı
assembly:kaggle:406:38.131801515029:27.376897937595,assembly,Emergency Assembly Area,1 NO LU AFET VE ACİL DURUM TOPLANMA ALANI,38.131801515029,27.376897937595,,,,,,,2026-09-20T07:31:27.118Z,COMPLETE_FOR_MAPPABLE_ROWS,compact-proximity-endpoint,Afet toplanma alanları,https://acikveri.bizizmir.com/dataset/afet-ve-acil-durum-toplanma-alanlari,CC BY 4.0,İzmir Büyükşehir Belediyesi Açık Veri Portalı
assembly:kaggle:407:38.116137453618:28.158725809994,assembly,Emergency Assembly Area,1 NO LU AFET VE ACİL DURUM TOPLANMA ALANI,38.116137453618,28.158725809994,,,,,,,2026-09-20T07:31:27.118Z,COMPLETE_FOR_MAPPABLE_ROWS,compact-proximity-endpoint,Afet toplanma alanları,https://acikveri.bizizmir.com/dataset/afet-ve-acil-durum-toplanma-alanlari,CC BY 4.0,İzmir Büyükşehir Belediyesi Açık Veri Portalı
assembly:kaggle:408:39.185041126709:26.9393334459,assembly,Emergency Assembly Area,1 NO LU AFET VE ACİL DURUM TOPLANMA ALANI,39.185041126709,26.9393334459,,,,,,,2026-09-20T07:31:27.118Z,COMPLETE_FOR_MAPPABLE_ROWS,compact-proximity-endpoint,Afet toplanma alanları,https://acikveri.bizizmir.com/dataset/afet-ve-acil-durum-toplanma-alanlari,CC BY 4.0,İzmir Büyükşehir Belediyesi Açık Veri Portalı
assembly:kaggle:409:38.957548248321:26.920579940442,assembly,Emergency Assembly Area,1 NO LU AFET VE ACİL DURUM TOPLANMA ALANI,38.957548248321,26.920579940442,,,,,,,2026-09-20T07:31:27.118Z,COMPLETE_FOR_MAPPABLE_ROWS,compact-proximity-endpoint,Afet toplanma alanları,https://acikveri.bizizmir.com/dataset/afet-ve-acil-durum-toplanma-alanlari,CC BY 4.0,İzmir Büyükşehir Belediyesi Açık Veri Portalı
assembly:kaggle:410:39.354018204262:27.326856854837,assembly,Emergency Assembly Area,1 NO LU AFET VE ACİL DURUM TOPLANMA ALANI,39.354018204262,27.326856854837,,,,,,,2026-09-20T07:31:27.118Z,COMPLETE_FOR_MAPPABLE_ROWS,compact-proximity-endpoint,Afet toplanma alanları,https://acikveri.bizizmir.com/dataset/afet-ve-acil-durum-toplanma-alanlari,CC BY 4.0,İzmir Büyükşehir Belediyesi Açık Veri Portalı
assembly:kaggle:411:39.155164052738:27.200858350586,assembly,Emergency Assembly Area,1 NO LU AFET VE ACİL DURUM TOPLANMA ALANI,39.155164052738,27.200858350586,,,,,,,2026-09-20T07:31:27.118Z,COMPLETE_FOR_MAPPABLE_ROWS,compact-proximity-endpoint,Afet toplanma alanları,https://acikveri.bizizmir.com/dataset/afet-ve-acil-durum-toplanma-alanlari,CC BY 4.0,İzmir Büyükşehir Belediyesi Açık Veri Portalı
assembly:kaggle:412:39.308940012219:27.293297293153,assembly,Emergency Assembly Area,1 NO LU AFET VE ACİL DURUM TOPLANMA ALANI,39.308940012219,27.293297293153,,,,,,,2026-09-20T07:31:27.118Z,COMPLETE_FOR_MAPPABLE_ROWS,compact-proximity-endpoint,Afet toplanma alanları,https://acikveri.bizizmir.com/dataset/afet-ve-acil-durum-toplanma-alanlari,CC BY 4.0,İzmir Büyükşehir Belediyesi Açık Veri Portalı
assembly:kaggle:413:39.180850180562:27.347027267939,assembly,Emergency Assembly Area,1 NO LU AFET VE ACİL DURUM TOPLANMA ALANI,39.180850180562,27.347027267939,,,,,,,2026-09-20T07:31:27.118Z,COMPLETE_FOR_MAPPABLE_ROWS,compact-proximity-endpoint,Afet toplanma alanları,https://acikveri.bizizmir.com/dataset/afet-ve-acil-durum-toplanma-alanlari,CC BY 4.0,İzmir Büyükşehir Belediyesi Açık Veri Portalı
assembly:kaggle:414:38.228643520646:26.686870802028,assembly,Emergency Assembly Area,1 NO LU AFET VE ACİL DURUM TOPLANMA ALANI,38.228643520646,26.686870802028,,,,,,,2026-09-20T07:31:27.118Z,COMPLETE_FOR_MAPPABLE_ROWS,compact-proximity-endpoint,Afet toplanma alanları,https://acikveri.bizizmir.com/dataset/afet-ve-acil-durum-toplanma-alanlari,CC BY 4.0,İzmir Büyükşehir Belediyesi Açık Veri Portalı
assembly:kaggle:415:38.323240734673:26.768822435082,assembly,Emergency Assembly Area,1 NO LU AFET VE ACİL DURUM TOPLANMA ALANI,38.323240734673,26.768822435082,,,,,,,2026-09-20T07:31:27.118Z,COMPLETE_FOR_MAPPABLE_ROWS,compact-proximity-endpoint,Afet toplanma alanları,https://acikveri.bizizmir.com/dataset/afet-ve-acil-durum-toplanma-alanlari,CC BY 4.0,İzmir Büyükşehir Belediyesi Açık Veri Portalı
assembly:kaggle:416:38.162352807261:26.826900297177,assembly,Emergency Assembly Area,1 NO LU AFET VE ACİL DURUM TOPLANMA ALANI,38.162352807261,26.826900297177,,,,,,,2026-09-20T07:31:27.118Z,COMPLETE_FOR_MAPPABLE_ROWS,compact-proximity-endpoint,Afet toplanma alanları,https://acikveri.bizizmir.com/dataset/afet-ve-acil-durum-toplanma-alanlari,CC BY 4.0,İzmir Büyükşehir Belediyesi Açık Veri Portalı
assembly:kaggle:417:38.494454630331:27.065655360423,assembly,Emergency Assembly Area,1 NO LU AFET VE ACİL DURUM TOPLANMA ALANI,38.494454630331,27.065655360423,,,,,,,2026-09-20T07:31:27.118Z,COMPLETE_FOR_MAPPABLE_ROWS,compact-proximity-endpoint,Afet toplanma alanları,https://acikveri.bizizmir.com/dataset/afet-ve-acil-durum-toplanma-alanlari,CC BY 4.0,İzmir Büyükşehir Belediyesi Açık Veri Portalı
assembly:kaggle:418:38.465353340781:27.518978668906,assembly,Emergency Assembly Area,1 NO LU AFET VE ACİL DURUM TOPLANMA ALANI,38.465353340781,27.518978668906,,,,,,,2026-09-20T07:31:27.118Z,COMPLETE_FOR_MAPPABLE_ROWS,compact-proximity-endpoint,Afet toplanma alanları,https://acikveri.bizizmir.com/dataset/afet-ve-acil-durum-toplanma-alanlari,CC BY 4.0,İzmir Büyükşehir Belediyesi Açık Veri Portalı
assembly:kaggle:419:38.481152778632:27.403805158928,assembly,Emergency Assembly Area,1 NO LU AFET VE ACİL DURUM TOPLANMA ALANI,38.481152778632,27.403805158928,,,,,,,2026-09-20T07:31:27.118Z,COMPLETE_FOR_MAPPABLE_ROWS,compact-proximity-endpoint,Afet toplanma alanları,https://acikveri.bizizmir.com/dataset/afet-ve-acil-durum-toplanma-alanlari,CC BY 4.0,İzmir Büyükşehir Belediyesi Açık Veri Portalı
assembly:kaggle:420:38.317294607554:27.461161495728,assembly,Emergency Assembly Area,1 NO LU AFET VE ACİL DURUM TOPLANMA ALANI,38.317294607554,27.461161495728,,,,,,,2026-09-20T07:31:27.118Z,COMPLETE_FOR_MAPPABLE_ROWS,compact-proximity-endpoint,Afet toplanma alanları,https://acikveri.bizizmir.com/dataset/afet-ve-acil-durum-toplanma-alanlari,CC BY 4.0,İzmir Büyükşehir Belediyesi Açık Veri Portalı
assembly:kaggle:421:39.252135766301:27.020528767094,assembly,Emergency Assembly Area,1 NO LU AFET VE ACİL DURUM TOPLANMA ALANI,39.252135766301,27.020528767094,,,,,,,2026-09-20T07:31:27.118Z,COMPLETE_FOR_MAPPABLE_ROWS,compact-proximity-endpoint,Afet toplanma alanları,https://acikveri.bizizmir.com/dataset/afet-ve-acil-durum-toplanma-alanlari,CC BY 4.0,İzmir Büyükşehir Belediyesi Açık Veri Portalı
assembly:kaggle:422:38.974766033194:27.175538732708,assembly,Emergency Assembly Area,1 NO LU AFET VE ACİL DURUM TOPLANMA ALANI,38.974766033194,27.175538732708,,,,,,,2026-09-20T07:31:27.118Z,COMPLETE_FOR_MAPPABLE_ROWS,compact-proximity-endpoint,Afet toplanma alanları,https://acikveri.bizizmir.com/dataset/afet-ve-acil-durum-toplanma-alanlari,CC BY 4.0,İzmir Büyükşehir Belediyesi Açık Veri Portalı
assembly:kaggle:423:38.420728466786:27.141572351981,assembly,Emergency Assembly Area,1 NO LU AFET VE ACİL DURUM TOPLANMA ALANI,38.420728466786,27.141572351981,,,,,,,2026-09-20T07:31:27.118Z,COMPLETE_FOR_MAPPABLE_ROWS,compact-proximity-endpoint,Afet toplanma alanları,https://acikveri.bizizmir.com/dataset/afet-ve-acil-durum-toplanma-alanlari,CC BY 4.0,İzmir Büyükşehir Belediyesi Açık Veri Portalı
assembly:kaggle:424:38.442172375802:27.178887021751,assembly,Emergency Assembly Area,1 NO LU AFET VE ACİL DURUM TOPLANMA ALANI,38.442172375802,27.178887021751,,,,,,,2026-09-20T07:31:27.118Z,COMPLETE_FOR_MAPPABLE_ROWS,compact-proximity-endpoint,Afet toplanma alanları,https://acikveri.bizizmir.com/dataset/afet-ve-acil-durum-toplanma-alanlari,CC BY 4.0,İzmir Büyükşehir Belediyesi Açık Veri Portalı
assembly:kaggle:425:38.402548897199:27.110759319289,assembly,Emergency Assembly Area,1 NO LU AFET VE ACİL DURUM TOPLANMA ALANI,38.402548897199,27.110759319289,,,,,,,2026-09-20T07:31:27.118Z,COMPLETE_FOR_MAPPABLE_ROWS,compact-proximity-endpoint,Afet toplanma alanları,https://acikveri.bizizmir.com/dataset/afet-ve-acil-durum-toplanma-alanlari,CC BY 4.0,İzmir Büyükşehir Belediyesi Açık Veri Portalı
assembly:kaggle:426:38.259291152833:28.273995674782,assembly,Emergency Assembly Area,1 NO LU AFET VE ACİL DURUM TOPLANMA ALANI,38.259291152833,28.273995674782,,,,,,,2026-09-20T07:31:27.118Z,COMPLETE_FOR_MAPPABLE_ROWS,compact-proximity-endpoint,Afet toplanma alanları,https://acikveri.bizizmir.com/dataset/afet-ve-acil-durum-toplanma-alanlari,CC BY 4.0,İzmir Büyükşehir Belediyesi Açık Veri Portalı
assembly:kaggle:427:38.416554918456:27.127109960142,assembly,Emergency Assembly Area,1 NO LU AFET VE ACİL DURUM TOPLANMA ALANI,38.416554918456,27.127109960142,,,,,,,2026-09-20T07:31:27.118Z,COMPLETE_FOR_MAPPABLE_ROWS,compact-proximity-endpoint,Afet toplanma alanları,https://acikveri.bizizmir.com/dataset/afet-ve-acil-durum-toplanma-alanlari,CC BY 4.0,İzmir Büyükşehir Belediyesi Açık Veri Portalı
assembly:kaggle:428:38.381980608551:27.174338119058,assembly,Emergency Assembly Area,1 NO LU AFET VE ACİL DURUM TOPLANMA ALANI,38.381980608551,27.174338119058,,,,,,,2026-09-20T07:31:27.118Z,COMPLETE_FOR_MAPPABLE_ROWS,compact-proximity-endpoint,Afet toplanma alanları,https://acikveri.bizizmir.com/dataset/afet-ve-acil-durum-toplanma-alanlari,CC BY 4.0,İzmir Büyükşehir Belediyesi Açık Veri Portalı
assembly:kaggle:429:39.277587336678:27.360845777364,assembly,Emergency Assembly Area,1 NO LU AFET VE ACİL DURUM TOPLANMA ALANI,39.277587336678,27.360845777364,,,,,,,2026-09-20T07:31:27.118Z,COMPLETE_FOR_MAPPABLE_ROWS,compact-proximity-endpoint,Afet toplanma alanları,https://acikveri.bizizmir.com/dataset/afet-ve-acil-durum-toplanma-alanlari,CC BY 4.0,İzmir Büyükşehir Belediyesi Açık Veri Portalı
assembly:kaggle:430:39.216302802:27.447191142438,assembly,Emergency Assembly Area,1 NO LU AFET VE ACİL DURUM TOPLANMA ALANI,39.216302802,27.447191142438,,,,,,,2026-09-20T07:31:27.118Z,COMPLETE_FOR_MAPPABLE_ROWS,compact-proximity-endpoint,Afet toplanma alanları,https://acikveri.bizizmir.com/dataset/afet-ve-acil-durum-toplanma-alanlari,CC BY 4.0,İzmir Büyükşehir Belediyesi Açık Veri Portalı
assembly:kaggle:431:39.249809417677:26.96611237524,assembly,Emergency Assembly Area,1 NO LU AFET VE ACİL DURUM TOPLANMA ALANI,39.249809417677,26.96611237524,,,,,,,2026-09-20T07:31:27.118Z,COMPLETE_FOR_MAPPABLE_ROWS,compact-proximity-endpoint,Afet toplanma alanları,https://acikveri.bizizmir.com/dataset/afet-ve-acil-durum-toplanma-alanlari,CC BY 4.0,İzmir Büyükşehir Belediyesi Açık Veri Portalı
assembly:kaggle:432:39.245821830339:27.455688290299,assembly,Emergency Assembly Area,1 NO LU AFET VE ACİL DURUM TOPLANMA ALANI,39.245821830339,27.455688290299,,,,,,,2026-09-20T07:31:27.118Z,COMPLETE_FOR_MAPPABLE_ROWS,compact-proximity-endpoint,Afet toplanma alanları,https://acikveri.bizizmir.com/dataset/afet-ve-acil-durum-toplanma-alanlari,CC BY 4.0,İzmir Büyükşehir Belediyesi Açık Veri Portalı
assembly:kaggle:433:39.121278826244:27.197854349867,assembly,Emergency Assembly Area,1 NO LU AFET VE ACİL DURUM TOPLANMA ALANI,39.121278826244,27.197854349867,,,,,,,2026-09-20T07:31:27.118Z,COMPLETE_FOR_MAPPABLE_ROWS,compact-proximity-endpoint,Afet toplanma alanları,https://acikveri.bizizmir.com/dataset/afet-ve-acil-durum-toplanma-alanlari,CC BY 4.0,İzmir Büyükşehir Belediyesi Açık Veri Portalı
assembly:kaggle:434:39.317772073061:27.322222082284,assembly,Emergency Assembly Area,1 NO LU AFET VE ACİL DURUM TOPLANMA ALANI,39.317772073061,27.322222082284,,,,,,,2026-09-20T07:31:27.118Z,COMPLETE_FOR_MAPPABLE_ROWS,compact-proximity-endpoint,Afet toplanma alanları,https://acikveri.bizizmir.com/dataset/afet-ve-acil-durum-toplanma-alanlari,CC BY 4.0,İzmir Büyükşehir Belediyesi Açık Veri Portalı
assembly:kaggle:435:39.046260614486:27.155883476026,assembly,Emergency Assembly Area,1 NO LU AFET VE ACİL DURUM TOPLANMA ALANI,39.046260614486,27.155883476026,,,,,,,2026-09-20T07:31:27.118Z,COMPLETE_FOR_MAPPABLE_ROWS,compact-proximity-endpoint,Afet toplanma alanları,https://acikveri.bizizmir.com/dataset/afet-ve-acil-durum-toplanma-alanlari,CC BY 4.0,İzmir Büyükşehir Belediyesi Açık Veri Portalı
assembly:kaggle:436:39.071453308019:27.231671564583,assembly,Emergency Assembly Area,1 NO LU AFET VE ACİL DURUM TOPLANMA ALANI,39.071453308019,27.231671564583,,,,,,,2026-09-20T07:31:27.118Z,COMPLETE_FOR_MAPPABLE_ROWS,compact-proximity-endpoint,Afet toplanma alanları,https://acikveri.bizizmir.com/dataset/afet-ve-acil-durum-toplanma-alanlari,CC BY 4.0,İzmir Büyükşehir Belediyesi Açık Veri Portalı
assembly:kaggle:437:38.159376419661:28.327553910753,assembly,Emergency Assembly Area,1 NO LU AFET VE ACİL DURUM TOPLANMA ALANI,38.159376419661,28.327553910753,,,,,,,2026-09-20T07:31:27.118Z,COMPLETE_FOR_MAPPABLE_ROWS,compact-proximity-endpoint,Afet toplanma alanları,https://acikveri.bizizmir.com/dataset/afet-ve-acil-durum-toplanma-alanlari,CC BY 4.0,İzmir Büyükşehir Belediyesi Açık Veri Portalı
assembly:kaggle:438:39.23801100003:27.323724249537,assembly,Emergency Assembly Area,1 NO LU AFET VE ACİL DURUM TOPLANMA ALANI,39.23801100003,27.323724249537,,,,,,,2026-09-20T07:31:27.118Z,COMPLETE_FOR_MAPPABLE_ROWS,compact-proximity-endpoint,Afet toplanma alanları,https://acikveri.bizizmir.com/dataset/afet-ve-acil-durum-toplanma-alanlari,CC BY 4.0,İzmir Büyükşehir Belediyesi Açık Veri Portalı
assembly:kaggle:439:39.331515929095:27.30411186936,assembly,Emergency Assembly Area,1 NO LU AFET VE ACİL DURUM TOPLANMA ALANI,39.331515929095,27.30411186936,,,,,,,2026-09-20T07:31:27.118Z,COMPLETE_FOR_MAPPABLE_ROWS,compact-proximity-endpoint,Afet toplanma alanları,https://acikveri.bizizmir.com/dataset/afet-ve-acil-durum-toplanma-alanlari,CC BY 4.0,İzmir Büyükşehir Belediyesi Açık Veri Portalı
assembly:kaggle:440:39.076133915318:26.893757766831,assembly,Emergency Assembly Area,1 NO LU AFET VE ACİL DURUM TOPLANMA ALANI,39.076133915318,26.893757766831,,,,,,,2026-09-20T07:31:27.118Z,COMPLETE_FOR_MAPPABLE_ROWS,compact-proximity-endpoint,Afet toplanma alanları,https://acikveri.bizizmir.com/dataset/afet-ve-acil-durum-toplanma-alanlari,CC BY 4.0,İzmir Büyükşehir Belediyesi Açık Veri Portalı
assembly:kaggle:441:38.40760183019:27.143106590053,assembly,Emergency Assembly Area,1 NO LU AFET VE ACİL DURUM TOPLANMA ALANI,38.40760183019,27.143106590053,,,,,,,2026-09-20T07:31:27.118Z,COMPLETE_FOR_MAPPABLE_ROWS,compact-proximity-endpoint,Afet toplanma alanları,https://acikveri.bizizmir.com/dataset/afet-ve-acil-durum-toplanma-alanlari,CC BY 4.0,İzmir Büyükşehir Belediyesi Açık Veri Portalı
assembly:kaggle:442:38.222378052683:27.648842918733,assembly,Emergency Assembly Area,1 NO LU AFET VE ACİL DURUM TOPLANMA ALANI,38.222378052683,27.648842918733,,,,,,,2026-09-20T07:31:27.118Z,COMPLETE_FOR_MAPPABLE_ROWS,compact-proximity-endpoint,Afet toplanma alanları,https://acikveri.bizizmir.com/dataset/afet-ve-acil-durum-toplanma-alanlari,CC BY 4.0,İzmir Büyükşehir Belediyesi Açık Veri Portalı
assembly:kaggle:443:39.126705530999:27.177190701551,assembly,Emergency Assembly Area,1 NO LU AFET VE ACİL DURUM TOPLANMA ALANI,39.126705530999,27.177190701551,,,,,,,2026-09-20T07:31:27.118Z,COMPLETE_FOR_MAPPABLE_ROWS,compact-proximity-endpoint,Afet toplanma alanları,https://acikveri.bizizmir.com/dataset/afet-ve-acil-durum-toplanma-alanlari,CC BY 4.0,İzmir Büyükşehir Belediyesi Açık Veri Portalı
assembly:kaggle:444:39.129335202671:26.89066778059,assembly,Emergency Assembly Area,1 NO LU AFET VE ACİL DURUM TOPLANMA ALANI,39.129335202671,26.89066778059,,,,,,,2026-09-20T07:31:27.118Z,COMPLETE_FOR_MAPPABLE_ROWS,compact-proximity-endpoint,Afet toplanma alanları,https://acikveri.bizizmir.com/dataset/afet-ve-acil-durum-toplanma-alanlari,CC BY 4.0,İzmir Büyükşehir Belediyesi Açık Veri Portalı
assembly:kaggle:445:38.020630213924:27.600936535242,assembly,Emergency Assembly Area,1 NO LU AFET VE ACİL DURUM TOPLANMA ALANI,38.020630213924,27.600936535242,,,,,,,2026-09-20T07:31:27.118Z,COMPLETE_FOR_MAPPABLE_ROWS,compact-proximity-endpoint,Afet toplanma alanları,https://acikveri.bizizmir.com/dataset/afet-ve-acil-durum-toplanma-alanlari,CC BY 4.0,İzmir Büyükşehir Belediyesi Açık Veri Portalı
assembly:kaggle:446:38.09054794848:27.735008653465,assembly,Emergency Assembly Area,1 NO LU AFET VE ACİL DURUM TOPLANMA ALANI,38.09054794848,27.735008653465,,,,,,,2026-09-20T07:31:27.118Z,COMPLETE_FOR_MAPPABLE_ROWS,compact-proximity-endpoint,Afet toplanma alanları,https://acikveri.bizizmir.com/dataset/afet-ve-acil-durum-toplanma-alanlari,CC BY 4.0,İzmir Büyükşehir Belediyesi Açık Veri Portalı
assembly:kaggle:447:38.482351632395:27.363604407575,assembly,Emergency Assembly Area,1 NO LU AFET VE ACİL DURUM TOPLANMA ALANI,38.482351632395,27.363604407575,,,,,,,2026-09-20T07:31:27.118Z,COMPLETE_FOR_MAPPABLE_ROWS,compact-proximity-endpoint,Afet toplanma alanları,https://acikveri.bizizmir.com/dataset/afet-ve-acil-durum-toplanma-alanlari,CC BY 4.0,İzmir Büyükşehir Belediyesi Açık Veri Portalı
assembly:kaggle:448:38.459229069487:27.449745842731,assembly,Emergency Assembly Area,1 NO LU AFET VE ACİL DURUM TOPLANMA ALANI,38.459229069487,27.449745842731,,,,,,,2026-09-20T07:31:27.118Z,COMPLETE_FOR_MAPPABLE_ROWS,compact-proximity-endpoint,Afet toplanma alanları,https://acikveri.bizizmir.com/dataset/afet-ve-acil-durum-toplanma-alanlari,CC BY 4.0,İzmir Büyükşehir Belediyesi Açık Veri Portalı
assembly:kaggle:449:38.321194879863:26.331954476692,assembly,Emergency Assembly Area,1 NO LU AFET VE ACİL DURUM TOPLANMA ALANI,38.321194879863,26.331954476692,,,,,,,2026-09-20T07:31:27.118Z,COMPLETE_FOR_MAPPABLE_ROWS,compact-proximity-endpoint,Afet toplanma alanları,https://acikveri.bizizmir.com/dataset/afet-ve-acil-durum-toplanma-alanlari,CC BY 4.0,İzmir Büyükşehir Belediyesi Açık Veri Portalı
assembly:kaggle:450:38.169396897395:27.469680384403,assembly,Emergency Assembly Area,1 NO LU AFET VE ACİL DURUM TOPLANMA ALANI,38.169396897395,27.469680384403,,,,,,,2026-09-20T07:31:27.118Z,COMPLETE_FOR_MAPPABLE_ROWS,compact-proximity-endpoint,Afet toplanma alanları,https://acikveri.bizizmir.com/dataset/afet-ve-acil-durum-toplanma-alanlari,CC BY 4.0,İzmir Büyükşehir Belediyesi Açık Veri Portalı
assembly:kaggle:451:38.250275927226:27.680415000492,assembly,Emergency Assembly Area,1 NO LU AFET VE ACİL DURUM TOPLANMA ALANI,38.250275927226,27.680415000492,,,,,,,2026-09-20T07:31:27.118Z,COMPLETE_FOR_MAPPABLE_ROWS,compact-proximity-endpoint,Afet toplanma alanları,https://acikveri.bizizmir.com/dataset/afet-ve-acil-durum-toplanma-alanlari,CC BY 4.0,İzmir Büyükşehir Belediyesi Açık Veri Portalı
assembly:kaggle:452:38.544886583721:27.036108205818,assembly,Emergency Assembly Area,1 NO LU AFET VE ACİL DURUM TOPLANMA ALANI,38.544886583721,27.036108205818,,,,,,,2026-09-20T07:31:27.118Z,COMPLETE_FOR_MAPPABLE_ROWS,compact-proximity-endpoint,Afet toplanma alanları,https://acikveri.bizizmir.com/dataset/afet-ve-acil-durum-toplanma-alanlari,CC BY 4.0,İzmir Büyükşehir Belediyesi Açık Veri Portalı
assembly:kaggle:453:39.104296498197:26.919420967877,assembly,Emergency Assembly Area,1 NO LU AFET VE ACİL DURUM TOPLANMA ALANI,39.104296498197,26.919420967877,,,,,,,2026-09-20T07:31:27.118Z,COMPLETE_FOR_MAPPABLE_ROWS,compact-proximity-endpoint,Afet toplanma alanları,https://acikveri.bizizmir.com/dataset/afet-ve-acil-durum-toplanma-alanlari,CC BY 4.0,İzmir Büyükşehir Belediyesi Açık Veri Portalı
assembly:kaggle:454:38.338267831817:26.86731531139,assembly,Emergency Assembly Area,1 NO LU AFET VE ACİL DURUM TOPLANMA ALANI,38.338267831817,26.86731531139,,,,,,,2026-09-20T07:31:27.118Z,COMPLETE_FOR_MAPPABLE_ROWS,compact-proximity-endpoint,Afet toplanma alanları,https://acikveri.bizizmir.com/dataset/afet-ve-acil-durum-toplanma-alanlari,CC BY 4.0,İzmir Büyükşehir Belediyesi Açık Veri Portalı
assembly:kaggle:455:38.286755942019:26.274944475368,assembly,Emergency Assembly Area,1 NO LU AFET VE ACİL DURUM TOPLANMA ALANI,38.286755942019,26.274944475368,,,,,,,2026-09-20T07:31:27.118Z,COMPLETE_FOR_MAPPABLE_ROWS,compact-proximity-endpoint,Afet toplanma alanları,https://acikveri.bizizmir.com/dataset/afet-ve-acil-durum-toplanma-alanlari,CC BY 4.0,İzmir Büyükşehir Belediyesi Açık Veri Portalı
assembly:kaggle:456:38.577000951565:27.070665560218,assembly,Emergency Assembly Area,1 NO LU AFET VE ACİL DURUM TOPLANMA ALANI,38.577000951565,27.070665560218,,,,,,,2026-09-20T07:31:27.118Z,COMPLETE_FOR_MAPPABLE_ROWS,compact-proximity-endpoint,Afet toplanma alanları,https://acikveri.bizizmir.com/dataset/afet-ve-acil-durum-toplanma-alanlari,CC BY 4.0,İzmir Büyükşehir Belediyesi Açık Veri Portalı
assembly:kaggle:457:38.480749369292:27.137023246547,assembly,Emergency Assembly Area,1 NO LU AFET VE ACİL DURUM TOPLANMA ALANI,38.480749369292,27.137023246547,,,,,,,2026-09-20T07:31:27.118Z,COMPLETE_FOR_MAPPABLE_ROWS,compact-proximity-endpoint,Afet toplanma alanları,https://acikveri.bizizmir.com/dataset/afet-ve-acil-durum-toplanma-alanlari,CC BY 4.0,İzmir Büyükşehir Belediyesi Açık Veri Portalı
assembly:kaggle:458:38.46833503797:27.11874142188,assembly,Emergency Assembly Area,1 NO LU AFET VE ACİL DURUM TOPLANMA ALANI,38.46833503797,27.11874142188,,,,,,,2026-09-20T07:31:27.118Z,COMPLETE_FOR_MAPPABLE_ROWS,compact-proximity-endpoint,Afet toplanma alanları,https://acikveri.bizizmir.com/dataset/afet-ve-acil-durum-toplanma-alanlari,CC BY 4.0,İzmir Büyükşehir Belediyesi Açık Veri Portalı
assembly:kaggle:459:38.319338922644:26.389173757746,assembly,Emergency Assembly Area,1 NO LU AFET VE ACİL DURUM TOPLANMA ALANI,38.319338922644,26.389173757746,,,,,,,2026-09-20T07:31:27.118Z,COMPLETE_FOR_MAPPABLE_ROWS,compact-proximity-endpoint,Afet toplanma alanları,https://acikveri.bizizmir.com/dataset/afet-ve-acil-durum-toplanma-alanlari,CC BY 4.0,İzmir Büyükşehir Belediyesi Açık Veri Portalı
assembly:kaggle:460:38.249450008955:27.456376567185,assembly,Emergency Assembly Area,1 NO LU AFET VE ACİL DURUM TOPLANMA ALANI,38.249450008955,27.456376567185,,,,,,,2026-09-20T07:31:27.118Z,COMPLETE_FOR_MAPPABLE_ROWS,compact-proximity-endpoint,Afet toplanma alanları,https://acikveri.bizizmir.com/dataset/afet-ve-acil-durum-toplanma-alanlari,CC BY 4.0,İzmir Büyükşehir Belediyesi Açık Veri Portalı
assembly:kaggle:461:38.341015363213:26.870901402045,assembly,Emergency Assembly Area,1 NO LU AFET VE ACİL DURUM TOPLANMA ALANI,38.341015363213,26.870901402045,,,,,,,2026-09-20T07:31:27.118Z,COMPLETE_FOR_MAPPABLE_ROWS,compact-proximity-endpoint,Afet toplanma alanları,https://acikveri.bizizmir.com/dataset/afet-ve-acil-durum-toplanma-alanlari,CC BY 4.0,İzmir Büyükşehir Belediyesi Açık Veri Portalı
assembly:kaggle:462:38.470023493836:27.167503736408,assembly,Emergency Assembly Area,1 NO LU AFET VE ACİL DURUM TOPLANMA ALANI,38.470023493836,27.167503736408,,,,,,,2026-09-20T07:31:27.118Z,COMPLETE_FOR_MAPPABLE_ROWS,compact-proximity-endpoint,Afet toplanma alanları,https://acikveri.bizizmir.com/dataset/afet-ve-acil-durum-toplanma-alanlari,CC BY 4.0,İzmir Büyükşehir Belediyesi Açık Veri Portalı
assembly:kaggle:463:38.068540608152:27.566558761878,assembly,Emergency Assembly Area,1 NO LU AFET VE ACİL DURUM TOPLANMA ALANI,38.068540608152,27.566558761878,,,,,,,2026-09-20T07:31:27.118Z,COMPLETE_FOR_MAPPABLE_ROWS,compact-proximity-endpoint,Afet toplanma alanları,https://acikveri.bizizmir.com/dataset/afet-ve-acil-durum-toplanma-alanlari,CC BY 4.0,İzmir Büyükşehir Belediyesi Açık Veri Portalı
assembly:kaggle:464:38.338302680457:28.063539719379,assembly,Emergency Assembly Area,1 NO LU AFET VE ACİL DURUM TOPLANMA ALANI,38.338302680457,28.063539719379,,,,,,,2026-09-20T07:31:27.118Z,COMPLETE_FOR_MAPPABLE_ROWS,compact-proximity-endpoint,Afet toplanma alanları,https://acikveri.bizizmir.com/dataset/afet-ve-acil-durum-toplanma-alanlari,CC BY 4.0,İzmir Büyükşehir Belediyesi Açık Veri Portalı
assembly:kaggle:465:38.0800003489:27.374494773497,assembly,Emergency Assembly Area,1 NO LU AFET VE ACİL DURUM TOPLANMA ALANI,38.0800003489,27.374494773497,,,,,,,2026-09-20T07:31:27.118Z,COMPLETE_FOR_MAPPABLE_ROWS,compact-proximity-endpoint,Afet toplanma alanları,https://acikveri.bizizmir.com/dataset/afet-ve-acil-durum-toplanma-alanlari,CC BY 4.0,İzmir Büyükşehir Belediyesi Açık Veri Portalı
assembly:kaggle:466:38.147209820426:27.369602341124,assembly,Emergency Assembly Area,1 NO LU AFET VE ACİL DURUM TOPLANMA ALANI,38.147209820426,27.369602341124,,,,,,,2026-09-20T07:31:27.118Z,COMPLETE_FOR_MAPPABLE_ROWS,compact-proximity-endpoint,Afet toplanma alanları,https://acikveri.bizizmir.com/dataset/afet-ve-acil-durum-toplanma-alanlari,CC BY 4.0,İzmir Büyükşehir Belediyesi Açık Veri Portalı
assembly:kaggle:467:38.301669412582:27.180775522882,assembly,Emergency Assembly Area,1 NO LU AFET VE ACİL DURUM TOPLANMA ALANI,38.301669412582,27.180775522882,,,,,,,2026-09-20T07:31:27.118Z,COMPLETE_FOR_MAPPABLE_ROWS,compact-proximity-endpoint,Afet toplanma alanları,https://acikveri.bizizmir.com/dataset/afet-ve-acil-durum-toplanma-alanlari,CC BY 4.0,İzmir Büyükşehir Belediyesi Açık Veri Portalı
assembly:kaggle:468:38.611121369448:27.065276970166,assembly,Emergency Assembly Area,1 NO LU AFET VE ACİL DURUM TOPLANMA ALANI,38.611121369448,27.065276970166,,,,,,,2026-09-20T07:31:27.118Z,COMPLETE_FOR_MAPPABLE_ROWS,compact-proximity-endpoint,Afet toplanma alanları,https://acikveri.bizizmir.com/dataset/afet-ve-acil-durum-toplanma-alanlari,CC BY 4.0,İzmir Büyükşehir Belediyesi Açık Veri Portalı
assembly:kaggle:469:38.561507636889:27.046912061496,assembly,Emergency Assembly Area,1 NO LU AFET VE ACİL DURUM TOPLANMA ALANI,38.561507636889,27.046912061496,,,,,,,2026-09-20T07:31:27.118Z,COMPLETE_FOR_MAPPABLE_ROWS,compact-proximity-endpoint,Afet toplanma alanları,https://acikveri.bizizmir.com/dataset/afet-ve-acil-durum-toplanma-alanlari,CC BY 4.0,İzmir Büyükşehir Belediyesi Açık Veri Portalı
assembly:kaggle:470:38.277821248804:26.97229386769,assembly,Emergency Assembly Area,1 NO LU AFET VE ACİL DURUM TOPLANMA ALANI,38.277821248804,26.97229386769,,,,,,,2026-09-20T07:31:27.118Z,COMPLETE_FOR_MAPPABLE_ROWS,compact-proximity-endpoint,Afet toplanma alanları,https://acikveri.bizizmir.com/dataset/afet-ve-acil-durum-toplanma-alanlari,CC BY 4.0,İzmir Büyükşehir Belediyesi Açık Veri Portalı
assembly:kaggle:471:38.25187620552:27.138160883275,assembly,Emergency Assembly Area,1 NO LU AFET VE ACİL DURUM TOPLANMA ALANI,38.25187620552,27.138160883275,,,,,,,2026-09-20T07:31:27.118Z,COMPLETE_FOR_MAPPABLE_ROWS,compact-proximity-endpoint,Afet toplanma alanları,https://acikveri.bizizmir.com/dataset/afet-ve-acil-durum-toplanma-alanlari,CC BY 4.0,İzmir Büyükşehir Belediyesi Açık Veri Portalı
assembly:kaggle:472:38.271117222203:27.365611034174,assembly,Emergency Assembly Area,1 NO LU AFET VE ACİL DURUM TOPLANMA ALANI,38.271117222203,27.365611034174,,,,,,,2026-09-20T07:31:27.118Z,COMPLETE_FOR_MAPPABLE_ROWS,compact-proximity-endpoint,Afet toplanma alanları,https://acikveri.bizizmir.com/dataset/afet-ve-acil-durum-toplanma-alanlari,CC BY 4.0,İzmir Büyükşehir Belediyesi Açık Veri Portalı
assembly:kaggle:473:38.4949585078:27.117303719719,assembly,Emergency Assembly Area,1 NO LU AFET VE ACİL DURUM TOPLANMA ALANI,38.4949585078,27.117303719719,,,,,,,2026-09-20T07:31:27.118Z,COMPLETE_FOR_MAPPABLE_ROWS,compact-proximity-endpoint,Afet toplanma alanları,https://acikveri.bizizmir.com/dataset/afet-ve-acil-durum-toplanma-alanlari,CC BY 4.0,İzmir Büyükşehir Belediyesi Açık Veri Portalı
assembly:kaggle:474:38.267782421003:28.218549300238,assembly,Emergency Assembly Area,1 NO LU AFET VE ACİL DURUM TOPLANMA ALANI,38.267782421003,28.218549300238,,,,,,,2026-09-20T07:31:27.118Z,COMPLETE_FOR_MAPPABLE_ROWS,compact-proximity-endpoint,Afet toplanma alanları,https://acikveri.bizizmir.com/dataset/afet-ve-acil-durum-toplanma-alanlari,CC BY 4.0,İzmir Büyükşehir Belediyesi Açık Veri Portalı
assembly:kaggle:475:38.197141968148:27.235385197265,assembly,Emergency Assembly Area,1 NO LU AFET VE ACİL DURUM TOPLANMA ALANI,38.197141968148,27.235385197265,,,,,,,2026-09-20T07:31:27.118Z,COMPLETE_FOR_MAPPABLE_ROWS,compact-proximity-endpoint,Afet toplanma alanları,https://acikveri.bizizmir.com/dataset/afet-ve-acil-durum-toplanma-alanlari,CC BY 4.0,İzmir Büyükşehir Belediyesi Açık Veri Portalı
assembly:kaggle:476:38.463740034537:27.128182758446,assembly,Emergency Assembly Area,1 NO LU AFET VE ACİL DURUM TOPLANMA ALANI,38.463740034537,27.128182758446,,,,,,,2026-09-20T07:31:27.118Z,COMPLETE_FOR_MAPPABLE_ROWS,compact-proximity-endpoint,Afet toplanma alanları,https://acikveri.bizizmir.com/dataset/afet-ve-acil-durum-toplanma-alanlari,CC BY 4.0,İzmir Büyükşehir Belediyesi Açık Veri Portalı
assembly:kaggle:477:38.280886077322:26.250064440607,assembly,Emergency Assembly Area,1 NO LU AFET VE ACİL DURUM TOPLANMA ALANI,38.280886077322,26.250064440607,,,,,,,2026-09-20T07:31:27.118Z,COMPLETE_FOR_MAPPABLE_ROWS,compact-proximity-endpoint,Afet toplanma alanları,https://acikveri.bizizmir.com/dataset/afet-ve-acil-durum-toplanma-alanlari,CC BY 4.0,İzmir Büyükşehir Belediyesi Açık Veri Portalı
assembly:kaggle:478:38.472148576333:27.103173951706,assembly,Emergency Assembly Area,1 NO LU AFET VE ACİL DURUM TOPLANMA ALANI,38.472148576333,27.103173951706,,,,,,,2026-09-20T07:31:27.118Z,COMPLETE_FOR_MAPPABLE_ROWS,compact-proximity-endpoint,Afet toplanma alanları,https://acikveri.bizizmir.com/dataset/afet-ve-acil-durum-toplanma-alanlari,CC BY 4.0,İzmir Büyükşehir Belediyesi Açık Veri Portalı
assembly:kaggle:479:38.460068825255:27.101081859658,assembly,Emergency Assembly Area,1 NO LU AFET VE ACİL DURUM TOPLANMA ALANI,38.460068825255,27.101081859658,,,,,,,2026-09-20T07:31:27.118Z,COMPLETE_FOR_MAPPABLE_ROWS,compact-proximity-endpoint,Afet toplanma alanları,https://acikveri.bizizmir.com/dataset/afet-ve-acil-durum-toplanma-alanlari,CC BY 4.0,İzmir Büyükşehir Belediyesi Açık Veri Portalı
assembly:kaggle:480:38.332435744692:26.791143650113,assembly,Emergency Assembly Area,1 NO LU AFET VE ACİL DURUM TOPLANMA ALANI,38.332435744692,26.791143650113,,,,,,,2026-09-20T07:31:27.118Z,COMPLETE_FOR_MAPPABLE_ROWS,compact-proximity-endpoint,Afet toplanma alanları,https://acikveri.bizizmir.com/dataset/afet-ve-acil-durum-toplanma-alanlari,CC BY 4.0,İzmir Büyükşehir Belediyesi Açık Veri Portalı
assembly:kaggle:481:38.317731254046:26.460273399958,assembly,Emergency Assembly Area,1 NO LU AFET VE ACİL DURUM TOPLANMA ALANI,38.317731254046,26.460273399958,,,,,,,2026-09-20T07:31:27.118Z,COMPLETE_FOR_MAPPABLE_ROWS,compact-proximity-endpoint,Afet toplanma alanları,https://acikveri.bizizmir.com/dataset/afet-ve-acil-durum-toplanma-alanlari,CC BY 4.0,İzmir Büyükşehir Belediyesi Açık Veri Portalı
assembly:kaggle:482:38.453876965576:27.106623286437,assembly,Emergency Assembly Area,1 NO LU AFET VE ACİL DURUM TOPLANMA ALANI,38.453876965576,27.106623286437,,,,,,,2026-09-20T07:31:27.118Z,COMPLETE_FOR_MAPPABLE_ROWS,compact-proximity-endpoint,Afet toplanma alanları,https://acikveri.bizizmir.com/dataset/afet-ve-acil-durum-toplanma-alanlari,CC BY 4.0,İzmir Büyükşehir Belediyesi Açık Veri Portalı
assembly:kaggle:483:38.358159056364:27.150520262041,assembly,Emergency Assembly Area,1 NO LU AFET VE ACİL DURUM TOPLANMA ALANI,38.358159056364,27.150520262041,,,,,,,2026-09-20T07:31:27.118Z,COMPLETE_FOR_MAPPABLE_ROWS,compact-proximity-endpoint,Afet toplanma alanları,https://acikveri.bizizmir.com/dataset/afet-ve-acil-durum-toplanma-alanlari,CC BY 4.0,İzmir Büyükşehir Belediyesi Açık Veri Portalı
assembly:kaggle:484:38.399202617128:27.200709437623,assembly,Emergency Assembly Area,1 NO LU AFET VE ACİL DURUM TOPLANMA ALANI,38.399202617128,27.200709437623,,,,,,,2026-09-20T07:31:27.118Z,COMPLETE_FOR_MAPPABLE_ROWS,compact-proximity-endpoint,Afet toplanma alanları,https://acikveri.bizizmir.com/dataset/afet-ve-acil-durum-toplanma-alanlari,CC BY 4.0,İzmir Büyükşehir Belediyesi Açık Veri Portalı
assembly:kaggle:485:38.588097743514:27.075583347021,assembly,Emergency Assembly Area,1 NO LU AFET VE ACİL DURUM TOPLANMA ALANI,38.588097743514,27.075583347021,,,,,,,2026-09-20T07:31:27.118Z,COMPLETE_FOR_MAPPABLE_ROWS,compact-proximity-endpoint,Afet toplanma alanları,https://acikveri.bizizmir.com/dataset/afet-ve-acil-durum-toplanma-alanlari,CC BY 4.0,İzmir Büyükşehir Belediyesi Açık Veri Portalı
assembly:kaggle:486:38.654563910442:27.081694615582,assembly,Emergency Assembly Area,1 NO LU AFET VE ACİL DURUM TOPLANMA ALANI,38.654563910442,27.081694615582,,,,,,,2026-09-20T07:31:27.118Z,COMPLETE_FOR_MAPPABLE_ROWS,compact-proximity-endpoint,Afet toplanma alanları,https://acikveri.bizizmir.com/dataset/afet-ve-acil-durum-toplanma-alanlari,CC BY 4.0,İzmir Büyükşehir Belediyesi Açık Veri Portalı
assembly:kaggle:487:38.438155547008:27.176762729545,assembly,Emergency Assembly Area,1 NO LU AFET VE ACİL DURUM TOPLANMA ALANI,38.438155547008,27.176762729545,,,,,,,2026-09-20T07:31:27.118Z,COMPLETE_FOR_MAPPABLE_ROWS,compact-proximity-endpoint,Afet toplanma alanları,https://acikveri.bizizmir.com/dataset/afet-ve-acil-durum-toplanma-alanlari,CC BY 4.0,İzmir Büyükşehir Belediyesi Açık Veri Portalı
assembly:kaggle:488:38.265608218604:27.244601108256,assembly,Emergency Assembly Area,1 NO LU AFET VE ACİL DURUM TOPLANMA ALANI,38.265608218604,27.244601108256,,,,,,,2026-09-20T07:31:27.118Z,COMPLETE_FOR_MAPPABLE_ROWS,compact-proximity-endpoint,Afet toplanma alanları,https://acikveri.bizizmir.com/dataset/afet-ve-acil-durum-toplanma-alanlari,CC BY 4.0,İzmir Büyükşehir Belediyesi Açık Veri Portalı
assembly:kaggle:489:38.239665105768:27.390555503725,assembly,Emergency Assembly Area,1 NO LU AFET VE ACİL DURUM TOPLANMA ALANI,38.239665105768,27.390555503725,,,,,,,2026-09-20T07:31:27.118Z,COMPLETE_FOR_MAPPABLE_ROWS,compact-proximity-endpoint,Afet toplanma alanları,https://acikveri.bizizmir.com/dataset/afet-ve-acil-durum-toplanma-alanlari,CC BY 4.0,İzmir Büyükşehir Belediyesi Açık Veri Portalı
assembly:kaggle:490:38.503304620356:27.077371176023,assembly,Emergency Assembly Area,1 NO LU AFET VE ACİL DURUM TOPLANMA ALANI,38.503304620356,27.077371176023,,,,,,,2026-09-20T07:31:27.118Z,COMPLETE_FOR_MAPPABLE_ROWS,compact-proximity-endpoint,Afet toplanma alanları,https://acikveri.bizizmir.com/dataset/afet-ve-acil-durum-toplanma-alanlari,CC BY 4.0,İzmir Büyükşehir Belediyesi Açık Veri Portalı
assembly:kaggle:491:38.281190405309:27.286089283519,assembly,Emergency Assembly Area,1 NO LU AFET VE ACİL DURUM TOPLANMA ALANI,38.281190405309,27.286089283519,,,,,,,2026-09-20T07:31:27.118Z,COMPLETE_FOR_MAPPABLE_ROWS,compact-proximity-endpoint,Afet toplanma alanları,https://acikveri.bizizmir.com/dataset/afet-ve-acil-durum-toplanma-alanlari,CC BY 4.0,İzmir Büyükşehir Belediyesi Açık Veri Portalı
assembly:kaggle:492:38.212233135736:27.368915594315,assembly,Emergency Assembly Area,1 NO LU AFET VE ACİL DURUM TOPLANMA ALANI,38.212233135736,27.368915594315,,,,,,,2026-09-20T07:31:27.118Z,COMPLETE_FOR_MAPPABLE_ROWS,compact-proximity-endpoint,Afet toplanma alanları,https://acikveri.bizizmir.com/dataset/afet-ve-acil-durum-toplanma-alanlari,CC BY 4.0,İzmir Büyükşehir Belediyesi Açık Veri Portalı
assembly:kaggle:493:38.146809044727:27.371329675663,assembly,Emergency Assembly Area,1 NO LU AFET VE ACİL DURUM TOPLANMA ALANI,38.146809044727,27.371329675663,,,,,,,2026-09-20T07:31:27.118Z,COMPLETE_FOR_MAPPABLE_ROWS,compact-proximity-endpoint,Afet toplanma alanları,https://acikveri.bizizmir.com/dataset/afet-ve-acil-durum-toplanma-alanlari,CC BY 4.0,İzmir Büyükşehir Belediyesi Açık Veri Portalı
assembly:kaggle:494:38.579434223351:26.980935379842,assembly,Emergency Assembly Area,1 NO LU AFET VE ACİL DURUM TOPLANMA ALANI,38.579434223351,26.980935379842,,,,,,,2026-09-20T07:31:27.118Z,COMPLETE_FOR_MAPPABLE_ROWS,compact-proximity-endpoint,Afet toplanma alanları,https://acikveri.bizizmir.com/dataset/afet-ve-acil-durum-toplanma-alanlari,CC BY 4.0,İzmir Büyükşehir Belediyesi Açık Veri Portalı
assembly:kaggle:495:38.685167746082:27.030588003777,assembly,Emergency Assembly Area,1 NO LU AFET VE ACİL DURUM TOPLANMA ALANI,38.685167746082,27.030588003777,,,,,,,2026-09-20T07:31:27.118Z,COMPLETE_FOR_MAPPABLE_ROWS,compact-proximity-endpoint,Afet toplanma alanları,https://acikveri.bizizmir.com/dataset/afet-ve-acil-durum-toplanma-alanlari,CC BY 4.0,İzmir Büyükşehir Belediyesi Açık Veri Portalı
assembly:kaggle:496:38.598393990061:26.923091113399,assembly,Emergency Assembly Area,1 NO LU AFET VE ACİL DURUM TOPLANMA ALANI,38.598393990061,26.923091113399,,,,,,,2026-09-20T07:31:27.118Z,COMPLETE_FOR_MAPPABLE_ROWS,compact-proximity-endpoint,Afet toplanma alanları,https://acikveri.bizizmir.com/dataset/afet-ve-acil-durum-toplanma-alanlari,CC BY 4.0,İzmir Büyükşehir Belediyesi Açık Veri Portalı
assembly:kaggle:497:38.619695187558:27.200965216349,assembly,Emergency Assembly Area,1 NO LU AFET VE ACİL DURUM TOPLANMA ALANI,38.619695187558,27.200965216349,,,,,,,2026-09-20T07:31:27.118Z,COMPLETE_FOR_MAPPABLE_ROWS,compact-proximity-endpoint,Afet toplanma alanları,https://acikveri.bizizmir.com/dataset/afet-ve-acil-durum-toplanma-alanlari,CC BY 4.0,İzmir Büyükşehir Belediyesi Açık Veri Portalı
assembly:kaggle:498:38.66299325847:27.216027013582,assembly,Emergency Assembly Area,1 NO LU AFET VE ACİL DURUM TOPLANMA ALANI,38.66299325847,27.216027013582,,,,,,,2026-09-20T07:31:27.118Z,COMPLETE_FOR_MAPPABLE_ROWS,compact-proximity-endpoint,Afet toplanma alanları,https://acikveri.bizizmir.com/dataset/afet-ve-acil-durum-toplanma-alanlari,CC BY 4.0,İzmir Büyükşehir Belediyesi Açık Veri Portalı
assembly:kaggle:499:38.165078022397:27.354989711293,assembly,Emergency Assembly Area,1 NO LU AFET VE ACİL DURUM TOPLANMA ALANI,38.165078022397,27.354989711293,,,,,,,2026-09-20T07:31:27.118Z,COMPLETE_FOR_MAPPABLE_ROWS,compact-proximity-endpoint,Afet toplanma alanları,https://acikveri.bizizmir.com/dataset/afet-ve-acil-durum-toplanma-alanlari,CC BY 4.0,İzmir Büyükşehir Belediyesi Açık Veri Portalı
assembly:kaggle:500:38.263148350036:27.137130901297,assembly,Emergency Assembly Area,1 NO LU AFET VE ACİL DURUM TOPLANMA ALANI,38.263148350036,27.137130901297,,,,,,,2026-09-20T07:31:27.118Z,COMPLETE_FOR_MAPPABLE_ROWS,compact-proximity-endpoint,Afet toplanma alanları,https://acikveri.bizizmir.com/dataset/afet-ve-acil-durum-toplanma-alanlari,CC BY 4.0,İzmir Büyükşehir Belediyesi Açık Veri Portalı
assembly:kaggle:501:38.277518271404:27.186139954271,assembly,Emergency Assembly Area,1 NO LU AFET VE ACİL DURUM TOPLANMA ALANI,38.277518271404,27.186139954271,,,,,,,2026-09-20T07:31:27.118Z,COMPLETE_FOR_MAPPABLE_ROWS,compact-proximity-endpoint,Afet toplanma alanları,https://acikveri.bizizmir.com/dataset/afet-ve-acil-durum-toplanma-alanlari,CC BY 4.0,İzmir Büyükşehir Belediyesi Açık Veri Portalı
assembly:kaggle:502:38.071081546299:27.211073984842,assembly,Emergency Assembly Area,1 NO LU AFET VE ACİL DURUM TOPLANMA ALANI,38.071081546299,27.211073984842,,,,,,,2026-09-20T07:31:27.118Z,COMPLETE_FOR_MAPPABLE_ROWS,compact-proximity-endpoint,Afet toplanma alanları,https://acikveri.bizizmir.com/dataset/afet-ve-acil-durum-toplanma-alanlari,CC BY 4.0,İzmir Büyükşehir Belediyesi Açık Veri Portalı
assembly:kaggle:503:38.393266089627:27.089280312495,assembly,Emergency Assembly Area,1 NO LU AFET VE ACİL DURUM TOPLANMA ALANI,38.393266089627,27.089280312495,,,,,,,2026-09-20T07:31:27.118Z,COMPLETE_FOR_MAPPABLE_ROWS,compact-proximity-endpoint,Afet toplanma alanları,https://acikveri.bizizmir.com/dataset/afet-ve-acil-durum-toplanma-alanlari,CC BY 4.0,İzmir Büyükşehir Belediyesi Açık Veri Portalı
assembly:kaggle:504:38.307327091231:27.175711528198,assembly,Emergency Assembly Area,1 NO LU AFET VE ACİL DURUM TOPLANMA ALANI,38.307327091231,27.175711528198,,,,,,,2026-09-20T07:31:27.118Z,COMPLETE_FOR_MAPPABLE_ROWS,compact-proximity-endpoint,Afet toplanma alanları,https://acikveri.bizizmir.com/dataset/afet-ve-acil-durum-toplanma-alanlari,CC BY 4.0,İzmir Büyükşehir Belediyesi Açık Veri Portalı
assembly:kaggle:505:38.713410526896:27.163532332188,assembly,Emergency Assembly Area,1 NO LU AFET VE ACİL DURUM TOPLANMA ALANI,38.713410526896,27.163532332188,,,,,,,2026-09-20T07:31:27.118Z,COMPLETE_FOR_MAPPABLE_ROWS,compact-proximity-endpoint,Afet toplanma alanları,https://acikveri.bizizmir.com/dataset/afet-ve-acil-durum-toplanma-alanlari,CC BY 4.0,İzmir Büyükşehir Belediyesi Açık Veri Portalı
assembly:kaggle:506:38.628926516903:26.909018919593,assembly,Emergency Assembly Area,1 NO LU AFET VE ACİL DURUM TOPLANMA ALANI,38.628926516903,26.909018919593,,,,,,,2026-09-20T07:31:27.118Z,COMPLETE_FOR_MAPPABLE_ROWS,compact-proximity-endpoint,Afet toplanma alanları,https://acikveri.bizizmir.com/dataset/afet-ve-acil-durum-toplanma-alanlari,CC BY 4.0,İzmir Büyükşehir Belediyesi Açık Veri Portalı
assembly:kaggle:507:38.500233686401:27.064005800164,assembly,Emergency Assembly Area,1 NO LU AFET VE ACİL DURUM TOPLANMA ALANI,38.500233686401,27.064005800164,,,,,,,2026-09-20T07:31:27.118Z,COMPLETE_FOR_MAPPABLE_ROWS,compact-proximity-endpoint,Afet toplanma alanları,https://acikveri.bizizmir.com/dataset/afet-ve-acil-durum-toplanma-alanlari,CC BY 4.0,İzmir Büyükşehir Belediyesi Açık Veri Portalı
assembly:kaggle:508:39.063270266623:27.261972347837,assembly,Emergency Assembly Area,1 NO LU AFET VE ACİL DURUM TOPLANMA ALANI,39.063270266623,27.261972347837,,,,,,,2026-09-20T07:31:27.118Z,COMPLETE_FOR_MAPPABLE_ROWS,compact-proximity-endpoint,Afet toplanma alanları,https://acikveri.bizizmir.com/dataset/afet-ve-acil-durum-toplanma-alanlari,CC BY 4.0,İzmir Büyükşehir Belediyesi Açık Veri Portalı
assembly:kaggle:509:39.060866038541:27.422863884669,assembly,Emergency Assembly Area,1 NO LU AFET VE ACİL DURUM TOPLANMA ALANI,39.060866038541,27.422863884669,,,,,,,2026-09-20T07:31:27.118Z,COMPLETE_FOR_MAPPABLE_ROWS,compact-proximity-endpoint,Afet toplanma alanları,https://acikveri.bizizmir.com/dataset/afet-ve-acil-durum-toplanma-alanlari,CC BY 4.0,İzmir Büyükşehir Belediyesi Açık Veri Portalı
assembly:kaggle:510:38.535001088677:27.050506249448,assembly,Emergency Assembly Area,1 NO LU AFET VE ACİL DURUM TOPLANMA ALANI,38.535001088677,27.050506249448,,,,,,,2026-09-20T07:31:27.118Z,COMPLETE_FOR_MAPPABLE_ROWS,compact-proximity-endpoint,Afet toplanma alanları,https://acikveri.bizizmir.com/dataset/afet-ve-acil-durum-toplanma-alanlari,CC BY 4.0,İzmir Büyükşehir Belediyesi Açık Veri Portalı
assembly:kaggle:511:38.371416660623:27.173479834181,assembly,Emergency Assembly Area,1 NO LU AFET VE ACİL DURUM TOPLANMA ALANI,38.371416660623,27.173479834181,,,,,,,2026-09-20T07:31:27.118Z,COMPLETE_FOR_MAPPABLE_ROWS,compact-proximity-endpoint,Afet toplanma alanları,https://acikveri.bizizmir.com/dataset/afet-ve-acil-durum-toplanma-alanlari,CC BY 4.0,İzmir Büyükşehir Belediyesi Açık Veri Portalı
assembly:kaggle:512:38.511381124712:27.039316169666,assembly,Emergency Assembly Area,1 NO LU AFET VE ACİL DURUM TOPLANMA ALANI,38.511381124712,27.039316169666,,,,,,,2026-09-20T07:31:27.118Z,COMPLETE_FOR_MAPPABLE_ROWS,compact-proximity-endpoint,Afet toplanma alanları,https://acikveri.bizizmir.com/dataset/afet-ve-acil-durum-toplanma-alanlari,CC BY 4.0,İzmir Büyükşehir Belediyesi Açık Veri Portalı
assembly:kaggle:513:38.294709483927:26.38185677436,assembly,Emergency Assembly Area,1 NO LU AFET VE ACİL DURUM TOPLANMA ALANI,38.294709483927,26.38185677436,,,,,,,2026-09-20T07:31:27.118Z,COMPLETE_FOR_MAPPABLE_ROWS,compact-proximity-endpoint,Afet toplanma alanları,https://acikveri.bizizmir.com/dataset/afet-ve-acil-durum-toplanma-alanlari,CC BY 4.0,İzmir Büyükşehir Belediyesi Açık Veri Portalı
assembly:kaggle:514:38.355706356204:26.881152727802,assembly,Emergency Assembly Area,1 NO LU AFET VE ACİL DURUM TOPLANMA ALANI,38.355706356204,26.881152727802,,,,,,,2026-09-20T07:31:27.118Z,COMPLETE_FOR_MAPPABLE_ROWS,compact-proximity-endpoint,Afet toplanma alanları,https://acikveri.bizizmir.com/dataset/afet-ve-acil-durum-toplanma-alanlari,CC BY 4.0,İzmir Büyükşehir Belediyesi Açık Veri Portalı
assembly:kaggle:515:38.317638593566:26.402681297649,assembly,Emergency Assembly Area,1 NO LU AFET VE ACİL DURUM TOPLANMA ALANI,38.317638593566,26.402681297649,,,,,,,2026-09-20T07:31:27.118Z,COMPLETE_FOR_MAPPABLE_ROWS,compact-proximity-endpoint,Afet toplanma alanları,https://acikveri.bizizmir.com/dataset/afet-ve-acil-durum-toplanma-alanlari,CC BY 4.0,İzmir Büyükşehir Belediyesi Açık Veri Portalı
assembly:kaggle:516:38.349357647811:26.304078365012,assembly,Emergency Assembly Area,1 NO LU AFET VE ACİL DURUM TOPLANMA ALANI,38.349357647811,26.304078365012,,,,,,,2026-09-20T07:31:27.118Z,COMPLETE_FOR_MAPPABLE_ROWS,compact-proximity-endpoint,Afet toplanma alanları,https://acikveri.bizizmir.com/dataset/afet-ve-acil-durum-toplanma-alanlari,CC BY 4.0,İzmir Büyükşehir Belediyesi Açık Veri Portalı
assembly:kaggle:517:38.998733741994:27.462016004765,assembly,Emergency Assembly Area,1 NO LU AFET VE ACİL DURUM TOPLANMA ALANI,38.998733741994,27.462016004765,,,,,,,2026-09-20T07:31:27.118Z,COMPLETE_FOR_MAPPABLE_ROWS,compact-proximity-endpoint,Afet toplanma alanları,https://acikveri.bizizmir.com/dataset/afet-ve-acil-durum-toplanma-alanlari,CC BY 4.0,İzmir Büyükşehir Belediyesi Açık Veri Portalı
assembly:kaggle:518:39.029583817361:27.48504528914,assembly,Emergency Assembly Area,1 NO LU AFET VE ACİL DURUM TOPLANMA ALANI,39.029583817361,27.48504528914,,,,,,,2026-09-20T07:31:27.118Z,COMPLETE_FOR_MAPPABLE_ROWS,compact-proximity-endpoint,Afet toplanma alanları,https://acikveri.bizizmir.com/dataset/afet-ve-acil-durum-toplanma-alanlari,CC BY 4.0,İzmir Büyükşehir Belediyesi Açık Veri Portalı
assembly:kaggle:519:38.43323086856:27.196610985687,assembly,Emergency Assembly Area,1 NO LU AFET VE ACİL DURUM TOPLANMA ALANI,38.43323086856,27.196610985687,,,,,,,2026-09-20T07:31:27.118Z,COMPLETE_FOR_MAPPABLE_ROWS,compact-proximity-endpoint,Afet toplanma alanları,https://acikveri.bizizmir.com/dataset/afet-ve-acil-durum-toplanma-alanlari,CC BY 4.0,İzmir Büyükşehir Belediyesi Açık Veri Portalı
assembly:kaggle:520:38.485183799478:27.19991536355,assembly,Emergency Assembly Area,1 NO LU AFET VE ACİL DURUM TOPLANMA ALANI,38.485183799478,27.19991536355,,,,,,,2026-09-20T07:31:27.118Z,COMPLETE_FOR_MAPPABLE_ROWS,compact-proximity-endpoint,Afet toplanma alanları,https://acikveri.bizizmir.com/dataset/afet-ve-acil-durum-toplanma-alanlari,CC BY 4.0,İzmir Büyükşehir Belediyesi Açık Veri Portalı
assembly:kaggle:521:38.341499771092:27.398301520166,assembly,Emergency Assembly Area,1 NO LU AFET VE ACİL DURUM TOPLANMA ALANI,38.341499771092,27.398301520166,,,,,,,2026-09-20T07:31:27.118Z,COMPLETE_FOR_MAPPABLE_ROWS,compact-proximity-endpoint,Afet toplanma alanları,https://acikveri.bizizmir.com/dataset/afet-ve-acil-durum-toplanma-alanlari,CC BY 4.0,İzmir Büyükşehir Belediyesi Açık Veri Portalı
assembly:kaggle:522:38.397319479135:27.513560742201,assembly,Emergency Assembly Area,1 NO LU AFET VE ACİL DURUM TOPLANMA ALANI,38.397319479135,27.513560742201,,,,,,,2026-09-20T07:31:27.118Z,COMPLETE_FOR_MAPPABLE_ROWS,compact-proximity-endpoint,Afet toplanma alanları,https://acikveri.bizizmir.com/dataset/afet-ve-acil-durum-toplanma-alanlari,CC BY 4.0,İzmir Büyükşehir Belediyesi Açık Veri Portalı
assembly:kaggle:523:38.488635555766:27.390844776999,assembly,Emergency Assembly Area,1 NO LU AFET VE ACİL DURUM TOPLANMA ALANI,38.488635555766,27.390844776999,,,,,,,2026-09-20T07:31:27.118Z,COMPLETE_FOR_MAPPABLE_ROWS,compact-proximity-endpoint,Afet toplanma alanları,https://acikveri.bizizmir.com/dataset/afet-ve-acil-durum-toplanma-alanlari,CC BY 4.0,İzmir Büyükşehir Belediyesi Açık Veri Portalı
assembly:kaggle:524:38.462446680892:27.479882988632,assembly,Emergency Assembly Area,1 NO LU AFET VE ACİL DURUM TOPLANMA ALANI,38.462446680892,27.479882988632,,,,,,,2026-09-20T07:31:27.118Z,COMPLETE_FOR_MAPPABLE_ROWS,compact-proximity-endpoint,Afet toplanma alanları,https://acikveri.bizizmir.com/dataset/afet-ve-acil-durum-toplanma-alanlari,CC BY 4.0,İzmir Büyükşehir Belediyesi Açık Veri Portalı
assembly:kaggle:525:38.5682952224:26.997792999392,assembly,Emergency Assembly Area,1 NO LU AFET VE ACİL DURUM TOPLANMA ALANI,38.5682952224,26.997792999392,,,,,,,2026-09-20T07:31:27.118Z,COMPLETE_FOR_MAPPABLE_ROWS,compact-proximity-endpoint,Afet toplanma alanları,https://acikveri.bizizmir.com/dataset/afet-ve-acil-durum-toplanma-alanlari,CC BY 4.0,İzmir Büyükşehir Belediyesi Açık Veri Portalı
assembly:kaggle:526:38.428146621134:27.675195172324,assembly,Emergency Assembly Area,1 NO LU AFET VE ACİL DURUM TOPLANMA ALANI,38.428146621134,27.675195172324,,,,,,,2026-09-20T07:31:27.118Z,COMPLETE_FOR_MAPPABLE_ROWS,compact-proximity-endpoint,Afet toplanma alanları,https://acikveri.bizizmir.com/dataset/afet-ve-acil-durum-toplanma-alanlari,CC BY 4.0,İzmir Büyükşehir Belediyesi Açık Veri Portalı
assembly:kaggle:527:38.494555420954:27.090009697078,assembly,Emergency Assembly Area,1 NO LU AFET VE ACİL DURUM TOPLANMA ALANI,38.494555420954,27.090009697078,,,,,,,2026-09-20T07:31:27.118Z,COMPLETE_FOR_MAPPABLE_ROWS,compact-proximity-endpoint,Afet toplanma alanları,https://acikveri.bizizmir.com/dataset/afet-ve-acil-durum-toplanma-alanlari,CC BY 4.0,İzmir Büyükşehir Belediyesi Açık Veri Portalı
assembly:kaggle:528:38.242793690388:27.637349678922,assembly,Emergency Assembly Area,1 NO LU AFET VE ACİL DURUM TOPLANMA ALANI,38.242793690388,27.637349678922,,,,,,,2026-09-20T07:31:27.118Z,COMPLETE_FOR_MAPPABLE_ROWS,compact-proximity-endpoint,Afet toplanma alanları,https://acikveri.bizizmir.com/dataset/afet-ve-acil-durum-toplanma-alanlari,CC BY 4.0,İzmir Büyükşehir Belediyesi Açık Veri Portalı
assembly:kaggle:529:38.215569457432:27.650806296434,assembly,Emergency Assembly Area,1 NO LU AFET VE ACİL DURUM TOPLANMA ALANI,38.215569457432,27.650806296434,,,,,,,2026-09-20T07:31:27.118Z,COMPLETE_FOR_MAPPABLE_ROWS,compact-proximity-endpoint,Afet toplanma alanları,https://acikveri.bizizmir.com/dataset/afet-ve-acil-durum-toplanma-alanlari,CC BY 4.0,İzmir Büyükşehir Belediyesi Açık Veri Portalı
assembly:kaggle:530:38.269938167144:27.547871590753,assembly,Emergency Assembly Area,1 NO LU AFET VE ACİL DURUM TOPLANMA ALANI,38.269938167144,27.547871590753,,,,,,,2026-09-20T07:31:27.118Z,COMPLETE_FOR_MAPPABLE_ROWS,compact-proximity-endpoint,Afet toplanma alanları,https://acikveri.bizizmir.com/dataset/afet-ve-acil-durum-toplanma-alanlari,CC BY 4.0,İzmir Büyükşehir Belediyesi Açık Veri Portalı
assembly:kaggle:531:38.285198042405:26.313138942786,assembly,Emergency Assembly Area,1 NO LU AFET VE ACİL DURUM TOPLANMA ALANI,38.285198042405,26.313138942786,,,,,,,2026-09-20T07:31:27.118Z,COMPLETE_FOR_MAPPABLE_ROWS,compact-proximity-endpoint,Afet toplanma alanları,https://acikveri.bizizmir.com/dataset/afet-ve-acil-durum-toplanma-alanlari,CC BY 4.0,İzmir Büyükşehir Belediyesi Açık Veri Portalı
assembly:kaggle:532:38.118499917954:27.141036419483,assembly,Emergency Assembly Area,1 NO LU AFET VE ACİL DURUM TOPLANMA ALANI,38.118499917954,27.141036419483,,,,,,,2026-09-20T07:31:27.118Z,COMPLETE_FOR_MAPPABLE_ROWS,compact-proximity-endpoint,Afet toplanma alanları,https://acikveri.bizizmir.com/dataset/afet-ve-acil-durum-toplanma-alanlari,CC BY 4.0,İzmir Büyükşehir Belediyesi Açık Veri Portalı
assembly:kaggle:533:38.51079347698:27.050677951635,assembly,Emergency Assembly Area,1 NO LU AFET VE ACİL DURUM TOPLANMA ALANI,38.51079347698,27.050677951635,,,,,,,2026-09-20T07:31:27.118Z,COMPLETE_FOR_MAPPABLE_ROWS,compact-proximity-endpoint,Afet toplanma alanları,https://acikveri.bizizmir.com/dataset/afet-ve-acil-durum-toplanma-alanlari,CC BY 4.0,İzmir Büyükşehir Belediyesi Açık Veri Portalı
assembly:kaggle:534:38.487871006438:27.053209983758,assembly,Emergency Assembly Area,1 NO LU AFET VE ACİL DURUM TOPLANMA ALANI,38.487871006438,27.053209983758,,,,,,,2026-09-20T07:31:27.118Z,COMPLETE_FOR_MAPPABLE_ROWS,compact-proximity-endpoint,Afet toplanma alanları,https://acikveri.bizizmir.com/dataset/afet-ve-acil-durum-toplanma-alanlari,CC BY 4.0,İzmir Büyükşehir Belediyesi Açık Veri Portalı
assembly:kaggle:535:38.033508856958:27.558256080142,assembly,Emergency Assembly Area,1 NO LU AFET VE ACİL DURUM TOPLANMA ALANI,38.033508856958,27.558256080142,,,,,,,2026-09-20T07:31:27.118Z,COMPLETE_FOR_MAPPABLE_ROWS,compact-proximity-endpoint,Afet toplanma alanları,https://acikveri.bizizmir.com/dataset/afet-ve-acil-durum-toplanma-alanlari,CC BY 4.0,İzmir Büyükşehir Belediyesi Açık Veri Portalı
assembly:kaggle:536:38.411511551754:27.622286204993,assembly,Emergency Assembly Area,1 NO LU AFET VE ACİL DURUM TOPLANMA ALANI,38.411511551754,27.622286204993,,,,,,,2026-09-20T07:31:27.118Z,COMPLETE_FOR_MAPPABLE_ROWS,compact-proximity-endpoint,Afet toplanma alanları,https://acikveri.bizizmir.com/dataset/afet-ve-acil-durum-toplanma-alanlari,CC BY 4.0,İzmir Büyükşehir Belediyesi Açık Veri Portalı
assembly:kaggle:537:38.371853713755:26.855467994656,assembly,Emergency Assembly Area,1 NO LU AFET VE ACİL DURUM TOPLANMA ALANI,38.371853713755,26.855467994656,,,,,,,2026-09-20T07:31:27.118Z,COMPLETE_FOR_MAPPABLE_ROWS,compact-proximity-endpoint,Afet toplanma alanları,https://acikveri.bizizmir.com/dataset/afet-ve-acil-durum-toplanma-alanlari,CC BY 4.0,İzmir Büyükşehir Belediyesi Açık Veri Portalı
assembly:kaggle:538:38.476371392388:27.104619647981,assembly,Emergency Assembly Area,1 NO LU AFET VE ACİL DURUM TOPLANMA ALANI,38.476371392388,27.104619647981,,,,,,,2026-09-20T07:31:27.118Z,COMPLETE_FOR_MAPPABLE_ROWS,compact-proximity-endpoint,Afet toplanma alanları,https://acikveri.bizizmir.com/dataset/afet-ve-acil-durum-toplanma-alanlari,CC BY 4.0,İzmir Büyükşehir Belediyesi Açık Veri Portalı
assembly:kaggle:539:38.295512652354:27.437598442184,assembly,Emergency Assembly Area,1 NO LU AFET VE ACİL DURUM TOPLANMA ALANI,38.295512652354,27.437598442184,,,,,,,2026-09-20T07:31:27.118Z,COMPLETE_FOR_MAPPABLE_ROWS,compact-proximity-endpoint,Afet toplanma alanları,https://acikveri.bizizmir.com/dataset/afet-ve-acil-durum-toplanma-alanlari,CC BY 4.0,İzmir Büyükşehir Belediyesi Açık Veri Portalı
assembly:kaggle:540:38.3619066441:26.886828242799,assembly,Emergency Assembly Area,1 NO LU AFET VE ACİL DURUM TOPLANMA ALANI,38.3619066441,26.886828242799,,,,,,,2026-09-20T07:31:27.118Z,COMPLETE_FOR_MAPPABLE_ROWS,compact-proximity-endpoint,Afet toplanma alanları,https://acikveri.bizizmir.com/dataset/afet-ve-acil-durum-toplanma-alanlari,CC BY 4.0,İzmir Büyükşehir Belediyesi Açık Veri Portalı
assembly:kaggle:541:38.058512349142:27.036967337817,assembly,Emergency Assembly Area,1 NO LU AFET VE ACİL DURUM TOPLANMA ALANI,38.058512349142,27.036967337817,,,,,,,2026-09-20T07:31:27.118Z,COMPLETE_FOR_MAPPABLE_ROWS,compact-proximity-endpoint,Afet toplanma alanları,https://acikveri.bizizmir.com/dataset/afet-ve-acil-durum-toplanma-alanlari,CC BY 4.0,İzmir Büyükşehir Belediyesi Açık Veri Portalı
assembly:kaggle:542:38.108944695403:27.429640665957,assembly,Emergency Assembly Area,1 NO LU AFET VE ACİL DURUM TOPLANMA ALANI,38.108944695403,27.429640665957,,,,,,,2026-09-20T07:31:27.118Z,COMPLETE_FOR_MAPPABLE_ROWS,compact-proximity-endpoint,Afet toplanma alanları,https://acikveri.bizizmir.com/dataset/afet-ve-acil-durum-toplanma-alanlari,CC BY 4.0,İzmir Büyükşehir Belediyesi Açık Veri Portalı
assembly:kaggle:543:38.168317921877:28.213399622723,assembly,Emergency Assembly Area,1 NO LU AFET VE ACİL DURUM TOPLANMA ALANI,38.168317921877,28.213399622723,,,,,,,2026-09-20T07:31:27.118Z,COMPLETE_FOR_MAPPABLE_ROWS,compact-proximity-endpoint,Afet toplanma alanları,https://acikveri.bizizmir.com/dataset/afet-ve-acil-durum-toplanma-alanlari,CC BY 4.0,İzmir Büyükşehir Belediyesi Açık Veri Portalı
assembly:kaggle:544:38.408081066156:27.169574495784,assembly,Emergency Assembly Area,1 NO LU AFET VE ACİL DURUM TOPLANMA ALANI,38.408081066156,27.169574495784,,,,,,,2026-09-20T07:31:27.118Z,COMPLETE_FOR_MAPPABLE_ROWS,compact-proximity-endpoint,Afet toplanma alanları,https://acikveri.bizizmir.com/dataset/afet-ve-acil-durum-toplanma-alanlari,CC BY 4.0,İzmir Büyükşehir Belediyesi Açık Veri Portalı
assembly:kaggle:545:38.377897063799:26.8998636854,assembly,Emergency Assembly Area,1 NO LU AFET VE ACİL DURUM TOPLANMA ALANI,38.377897063799,26.8998636854,,,,,,,2026-09-20T07:31:27.118Z,COMPLETE_FOR_MAPPABLE_ROWS,compact-proximity-endpoint,Afet toplanma alanları,https://acikveri.bizizmir.com/dataset/afet-ve-acil-durum-toplanma-alanlari,CC BY 4.0,İzmir Büyükşehir Belediyesi Açık Veri Portalı
assembly:kaggle:546:38.604523277158:27.062640383116,assembly,Emergency Assembly Area,1 NO LU AFET VE ACİL DURUM TOPLANMA ALANI,38.604523277158,27.062640383116,,,,,,,2026-09-20T07:31:27.118Z,COMPLETE_FOR_MAPPABLE_ROWS,compact-proximity-endpoint,Afet toplanma alanları,https://acikveri.bizizmir.com/dataset/afet-ve-acil-durum-toplanma-alanlari,CC BY 4.0,İzmir Büyükşehir Belediyesi Açık Veri Portalı
assembly:kaggle:547:38.398571952736:27.153610083374,assembly,Emergency Assembly Area,1 NO LU AFET VE ACİL DURUM TOPLANMA ALANI,38.398571952736,27.153610083374,,,,,,,2026-09-20T07:31:27.118Z,COMPLETE_FOR_MAPPABLE_ROWS,compact-proximity-endpoint,Afet toplanma alanları,https://acikveri.bizizmir.com/dataset/afet-ve-acil-durum-toplanma-alanlari,CC BY 4.0,İzmir Büyükşehir Belediyesi Açık Veri Portalı
assembly:kaggle:548:39.045261043619:27.466225634117,assembly,Emergency Assembly Area,1 NO LU AFET VE ACİL DURUM TOPLANMA ALANI,39.045261043619,27.466225634117,,,,,,,2026-09-20T07:31:27.118Z,COMPLETE_FOR_MAPPABLE_ROWS,compact-proximity-endpoint,Afet toplanma alanları,https://acikveri.bizizmir.com/dataset/afet-ve-acil-durum-toplanma-alanlari,CC BY 4.0,İzmir Büyükşehir Belediyesi Açık Veri Portalı
assembly:kaggle:549:38.962754435752:27.346941807812,assembly,Emergency Assembly Area,1 NO LU AFET VE ACİL DURUM TOPLANMA ALANI,38.962754435752,27.346941807812,,,,,,,2026-09-20T07:31:27.118Z,COMPLETE_FOR_MAPPABLE_ROWS,compact-proximity-endpoint,Afet toplanma alanları,https://acikveri.bizizmir.com/dataset/afet-ve-acil-durum-toplanma-alanlari,CC BY 4.0,İzmir Büyükşehir Belediyesi Açık Veri Portalı
assembly:kaggle:550:38.069189371563:27.01623931382,assembly,Emergency Assembly Area,1 NO LU AFET VE ACİL DURUM TOPLANMA ALANI,38.069189371563,27.01623931382,,,,,,,2026-09-20T07:31:27.118Z,COMPLETE_FOR_MAPPABLE_ROWS,compact-proximity-endpoint,Afet toplanma alanları,https://acikveri.bizizmir.com/dataset/afet-ve-acil-durum-toplanma-alanlari,CC BY 4.0,İzmir Büyükşehir Belediyesi Açık Veri Portalı
assembly:kaggle:551:38.396057864182:27.172492744837,assembly,Emergency Assembly Area,1 NO LU AFET VE ACİL DURUM TOPLANMA ALANI,38.396057864182,27.172492744837,,,,,,,2026-09-20T07:31:27.118Z,COMPLETE_FOR_MAPPABLE_ROWS,compact-proximity-endpoint,Afet toplanma alanları,https://acikveri.bizizmir.com/dataset/afet-ve-acil-durum-toplanma-alanlari,CC BY 4.0,İzmir Büyükşehir Belediyesi Açık Veri Portalı
assembly:kaggle:552:38.38803565486:27.151335599229,assembly,Emergency Assembly Area,1 NO LU AFET VE ACİL DURUM TOPLANMA ALANI,38.38803565486,27.151335599229,,,,,,,2026-09-20T07:31:27.118Z,COMPLETE_FOR_MAPPABLE_ROWS,compact-proximity-endpoint,Afet toplanma alanları,https://acikveri.bizizmir.com/dataset/afet-ve-acil-durum-toplanma-alanlari,CC BY 4.0,İzmir Büyükşehir Belediyesi Açık Veri Portalı
assembly:kaggle:553:38.430129872462:27.416143342099,assembly,Emergency Assembly Area,1 NO LU AFET VE ACİL DURUM TOPLANMA ALANI,38.430129872462,27.416143342099,,,,,,,2026-09-20T07:31:27.118Z,COMPLETE_FOR_MAPPABLE_ROWS,compact-proximity-endpoint,Afet toplanma alanları,https://acikveri.bizizmir.com/dataset/afet-ve-acil-durum-toplanma-alanlari,CC BY 4.0,İzmir Büyükşehir Belediyesi Açık Veri Portalı
assembly:kaggle:554:38.38294340062:27.016308516314,assembly,Emergency Assembly Area,1 NO LU AFET VE ACİL DURUM TOPLANMA ALANI,38.38294340062,27.016308516314,,,,,,,2026-09-20T07:31:27.118Z,COMPLETE_FOR_MAPPABLE_ROWS,compact-proximity-endpoint,Afet toplanma alanları,https://acikveri.bizizmir.com/dataset/afet-ve-acil-durum-toplanma-alanlari,CC BY 4.0,İzmir Büyükşehir Belediyesi Açık Veri Portalı
assembly:kaggle:555:38.367538586421:26.876941660043,assembly,Emergency Assembly Area,1 NO LU AFET VE ACİL DURUM TOPLANMA ALANI,38.367538586421,26.876941660043,,,,,,,2026-09-20T07:31:27.118Z,COMPLETE_FOR_MAPPABLE_ROWS,compact-proximity-endpoint,Afet toplanma alanları,https://acikveri.bizizmir.com/dataset/afet-ve-acil-durum-toplanma-alanlari,CC BY 4.0,İzmir Büyükşehir Belediyesi Açık Veri Portalı
assembly:kaggle:556:38.381375059491:27.160734023891,assembly,Emergency Assembly Area,1 NO LU AFET VE ACİL DURUM TOPLANMA ALANI,38.381375059491,27.160734023891,,,,,,,2026-09-20T07:31:27.118Z,COMPLETE_FOR_MAPPABLE_ROWS,compact-proximity-endpoint,Afet toplanma alanları,https://acikveri.bizizmir.com/dataset/afet-ve-acil-durum-toplanma-alanlari,CC BY 4.0,İzmir Büyükşehir Belediyesi Açık Veri Portalı
assembly:kaggle:557:38.479187246724:27.183114099836,assembly,Emergency Assembly Area,1 NO LU AFET VE ACİL DURUM TOPLANMA ALANI,38.479187246724,27.183114099836,,,,,,,2026-09-20T07:31:27.118Z,COMPLETE_FOR_MAPPABLE_ROWS,compact-proximity-endpoint,Afet toplanma alanları,https://acikveri.bizizmir.com/dataset/afet-ve-acil-durum-toplanma-alanlari,CC BY 4.0,İzmir Büyükşehir Belediyesi Açık Veri Portalı
assembly:kaggle:558:39.159955608602:26.901825660805,assembly,Emergency Assembly Area,1 NO LU AFET VE ACİL DURUM TOPLANMA ALANI,39.159955608602,26.901825660805,,,,,,,2026-09-20T07:31:27.118Z,COMPLETE_FOR_MAPPABLE_ROWS,compact-proximity-endpoint,Afet toplanma alanları,https://acikveri.bizizmir.com/dataset/afet-ve-acil-durum-toplanma-alanlari,CC BY 4.0,İzmir Büyükşehir Belediyesi Açık Veri Portalı
assembly:kaggle:559:38.954477900083:26.811618416877,assembly,Emergency Assembly Area,1 NO LU AFET VE ACİL DURUM TOPLANMA ALANI,38.954477900083,26.811618416877,,,,,,,2026-09-20T07:31:27.118Z,COMPLETE_FOR_MAPPABLE_ROWS,compact-proximity-endpoint,Afet toplanma alanları,https://acikveri.bizizmir.com/dataset/afet-ve-acil-durum-toplanma-alanlari,CC BY 4.0,İzmir Büyükşehir Belediyesi Açık Veri Portalı
assembly:kaggle:560:38.34950699936:26.307366736508,assembly,Emergency Assembly Area,1 NO LU AFET VE ACİL DURUM TOPLANMA ALANI,38.34950699936,26.307366736508,,,,,,,2026-09-20T07:31:27.118Z,COMPLETE_FOR_MAPPABLE_ROWS,compact-proximity-endpoint,Afet toplanma alanları,https://acikveri.bizizmir.com/dataset/afet-ve-acil-durum-toplanma-alanlari,CC BY 4.0,İzmir Büyükşehir Belediyesi Açık Veri Portalı
assembly:kaggle:561:39.207523811231:26.817454412781,assembly,Emergency Assembly Area,1 NO LU AFET VE ACİL DURUM TOPLANMA ALANI,39.207523811231,26.817454412781,,,,,,,2026-09-20T07:31:27.118Z,COMPLETE_FOR_MAPPABLE_ROWS,compact-proximity-endpoint,Afet toplanma alanları,https://acikveri.bizizmir.com/dataset/afet-ve-acil-durum-toplanma-alanlari,CC BY 4.0,İzmir Büyükşehir Belediyesi Açık Veri Portalı
assembly:kaggle:562:38.145201726985:27.40414902227,assembly,Emergency Assembly Area,1 NO LU AFET VE ACİL DURUM TOPLANMA ALANI,38.145201726985,27.40414902227,,,,,,,2026-09-20T07:31:27.118Z,COMPLETE_FOR_MAPPABLE_ROWS,compact-proximity-endpoint,Afet toplanma alanları,https://acikveri.bizizmir.com/dataset/afet-ve-acil-durum-toplanma-alanlari,CC BY 4.0,İzmir Büyükşehir Belediyesi Açık Veri Portalı
assembly:kaggle:563:38.60746190312:27.07376612606,assembly,Emergency Assembly Area,1 NO LU AFET VE ACİL DURUM TOPLANMA ALANI,38.60746190312,27.07376612606,,,,,,,2026-09-20T07:31:27.118Z,COMPLETE_FOR_MAPPABLE_ROWS,compact-proximity-endpoint,Afet toplanma alanları,https://acikveri.bizizmir.com/dataset/afet-ve-acil-durum-toplanma-alanlari,CC BY 4.0,İzmir Büyükşehir Belediyesi Açık Veri Portalı
assembly:kaggle:564:38.733406953133:26.897105761893,assembly,Emergency Assembly Area,1 NO LU AFET VE ACİL DURUM TOPLANMA ALANI,38.733406953133,26.897105761893,,,,,,,2026-09-20T07:31:27.118Z,COMPLETE_FOR_MAPPABLE_ROWS,compact-proximity-endpoint,Afet toplanma alanları,https://acikveri.bizizmir.com/dataset/afet-ve-acil-durum-toplanma-alanlari,CC BY 4.0,İzmir Büyükşehir Belediyesi Açık Veri Portalı
assembly:kaggle:565:38.616399536364:26.992777209611,assembly,Emergency Assembly Area,1 NO LU AFET VE ACİL DURUM TOPLANMA ALANI,38.616399536364,26.992777209611,,,,,,,2026-09-20T07:31:27.118Z,COMPLETE_FOR_MAPPABLE_ROWS,compact-proximity-endpoint,Afet toplanma alanları,https://acikveri.bizizmir.com/dataset/afet-ve-acil-durum-toplanma-alanlari,CC BY 4.0,İzmir Büyükşehir Belediyesi Açık Veri Portalı
assembly:kaggle:566:38.685720360625:26.918820903722,assembly,Emergency Assembly Area,1 NO LU AFET VE ACİL DURUM TOPLANMA ALANI,38.685720360625,26.918820903722,,,,,,,2026-09-20T07:31:27.118Z,COMPLETE_FOR_MAPPABLE_ROWS,compact-proximity-endpoint,Afet toplanma alanları,https://acikveri.bizizmir.com/dataset/afet-ve-acil-durum-toplanma-alanlari,CC BY 4.0,İzmir Büyükşehir Belediyesi Açık Veri Portalı
assembly:kaggle:567:38.606978771646:27.066133938857,assembly,Emergency Assembly Area,1 NO LU AFET VE ACİL DURUM TOPLANMA ALANI,38.606978771646,27.066133938857,,,,,,,2026-09-20T07:31:27.118Z,COMPLETE_FOR_MAPPABLE_ROWS,compact-proximity-endpoint,Afet toplanma alanları,https://acikveri.bizizmir.com/dataset/afet-ve-acil-durum-toplanma-alanlari,CC BY 4.0,İzmir Büyükşehir Belediyesi Açık Veri Portalı
assembly:kaggle:568:38.361700545791:26.894547602032,assembly,Emergency Assembly Area,1 NO LU AFET VE ACİL DURUM TOPLANMA ALANI,38.361700545791,26.894547602032,,,,,,,2026-09-20T07:31:27.118Z,COMPLETE_FOR_MAPPABLE_ROWS,compact-proximity-endpoint,Afet toplanma alanları,https://acikveri.bizizmir.com/dataset/afet-ve-acil-durum-toplanma-alanlari,CC BY 4.0,İzmir Büyükşehir Belediyesi Açık Veri Portalı
assembly:kaggle:569:38.229698698399:28.417761452149,assembly,Emergency Assembly Area,1 NO LU AFET VE ACİL DURUM TOPLANMA ALANI,38.229698698399,28.417761452149,,,,,,,2026-09-20T07:31:27.118Z,COMPLETE_FOR_MAPPABLE_ROWS,compact-proximity-endpoint,Afet toplanma alanları,https://acikveri.bizizmir.com/dataset/afet-ve-acil-durum-toplanma-alanlari,CC BY 4.0,İzmir Büyükşehir Belediyesi Açık Veri Portalı
assembly:kaggle:570:38.272162283955:28.005003570396,assembly,Emergency Assembly Area,1 NO LU AFET VE ACİL DURUM TOPLANMA ALANI,38.272162283955,28.005003570396,,,,,,,2026-09-20T07:31:27.118Z,COMPLETE_FOR_MAPPABLE_ROWS,compact-proximity-endpoint,Afet toplanma alanları,https://acikveri.bizizmir.com/dataset/afet-ve-acil-durum-toplanma-alanlari,CC BY 4.0,İzmir Büyükşehir Belediyesi Açık Veri Portalı
assembly:kaggle:571:38.147531421994:28.438446664098,assembly,Emergency Assembly Area,1 NO LU AFET VE ACİL DURUM TOPLANMA ALANI,38.147531421994,28.438446664098,,,,,,,2026-09-20T07:31:27.118Z,COMPLETE_FOR_MAPPABLE_ROWS,compact-proximity-endpoint,Afet toplanma alanları,https://acikveri.bizizmir.com/dataset/afet-ve-acil-durum-toplanma-alanlari,CC BY 4.0,İzmir Büyükşehir Belediyesi Açık Veri Portalı
assembly:kaggle:572:38.473643672475:27.073723440669,assembly,Emergency Assembly Area,1 NO LU AFET VE ACİL DURUM TOPLANMA ALANI,38.473643672475,27.073723440669,,,,,,,2026-09-20T07:31:27.118Z,COMPLETE_FOR_MAPPABLE_ROWS,compact-proximity-endpoint,Afet toplanma alanları,https://acikveri.bizizmir.com/dataset/afet-ve-acil-durum-toplanma-alanlari,CC BY 4.0,İzmir Büyükşehir Belediyesi Açık Veri Portalı
assembly:kaggle:573:39.066647147835:27.298632598176,assembly,Emergency Assembly Area,1 NO LU AFET VE ACİL DURUM TOPLANMA ALANI,39.066647147835,27.298632598176,,,,,,,2026-09-20T07:31:27.118Z,COMPLETE_FOR_MAPPABLE_ROWS,compact-proximity-endpoint,Afet toplanma alanları,https://acikveri.bizizmir.com/dataset/afet-ve-acil-durum-toplanma-alanlari,CC BY 4.0,İzmir Büyükşehir Belediyesi Açık Veri Portalı
assembly:kaggle:574:39.035217393413:27.274513003682,assembly,Emergency Assembly Area,1 NO LU AFET VE ACİL DURUM TOPLANMA ALANI,39.035217393413,27.274513003682,,,,,,,2026-09-20T07:31:27.118Z,COMPLETE_FOR_MAPPABLE_ROWS,compact-proximity-endpoint,Afet toplanma alanları,https://acikveri.bizizmir.com/dataset/afet-ve-acil-durum-toplanma-alanlari,CC BY 4.0,İzmir Büyükşehir Belediyesi Açık Veri Portalı
assembly:kaggle:575:38.262323809949:28.193744356996,assembly,Emergency Assembly Area,1 NO LU AFET VE ACİL DURUM TOPLANMA ALANI,38.262323809949,28.193744356996,,,,,,,2026-09-20T07:31:27.118Z,COMPLETE_FOR_MAPPABLE_ROWS,compact-proximity-endpoint,Afet toplanma alanları,https://acikveri.bizizmir.com/dataset/afet-ve-acil-durum-toplanma-alanlari,CC BY 4.0,İzmir Büyükşehir Belediyesi Açık Veri Portalı
assembly:kaggle:576:38.493279079229:27.11260451573,assembly,Emergency Assembly Area,1 NO LU AFET VE ACİL DURUM TOPLANMA ALANI,38.493279079229,27.11260451573,,,,,,,2026-09-20T07:31:27.118Z,COMPLETE_FOR_MAPPABLE_ROWS,compact-proximity-endpoint,Afet toplanma alanları,https://acikveri.bizizmir.com/dataset/afet-ve-acil-durum-toplanma-alanlari,CC BY 4.0,İzmir Büyükşehir Belediyesi Açık Veri Portalı
assembly:kaggle:577:38.39406064783:27.018738566441,assembly,Emergency Assembly Area,1 NO LU AFET VE ACİL DURUM TOPLANMA ALANI,38.39406064783,27.018738566441,,,,,,,2026-09-20T07:31:27.118Z,COMPLETE_FOR_MAPPABLE_ROWS,compact-proximity-endpoint,Afet toplanma alanları,https://acikveri.bizizmir.com/dataset/afet-ve-acil-durum-toplanma-alanlari,CC BY 4.0,İzmir Büyükşehir Belediyesi Açık Veri Portalı
assembly:kaggle:578:38.518365941778:27.453972887524,assembly,Emergency Assembly Area,1 NO LU AFET VE ACİL DURUM TOPLANMA ALANI,38.518365941778,27.453972887524,,,,,,,2026-09-20T07:31:27.118Z,COMPLETE_FOR_MAPPABLE_ROWS,compact-proximity-endpoint,Afet toplanma alanları,https://acikveri.bizizmir.com/dataset/afet-ve-acil-durum-toplanma-alanlari,CC BY 4.0,İzmir Büyükşehir Belediyesi Açık Veri Portalı
assembly:kaggle:579:38.47698669596:27.167428623178,assembly,Emergency Assembly Area,1 NO LU AFET VE ACİL DURUM TOPLANMA ALANI,38.47698669596,27.167428623178,,,,,,,2026-09-20T07:31:27.118Z,COMPLETE_FOR_MAPPABLE_ROWS,compact-proximity-endpoint,Afet toplanma alanları,https://acikveri.bizizmir.com/dataset/afet-ve-acil-durum-toplanma-alanlari,CC BY 4.0,İzmir Büyükşehir Belediyesi Açık Veri Portalı
assembly:kaggle:580:38.497897672348:27.376618395733,assembly,Emergency Assembly Area,1 NO LU AFET VE ACİL DURUM TOPLANMA ALANI,38.497897672348,27.376618395733,,,,,,,2026-09-20T07:31:27.118Z,COMPLETE_FOR_MAPPABLE_ROWS,compact-proximity-endpoint,Afet toplanma alanları,https://acikveri.bizizmir.com/dataset/afet-ve-acil-durum-toplanma-alanlari,CC BY 4.0,İzmir Büyükşehir Belediyesi Açık Veri Portalı
assembly:kaggle:581:38.474273718083:27.155133442755,assembly,Emergency Assembly Area,1 NO LU AFET VE ACİL DURUM TOPLANMA ALANI,38.474273718083,27.155133442755,,,,,,,2026-09-20T07:31:27.118Z,COMPLETE_FOR_MAPPABLE_ROWS,compact-proximity-endpoint,Afet toplanma alanları,https://acikveri.bizizmir.com/dataset/afet-ve-acil-durum-toplanma-alanlari,CC BY 4.0,İzmir Büyükşehir Belediyesi Açık Veri Portalı
assembly:kaggle:582:38.577544033779:27.067759400199,assembly,Emergency Assembly Area,1 NO LU AFET VE ACİL DURUM TOPLANMA ALANI,38.577544033779,27.067759400199,,,,,,,2026-09-20T07:31:27.118Z,COMPLETE_FOR_MAPPABLE_ROWS,compact-proximity-endpoint,Afet toplanma alanları,https://acikveri.bizizmir.com/dataset/afet-ve-acil-durum-toplanma-alanlari,CC BY 4.0,İzmir Büyükşehir Belediyesi Açık Veri Portalı
assembly:kaggle:583:38.549804602065:26.938842393073,assembly,Emergency Assembly Area,1 NO LU AFET VE ACİL DURUM TOPLANMA ALANI,38.549804602065,26.938842393073,,,,,,,2026-09-20T07:31:27.118Z,COMPLETE_FOR_MAPPABLE_ROWS,compact-proximity-endpoint,Afet toplanma alanları,https://acikveri.bizizmir.com/dataset/afet-ve-acil-durum-toplanma-alanlari,CC BY 4.0,İzmir Büyükşehir Belediyesi Açık Veri Portalı
assembly:kaggle:584:38.537122075331:26.911804541536,assembly,Emergency Assembly Area,1 NO LU AFET VE ACİL DURUM TOPLANMA ALANI,38.537122075331,26.911804541536,,,,,,,2026-09-20T07:31:27.118Z,COMPLETE_FOR_MAPPABLE_ROWS,compact-proximity-endpoint,Afet toplanma alanları,https://acikveri.bizizmir.com/dataset/afet-ve-acil-durum-toplanma-alanlari,CC BY 4.0,İzmir Büyükşehir Belediyesi Açık Veri Portalı
assembly:kaggle:585:38.597505345391:27.077666055834,assembly,Emergency Assembly Area,1 NO LU AFET VE ACİL DURUM TOPLANMA ALANI,38.597505345391,27.077666055834,,,,,,,2026-09-20T07:31:27.118Z,COMPLETE_FOR_MAPPABLE_ROWS,compact-proximity-endpoint,Afet toplanma alanları,https://acikveri.bizizmir.com/dataset/afet-ve-acil-durum-toplanma-alanlari,CC BY 4.0,İzmir Büyükşehir Belediyesi Açık Veri Portalı
assembly:kaggle:586:39.087843512197:27.080610252639,assembly,Emergency Assembly Area,1 NO LU AFET VE ACİL DURUM TOPLANMA ALANI,39.087843512197,27.080610252639,,,,,,,2026-09-20T07:31:27.118Z,COMPLETE_FOR_MAPPABLE_ROWS,compact-proximity-endpoint,Afet toplanma alanları,https://acikveri.bizizmir.com/dataset/afet-ve-acil-durum-toplanma-alanlari,CC BY 4.0,İzmir Büyükşehir Belediyesi Açık Veri Portalı
assembly:kaggle:587:38.942763591099:27.278578029622,assembly,Emergency Assembly Area,1 NO LU AFET VE ACİL DURUM TOPLANMA ALANI,38.942763591099,27.278578029622,,,,,,,2026-09-20T07:31:27.118Z,COMPLETE_FOR_MAPPABLE_ROWS,compact-proximity-endpoint,Afet toplanma alanları,https://acikveri.bizizmir.com/dataset/afet-ve-acil-durum-toplanma-alanlari,CC BY 4.0,İzmir Büyükşehir Belediyesi Açık Veri Portalı
assembly:kaggle:588:39.101432709491:27.15193518714,assembly,Emergency Assembly Area,1 NO LU AFET VE ACİL DURUM TOPLANMA ALANI,39.101432709491,27.15193518714,,,,,,,2026-09-20T07:31:27.118Z,COMPLETE_FOR_MAPPABLE_ROWS,compact-proximity-endpoint,Afet toplanma alanları,https://acikveri.bizizmir.com/dataset/afet-ve-acil-durum-toplanma-alanlari,CC BY 4.0,İzmir Büyükşehir Belediyesi Açık Veri Portalı
assembly:kaggle:589:38.656703877288:26.468812879074,assembly,Emergency Assembly Area,1 NO LU AFET VE ACİL DURUM TOPLANMA ALANI,38.656703877288,26.468812879074,,,,,,,2026-09-20T07:31:27.118Z,COMPLETE_FOR_MAPPABLE_ROWS,compact-proximity-endpoint,Afet toplanma alanları,https://acikveri.bizizmir.com/dataset/afet-ve-acil-durum-toplanma-alanlari,CC BY 4.0,İzmir Büyükşehir Belediyesi Açık Veri Portalı
assembly:kaggle:590:38.086781916315:27.804063125599,assembly,Emergency Assembly Area,1 NO LU AFET VE ACİL DURUM TOPLANMA ALANI,38.086781916315,27.804063125599,,,,,,,2026-09-20T07:31:27.118Z,COMPLETE_FOR_MAPPABLE_ROWS,compact-proximity-endpoint,Afet toplanma alanları,https://acikveri.bizizmir.com/dataset/afet-ve-acil-durum-toplanma-alanlari,CC BY 4.0,İzmir Büyükşehir Belediyesi Açık Veri Portalı
assembly:kaggle:591:38.697336445371:27.121085269587,assembly,Emergency Assembly Area,1 NO LU AFET VE ACİL DURUM TOPLANMA ALANI,38.697336445371,27.121085269587,,,,,,,2026-09-20T07:31:27.118Z,COMPLETE_FOR_MAPPABLE_ROWS,compact-proximity-endpoint,Afet toplanma alanları,https://acikveri.bizizmir.com/dataset/afet-ve-acil-durum-toplanma-alanlari,CC BY 4.0,İzmir Büyükşehir Belediyesi Açık Veri Portalı
assembly:kaggle:592:38.59813525219:27.061006936922,assembly,Emergency Assembly Area,1 NO LU AFET VE ACİL DURUM TOPLANMA ALANI,38.59813525219,27.061006936922,,,,,,,2026-09-20T07:31:27.118Z,COMPLETE_FOR_MAPPABLE_ROWS,compact-proximity-endpoint,Afet toplanma alanları,https://acikveri.bizizmir.com/dataset/afet-ve-acil-durum-toplanma-alanlari,CC BY 4.0,İzmir Büyükşehir Belediyesi Açık Veri Portalı
assembly:kaggle:593:38.383376606251:27.10033097523,assembly,Emergency Assembly Area,1 NO LU AFET VE ACİL DURUM TOPLANMA ALANI,38.383376606251,27.10033097523,,,,,,,2026-09-20T07:31:27.118Z,COMPLETE_FOR_MAPPABLE_ROWS,compact-proximity-endpoint,Afet toplanma alanları,https://acikveri.bizizmir.com/dataset/afet-ve-acil-durum-toplanma-alanlari,CC BY 4.0,İzmir Büyükşehir Belediyesi Açık Veri Portalı
assembly:kaggle:594:38.086215028224:27.743424048601,assembly,Emergency Assembly Area,1 NO LU AFET VE ACİL DURUM TOPLANMA ALANI,38.086215028224,27.743424048601,,,,,,,2026-09-20T07:31:27.118Z,COMPLETE_FOR_MAPPABLE_ROWS,compact-proximity-endpoint,Afet toplanma alanları,https://acikveri.bizizmir.com/dataset/afet-ve-acil-durum-toplanma-alanlari,CC BY 4.0,İzmir Büyükşehir Belediyesi Açık Veri Portalı
assembly:kaggle:595:38.236575471704:28.388064160512,assembly,Emergency Assembly Area,1 NO LU AFET VE ACİL DURUM TOPLANMA ALANI,38.236575471704,28.388064160512,,,,,,,2026-09-20T07:31:27.118Z,COMPLETE_FOR_MAPPABLE_ROWS,compact-proximity-endpoint,Afet toplanma alanları,https://acikveri.bizizmir.com/dataset/afet-ve-acil-durum-toplanma-alanlari,CC BY 4.0,İzmir Büyükşehir Belediyesi Açık Veri Portalı
assembly:kaggle:596:38.396326889764:27.127421129055,assembly,Emergency Assembly Area,1 NO LU AFET VE ACİL DURUM TOPLANMA ALANI,38.396326889764,27.127421129055,,,,,,,2026-09-20T07:31:27.118Z,COMPLETE_FOR_MAPPABLE_ROWS,compact-proximity-endpoint,Afet toplanma alanları,https://acikveri.bizizmir.com/dataset/afet-ve-acil-durum-toplanma-alanlari,CC BY 4.0,İzmir Büyükşehir Belediyesi Açık Veri Portalı
assembly:kaggle:597:38.070068942661:28.211468578221,assembly,Emergency Assembly Area,1 NO LU AFET VE ACİL DURUM TOPLANMA ALANI,38.070068942661,28.211468578221,,,,,,,2026-09-20T07:31:27.118Z,COMPLETE_FOR_MAPPABLE_ROWS,compact-proximity-endpoint,Afet toplanma alanları,https://acikveri.bizizmir.com/dataset/afet-ve-acil-durum-toplanma-alanlari,CC BY 4.0,İzmir Büyükşehir Belediyesi Açık Veri Portalı
assembly:kaggle:598:38.073177110718:28.201726837607,assembly,Emergency Assembly Area,1 NO LU AFET VE ACİL DURUM TOPLANMA ALANI,38.073177110718,28.201726837607,,,,,,,2026-09-20T07:31:27.118Z,COMPLETE_FOR_MAPPABLE_ROWS,compact-proximity-endpoint,Afet toplanma alanları,https://acikveri.bizizmir.com/dataset/afet-ve-acil-durum-toplanma-alanlari,CC BY 4.0,İzmir Büyükşehir Belediyesi Açık Veri Portalı
assembly:kaggle:599:39.103164509263:27.190773383631,assembly,Emergency Assembly Area,1 NO LU AFET VE ACİL DURUM TOPLANMA ALANI,39.103164509263,27.190773383631,,,,,,,2026-09-20T07:31:27.118Z,COMPLETE_FOR_MAPPABLE_ROWS,compact-proximity-endpoint,Afet toplanma alanları,https://acikveri.bizizmir.com/dataset/afet-ve-acil-durum-toplanma-alanlari,CC BY 4.0,İzmir Büyükşehir Belediyesi Açık Veri Portalı
assembly:kaggle:600:38.496150802916:27.049240319924,assembly,Emergency Assembly Area,1 NO LU AFET VE ACİL DURUM TOPLANMA ALANI,38.496150802916,27.049240319924,,,,,,,2026-09-20T07:31:27.118Z,COMPLETE_FOR_MAPPABLE_ROWS,compact-proximity-endpoint,Afet toplanma alanları,https://acikveri.bizizmir.com/dataset/afet-ve-acil-durum-toplanma-alanlari,CC BY 4.0,İzmir Büyükşehir Belediyesi Açık Veri Portalı
assembly:kaggle:601:38.506763611515:26.98596194101,assembly,Emergency Assembly Area,1 NO LU AFET VE ACİL DURUM TOPLANMA ALANI,38.506763611515,26.98596194101,,,,,,,2026-09-20T07:31:27.118Z,COMPLETE_FOR_MAPPABLE_ROWS,compact-proximity-endpoint,Afet toplanma alanları,https://acikveri.bizizmir.com/dataset/afet-ve-acil-durum-toplanma-alanlari,CC BY 4.0,İzmir Büyükşehir Belediyesi Açık Veri Portalı
assembly:kaggle:602:39.223550668967:27.379535412944,assembly,Emergency Assembly Area,1 NO LU AFET VE ACİL DURUM TOPLANMA ALANI,39.223550668967,27.379535412944,,,,,,,2026-09-20T07:31:27.118Z,COMPLETE_FOR_MAPPABLE_ROWS,compact-proximity-endpoint,Afet toplanma alanları,https://acikveri.bizizmir.com/dataset/afet-ve-acil-durum-toplanma-alanlari,CC BY 4.0,İzmir Büyükşehir Belediyesi Açık Veri Portalı
assembly:kaggle:603:38.396293314817:27.184079829567,assembly,Emergency Assembly Area,1 NO LU AFET VE ACİL DURUM TOPLANMA ALANI,38.396293314817,27.184079829567,,,,,,,2026-09-20T07:31:27.118Z,COMPLETE_FOR_MAPPABLE_ROWS,compact-proximity-endpoint,Afet toplanma alanları,https://acikveri.bizizmir.com/dataset/afet-ve-acil-durum-toplanma-alanlari,CC BY 4.0,İzmir Büyükşehir Belediyesi Açık Veri Portalı
assembly:kaggle:604:38.359235893565:27.13979147782,assembly,Emergency Assembly Area,1 NO LU AFET VE ACİL DURUM TOPLANMA ALANI,38.359235893565,27.13979147782,,,,,,,2026-09-20T07:31:27.118Z,COMPLETE_FOR_MAPPABLE_ROWS,compact-proximity-endpoint,Afet toplanma alanları,https://acikveri.bizizmir.com/dataset/afet-ve-acil-durum-toplanma-alanlari,CC BY 4.0,İzmir Büyükşehir Belediyesi Açık Veri Portalı
assembly:kaggle:605:38.338172910129:26.640730136999,assembly,Emergency Assembly Area,1 NO LU AFET VE ACİL DURUM TOPLANMA ALANI,38.338172910129,26.640730136999,,,,,,,2026-09-20T07:31:27.118Z,COMPLETE_FOR_MAPPABLE_ROWS,compact-proximity-endpoint,Afet toplanma alanları,https://acikveri.bizizmir.com/dataset/afet-ve-acil-durum-toplanma-alanlari,CC BY 4.0,İzmir Büyükşehir Belediyesi Açık Veri Portalı
assembly:kaggle:606:38.417008880292:27.156893059769,assembly,Emergency Assembly Area,1 NO LU AFET VE ACİL DURUM TOPLANMA ALANI,38.417008880292,27.156893059769,,,,,,,2026-09-20T07:31:27.118Z,COMPLETE_FOR_MAPPABLE_ROWS,compact-proximity-endpoint,Afet toplanma alanları,https://acikveri.bizizmir.com/dataset/afet-ve-acil-durum-toplanma-alanlari,CC BY 4.0,İzmir Büyükşehir Belediyesi Açık Veri Portalı
assembly:kaggle:607:38.393804317624:27.149372222314,assembly,Emergency Assembly Area,1 NO LU AFET VE ACİL DURUM TOPLANMA ALANI,38.393804317624,27.149372222314,,,,,,,2026-09-20T07:31:27.118Z,COMPLETE_FOR_MAPPABLE_ROWS,compact-proximity-endpoint,Afet toplanma alanları,https://acikveri.bizizmir.com/dataset/afet-ve-acil-durum-toplanma-alanlari,CC BY 4.0,İzmir Büyükşehir Belediyesi Açık Veri Portalı
assembly:kaggle:608:38.381475950774:27.130505679113,assembly,Emergency Assembly Area,1 NO LU AFET VE ACİL DURUM TOPLANMA ALANI,38.381475950774,27.130505679113,,,,,,,2026-09-20T07:31:27.118Z,COMPLETE_FOR_MAPPABLE_ROWS,compact-proximity-endpoint,Afet toplanma alanları,https://acikveri.bizizmir.com/dataset/afet-ve-acil-durum-toplanma-alanlari,CC BY 4.0,İzmir Büyükşehir Belediyesi Açık Veri Portalı
assembly:kaggle:609:38.280310469963:27.441098731808,assembly,Emergency Assembly Area,1 NO LU AFET VE ACİL DURUM TOPLANMA ALANI,38.280310469963,27.441098731808,,,,,,,2026-09-20T07:31:27.118Z,COMPLETE_FOR_MAPPABLE_ROWS,compact-proximity-endpoint,Afet toplanma alanları,https://acikveri.bizizmir.com/dataset/afet-ve-acil-durum-toplanma-alanlari,CC BY 4.0,İzmir Büyükşehir Belediyesi Açık Veri Portalı
assembly:kaggle:610:38.47289621884:27.17482076138,assembly,Emergency Assembly Area,1 NO LU AFET VE ACİL DURUM TOPLANMA ALANI,38.47289621884,27.17482076138,,,,,,,2026-09-20T07:31:27.118Z,COMPLETE_FOR_MAPPABLE_ROWS,compact-proximity-endpoint,Afet toplanma alanları,https://acikveri.bizizmir.com/dataset/afet-ve-acil-durum-toplanma-alanlari,CC BY 4.0,İzmir Büyükşehir Belediyesi Açık Veri Portalı
assembly:kaggle:611:38.379036911543:27.100674303629,assembly,Emergency Assembly Area,1 NO LU AFET VE ACİL DURUM TOPLANMA ALANI,38.379036911543,27.100674303629,,,,,,,2026-09-20T07:31:27.118Z,COMPLETE_FOR_MAPPABLE_ROWS,compact-proximity-endpoint,Afet toplanma alanları,https://acikveri.bizizmir.com/dataset/afet-ve-acil-durum-toplanma-alanlari,CC BY 4.0,İzmir Büyükşehir Belediyesi Açık Veri Portalı
assembly:kaggle:612:38.091282964715:28.171600385929,assembly,Emergency Assembly Area,1 NO LU AFET VE ACİL DURUM TOPLANMA ALANI,38.091282964715,28.171600385929,,,,,,,2026-09-20T07:31:27.118Z,COMPLETE_FOR_MAPPABLE_ROWS,compact-proximity-endpoint,Afet toplanma alanları,https://acikveri.bizizmir.com/dataset/afet-ve-acil-durum-toplanma-alanlari,CC BY 4.0,İzmir Büyükşehir Belediyesi Açık Veri Portalı
assembly:kaggle:613:38.243181140264:27.473199307811,assembly,Emergency Assembly Area,1 NO LU AFET VE ACİL DURUM TOPLANMA ALANI,38.243181140264,27.473199307811,,,,,,,2026-09-20T07:31:27.118Z,COMPLETE_FOR_MAPPABLE_ROWS,compact-proximity-endpoint,Afet toplanma alanları,https://acikveri.bizizmir.com/dataset/afet-ve-acil-durum-toplanma-alanlari,CC BY 4.0,İzmir Büyükşehir Belediyesi Açık Veri Portalı
assembly:kaggle:614:38.130856345901:27.401874543433,assembly,Emergency Assembly Area,1 NO LU AFET VE ACİL DURUM TOPLANMA ALANI,38.130856345901,27.401874543433,,,,,,,2026-09-20T07:31:27.118Z,COMPLETE_FOR_MAPPABLE_ROWS,compact-proximity-endpoint,Afet toplanma alanları,https://acikveri.bizizmir.com/dataset/afet-ve-acil-durum-toplanma-alanlari,CC BY 4.0,İzmir Büyükşehir Belediyesi Açık Veri Portalı
assembly:kaggle:615:38.462404293683:27.105405555096,assembly,Emergency Assembly Area,1 NO LU AFET VE ACİL DURUM TOPLANMA ALANI,38.462404293683,27.105405555096,,,,,,,2026-09-20T07:31:27.118Z,COMPLETE_FOR_MAPPABLE_ROWS,compact-proximity-endpoint,Afet toplanma alanları,https://acikveri.bizizmir.com/dataset/afet-ve-acil-durum-toplanma-alanlari,CC BY 4.0,İzmir Büyükşehir Belediyesi Açık Veri Portalı
assembly:kaggle:616:38.48839171722:27.096897586124,assembly,Emergency Assembly Area,1 NO LU AFET VE ACİL DURUM TOPLANMA ALANI,38.48839171722,27.096897586124,,,,,,,2026-09-20T07:31:27.118Z,COMPLETE_FOR_MAPPABLE_ROWS,compact-proximity-endpoint,Afet toplanma alanları,https://acikveri.bizizmir.com/dataset/afet-ve-acil-durum-toplanma-alanlari,CC BY 4.0,İzmir Büyükşehir Belediyesi Açık Veri Portalı
assembly:kaggle:617:38.454120629198:27.117711482891,assembly,Emergency Assembly Area,1 NO LU AFET VE ACİL DURUM TOPLANMA ALANI,38.454120629198,27.117711482891,,,,,,,2026-09-20T07:31:27.118Z,COMPLETE_FOR_MAPPABLE_ROWS,compact-proximity-endpoint,Afet toplanma alanları,https://acikveri.bizizmir.com/dataset/afet-ve-acil-durum-toplanma-alanlari,CC BY 4.0,İzmir Büyükşehir Belediyesi Açık Veri Portalı
assembly:kaggle:618:38.185995508687:28.289445227412,assembly,Emergency Assembly Area,1 NO LU AFET VE ACİL DURUM TOPLANMA ALANI,38.185995508687,28.289445227412,,,,,,,2026-09-20T07:31:27.118Z,COMPLETE_FOR_MAPPABLE_ROWS,compact-proximity-endpoint,Afet toplanma alanları,https://acikveri.bizizmir.com/dataset/afet-ve-acil-durum-toplanma-alanlari,CC BY 4.0,İzmir Büyükşehir Belediyesi Açık Veri Portalı
assembly:kaggle:619:38.044927431771:27.187299047747,assembly,Emergency Assembly Area,1 NO LU AFET VE ACİL DURUM TOPLANMA ALANI,38.044927431771,27.187299047747,,,,,,,2026-09-20T07:31:27.118Z,COMPLETE_FOR_MAPPABLE_ROWS,compact-proximity-endpoint,Afet toplanma alanları,https://acikveri.bizizmir.com/dataset/afet-ve-acil-durum-toplanma-alanlari,CC BY 4.0,İzmir Büyükşehir Belediyesi Açık Veri Portalı
assembly:kaggle:620:38.528278498679:27.047995725843,assembly,Emergency Assembly Area,1 NO LU AFET VE ACİL DURUM TOPLANMA ALANI,38.528278498679,27.047995725843,,,,,,,2026-09-20T07:31:27.118Z,COMPLETE_FOR_MAPPABLE_ROWS,compact-proximity-endpoint,Afet toplanma alanları,https://acikveri.bizizmir.com/dataset/afet-ve-acil-durum-toplanma-alanlari,CC BY 4.0,İzmir Büyükşehir Belediyesi Açık Veri Portalı
assembly:kaggle:621:38.515265870454:27.053743693624,assembly,Emergency Assembly Area,1 NO LU AFET VE ACİL DURUM TOPLANMA ALANI,38.515265870454,27.053743693624,,,,,,,2026-09-20T07:31:27.118Z,COMPLETE_FOR_MAPPABLE_ROWS,compact-proximity-endpoint,Afet toplanma alanları,https://acikveri.bizizmir.com/dataset/afet-ve-acil-durum-toplanma-alanlari,CC BY 4.0,İzmir Büyükşehir Belediyesi Açık Veri Portalı
assembly:kaggle:622:38.484377462321:27.095395563392,assembly,Emergency Assembly Area,1 NO LU AFET VE ACİL DURUM TOPLANMA ALANI,38.484377462321,27.095395563392,,,,,,,2026-09-20T07:31:27.118Z,COMPLETE_FOR_MAPPABLE_ROWS,compact-proximity-endpoint,Afet toplanma alanları,https://acikveri.bizizmir.com/dataset/afet-ve-acil-durum-toplanma-alanlari,CC BY 4.0,İzmir Büyükşehir Belediyesi Açık Veri Portalı
assembly:kaggle:623:38.635617816473:27.025204922978,assembly,Emergency Assembly Area,1 NO LU AFET VE ACİL DURUM TOPLANMA ALANI,38.635617816473,27.025204922978,,,,,,,2026-09-20T07:31:27.118Z,COMPLETE_FOR_MAPPABLE_ROWS,compact-proximity-endpoint,Afet toplanma alanları,https://acikveri.bizizmir.com/dataset/afet-ve-acil-durum-toplanma-alanlari,CC BY 4.0,İzmir Büyükşehir Belediyesi Açık Veri Portalı
assembly:kaggle:624:38.179804371669:27.113012738987,assembly,Emergency Assembly Area,1 NO LU AFET VE ACİL DURUM TOPLANMA ALANI,38.179804371669,27.113012738987,,,,,,,2026-09-20T07:31:27.118Z,COMPLETE_FOR_MAPPABLE_ROWS,compact-proximity-endpoint,Afet toplanma alanları,https://acikveri.bizizmir.com/dataset/afet-ve-acil-durum-toplanma-alanlari,CC BY 4.0,İzmir Büyükşehir Belediyesi Açık Veri Portalı
assembly:kaggle:625:37.987555458626:27.77121844795,assembly,Emergency Assembly Area,1 NO LU AFET VE ACİL DURUM TOPLANMA ALANI,37.987555458626,27.77121844795,,,,,,,2026-09-20T07:31:27.118Z,COMPLETE_FOR_MAPPABLE_ROWS,compact-proximity-endpoint,Afet toplanma alanları,https://acikveri.bizizmir.com/dataset/afet-ve-acil-durum-toplanma-alanlari,CC BY 4.0,İzmir Büyükşehir Belediyesi Açık Veri Portalı
assembly:kaggle:626:38.084643283555:27.73793225555,assembly,Emergency Assembly Area,1 NO LU AFET VE ACİL DURUM TOPLANMA ALANI,38.084643283555,27.73793225555,,,,,,,2026-09-20T07:31:27.118Z,COMPLETE_FOR_MAPPABLE_ROWS,compact-proximity-endpoint,Afet toplanma alanları,https://acikveri.bizizmir.com/dataset/afet-ve-acil-durum-toplanma-alanlari,CC BY 4.0,İzmir Büyükşehir Belediyesi Açık Veri Portalı
assembly:kaggle:627:38.316939837084:26.326700063622,assembly,Emergency Assembly Area,1 NO LU AFET VE ACİL DURUM TOPLANMA ALANI,38.316939837084,26.326700063622,,,,,,,2026-09-20T07:31:27.118Z,COMPLETE_FOR_MAPPABLE_ROWS,compact-proximity-endpoint,Afet toplanma alanları,https://acikveri.bizizmir.com/dataset/afet-ve-acil-durum-toplanma-alanlari,CC BY 4.0,İzmir Büyükşehir Belediyesi Açık Veri Portalı
assembly:kaggle:628:38.182689658751:28.20309996925,assembly,Emergency Assembly Area,1 NO LU AFET VE ACİL DURUM TOPLANMA ALANI,38.182689658751,28.20309996925,,,,,,,2026-09-20T07:31:27.118Z,COMPLETE_FOR_MAPPABLE_ROWS,compact-proximity-endpoint,Afet toplanma alanları,https://acikveri.bizizmir.com/dataset/afet-ve-acil-durum-toplanma-alanlari,CC BY 4.0,İzmir Büyükşehir Belediyesi Açık Veri Portalı
assembly:kaggle:629:38.21607785151:28.218206051594,assembly,Emergency Assembly Area,1 NO LU AFET VE ACİL DURUM TOPLANMA ALANI,38.21607785151,28.218206051594,,,,,,,2026-09-20T07:31:27.118Z,COMPLETE_FOR_MAPPABLE_ROWS,compact-proximity-endpoint,Afet toplanma alanları,https://acikveri.bizizmir.com/dataset/afet-ve-acil-durum-toplanma-alanlari,CC BY 4.0,İzmir Büyükşehir Belediyesi Açık Veri Portalı
assembly:kaggle:630:38.161907205162:28.366005876651,assembly,Emergency Assembly Area,1 NO LU AFET VE ACİL DURUM TOPLANMA ALANI,38.161907205162,28.366005876651,,,,,,,2026-09-20T07:31:27.118Z,COMPLETE_FOR_MAPPABLE_ROWS,compact-proximity-endpoint,Afet toplanma alanları,https://acikveri.bizizmir.com/dataset/afet-ve-acil-durum-toplanma-alanlari,CC BY 4.0,İzmir Büyükşehir Belediyesi Açık Veri Portalı
assembly:kaggle:631:38.19968927049:28.295496243618,assembly,Emergency Assembly Area,1 NO LU AFET VE ACİL DURUM TOPLANMA ALANI,38.19968927049,28.295496243618,,,,,,,2026-09-20T07:31:27.118Z,COMPLETE_FOR_MAPPABLE_ROWS,compact-proximity-endpoint,Afet toplanma alanları,https://acikveri.bizizmir.com/dataset/afet-ve-acil-durum-toplanma-alanlari,CC BY 4.0,İzmir Büyükşehir Belediyesi Açık Veri Portalı
assembly:kaggle:632:38.240552823536:28.262580273033,assembly,Emergency Assembly Area,1 NO LU AFET VE ACİL DURUM TOPLANMA ALANI,38.240552823536,28.262580273033,,,,,,,2026-09-20T07:31:27.118Z,COMPLETE_FOR_MAPPABLE_ROWS,compact-proximity-endpoint,Afet toplanma alanları,https://acikveri.bizizmir.com/dataset/afet-ve-acil-durum-toplanma-alanlari,CC BY 4.0,İzmir Büyükşehir Belediyesi Açık Veri Portalı
assembly:kaggle:633:38.304674232047:26.379818287132,assembly,Emergency Assembly Area,1 NO LU AFET VE ACİL DURUM TOPLANMA ALANI,38.304674232047,26.379818287132,,,,,,,2026-09-20T07:31:27.118Z,COMPLETE_FOR_MAPPABLE_ROWS,compact-proximity-endpoint,Afet toplanma alanları,https://acikveri.bizizmir.com/dataset/afet-ve-acil-durum-toplanma-alanlari,CC BY 4.0,İzmir Büyükşehir Belediyesi Açık Veri Portalı
assembly:kaggle:634:38.348534093623:27.228754559489,assembly,Emergency Assembly Area,1 NO LU AFET VE ACİL DURUM TOPLANMA ALANI,38.348534093623,27.228754559489,,,,,,,2026-09-20T07:31:27.118Z,COMPLETE_FOR_MAPPABLE_ROWS,compact-proximity-endpoint,Afet toplanma alanları,https://acikveri.bizizmir.com/dataset/afet-ve-acil-durum-toplanma-alanlari,CC BY 4.0,İzmir Büyükşehir Belediyesi Açık Veri Portalı
assembly:kaggle:635:38.412688475246:27.611814911016,assembly,Emergency Assembly Area,1 NO LU AFET VE ACİL DURUM TOPLANMA ALANI,38.412688475246,27.611814911016,,,,,,,2026-09-20T07:31:27.118Z,COMPLETE_FOR_MAPPABLE_ROWS,compact-proximity-endpoint,Afet toplanma alanları,https://acikveri.bizizmir.com/dataset/afet-ve-acil-durum-toplanma-alanlari,CC BY 4.0,İzmir Büyükşehir Belediyesi Açık Veri Portalı
assembly:kaggle:636:38.395843264817:27.000277010976,assembly,Emergency Assembly Area,1 NO LU AFET VE ACİL DURUM TOPLANMA ALANI,38.395843264817,27.000277010976,,,,,,,2026-09-20T07:31:27.118Z,COMPLETE_FOR_MAPPABLE_ROWS,compact-proximity-endpoint,Afet toplanma alanları,https://acikveri.bizizmir.com/dataset/afet-ve-acil-durum-toplanma-alanlari,CC BY 4.0,İzmir Büyükşehir Belediyesi Açık Veri Portalı
assembly:kaggle:637:38.429835458632:27.168437208231,assembly,Emergency Assembly Area,1 NO LU AFET VE ACİL DURUM TOPLANMA ALANI,38.429835458632,27.168437208231,,,,,,,2026-09-20T07:31:27.118Z,COMPLETE_FOR_MAPPABLE_ROWS,compact-proximity-endpoint,Afet toplanma alanları,https://acikveri.bizizmir.com/dataset/afet-ve-acil-durum-toplanma-alanlari,CC BY 4.0,İzmir Büyükşehir Belediyesi Açık Veri Portalı
assembly:kaggle:638:38.209670582007:27.542464379197,assembly,Emergency Assembly Area,1 NO LU AFET VE ACİL DURUM TOPLANMA ALANI,38.209670582007,27.542464379197,,,,,,,2026-09-20T07:31:27.118Z,COMPLETE_FOR_MAPPABLE_ROWS,compact-proximity-endpoint,Afet toplanma alanları,https://acikveri.bizizmir.com/dataset/afet-ve-acil-durum-toplanma-alanlari,CC BY 4.0,İzmir Büyükşehir Belediyesi Açık Veri Portalı
assembly:kaggle:639:38.414798518639:27.629796347896,assembly,Emergency Assembly Area,1 NO LU AFET VE ACİL DURUM TOPLANMA ALANI,38.414798518639,27.629796347896,,,,,,,2026-09-20T07:31:27.118Z,COMPLETE_FOR_MAPPABLE_ROWS,compact-proximity-endpoint,Afet toplanma alanları,https://acikveri.bizizmir.com/dataset/afet-ve-acil-durum-toplanma-alanlari,CC BY 4.0,İzmir Büyükşehir Belediyesi Açık Veri Portalı
assembly:kaggle:640:38.221429817194:27.647702987061,assembly,Emergency Assembly Area,1 NO LU AFET VE ACİL DURUM TOPLANMA ALANI,38.221429817194,27.647702987061,,,,,,,2026-09-20T07:31:27.118Z,COMPLETE_FOR_MAPPABLE_ROWS,compact-proximity-endpoint,Afet toplanma alanları,https://acikveri.bizizmir.com/dataset/afet-ve-acil-durum-toplanma-alanlari,CC BY 4.0,İzmir Büyükşehir Belediyesi Açık Veri Portalı
assembly:kaggle:641:38.171033263319:27.497425012345,assembly,Emergency Assembly Area,1 NO LU AFET VE ACİL DURUM TOPLANMA ALANI,38.171033263319,27.497425012345,,,,,,,2026-09-20T07:31:27.118Z,COMPLETE_FOR_MAPPABLE_ROWS,compact-proximity-endpoint,Afet toplanma alanları,https://acikveri.bizizmir.com/dataset/afet-ve-acil-durum-toplanma-alanlari,CC BY 4.0,İzmir Büyükşehir Belediyesi Açık Veri Portalı
assembly:kaggle:642:38.290845676504:27.517004850615,assembly,Emergency Assembly Area,1 NO LU AFET VE ACİL DURUM TOPLANMA ALANI,38.290845676504,27.517004850615,,,,,,,2026-09-20T07:31:27.118Z,COMPLETE_FOR_MAPPABLE_ROWS,compact-proximity-endpoint,Afet toplanma alanları,https://acikveri.bizizmir.com/dataset/afet-ve-acil-durum-toplanma-alanlari,CC BY 4.0,İzmir Büyükşehir Belediyesi Açık Veri Portalı
assembly:kaggle:643:38.205085251302:28.453810210736,assembly,Emergency Assembly Area,1 NO LU AFET VE ACİL DURUM TOPLANMA ALANI,38.205085251302,28.453810210736,,,,,,,2026-09-20T07:31:27.118Z,COMPLETE_FOR_MAPPABLE_ROWS,compact-proximity-endpoint,Afet toplanma alanları,https://acikveri.bizizmir.com/dataset/afet-ve-acil-durum-toplanma-alanlari,CC BY 4.0,İzmir Büyükşehir Belediyesi Açık Veri Portalı
assembly:kaggle:644:38.230507782629:28.436129134877,assembly,Emergency Assembly Area,1 NO LU AFET VE ACİL DURUM TOPLANMA ALANI,38.230507782629,28.436129134877,,,,,,,2026-09-20T07:31:27.118Z,COMPLETE_FOR_MAPPABLE_ROWS,compact-proximity-endpoint,Afet toplanma alanları,https://acikveri.bizizmir.com/dataset/afet-ve-acil-durum-toplanma-alanlari,CC BY 4.0,İzmir Büyükşehir Belediyesi Açık Veri Portalı
assembly:kaggle:645:38.245372208053:27.748993386713,assembly,Emergency Assembly Area,1 NO LU AFET VE ACİL DURUM TOPLANMA ALANI,38.245372208053,27.748993386713,,,,,,,2026-09-20T07:31:27.118Z,COMPLETE_FOR_MAPPABLE_ROWS,compact-proximity-endpoint,Afet toplanma alanları,https://acikveri.bizizmir.com/dataset/afet-ve-acil-durum-toplanma-alanlari,CC BY 4.0,İzmir Büyükşehir Belediyesi Açık Veri Portalı
assembly:kaggle:646:38.240754541298:27.69077901911,assembly,Emergency Assembly Area,1 NO LU AFET VE ACİL DURUM TOPLANMA ALANI,38.240754541298,27.69077901911,,,,,,,2026-09-20T07:31:27.118Z,COMPLETE_FOR_MAPPABLE_ROWS,compact-proximity-endpoint,Afet toplanma alanları,https://acikveri.bizizmir.com/dataset/afet-ve-acil-durum-toplanma-alanlari,CC BY 4.0,İzmir Büyükşehir Belediyesi Açık Veri Portalı
assembly:kaggle:647:38.466218238847:27.17880115102,assembly,Emergency Assembly Area,1 NO LU AFET VE ACİL DURUM TOPLANMA ALANI,38.466218238847,27.17880115102,,,,,,,2026-09-20T07:31:27.118Z,COMPLETE_FOR_MAPPABLE_ROWS,compact-proximity-endpoint,Afet toplanma alanları,https://acikveri.bizizmir.com/dataset/afet-ve-acil-durum-toplanma-alanlari,CC BY 4.0,İzmir Büyükşehir Belediyesi Açık Veri Portalı
assembly:kaggle:648:38.483680439244:27.128987383305,assembly,Emergency Assembly Area,1 NO LU AFET VE ACİL DURUM TOPLANMA ALANI,38.483680439244,27.128987383305,,,,,,,2026-09-20T07:31:27.118Z,COMPLETE_FOR_MAPPABLE_ROWS,compact-proximity-endpoint,Afet toplanma alanları,https://acikveri.bizizmir.com/dataset/afet-ve-acil-durum-toplanma-alanlari,CC BY 4.0,İzmir Büyükşehir Belediyesi Açık Veri Portalı
assembly:kaggle:649:38.382627921767:26.92209371422,assembly,Emergency Assembly Area,1 NO LU AFET VE ACİL DURUM TOPLANMA ALANI,38.382627921767,26.92209371422,,,,,,,2026-09-20T07:31:27.118Z,COMPLETE_FOR_MAPPABLE_ROWS,compact-proximity-endpoint,Afet toplanma alanları,https://acikveri.bizizmir.com/dataset/afet-ve-acil-durum-toplanma-alanlari,CC BY 4.0,İzmir Büyükşehir Belediyesi Açık Veri Portalı
assembly:kaggle:650:39.090558497277:27.349033704406,assembly,Emergency Assembly Area,1 NO LU AFET VE ACİL DURUM TOPLANMA ALANI,39.090558497277,27.349033704406,,,,,,,2026-09-20T07:31:27.118Z,COMPLETE_FOR_MAPPABLE_ROWS,compact-proximity-endpoint,Afet toplanma alanları,https://acikveri.bizizmir.com/dataset/afet-ve-acil-durum-toplanma-alanlari,CC BY 4.0,İzmir Büyükşehir Belediyesi Açık Veri Portalı
assembly:kaggle:651:39.090558519339:27.37045908698,assembly,Emergency Assembly Area,1 NO LU AFET VE ACİL DURUM TOPLANMA ALANI,39.090558519339,27.37045908698,,,,,,,2026-09-20T07:31:27.118Z,COMPLETE_FOR_MAPPABLE_ROWS,compact-proximity-endpoint,Afet toplanma alanları,https://acikveri.bizizmir.com/dataset/afet-ve-acil-durum-toplanma-alanlari,CC BY 4.0,İzmir Büyükşehir Belediyesi Açık Veri Portalı
assembly:kaggle:652:38.138181256195:27.37814783045,assembly,Emergency Assembly Area,1 NO LU AFET VE ACİL DURUM TOPLANMA ALANI,38.138181256195,27.37814783045,,,,,,,2026-09-20T07:31:27.118Z,COMPLETE_FOR_MAPPABLE_ROWS,compact-proximity-endpoint,Afet toplanma alanları,https://acikveri.bizizmir.com/dataset/afet-ve-acil-durum-toplanma-alanlari,CC BY 4.0,İzmir Büyükşehir Belediyesi Açık Veri Portalı
assembly:kaggle:653:38.195493568534:27.235733885394,assembly,Emergency Assembly Area,1 NO LU AFET VE ACİL DURUM TOPLANMA ALANI,38.195493568534,27.235733885394,,,,,,,2026-09-20T07:31:27.118Z,COMPLETE_FOR_MAPPABLE_ROWS,compact-proximity-endpoint,Afet toplanma alanları,https://acikveri.bizizmir.com/dataset/afet-ve-acil-durum-toplanma-alanlari,CC BY 4.0,İzmir Büyükşehir Belediyesi Açık Veri Portalı
assembly:kaggle:654:38.218100169376:27.449424366285,assembly,Emergency Assembly Area,1 NO LU AFET VE ACİL DURUM TOPLANMA ALANI,38.218100169376,27.449424366285,,,,,,,2026-09-20T07:31:27.118Z,COMPLETE_FOR_MAPPABLE_ROWS,compact-proximity-endpoint,Afet toplanma alanları,https://acikveri.bizizmir.com/dataset/afet-ve-acil-durum-toplanma-alanlari,CC BY 4.0,İzmir Büyükşehir Belediyesi Açık Veri Portalı
assembly:kaggle:655:39.012322212563:27.373653714678,assembly,Emergency Assembly Area,1 NO LU AFET VE ACİL DURUM TOPLANMA ALANI,39.012322212563,27.373653714678,,,,,,,2026-09-20T07:31:27.118Z,COMPLETE_FOR_MAPPABLE_ROWS,compact-proximity-endpoint,Afet toplanma alanları,https://acikveri.bizizmir.com/dataset/afet-ve-acil-durum-toplanma-alanlari,CC BY 4.0,İzmir Büyükşehir Belediyesi Açık Veri Portalı
assembly:kaggle:656:39.091049834018:27.384658632403,assembly,Emergency Assembly Area,1 NO LU AFET VE ACİL DURUM TOPLANMA ALANI,39.091049834018,27.384658632403,,,,,,,2026-09-20T07:31:27.118Z,COMPLETE_FOR_MAPPABLE_ROWS,compact-proximity-endpoint,Afet toplanma alanları,https://acikveri.bizizmir.com/dataset/afet-ve-acil-durum-toplanma-alanlari,CC BY 4.0,İzmir Büyükşehir Belediyesi Açık Veri Portalı
assembly:kaggle:657:38.390537376339:27.101752526758,assembly,Emergency Assembly Area,1 NO LU AFET VE ACİL DURUM TOPLANMA ALANI,38.390537376339,27.101752526758,,,,,,,2026-09-20T07:31:27.118Z,COMPLETE_FOR_MAPPABLE_ROWS,compact-proximity-endpoint,Afet toplanma alanları,https://acikveri.bizizmir.com/dataset/afet-ve-acil-durum-toplanma-alanlari,CC BY 4.0,İzmir Büyükşehir Belediyesi Açık Veri Portalı
assembly:kaggle:658:38.162581180844:27.413633237772,assembly,Emergency Assembly Area,1 NO LU AFET VE ACİL DURUM TOPLANMA ALANI,38.162581180844,27.413633237772,,,,,,,2026-09-20T07:31:27.118Z,COMPLETE_FOR_MAPPABLE_ROWS,compact-proximity-endpoint,Afet toplanma alanları,https://acikveri.bizizmir.com/dataset/afet-ve-acil-durum-toplanma-alanlari,CC BY 4.0,İzmir Büyükşehir Belediyesi Açık Veri Portalı
assembly:kaggle:659:38.083512740107:27.727191405131,assembly,Emergency Assembly Area,1 NO LU AFET VE ACİL DURUM TOPLANMA ALANI,38.083512740107,27.727191405131,,,,,,,2026-09-20T07:31:27.118Z,COMPLETE_FOR_MAPPABLE_ROWS,compact-proximity-endpoint,Afet toplanma alanları,https://acikveri.bizizmir.com/dataset/afet-ve-acil-durum-toplanma-alanlari,CC BY 4.0,İzmir Büyükşehir Belediyesi Açık Veri Portalı
assembly:kaggle:660:39.083895525059:27.449456479499,assembly,Emergency Assembly Area,1 NO LU AFET VE ACİL DURUM TOPLANMA ALANI,39.083895525059,27.449456479499,,,,,,,2026-09-20T07:31:27.118Z,COMPLETE_FOR_MAPPABLE_ROWS,compact-proximity-endpoint,Afet toplanma alanları,https://acikveri.bizizmir.com/dataset/afet-ve-acil-durum-toplanma-alanlari,CC BY 4.0,İzmir Büyükşehir Belediyesi Açık Veri Portalı
assembly:kaggle:661:38.999208859937:27.319886434674,assembly,Emergency Assembly Area,1 NO LU AFET VE ACİL DURUM TOPLANMA ALANI,38.999208859937,27.319886434674,,,,,,,2026-09-20T07:31:27.118Z,COMPLETE_FOR_MAPPABLE_ROWS,compact-proximity-endpoint,Afet toplanma alanları,https://acikveri.bizizmir.com/dataset/afet-ve-acil-durum-toplanma-alanlari,CC BY 4.0,İzmir Büyükşehir Belediyesi Açık Veri Portalı
assembly:kaggle:662:38.120905674774:27.329090503048,assembly,Emergency Assembly Area,1 NO LU AFET VE ACİL DURUM TOPLANMA ALANI,38.120905674774,27.329090503048,,,,,,,2026-09-20T07:31:27.118Z,COMPLETE_FOR_MAPPABLE_ROWS,compact-proximity-endpoint,Afet toplanma alanları,https://acikveri.bizizmir.com/dataset/afet-ve-acil-durum-toplanma-alanlari,CC BY 4.0,İzmir Büyükşehir Belediyesi Açık Veri Portalı
assembly:kaggle:663:38.272701488139:28.16052802465,assembly,Emergency Assembly Area,1 NO LU AFET VE ACİL DURUM TOPLANMA ALANI,38.272701488139,28.16052802465,,,,,,,2026-09-20T07:31:27.118Z,COMPLETE_FOR_MAPPABLE_ROWS,compact-proximity-endpoint,Afet toplanma alanları,https://acikveri.bizizmir.com/dataset/afet-ve-acil-durum-toplanma-alanlari,CC BY 4.0,İzmir Büyükşehir Belediyesi Açık Veri Portalı
assembly:kaggle:664:38.359216949439:27.12516546524,assembly,Emergency Assembly Area,1 NO LU AFET VE ACİL DURUM TOPLANMA ALANI,38.359216949439,27.12516546524,,,,,,,2026-09-20T07:31:27.118Z,COMPLETE_FOR_MAPPABLE_ROWS,compact-proximity-endpoint,Afet toplanma alanları,https://acikveri.bizizmir.com/dataset/afet-ve-acil-durum-toplanma-alanlari,CC BY 4.0,İzmir Büyükşehir Belediyesi Açık Veri Portalı
assembly:kaggle:665:38.023647666866:27.753796192911,assembly,Emergency Assembly Area,1 NO LU AFET VE ACİL DURUM TOPLANMA ALANI,38.023647666866,27.753796192911,,,,,,,2026-09-20T07:31:27.118Z,COMPLETE_FOR_MAPPABLE_ROWS,compact-proximity-endpoint,Afet toplanma alanları,https://acikveri.bizizmir.com/dataset/afet-ve-acil-durum-toplanma-alanlari,CC BY 4.0,İzmir Büyükşehir Belediyesi Açık Veri Portalı
assembly:kaggle:666:38.037819778517:27.791088077523,assembly,Emergency Assembly Area,1 NO LU AFET VE ACİL DURUM TOPLANMA ALANI,38.037819778517,27.791088077523,,,,,,,2026-09-20T07:31:27.118Z,COMPLETE_FOR_MAPPABLE_ROWS,compact-proximity-endpoint,Afet toplanma alanları,https://acikveri.bizizmir.com/dataset/afet-ve-acil-durum-toplanma-alanlari,CC BY 4.0,İzmir Büyükşehir Belediyesi Açık Veri Portalı
assembly:kaggle:667:38.162851887775:28.238204581009,assembly,Emergency Assembly Area,1 NO LU AFET VE ACİL DURUM TOPLANMA ALANI,38.162851887775,28.238204581009,,,,,,,2026-09-20T07:31:27.118Z,COMPLETE_FOR_MAPPABLE_ROWS,compact-proximity-endpoint,Afet toplanma alanları,https://acikveri.bizizmir.com/dataset/afet-ve-acil-durum-toplanma-alanlari,CC BY 4.0,İzmir Büyükşehir Belediyesi Açık Veri Portalı
assembly:kaggle:668:38.209030626768:28.353217099299,assembly,Emergency Assembly Area,1 NO LU AFET VE ACİL DURUM TOPLANMA ALANI,38.209030626768,28.353217099299,,,,,,,2026-09-20T07:31:27.118Z,COMPLETE_FOR_MAPPABLE_ROWS,compact-proximity-endpoint,Afet toplanma alanları,https://acikveri.bizizmir.com/dataset/afet-ve-acil-durum-toplanma-alanlari,CC BY 4.0,İzmir Büyükşehir Belediyesi Açık Veri Portalı
assembly:kaggle:669:38.381416592396:26.680256233805,assembly,Emergency Assembly Area,1 NO LU AFET VE ACİL DURUM TOPLANMA ALANI,38.381416592396,26.680256233805,,,,,,,2026-09-20T07:31:27.118Z,COMPLETE_FOR_MAPPABLE_ROWS,compact-proximity-endpoint,Afet toplanma alanları,https://acikveri.bizizmir.com/dataset/afet-ve-acil-durum-toplanma-alanlari,CC BY 4.0,İzmir Büyükşehir Belediyesi Açık Veri Portalı
assembly:kaggle:670:38.298983882507:26.525837021821,assembly,Emergency Assembly Area,1 NO LU AFET VE ACİL DURUM TOPLANMA ALANI,38.298983882507,26.525837021821,,,,,,,2026-09-20T07:31:27.118Z,COMPLETE_FOR_MAPPABLE_ROWS,compact-proximity-endpoint,Afet toplanma alanları,https://acikveri.bizizmir.com/dataset/afet-ve-acil-durum-toplanma-alanlari,CC BY 4.0,İzmir Büyükşehir Belediyesi Açık Veri Portalı
assembly:kaggle:671:38.426708235745:26.57777482262,assembly,Emergency Assembly Area,1 NO LU AFET VE ACİL DURUM TOPLANMA ALANI,38.426708235745,26.57777482262,,,,,,,2026-09-20T07:31:27.118Z,COMPLETE_FOR_MAPPABLE_ROWS,compact-proximity-endpoint,Afet toplanma alanları,https://acikveri.bizizmir.com/dataset/afet-ve-acil-durum-toplanma-alanlari,CC BY 4.0,İzmir Büyükşehir Belediyesi Açık Veri Portalı
assembly:kaggle:672:38.085303745081:27.399986350562,assembly,Emergency Assembly Area,1 NO LU AFET VE ACİL DURUM TOPLANMA ALANI,38.085303745081,27.399986350562,,,,,,,2026-09-20T07:31:27.118Z,COMPLETE_FOR_MAPPABLE_ROWS,compact-proximity-endpoint,Afet toplanma alanları,https://acikveri.bizizmir.com/dataset/afet-ve-acil-durum-toplanma-alanlari,CC BY 4.0,İzmir Büyükşehir Belediyesi Açık Veri Portalı
assembly:kaggle:673:38.399834179745:27.106438306738,assembly,Emergency Assembly Area,1 NO LU AFET VE ACİL DURUM TOPLANMA ALANI,38.399834179745,27.106438306738,,,,,,,2026-09-20T07:31:27.118Z,COMPLETE_FOR_MAPPABLE_ROWS,compact-proximity-endpoint,Afet toplanma alanları,https://acikveri.bizizmir.com/dataset/afet-ve-acil-durum-toplanma-alanlari,CC BY 4.0,İzmir Büyükşehir Belediyesi Açık Veri Portalı
assembly:kaggle:674:38.70154297711:27.195862199969,assembly,Emergency Assembly Area,1 NO LU AFET VE ACİL DURUM TOPLANMA ALANI,38.70154297711,27.195862199969,,,,,,,2026-09-20T07:31:27.118Z,COMPLETE_FOR_MAPPABLE_ROWS,compact-proximity-endpoint,Afet toplanma alanları,https://acikveri.bizizmir.com/dataset/afet-ve-acil-durum-toplanma-alanlari,CC BY 4.0,İzmir Büyükşehir Belediyesi Açık Veri Portalı
assembly:kaggle:675:38.111511862503:28.41286928411,assembly,Emergency Assembly Area,1 NO LU AFET VE ACİL DURUM TOPLANMA ALANI,38.111511862503,28.41286928411,,,,,,,2026-09-20T07:31:27.118Z,COMPLETE_FOR_MAPPABLE_ROWS,compact-proximity-endpoint,Afet toplanma alanları,https://acikveri.bizizmir.com/dataset/afet-ve-acil-durum-toplanma-alanlari,CC BY 4.0,İzmir Büyükşehir Belediyesi Açık Veri Portalı
assembly:kaggle:676:39.024276119777:26.910129985004,assembly,Emergency Assembly Area,1 NO LU AFET VE ACİL DURUM TOPLANMA ALANI,39.024276119777,26.910129985004,,,,,,,2026-09-20T07:31:27.118Z,COMPLETE_FOR_MAPPABLE_ROWS,compact-proximity-endpoint,Afet toplanma alanları,https://acikveri.bizizmir.com/dataset/afet-ve-acil-durum-toplanma-alanlari,CC BY 4.0,İzmir Büyükşehir Belediyesi Açık Veri Portalı
assembly:kaggle:677:38.32600249732:26.758171431685,assembly,Emergency Assembly Area,1 NO LU AFET VE ACİL DURUM TOPLANMA ALANI,38.32600249732,26.758171431685,,,,,,,2026-09-20T07:31:27.118Z,COMPLETE_FOR_MAPPABLE_ROWS,compact-proximity-endpoint,Afet toplanma alanları,https://acikveri.bizizmir.com/dataset/afet-ve-acil-durum-toplanma-alanlari,CC BY 4.0,İzmir Büyükşehir Belediyesi Açık Veri Portalı
assembly:kaggle:678:38.157991519639:26.892471936658,assembly,Emergency Assembly Area,1 NO LU AFET VE ACİL DURUM TOPLANMA ALANI,38.157991519639,26.892471936658,,,,,,,2026-09-20T07:31:27.118Z,COMPLETE_FOR_MAPPABLE_ROWS,compact-proximity-endpoint,Afet toplanma alanları,https://acikveri.bizizmir.com/dataset/afet-ve-acil-durum-toplanma-alanlari,CC BY 4.0,İzmir Büyükşehir Belediyesi Açık Veri Portalı
assembly:kaggle:679:38.318463922158:26.760110672452,assembly,Emergency Assembly Area,1 NO LU AFET VE ACİL DURUM TOPLANMA ALANI,38.318463922158,26.760110672452,,,,,,,2026-09-20T07:31:27.118Z,COMPLETE_FOR_MAPPABLE_ROWS,compact-proximity-endpoint,Afet toplanma alanları,https://acikveri.bizizmir.com/dataset/afet-ve-acil-durum-toplanma-alanlari,CC BY 4.0,İzmir Büyükşehir Belediyesi Açık Veri Portalı
assembly:kaggle:680:38.353127575155:26.806383848674,assembly,Emergency Assembly Area,1 NO LU AFET VE ACİL DURUM TOPLANMA ALANI,38.353127575155,26.806383848674,,,,,,,2026-09-20T07:31:27.118Z,COMPLETE_FOR_MAPPABLE_ROWS,compact-proximity-endpoint,Afet toplanma alanları,https://acikveri.bizizmir.com/dataset/afet-ve-acil-durum-toplanma-alanlari,CC BY 4.0,İzmir Büyükşehir Belediyesi Açık Veri Portalı
assembly:kaggle:681:38.633123987351:26.522006229198,assembly,Emergency Assembly Area,1 NO LU AFET VE ACİL DURUM TOPLANMA ALANI,38.633123987351,26.522006229198,,,,,,,2026-09-20T07:31:27.118Z,COMPLETE_FOR_MAPPABLE_ROWS,compact-proximity-endpoint,Afet toplanma alanları,https://acikveri.bizizmir.com/dataset/afet-ve-acil-durum-toplanma-alanlari,CC BY 4.0,İzmir Büyükşehir Belediyesi Açık Veri Portalı
assembly:kaggle:682:38.966159128105:27.4511182963,assembly,Emergency Assembly Area,1 NO LU AFET VE ACİL DURUM TOPLANMA ALANI,38.966159128105,27.4511182963,,,,,,,2026-09-20T07:31:27.118Z,COMPLETE_FOR_MAPPABLE_ROWS,compact-proximity-endpoint,Afet toplanma alanları,https://acikveri.bizizmir.com/dataset/afet-ve-acil-durum-toplanma-alanlari,CC BY 4.0,İzmir Büyükşehir Belediyesi Açık Veri Portalı
assembly:kaggle:683:38.102967364533:27.155799248954,assembly,Emergency Assembly Area,1 NO LU AFET VE ACİL DURUM TOPLANMA ALANI,38.102967364533,27.155799248954,,,,,,,2026-09-20T07:31:27.118Z,COMPLETE_FOR_MAPPABLE_ROWS,compact-proximity-endpoint,Afet toplanma alanları,https://acikveri.bizizmir.com/dataset/afet-ve-acil-durum-toplanma-alanlari,CC BY 4.0,İzmir Büyükşehir Belediyesi Açık Veri Portalı
assembly:kaggle:684:38.324423300376:26.757326542896,assembly,Emergency Assembly Area,1 NO LU AFET VE ACİL DURUM TOPLANMA ALANI,38.324423300376,26.757326542896,,,,,,,2026-09-20T07:31:27.118Z,COMPLETE_FOR_MAPPABLE_ROWS,compact-proximity-endpoint,Afet toplanma alanları,https://acikveri.bizizmir.com/dataset/afet-ve-acil-durum-toplanma-alanlari,CC BY 4.0,İzmir Büyükşehir Belediyesi Açık Veri Portalı
assembly:kaggle:685:38.418198314354:27.138723864484,assembly,Emergency Assembly Area,1 NO LU AFET VE ACİL DURUM TOPLANMA ALANI,38.418198314354,27.138723864484,,,,,,,2026-09-20T07:31:27.118Z,COMPLETE_FOR_MAPPABLE_ROWS,compact-proximity-endpoint,Afet toplanma alanları,https://acikveri.bizizmir.com/dataset/afet-ve-acil-durum-toplanma-alanlari,CC BY 4.0,İzmir Büyükşehir Belediyesi Açık Veri Portalı
assembly:kaggle:686:38.422237275262:27.148631888369,assembly,Emergency Assembly Area,1 NO LU AFET VE ACİL DURUM TOPLANMA ALANI,38.422237275262,27.148631888369,,,,,,,2026-09-20T07:31:27.118Z,COMPLETE_FOR_MAPPABLE_ROWS,compact-proximity-endpoint,Afet toplanma alanları,https://acikveri.bizizmir.com/dataset/afet-ve-acil-durum-toplanma-alanlari,CC BY 4.0,İzmir Büyükşehir Belediyesi Açık Veri Portalı
assembly:kaggle:687:38.636270929245:26.509759317591,assembly,Emergency Assembly Area,1 NO LU AFET VE ACİL DURUM TOPLANMA ALANI,38.636270929245,26.509759317591,,,,,,,2026-09-20T07:31:27.118Z,COMPLETE_FOR_MAPPABLE_ROWS,compact-proximity-endpoint,Afet toplanma alanları,https://acikveri.bizizmir.com/dataset/afet-ve-acil-durum-toplanma-alanlari,CC BY 4.0,İzmir Büyükşehir Belediyesi Açık Veri Portalı
assembly:kaggle:688:38.407450463155:27.107390473265,assembly,Emergency Assembly Area,1 NO LU AFET VE ACİL DURUM TOPLANMA ALANI,38.407450463155,27.107390473265,,,,,,,2026-09-20T07:31:27.118Z,COMPLETE_FOR_MAPPABLE_ROWS,compact-proximity-endpoint,Afet toplanma alanları,https://acikveri.bizizmir.com/dataset/afet-ve-acil-durum-toplanma-alanlari,CC BY 4.0,İzmir Büyükşehir Belediyesi Açık Veri Portalı
assembly:kaggle:689:38.42724678301:27.158030293467,assembly,Emergency Assembly Area,1 NO LU AFET VE ACİL DURUM TOPLANMA ALANI,38.42724678301,27.158030293467,,,,,,,2026-09-20T07:31:27.118Z,COMPLETE_FOR_MAPPABLE_ROWS,compact-proximity-endpoint,Afet toplanma alanları,https://acikveri.bizizmir.com/dataset/afet-ve-acil-durum-toplanma-alanlari,CC BY 4.0,İzmir Büyükşehir Belediyesi Açık Veri Portalı
assembly:kaggle:690:38.397419930532:27.073734299612,assembly,Emergency Assembly Area,1 NO LU AFET VE ACİL DURUM TOPLANMA ALANI,38.397419930532,27.073734299612,,,,,,,2026-09-20T07:31:27.118Z,COMPLETE_FOR_MAPPABLE_ROWS,compact-proximity-endpoint,Afet toplanma alanları,https://acikveri.bizizmir.com/dataset/afet-ve-acil-durum-toplanma-alanlari,CC BY 4.0,İzmir Büyükşehir Belediyesi Açık Veri Portalı
assembly:kaggle:691:38.408535067173:27.186000261114,assembly,Emergency Assembly Area,1 NO LU AFET VE ACİL DURUM TOPLANMA ALANI,38.408535067173,27.186000261114,,,,,,,2026-09-20T07:31:27.118Z,COMPLETE_FOR_MAPPABLE_ROWS,compact-proximity-endpoint,Afet toplanma alanları,https://acikveri.bizizmir.com/dataset/afet-ve-acil-durum-toplanma-alanlari,CC BY 4.0,İzmir Büyükşehir Belediyesi Açık Veri Portalı
assembly:kaggle:692:38.416176689742:27.174096664025,assembly,Emergency Assembly Area,1 NO LU AFET VE ACİL DURUM TOPLANMA ALANI,38.416176689742,27.174096664025,,,,,,,2026-09-20T07:31:27.118Z,COMPLETE_FOR_MAPPABLE_ROWS,compact-proximity-endpoint,Afet toplanma alanları,https://acikveri.bizizmir.com/dataset/afet-ve-acil-durum-toplanma-alanlari,CC BY 4.0,İzmir Büyükşehir Belediyesi Açık Veri Portalı
assembly:kaggle:693:38.547571184479:26.552926739976,assembly,Emergency Assembly Area,1 NO LU AFET VE ACİL DURUM TOPLANMA ALANI,38.547571184479,26.552926739976,,,,,,,2026-09-20T07:31:27.118Z,COMPLETE_FOR_MAPPABLE_ROWS,compact-proximity-endpoint,Afet toplanma alanları,https://acikveri.bizizmir.com/dataset/afet-ve-acil-durum-toplanma-alanlari,CC BY 4.0,İzmir Büyükşehir Belediyesi Açık Veri Portalı
assembly:kaggle:694:38.111477381037:27.61730985768,assembly,Emergency Assembly Area,1 NO LU AFET VE ACİL DURUM TOPLANMA ALANI,38.111477381037,27.61730985768,,,,,,,2026-09-20T07:31:27.118Z,COMPLETE_FOR_MAPPABLE_ROWS,compact-proximity-endpoint,Afet toplanma alanları,https://acikveri.bizizmir.com/dataset/afet-ve-acil-durum-toplanma-alanlari,CC BY 4.0,İzmir Büyükşehir Belediyesi Açık Veri Portalı
assembly:kaggle:695:38.242203341217:27.134985179978,assembly,Emergency Assembly Area,1 NO LU AFET VE ACİL DURUM TOPLANMA ALANI,38.242203341217,27.134985179978,,,,,,,2026-09-20T07:31:27.118Z,COMPLETE_FOR_MAPPABLE_ROWS,compact-proximity-endpoint,Afet toplanma alanları,https://acikveri.bizizmir.com/dataset/afet-ve-acil-durum-toplanma-alanlari,CC BY 4.0,İzmir Büyükşehir Belediyesi Açık Veri Portalı
assembly:kaggle:696:38.307596716095:27.393634554629,assembly,Emergency Assembly Area,1 NO LU AFET VE ACİL DURUM TOPLANMA ALANI,38.307596716095,27.393634554629,,,,,,,2026-09-20T07:31:27.118Z,COMPLETE_FOR_MAPPABLE_ROWS,compact-proximity-endpoint,Afet toplanma alanları,https://acikveri.bizizmir.com/dataset/afet-ve-acil-durum-toplanma-alanlari,CC BY 4.0,İzmir Büyükşehir Belediyesi Açık Veri Portalı
assembly:kaggle:697:38.231012447349:27.35309597467,assembly,Emergency Assembly Area,1 NO LU AFET VE ACİL DURUM TOPLANMA ALANI,38.231012447349,27.35309597467,,,,,,,2026-09-20T07:31:27.118Z,COMPLETE_FOR_MAPPABLE_ROWS,compact-proximity-endpoint,Afet toplanma alanları,https://acikveri.bizizmir.com/dataset/afet-ve-acil-durum-toplanma-alanlari,CC BY 4.0,İzmir Büyükşehir Belediyesi Açık Veri Portalı
assembly:kaggle:698:38.104183422884:27.499892737487,assembly,Emergency Assembly Area,1 NO LU AFET VE ACİL DURUM TOPLANMA ALANI,38.104183422884,27.499892737487,,,,,,,2026-09-20T07:31:27.118Z,COMPLETE_FOR_MAPPABLE_ROWS,compact-proximity-endpoint,Afet toplanma alanları,https://acikveri.bizizmir.com/dataset/afet-ve-acil-durum-toplanma-alanlari,CC BY 4.0,İzmir Büyükşehir Belediyesi Açık Veri Portalı
assembly:kaggle:699:38.34900518176:27.134641679507,assembly,Emergency Assembly Area,1 NO LU AFET VE ACİL DURUM TOPLANMA ALANI,38.34900518176,27.134641679507,,,,,,,2026-09-20T07:31:27.118Z,COMPLETE_FOR_MAPPABLE_ROWS,compact-proximity-endpoint,Afet toplanma alanları,https://acikveri.bizizmir.com/dataset/afet-ve-acil-durum-toplanma-alanlari,CC BY 4.0,İzmir Büyükşehir Belediyesi Açık Veri Portalı
assembly:kaggle:700:38.424120089635:27.157536774738,assembly,Emergency Assembly Area,1 NO LU AFET VE ACİL DURUM TOPLANMA ALANI,38.424120089635,27.157536774738,,,,,,,2026-09-20T07:31:27.118Z,COMPLETE_FOR_MAPPABLE_ROWS,compact-proximity-endpoint,Afet toplanma alanları,https://acikveri.bizizmir.com/dataset/afet-ve-acil-durum-toplanma-alanlari,CC BY 4.0,İzmir Büyükşehir Belediyesi Açık Veri Portalı
assembly:kaggle:701:38.40587831396:27.122764821286,assembly,Emergency Assembly Area,1 NO LU AFET VE ACİL DURUM TOPLANMA ALANI,38.40587831396,27.122764821286,,,,,,,2026-09-20T07:31:27.118Z,COMPLETE_FOR_MAPPABLE_ROWS,compact-proximity-endpoint,Afet toplanma alanları,https://acikveri.bizizmir.com/dataset/afet-ve-acil-durum-toplanma-alanlari,CC BY 4.0,İzmir Büyükşehir Belediyesi Açık Veri Portalı
assembly:kaggle:702:38.438659728713:27.143460587416,assembly,Emergency Assembly Area,1 NO LU AFET VE ACİL DURUM TOPLANMA ALANI,38.438659728713,27.143460587416,,,,,,,2026-09-20T07:31:27.118Z,COMPLETE_FOR_MAPPABLE_ROWS,compact-proximity-endpoint,Afet toplanma alanları,https://acikveri.bizizmir.com/dataset/afet-ve-acil-durum-toplanma-alanlari,CC BY 4.0,İzmir Büyükşehir Belediyesi Açık Veri Portalı
assembly:kaggle:703:38.133624210873:27.23476303231,assembly,Emergency Assembly Area,1 NO LU AFET VE ACİL DURUM TOPLANMA ALANI,38.133624210873,27.23476303231,,,,,,,2026-09-20T07:31:27.118Z,COMPLETE_FOR_MAPPABLE_ROWS,compact-proximity-endpoint,Afet toplanma alanları,https://acikveri.bizizmir.com/dataset/afet-ve-acil-durum-toplanma-alanlari,CC BY 4.0,İzmir Büyükşehir Belediyesi Açık Veri Portalı
assembly:kaggle:704:38.289678995215:27.12545794173,assembly,Emergency Assembly Area,1 NO LU AFET VE ACİL DURUM TOPLANMA ALANI,38.289678995215,27.12545794173,,,,,,,2026-09-20T07:31:27.118Z,COMPLETE_FOR_MAPPABLE_ROWS,compact-proximity-endpoint,Afet toplanma alanları,https://acikveri.bizizmir.com/dataset/afet-ve-acil-durum-toplanma-alanlari,CC BY 4.0,İzmir Büyükşehir Belediyesi Açık Veri Portalı
assembly:kaggle:705:38.070675909243:27.001304847354,assembly,Emergency Assembly Area,1 NO LU AFET VE ACİL DURUM TOPLANMA ALANI,38.070675909243,27.001304847354,,,,,,,2026-09-20T07:31:27.118Z,COMPLETE_FOR_MAPPABLE_ROWS,compact-proximity-endpoint,Afet toplanma alanları,https://acikveri.bizizmir.com/dataset/afet-ve-acil-durum-toplanma-alanlari,CC BY 4.0,İzmir Büyükşehir Belediyesi Açık Veri Portalı
assembly:kaggle:706:38.636714599124:27.006434915045,assembly,Emergency Assembly Area,1 NO LU AFET VE ACİL DURUM TOPLANMA ALANI,38.636714599124,27.006434915045,,,,,,,2026-09-20T07:31:27.118Z,COMPLETE_FOR_MAPPABLE_ROWS,compact-proximity-endpoint,Afet toplanma alanları,https://acikveri.bizizmir.com/dataset/afet-ve-acil-durum-toplanma-alanlari,CC BY 4.0,İzmir Büyükşehir Belediyesi Açık Veri Portalı
assembly:kaggle:707:38.573124788726:27.062928773283,assembly,Emergency Assembly Area,1 NO LU AFET VE ACİL DURUM TOPLANMA ALANI,38.573124788726,27.062928773283,,,,,,,2026-09-20T07:31:27.118Z,COMPLETE_FOR_MAPPABLE_ROWS,compact-proximity-endpoint,Afet toplanma alanları,https://acikveri.bizizmir.com/dataset/afet-ve-acil-durum-toplanma-alanlari,CC BY 4.0,İzmir Büyükşehir Belediyesi Açık Veri Portalı
assembly:kaggle:708:37.991697658561:27.789847630802,assembly,Emergency Assembly Area,1 NO LU AFET VE ACİL DURUM TOPLANMA ALANI,37.991697658561,27.789847630802,,,,,,,2026-09-20T07:31:27.118Z,COMPLETE_FOR_MAPPABLE_ROWS,compact-proximity-endpoint,Afet toplanma alanları,https://acikveri.bizizmir.com/dataset/afet-ve-acil-durum-toplanma-alanlari,CC BY 4.0,İzmir Büyükşehir Belediyesi Açık Veri Portalı
assembly:kaggle:709:38.062344012477:27.799148038641,assembly,Emergency Assembly Area,1 NO LU AFET VE ACİL DURUM TOPLANMA ALANI,38.062344012477,27.799148038641,,,,,,,2026-09-20T07:31:27.118Z,COMPLETE_FOR_MAPPABLE_ROWS,compact-proximity-endpoint,Afet toplanma alanları,https://acikveri.bizizmir.com/dataset/afet-ve-acil-durum-toplanma-alanlari,CC BY 4.0,İzmir Büyükşehir Belediyesi Açık Veri Portalı
assembly:kaggle:710:38.539887354004:27.036234277646,assembly,Emergency Assembly Area,1 NO LU AFET VE ACİL DURUM TOPLANMA ALANI,38.539887354004,27.036234277646,,,,,,,2026-09-20T07:31:27.118Z,COMPLETE_FOR_MAPPABLE_ROWS,compact-proximity-endpoint,Afet toplanma alanları,https://acikveri.bizizmir.com/dataset/afet-ve-acil-durum-toplanma-alanlari,CC BY 4.0,İzmir Büyükşehir Belediyesi Açık Veri Portalı
assembly:kaggle:711:38.458447420794:27.123161697136,assembly,Emergency Assembly Area,1 NO LU AFET VE ACİL DURUM TOPLANMA ALANI,38.458447420794,27.123161697136,,,,,,,2026-09-20T07:31:27.118Z,COMPLETE_FOR_MAPPABLE_ROWS,compact-proximity-endpoint,Afet toplanma alanları,https://acikveri.bizizmir.com/dataset/afet-ve-acil-durum-toplanma-alanlari,CC BY 4.0,İzmir Büyükşehir Belediyesi Açık Veri Portalı
assembly:kaggle:712:38.268927113667:27.282999414353,assembly,Emergency Assembly Area,1 NO LU AFET VE ACİL DURUM TOPLANMA ALANI,38.268927113667,27.282999414353,,,,,,,2026-09-20T07:31:27.118Z,COMPLETE_FOR_MAPPABLE_ROWS,compact-proximity-endpoint,Afet toplanma alanları,https://acikveri.bizizmir.com/dataset/afet-ve-acil-durum-toplanma-alanlari,CC BY 4.0,İzmir Büyükşehir Belediyesi Açık Veri Portalı
assembly:kaggle:713:38.373821962644:26.873862488509,assembly,Emergency Assembly Area,1 NO LU AFET VE ACİL DURUM TOPLANMA ALANI,38.373821962644,26.873862488509,,,,,,,2026-09-20T07:31:27.118Z,COMPLETE_FOR_MAPPABLE_ROWS,compact-proximity-endpoint,Afet toplanma alanları,https://acikveri.bizizmir.com/dataset/afet-ve-acil-durum-toplanma-alanlari,CC BY 4.0,İzmir Büyükşehir Belediyesi Açık Veri Portalı
assembly:kaggle:714:38.210007659293:27.412216962621,assembly,Emergency Assembly Area,1 NO LU AFET VE ACİL DURUM TOPLANMA ALANI,38.210007659293,27.412216962621,,,,,,,2026-09-20T07:31:27.118Z,COMPLETE_FOR_MAPPABLE_ROWS,compact-proximity-endpoint,Afet toplanma alanları,https://acikveri.bizizmir.com/dataset/afet-ve-acil-durum-toplanma-alanlari,CC BY 4.0,İzmir Büyükşehir Belediyesi Açık Veri Portalı
assembly:kaggle:715:38.135441288232:27.863298002952,assembly,Emergency Assembly Area,1 NO LU AFET VE ACİL DURUM TOPLANMA ALANI,38.135441288232,27.863298002952,,,,,,,2026-09-20T07:31:27.118Z,COMPLETE_FOR_MAPPABLE_ROWS,compact-proximity-endpoint,Afet toplanma alanları,https://acikveri.bizizmir.com/dataset/afet-ve-acil-durum-toplanma-alanlari,CC BY 4.0,İzmir Büyükşehir Belediyesi Açık Veri Portalı
assembly:kaggle:716:38.456809212094:27.178994284951,assembly,Emergency Assembly Area,1 NO LU AFET VE ACİL DURUM TOPLANMA ALANI,38.456809212094,27.178994284951,,,,,,,2026-09-20T07:31:27.118Z,COMPLETE_FOR_MAPPABLE_ROWS,compact-proximity-endpoint,Afet toplanma alanları,https://acikveri.bizizmir.com/dataset/afet-ve-acil-durum-toplanma-alanlari,CC BY 4.0,İzmir Büyükşehir Belediyesi Açık Veri Portalı
assembly:kaggle:717:38.496218076778:27.142988423527,assembly,Emergency Assembly Area,1 NO LU AFET VE ACİL DURUM TOPLANMA ALANI,38.496218076778,27.142988423527,,,,,,,2026-09-20T07:31:27.118Z,COMPLETE_FOR_MAPPABLE_ROWS,compact-proximity-endpoint,Afet toplanma alanları,https://acikveri.bizizmir.com/dataset/afet-ve-acil-durum-toplanma-alanlari,CC BY 4.0,İzmir Büyükşehir Belediyesi Açık Veri Portalı
assembly:kaggle:718:39.118827485265:27.177555493957,assembly,Emergency Assembly Area,1 NO LU AFET VE ACİL DURUM TOPLANMA ALANI,39.118827485265,27.177555493957,,,,,,,2026-09-20T07:31:27.118Z,COMPLETE_FOR_MAPPABLE_ROWS,compact-proximity-endpoint,Afet toplanma alanları,https://acikveri.bizizmir.com/dataset/afet-ve-acil-durum-toplanma-alanlari,CC BY 4.0,İzmir Büyükşehir Belediyesi Açık Veri Portalı
assembly:kaggle:719:39.090508201114:27.032888615877,assembly,Emergency Assembly Area,1 NO LU AFET VE ACİL DURUM TOPLANMA ALANI,39.090508201114,27.032888615877,,,,,,,2026-09-20T07:31:27.118Z,COMPLETE_FOR_MAPPABLE_ROWS,compact-proximity-endpoint,Afet toplanma alanları,https://acikveri.bizizmir.com/dataset/afet-ve-acil-durum-toplanma-alanlari,CC BY 4.0,İzmir Büyükşehir Belediyesi Açık Veri Portalı
assembly:kaggle:720:38.278765259238:27.685886635769,assembly,Emergency Assembly Area,1 NO LU AFET VE ACİL DURUM TOPLANMA ALANI,38.278765259238,27.685886635769,,,,,,,2026-09-20T07:31:27.118Z,COMPLETE_FOR_MAPPABLE_ROWS,compact-proximity-endpoint,Afet toplanma alanları,https://acikveri.bizizmir.com/dataset/afet-ve-acil-durum-toplanma-alanlari,CC BY 4.0,İzmir Büyükşehir Belediyesi Açık Veri Portalı
assembly:kaggle:721:38.175908319575:27.494592606168,assembly,Emergency Assembly Area,1 NO LU AFET VE ACİL DURUM TOPLANMA ALANI,38.175908319575,27.494592606168,,,,,,,2026-09-20T07:31:27.118Z,COMPLETE_FOR_MAPPABLE_ROWS,compact-proximity-endpoint,Afet toplanma alanları,https://acikveri.bizizmir.com/dataset/afet-ve-acil-durum-toplanma-alanlari,CC BY 4.0,İzmir Büyükşehir Belediyesi Açık Veri Portalı
assembly:kaggle:722:38.230271596027:28.1917273906,assembly,Emergency Assembly Area,1 NO LU AFET VE ACİL DURUM TOPLANMA ALANI,38.230271596027,28.1917273906,,,,,,,2026-09-20T07:31:27.118Z,COMPLETE_FOR_MAPPABLE_ROWS,compact-proximity-endpoint,Afet toplanma alanları,https://acikveri.bizizmir.com/dataset/afet-ve-acil-durum-toplanma-alanlari,CC BY 4.0,İzmir Büyükşehir Belediyesi Açık Veri Portalı
assembly:kaggle:723:38.476213919122:27.1156944342,assembly,Emergency Assembly Area,1 NO LU AFET VE ACİL DURUM TOPLANMA ALANI,38.476213919122,27.1156944342,,,,,,,2026-09-20T07:31:27.118Z,COMPLETE_FOR_MAPPABLE_ROWS,compact-proximity-endpoint,Afet toplanma alanları,https://acikveri.bizizmir.com/dataset/afet-ve-acil-durum-toplanma-alanlari,CC BY 4.0,İzmir Büyükşehir Belediyesi Açık Veri Portalı
assembly:kaggle:724:38.282133938744:27.576367217855,assembly,Emergency Assembly Area,1 NO LU AFET VE ACİL DURUM TOPLANMA ALANI,38.282133938744,27.576367217855,,,,,,,2026-09-20T07:31:27.118Z,COMPLETE_FOR_MAPPABLE_ROWS,compact-proximity-endpoint,Afet toplanma alanları,https://acikveri.bizizmir.com/dataset/afet-ve-acil-durum-toplanma-alanlari,CC BY 4.0,İzmir Büyükşehir Belediyesi Açık Veri Portalı
assembly:kaggle:725:38.080922271998:27.735111932533,assembly,Emergency Assembly Area,1 NO LU AFET VE ACİL DURUM TOPLANMA ALANI,38.080922271998,27.735111932533,,,,,,,2026-09-20T07:31:27.118Z,COMPLETE_FOR_MAPPABLE_ROWS,compact-proximity-endpoint,Afet toplanma alanları,https://acikveri.bizizmir.com/dataset/afet-ve-acil-durum-toplanma-alanlari,CC BY 4.0,İzmir Büyükşehir Belediyesi Açık Veri Portalı
assembly:kaggle:726:38.086182400497:27.844640722961,assembly,Emergency Assembly Area,1 NO LU AFET VE ACİL DURUM TOPLANMA ALANI,38.086182400497,27.844640722961,,,,,,,2026-09-20T07:31:27.118Z,COMPLETE_FOR_MAPPABLE_ROWS,compact-proximity-endpoint,Afet toplanma alanları,https://acikveri.bizizmir.com/dataset/afet-ve-acil-durum-toplanma-alanlari,CC BY 4.0,İzmir Büyükşehir Belediyesi Açık Veri Portalı
assembly:kaggle:727:39.011508251948:27.2605481905,assembly,Emergency Assembly Area,1 NO LU AFET VE ACİL DURUM TOPLANMA ALANI,39.011508251948,27.2605481905,,,,,,,2026-09-20T07:31:27.118Z,COMPLETE_FOR_MAPPABLE_ROWS,compact-proximity-endpoint,Afet toplanma alanları,https://acikveri.bizizmir.com/dataset/afet-ve-acil-durum-toplanma-alanlari,CC BY 4.0,İzmir Büyükşehir Belediyesi Açık Veri Portalı
assembly:kaggle:728:39.179253326369:27.277504746018,assembly,Emergency Assembly Area,1 NO LU AFET VE ACİL DURUM TOPLANMA ALANI,39.179253326369,27.277504746018,,,,,,,2026-09-20T07:31:27.118Z,COMPLETE_FOR_MAPPABLE_ROWS,compact-proximity-endpoint,Afet toplanma alanları,https://acikveri.bizizmir.com/dataset/afet-ve-acil-durum-toplanma-alanlari,CC BY 4.0,İzmir Büyükşehir Belediyesi Açık Veri Portalı
assembly:kaggle:729:38.020136902482:27.681119428628,assembly,Emergency Assembly Area,1 NO LU AFET VE ACİL DURUM TOPLANMA ALANI,38.020136902482,27.681119428628,,,,,,,2026-09-20T07:31:27.118Z,COMPLETE_FOR_MAPPABLE_ROWS,compact-proximity-endpoint,Afet toplanma alanları,https://acikveri.bizizmir.com/dataset/afet-ve-acil-durum-toplanma-alanlari,CC BY 4.0,İzmir Büyükşehir Belediyesi Açık Veri Portalı
assembly:kaggle:730:39.11303781046:26.966230638112,assembly,Emergency Assembly Area,1 NO LU AFET VE ACİL DURUM TOPLANMA ALANI,39.11303781046,26.966230638112,,,,,,,2026-09-20T07:31:27.118Z,COMPLETE_FOR_MAPPABLE_ROWS,compact-proximity-endpoint,Afet toplanma alanları,https://acikveri.bizizmir.com/dataset/afet-ve-acil-durum-toplanma-alanlari,CC BY 4.0,İzmir Büyükşehir Belediyesi Açık Veri Portalı
assembly:kaggle:731:38.226175382129:27.970929021028,assembly,Emergency Assembly Area,1 NO LU AFET VE ACİL DURUM TOPLANMA ALANI,38.226175382129,27.970929021028,,,,,,,2026-09-20T07:31:27.118Z,COMPLETE_FOR_MAPPABLE_ROWS,compact-proximity-endpoint,Afet toplanma alanları,https://acikveri.bizizmir.com/dataset/afet-ve-acil-durum-toplanma-alanlari,CC BY 4.0,İzmir Büyükşehir Belediyesi Açık Veri Portalı
assembly:kaggle:732:38.605566068963:27.072221184568,assembly,Emergency Assembly Area,1 NO LU AFET VE ACİL DURUM TOPLANMA ALANI,38.605566068963,27.072221184568,,,,,,,2026-09-20T07:31:27.118Z,COMPLETE_FOR_MAPPABLE_ROWS,compact-proximity-endpoint,Afet toplanma alanları,https://acikveri.bizizmir.com/dataset/afet-ve-acil-durum-toplanma-alanlari,CC BY 4.0,İzmir Büyükşehir Belediyesi Açık Veri Portalı
assembly:kaggle:733:38.538966357058:27.042743968228,assembly,Emergency Assembly Area,1 NO LU AFET VE ACİL DURUM TOPLANMA ALANI,38.538966357058,27.042743968228,,,,,,,2026-09-20T07:31:27.118Z,COMPLETE_FOR_MAPPABLE_ROWS,compact-proximity-endpoint,Afet toplanma alanları,https://acikveri.bizizmir.com/dataset/afet-ve-acil-durum-toplanma-alanlari,CC BY 4.0,İzmir Büyükşehir Belediyesi Açık Veri Portalı
assembly:kaggle:734:39.105285723796:27.465605946672,assembly,Emergency Assembly Area,1 NO LU AFET VE ACİL DURUM TOPLANMA ALANI,39.105285723796,27.465605946672,,,,,,,2026-09-20T07:31:27.118Z,COMPLETE_FOR_MAPPABLE_ROWS,compact-proximity-endpoint,Afet toplanma alanları,https://acikveri.bizizmir.com/dataset/afet-ve-acil-durum-toplanma-alanlari,CC BY 4.0,İzmir Büyükşehir Belediyesi Açık Veri Portalı
assembly:kaggle:735:38.180739053384:27.782570551057,assembly,Emergency Assembly Area,1 NO LU AFET VE ACİL DURUM TOPLANMA ALANI,38.180739053384,27.782570551057,,,,,,,2026-09-20T07:31:27.118Z,COMPLETE_FOR_MAPPABLE_ROWS,compact-proximity-endpoint,Afet toplanma alanları,https://acikveri.bizizmir.com/dataset/afet-ve-acil-durum-toplanma-alanlari,CC BY 4.0,İzmir Büyükşehir Belediyesi Açık Veri Portalı
assembly:kaggle:736:38.063717063291:28.237432245762,assembly,Emergency Assembly Area,1 NO LU AFET VE ACİL DURUM TOPLANMA ALANI,38.063717063291,28.237432245762,,,,,,,2026-09-20T07:31:27.118Z,COMPLETE_FOR_MAPPABLE_ROWS,compact-proximity-endpoint,Afet toplanma alanları,https://acikveri.bizizmir.com/dataset/afet-ve-acil-durum-toplanma-alanlari,CC BY 4.0,İzmir Büyükşehir Belediyesi Açık Veri Portalı
assembly:kaggle:737:38.500785736471:27.053188504007,assembly,Emergency Assembly Area,1 NO LU AFET VE ACİL DURUM TOPLANMA ALANI,38.500785736471,27.053188504007,,,,,,,2026-09-20T07:31:27.118Z,COMPLETE_FOR_MAPPABLE_ROWS,compact-proximity-endpoint,Afet toplanma alanları,https://acikveri.bizizmir.com/dataset/afet-ve-acil-durum-toplanma-alanlari,CC BY 4.0,İzmir Büyükşehir Belediyesi Açık Veri Portalı
assembly:kaggle:738:38.490675865343:27.084237618594,assembly,Emergency Assembly Area,1 NO LU AFET VE ACİL DURUM TOPLANMA ALANI,38.490675865343,27.084237618594,,,,,,,2026-09-20T07:31:27.118Z,COMPLETE_FOR_MAPPABLE_ROWS,compact-proximity-endpoint,Afet toplanma alanları,https://acikveri.bizizmir.com/dataset/afet-ve-acil-durum-toplanma-alanlari,CC BY 4.0,İzmir Büyükşehir Belediyesi Açık Veri Portalı
assembly:kaggle:739:38.258035382587:26.681425892632,assembly,Emergency Assembly Area,1 NO LU AFET VE ACİL DURUM TOPLANMA ALANI,38.258035382587,26.681425892632,,,,,,,2026-09-20T07:31:27.118Z,COMPLETE_FOR_MAPPABLE_ROWS,compact-proximity-endpoint,Afet toplanma alanları,https://acikveri.bizizmir.com/dataset/afet-ve-acil-durum-toplanma-alanlari,CC BY 4.0,İzmir Büyükşehir Belediyesi Açık Veri Portalı
assembly:kaggle:740:38.273105807639:28.186963749734,assembly,Emergency Assembly Area,1 NO LU AFET VE ACİL DURUM TOPLANMA ALANI,38.273105807639,28.186963749734,,,,,,,2026-09-20T07:31:27.118Z,COMPLETE_FOR_MAPPABLE_ROWS,compact-proximity-endpoint,Afet toplanma alanları,https://acikveri.bizizmir.com/dataset/afet-ve-acil-durum-toplanma-alanlari,CC BY 4.0,İzmir Büyükşehir Belediyesi Açık Veri Portalı
assembly:kaggle:741:38.3697512037:27.192190833574,assembly,Emergency Assembly Area,1 NO LU AFET VE ACİL DURUM TOPLANMA ALANI,38.3697512037,27.192190833574,,,,,,,2026-09-20T07:31:27.118Z,COMPLETE_FOR_MAPPABLE_ROWS,compact-proximity-endpoint,Afet toplanma alanları,https://acikveri.bizizmir.com/dataset/afet-ve-acil-durum-toplanma-alanlari,CC BY 4.0,İzmir Büyükşehir Belediyesi Açık Veri Portalı
assembly:kaggle:742:38.365666107151:27.095242880204,assembly,Emergency Assembly Area,1 NO LU AFET VE ACİL DURUM TOPLANMA ALANI,38.365666107151,27.095242880204,,,,,,,2026-09-20T07:31:27.118Z,COMPLETE_FOR_MAPPABLE_ROWS,compact-proximity-endpoint,Afet toplanma alanları,https://acikveri.bizizmir.com/dataset/afet-ve-acil-durum-toplanma-alanlari,CC BY 4.0,İzmir Büyükşehir Belediyesi Açık Veri Portalı
assembly:kaggle:743:38.352281273079:27.098863866949,assembly,Emergency Assembly Area,1 NO LU AFET VE ACİL DURUM TOPLANMA ALANI,38.352281273079,27.098863866949,,,,,,,2026-09-20T07:31:27.118Z,COMPLETE_FOR_MAPPABLE_ROWS,compact-proximity-endpoint,Afet toplanma alanları,https://acikveri.bizizmir.com/dataset/afet-ve-acil-durum-toplanma-alanlari,CC BY 4.0,İzmir Büyükşehir Belediyesi Açık Veri Portalı
assembly:kaggle:744:38.41238114825:27.131020608444,assembly,Emergency Assembly Area,1 NO LU AFET VE ACİL DURUM TOPLANMA ALANI,38.41238114825,27.131020608444,,,,,,,2026-09-20T07:31:27.118Z,COMPLETE_FOR_MAPPABLE_ROWS,compact-proximity-endpoint,Afet toplanma alanları,https://acikveri.bizizmir.com/dataset/afet-ve-acil-durum-toplanma-alanlari,CC BY 4.0,İzmir Büyükşehir Belediyesi Açık Veri Portalı
assembly:kaggle:745:38.212570079159:27.124127702196,assembly,Emergency Assembly Area,1 NO LU AFET VE ACİL DURUM TOPLANMA ALANI,38.212570079159,27.124127702196,,,,,,,2026-09-20T07:31:27.118Z,COMPLETE_FOR_MAPPABLE_ROWS,compact-proximity-endpoint,Afet toplanma alanları,https://acikveri.bizizmir.com/dataset/afet-ve-acil-durum-toplanma-alanlari,CC BY 4.0,İzmir Büyükşehir Belediyesi Açık Veri Portalı
assembly:kaggle:746:38.665792101364:27.025498570958,assembly,Emergency Assembly Area,1 NO LU AFET VE ACİL DURUM TOPLANMA ALANI,38.665792101364,27.025498570958,,,,,,,2026-09-20T07:31:27.118Z,COMPLETE_FOR_MAPPABLE_ROWS,compact-proximity-endpoint,Afet toplanma alanları,https://acikveri.bizizmir.com/dataset/afet-ve-acil-durum-toplanma-alanlari,CC BY 4.0,İzmir Büyükşehir Belediyesi Açık Veri Portalı
assembly:kaggle:747:38.167811159532:27.497446474994,assembly,Emergency Assembly Area,1 NO LU AFET VE ACİL DURUM TOPLANMA ALANI,38.167811159532,27.497446474994,,,,,,,2026-09-20T07:31:27.118Z,COMPLETE_FOR_MAPPABLE_ROWS,compact-proximity-endpoint,Afet toplanma alanları,https://acikveri.bizizmir.com/dataset/afet-ve-acil-durum-toplanma-alanlari,CC BY 4.0,İzmir Büyükşehir Belediyesi Açık Veri Portalı
assembly:kaggle:748:39.072436003601:27.073851145712,assembly,Emergency Assembly Area,1 NO LU AFET VE ACİL DURUM TOPLANMA ALANI,39.072436003601,27.073851145712,,,,,,,2026-09-20T07:31:27.118Z,COMPLETE_FOR_MAPPABLE_ROWS,compact-proximity-endpoint,Afet toplanma alanları,https://acikveri.bizizmir.com/dataset/afet-ve-acil-durum-toplanma-alanlari,CC BY 4.0,İzmir Büyükşehir Belediyesi Açık Veri Portalı
assembly:kaggle:749:39.001518206783:27.109706867043,assembly,Emergency Assembly Area,1 NO LU AFET VE ACİL DURUM TOPLANMA ALANI,39.001518206783,27.109706867043,,,,,,,2026-09-20T07:31:27.118Z,COMPLETE_FOR_MAPPABLE_ROWS,compact-proximity-endpoint,Afet toplanma alanları,https://acikveri.bizizmir.com/dataset/afet-ve-acil-durum-toplanma-alanlari,CC BY 4.0,İzmir Büyükşehir Belediyesi Açık Veri Portalı
assembly:kaggle:750:38.160894970958:28.433210998089,assembly,Emergency Assembly Area,1 NO LU AFET VE ACİL DURUM TOPLANMA ALANI,38.160894970958,28.433210998089,,,,,,,2026-09-20T07:31:27.118Z,COMPLETE_FOR_MAPPABLE_ROWS,compact-proximity-endpoint,Afet toplanma alanları,https://acikveri.bizizmir.com/dataset/afet-ve-acil-durum-toplanma-alanlari,CC BY 4.0,İzmir Büyükşehir Belediyesi Açık Veri Portalı
assembly:kaggle:751:38.412789381267:27.639527357179,assembly,Emergency Assembly Area,1 NO LU AFET VE ACİL DURUM TOPLANMA ALANI,38.412789381267,27.639527357179,,,,,,,2026-09-20T07:31:27.118Z,COMPLETE_FOR_MAPPABLE_ROWS,compact-proximity-endpoint,Afet toplanma alanları,https://acikveri.bizizmir.com/dataset/afet-ve-acil-durum-toplanma-alanlari,CC BY 4.0,İzmir Büyükşehir Belediyesi Açık Veri Portalı
assembly:kaggle:752:39.124940764613:26.904658123339,assembly,Emergency Assembly Area,1 NO LU AFET VE ACİL DURUM TOPLANMA ALANI,39.124940764613,26.904658123339,,,,,,,2026-09-20T07:31:27.118Z,COMPLETE_FOR_MAPPABLE_ROWS,compact-proximity-endpoint,Afet toplanma alanları,https://acikveri.bizizmir.com/dataset/afet-ve-acil-durum-toplanma-alanlari,CC BY 4.0,İzmir Büyükşehir Belediyesi Açık Veri Portalı
assembly:kaggle:753:38.118028251873:28.205846628438,assembly,Emergency Assembly Area,1 NO LU AFET VE ACİL DURUM TOPLANMA ALANI,38.118028251873,28.205846628438,,,,,,,2026-09-20T07:31:27.118Z,COMPLETE_FOR_MAPPABLE_ROWS,compact-proximity-endpoint,Afet toplanma alanları,https://acikveri.bizizmir.com/dataset/afet-ve-acil-durum-toplanma-alanlari,CC BY 4.0,İzmir Büyükşehir Belediyesi Açık Veri Portalı
assembly:kaggle:754:39.306084426806:27.41062729113,assembly,Emergency Assembly Area,1 NO LU AFET VE ACİL DURUM TOPLANMA ALANI,39.306084426806,27.41062729113,,,,,,,2026-09-20T07:31:27.118Z,COMPLETE_FOR_MAPPABLE_ROWS,compact-proximity-endpoint,Afet toplanma alanları,https://acikveri.bizizmir.com/dataset/afet-ve-acil-durum-toplanma-alanlari,CC BY 4.0,İzmir Büyükşehir Belediyesi Açık Veri Portalı
assembly:kaggle:755:38.408627947105:27.585143163145,assembly,Emergency Assembly Area,1 NO LU AFET VE ACİL DURUM TOPLANMA ALANI,38.408627947105,27.585143163145,,,,,,,2026-09-20T07:31:27.118Z,COMPLETE_FOR_MAPPABLE_ROWS,compact-proximity-endpoint,Afet toplanma alanları,https://acikveri.bizizmir.com/dataset/afet-ve-acil-durum-toplanma-alanlari,CC BY 4.0,İzmir Büyükşehir Belediyesi Açık Veri Portalı
assembly:kaggle:756:38.467948636553:27.123741035271,assembly,Emergency Assembly Area,1 NO LU AFET VE ACİL DURUM TOPLANMA ALANI,38.467948636553,27.123741035271,,,,,,,2026-09-20T07:31:27.118Z,COMPLETE_FOR_MAPPABLE_ROWS,compact-proximity-endpoint,Afet toplanma alanları,https://acikveri.bizizmir.com/dataset/afet-ve-acil-durum-toplanma-alanlari,CC BY 4.0,İzmir Büyükşehir Belediyesi Açık Veri Portalı
assembly:kaggle:757:38.147395574664:27.502381746935,assembly,Emergency Assembly Area,1 NO LU AFET VE ACİL DURUM TOPLANMA ALANI,38.147395574664,27.502381746935,,,,,,,2026-09-20T07:31:27.118Z,COMPLETE_FOR_MAPPABLE_ROWS,compact-proximity-endpoint,Afet toplanma alanları,https://acikveri.bizizmir.com/dataset/afet-ve-acil-durum-toplanma-alanlari,CC BY 4.0,İzmir Büyükşehir Belediyesi Açık Veri Portalı
assembly:kaggle:758:38.350183680487:27.681122945936,assembly,Emergency Assembly Area,1 NO LU AFET VE ACİL DURUM TOPLANMA ALANI,38.350183680487,27.681122945936,,,,,,,2026-09-20T07:31:27.118Z,COMPLETE_FOR_MAPPABLE_ROWS,compact-proximity-endpoint,Afet toplanma alanları,https://acikveri.bizizmir.com/dataset/afet-ve-acil-durum-toplanma-alanlari,CC BY 4.0,İzmir Büyükşehir Belediyesi Açık Veri Portalı
assembly:kaggle:759:38.626055043388:27.148121925347,assembly,Emergency Assembly Area,1 NO LU AFET VE ACİL DURUM TOPLANMA ALANI,38.626055043388,27.148121925347,,,,,,,2026-09-20T07:31:27.118Z,COMPLETE_FOR_MAPPABLE_ROWS,compact-proximity-endpoint,Afet toplanma alanları,https://acikveri.bizizmir.com/dataset/afet-ve-acil-durum-toplanma-alanlari,CC BY 4.0,İzmir Büyükşehir Belediyesi Açık Veri Portalı
assembly:kaggle:760:38.515922760243:27.064303496958,assembly,Emergency Assembly Area,1 NO LU AFET VE ACİL DURUM TOPLANMA ALANI,38.515922760243,27.064303496958,,,,,,,2026-09-20T07:31:27.118Z,COMPLETE_FOR_MAPPABLE_ROWS,compact-proximity-endpoint,Afet toplanma alanları,https://acikveri.bizizmir.com/dataset/afet-ve-acil-durum-toplanma-alanlari,CC BY 4.0,İzmir Büyükşehir Belediyesi Açık Veri Portalı
assembly:kaggle:761:38.499425540269:27.075740407687,assembly,Emergency Assembly Area,1 NO LU AFET VE ACİL DURUM TOPLANMA ALANI,38.499425540269,27.075740407687,,,,,,,2026-09-20T07:31:27.118Z,COMPLETE_FOR_MAPPABLE_ROWS,compact-proximity-endpoint,Afet toplanma alanları,https://acikveri.bizizmir.com/dataset/afet-ve-acil-durum-toplanma-alanlari,CC BY 4.0,İzmir Büyükşehir Belediyesi Açık Veri Portalı
assembly:kaggle:762:39.33563200753:27.382217417729,assembly,Emergency Assembly Area,1 NO LU AFET VE ACİL DURUM TOPLANMA ALANI,39.33563200753,27.382217417729,,,,,,,2026-09-20T07:31:27.118Z,COMPLETE_FOR_MAPPABLE_ROWS,compact-proximity-endpoint,Afet toplanma alanları,https://acikveri.bizizmir.com/dataset/afet-ve-acil-durum-toplanma-alanlari,CC BY 4.0,İzmir Büyükşehir Belediyesi Açık Veri Portalı
assembly:kaggle:763:38.305846400351:28.269446604873,assembly,Emergency Assembly Area,1 NO LU AFET VE ACİL DURUM TOPLANMA ALANI,38.305846400351,28.269446604873,,,,,,,2026-09-20T07:31:27.118Z,COMPLETE_FOR_MAPPABLE_ROWS,compact-proximity-endpoint,Afet toplanma alanları,https://acikveri.bizizmir.com/dataset/afet-ve-acil-durum-toplanma-alanlari,CC BY 4.0,İzmir Büyükşehir Belediyesi Açık Veri Portalı
assembly:kaggle:764:38.240687587325:28.191856121352,assembly,Emergency Assembly Area,1 NO LU AFET VE ACİL DURUM TOPLANMA ALANI,38.240687587325,28.191856121352,,,,,,,2026-09-20T07:31:27.118Z,COMPLETE_FOR_MAPPABLE_ROWS,compact-proximity-endpoint,Afet toplanma alanları,https://acikveri.bizizmir.com/dataset/afet-ve-acil-durum-toplanma-alanlari,CC BY 4.0,İzmir Büyükşehir Belediyesi Açık Veri Portalı
assembly:kaggle:765:39.032193893684:26.906804047679,assembly,Emergency Assembly Area,1 NO LU AFET VE ACİL DURUM TOPLANMA ALANI,39.032193893684,26.906804047679,,,,,,,2026-09-20T07:31:27.118Z,COMPLETE_FOR_MAPPABLE_ROWS,compact-proximity-endpoint,Afet toplanma alanları,https://acikveri.bizizmir.com/dataset/afet-ve-acil-durum-toplanma-alanlari,CC BY 4.0,İzmir Büyükşehir Belediyesi Açık Veri Portalı
assembly:kaggle:766:39.289412381227:27.068078674542,assembly,Emergency Assembly Area,1 NO LU AFET VE ACİL DURUM TOPLANMA ALANI,39.289412381227,27.068078674542,,,,,,,2026-09-20T07:31:27.118Z,COMPLETE_FOR_MAPPABLE_ROWS,compact-proximity-endpoint,Afet toplanma alanları,https://acikveri.bizizmir.com/dataset/afet-ve-acil-durum-toplanma-alanlari,CC BY 4.0,İzmir Büyükşehir Belediyesi Açık Veri Portalı
assembly:kaggle:767:39.264928867997:26.919206101102,assembly,Emergency Assembly Area,1 NO LU AFET VE ACİL DURUM TOPLANMA ALANI,39.264928867997,26.919206101102,,,,,,,2026-09-20T07:31:27.118Z,COMPLETE_FOR_MAPPABLE_ROWS,compact-proximity-endpoint,Afet toplanma alanları,https://acikveri.bizizmir.com/dataset/afet-ve-acil-durum-toplanma-alanlari,CC BY 4.0,İzmir Büyükşehir Belediyesi Açık Veri Portalı
assembly:kaggle:768:39.274132325369:27.325397877858,assembly,Emergency Assembly Area,1 NO LU AFET VE ACİL DURUM TOPLANMA ALANI,39.274132325369,27.325397877858,,,,,,,2026-09-20T07:31:27.118Z,COMPLETE_FOR_MAPPABLE_ROWS,compact-proximity-endpoint,Afet toplanma alanları,https://acikveri.bizizmir.com/dataset/afet-ve-acil-durum-toplanma-alanlari,CC BY 4.0,İzmir Büyükşehir Belediyesi Açık Veri Portalı
assembly:kaggle:769:38.45937187635:27.436635269858,assembly,Emergency Assembly Area,1 NO LU AFET VE ACİL DURUM TOPLANMA ALANI,38.45937187635,27.436635269858,,,,,,,2026-09-20T07:31:27.118Z,COMPLETE_FOR_MAPPABLE_ROWS,compact-proximity-endpoint,Afet toplanma alanları,https://acikveri.bizizmir.com/dataset/afet-ve-acil-durum-toplanma-alanlari,CC BY 4.0,İzmir Büyükşehir Belediyesi Açık Veri Portalı
assembly:kaggle:770:38.521286668476:27.039670202429,assembly,Emergency Assembly Area,1 NO LU AFET VE ACİL DURUM TOPLANMA ALANI,38.521286668476,27.039670202429,,,,,,,2026-09-20T07:31:27.118Z,COMPLETE_FOR_MAPPABLE_ROWS,compact-proximity-endpoint,Afet toplanma alanları,https://acikveri.bizizmir.com/dataset/afet-ve-acil-durum-toplanma-alanlari,CC BY 4.0,İzmir Büyükşehir Belediyesi Açık Veri Portalı
assembly:kaggle:771:39.264763221331:27.373291189837,assembly,Emergency Assembly Area,1 NO LU AFET VE ACİL DURUM TOPLANMA ALANI,39.264763221331,27.373291189837,,,,,,,2026-09-20T07:31:27.118Z,COMPLETE_FOR_MAPPABLE_ROWS,compact-proximity-endpoint,Afet toplanma alanları,https://acikveri.bizizmir.com/dataset/afet-ve-acil-durum-toplanma-alanlari,CC BY 4.0,İzmir Büyükşehir Belediyesi Açık Veri Portalı
assembly:kaggle:772:37.996487407562:27.73472850575,assembly,Emergency Assembly Area,1 NO LU AFET VE ACİL DURUM TOPLANMA ALANI,37.996487407562,27.73472850575,,,,,,,2026-09-20T07:31:27.118Z,COMPLETE_FOR_MAPPABLE_ROWS,compact-proximity-endpoint,Afet toplanma alanları,https://acikveri.bizizmir.com/dataset/afet-ve-acil-durum-toplanma-alanlari,CC BY 4.0,İzmir Büyükşehir Belediyesi Açık Veri Portalı
assembly:kaggle:773:38.661093860448:26.44722655936,assembly,Emergency Assembly Area,1 NO LU AFET VE ACİL DURUM TOPLANMA ALANI,38.661093860448,26.44722655936,,,,,,,2026-09-20T07:31:27.118Z,COMPLETE_FOR_MAPPABLE_ROWS,compact-proximity-endpoint,Afet toplanma alanları,https://acikveri.bizizmir.com/dataset/afet-ve-acil-durum-toplanma-alanlari,CC BY 4.0,İzmir Büyükşehir Belediyesi Açık Veri Portalı
assembly:kaggle:774:38.274857213444:27.624432174983,assembly,Emergency Assembly Area,1 NO LU AFET VE ACİL DURUM TOPLANMA ALANI,38.274857213444,27.624432174983,,,,,,,2026-09-20T07:31:27.118Z,COMPLETE_FOR_MAPPABLE_ROWS,compact-proximity-endpoint,Afet toplanma alanları,https://acikveri.bizizmir.com/dataset/afet-ve-acil-durum-toplanma-alanlari,CC BY 4.0,İzmir Büyükşehir Belediyesi Açık Veri Portalı
assembly:kaggle:775:38.418774690895:27.708373948542,assembly,Emergency Assembly Area,1 NO LU AFET VE ACİL DURUM TOPLANMA ALANI,38.418774690895,27.708373948542,,,,,,,2026-09-20T07:31:27.118Z,COMPLETE_FOR_MAPPABLE_ROWS,compact-proximity-endpoint,Afet toplanma alanları,https://acikveri.bizizmir.com/dataset/afet-ve-acil-durum-toplanma-alanlari,CC BY 4.0,İzmir Büyükşehir Belediyesi Açık Veri Portalı
assembly:kaggle:776:38.378746776804:27.127925411541,assembly,Emergency Assembly Area,1 NO LU AFET VE ACİL DURUM TOPLANMA ALANI,38.378746776804,27.127925411541,,,,,,,2026-09-20T07:31:27.118Z,COMPLETE_FOR_MAPPABLE_ROWS,compact-proximity-endpoint,Afet toplanma alanları,https://acikveri.bizizmir.com/dataset/afet-ve-acil-durum-toplanma-alanlari,CC BY 4.0,İzmir Büyükşehir Belediyesi Açık Veri Portalı
assembly:kaggle:777:38.505432970248:27.061615954881,assembly,Emergency Assembly Area,1 NO LU AFET VE ACİL DURUM TOPLANMA ALANI,38.505432970248,27.061615954881,,,,,,,2026-09-20T07:31:27.118Z,COMPLETE_FOR_MAPPABLE_ROWS,compact-proximity-endpoint,Afet toplanma alanları,https://acikveri.bizizmir.com/dataset/afet-ve-acil-durum-toplanma-alanlari,CC BY 4.0,İzmir Büyükşehir Belediyesi Açık Veri Portalı
assembly:kaggle:778:39.258516021283:26.994350520898,assembly,Emergency Assembly Area,1 NO LU AFET VE ACİL DURUM TOPLANMA ALANI,39.258516021283,26.994350520898,,,,,,,2026-09-20T07:31:27.118Z,COMPLETE_FOR_MAPPABLE_ROWS,compact-proximity-endpoint,Afet toplanma alanları,https://acikveri.bizizmir.com/dataset/afet-ve-acil-durum-toplanma-alanlari,CC BY 4.0,İzmir Büyükşehir Belediyesi Açık Veri Portalı
assembly:kaggle:779:38.586314623621:27.08327722859,assembly,Emergency Assembly Area,1 NO LU AFET VE ACİL DURUM TOPLANMA ALANI,38.586314623621,27.08327722859,,,,,,,2026-09-20T07:31:27.118Z,COMPLETE_FOR_MAPPABLE_ROWS,compact-proximity-endpoint,Afet toplanma alanları,https://acikveri.bizizmir.com/dataset/afet-ve-acil-durum-toplanma-alanlari,CC BY 4.0,İzmir Büyükşehir Belediyesi Açık Veri Portalı
assembly:kaggle:780:38.371854050823:27.172256752247,assembly,Emergency Assembly Area,1 NO LU AFET VE ACİL DURUM TOPLANMA ALANI,38.371854050823,27.172256752247,,,,,,,2026-09-20T07:31:27.118Z,COMPLETE_FOR_MAPPABLE_ROWS,compact-proximity-endpoint,Afet toplanma alanları,https://acikveri.bizizmir.com/dataset/afet-ve-acil-durum-toplanma-alanlari,CC BY 4.0,İzmir Büyükşehir Belediyesi Açık Veri Portalı
assembly:kaggle:781:39.251571286407:27.466717471542,assembly,Emergency Assembly Area,1 NO LU AFET VE ACİL DURUM TOPLANMA ALANI,39.251571286407,27.466717471542,,,,,,,2026-09-20T07:31:27.118Z,COMPLETE_FOR_MAPPABLE_ROWS,compact-proximity-endpoint,Afet toplanma alanları,https://acikveri.bizizmir.com/dataset/afet-ve-acil-durum-toplanma-alanlari,CC BY 4.0,İzmir Büyükşehir Belediyesi Açık Veri Portalı
assembly:kaggle:782:38.920096154937:27.319991174296,assembly,Emergency Assembly Area,1 NO LU AFET VE ACİL DURUM TOPLANMA ALANI,38.920096154937,27.319991174296,,,,,,,2026-09-20T07:31:27.118Z,COMPLETE_FOR_MAPPABLE_ROWS,compact-proximity-endpoint,Afet toplanma alanları,https://acikveri.bizizmir.com/dataset/afet-ve-acil-durum-toplanma-alanlari,CC BY 4.0,İzmir Büyükşehir Belediyesi Açık Veri Portalı
assembly:kaggle:783:39.095104680305:27.069709794945,assembly,Emergency Assembly Area,1 NO LU AFET VE ACİL DURUM TOPLANMA ALANI,39.095104680305,27.069709794945,,,,,,,2026-09-20T07:31:27.118Z,COMPLETE_FOR_MAPPABLE_ROWS,compact-proximity-endpoint,Afet toplanma alanları,https://acikveri.bizizmir.com/dataset/afet-ve-acil-durum-toplanma-alanlari,CC BY 4.0,İzmir Büyükşehir Belediyesi Açık Veri Portalı
assembly:kaggle:784:38.483168135263:27.125414699525,assembly,Emergency Assembly Area,1 NO LU AFET VE ACİL DURUM TOPLANMA ALANI,38.483168135263,27.125414699525,,,,,,,2026-09-20T07:31:27.118Z,COMPLETE_FOR_MAPPABLE_ROWS,compact-proximity-endpoint,Afet toplanma alanları,https://acikveri.bizizmir.com/dataset/afet-ve-acil-durum-toplanma-alanlari,CC BY 4.0,İzmir Büyükşehir Belediyesi Açık Veri Portalı
assembly:kaggle:785:38.466516412669:27.141760028233,assembly,Emergency Assembly Area,1 NO LU AFET VE ACİL DURUM TOPLANMA ALANI,38.466516412669,27.141760028233,,,,,,,2026-09-20T07:31:27.118Z,COMPLETE_FOR_MAPPABLE_ROWS,compact-proximity-endpoint,Afet toplanma alanları,https://acikveri.bizizmir.com/dataset/afet-ve-acil-durum-toplanma-alanlari,CC BY 4.0,İzmir Büyükşehir Belediyesi Açık Veri Portalı
assembly:kaggle:786:38.393098013938:27.186568912468,assembly,Emergency Assembly Area,1 NO LU AFET VE ACİL DURUM TOPLANMA ALANI,38.393098013938,27.186568912468,,,,,,,2026-09-20T07:31:27.118Z,COMPLETE_FOR_MAPPABLE_ROWS,compact-proximity-endpoint,Afet toplanma alanları,https://acikveri.bizizmir.com/dataset/afet-ve-acil-durum-toplanma-alanlari,CC BY 4.0,İzmir Büyükşehir Belediyesi Açık Veri Portalı
assembly:kaggle:787:38.420396468177:27.166409484209,assembly,Emergency Assembly Area,1 NO LU AFET VE ACİL DURUM TOPLANMA ALANI,38.420396468177,27.166409484209,,,,,,,2026-09-20T07:31:27.118Z,COMPLETE_FOR_MAPPABLE_ROWS,compact-proximity-endpoint,Afet toplanma alanları,https://acikveri.bizizmir.com/dataset/afet-ve-acil-durum-toplanma-alanlari,CC BY 4.0,İzmir Büyükşehir Belediyesi Açık Veri Portalı
assembly:kaggle:788:38.137608398909:28.4223964119,assembly,Emergency Assembly Area,1 NO LU AFET VE ACİL DURUM TOPLANMA ALANI,38.137608398909,28.4223964119,,,,,,,2026-09-20T07:31:27.118Z,COMPLETE_FOR_MAPPABLE_ROWS,compact-proximity-endpoint,Afet toplanma alanları,https://acikveri.bizizmir.com/dataset/afet-ve-acil-durum-toplanma-alanlari,CC BY 4.0,İzmir Büyükşehir Belediyesi Açık Veri Portalı
assembly:kaggle:789:38.202116818312:27.602159335732,assembly,Emergency Assembly Area,1 NO LU AFET VE ACİL DURUM TOPLANMA ALANI,38.202116818312,27.602159335732,,,,,,,2026-09-20T07:31:27.118Z,COMPLETE_FOR_MAPPABLE_ROWS,compact-proximity-endpoint,Afet toplanma alanları,https://acikveri.bizizmir.com/dataset/afet-ve-acil-durum-toplanma-alanlari,CC BY 4.0,İzmir Büyükşehir Belediyesi Açık Veri Portalı
assembly:kaggle:790:38.294934446281:28.168424378644,assembly,Emergency Assembly Area,1 NO LU AFET VE ACİL DURUM TOPLANMA ALANI,38.294934446281,28.168424378644,,,,,,,2026-09-20T07:31:27.118Z,COMPLETE_FOR_MAPPABLE_ROWS,compact-proximity-endpoint,Afet toplanma alanları,https://acikveri.bizizmir.com/dataset/afet-ve-acil-durum-toplanma-alanlari,CC BY 4.0,İzmir Büyükşehir Belediyesi Açık Veri Portalı
assembly:kaggle:791:38.073571458478:27.654049289069,assembly,Emergency Assembly Area,1 NO LU AFET VE ACİL DURUM TOPLANMA ALANI,38.073571458478,27.654049289069,,,,,,,2026-09-20T07:31:27.118Z,COMPLETE_FOR_MAPPABLE_ROWS,compact-proximity-endpoint,Afet toplanma alanları,https://acikveri.bizizmir.com/dataset/afet-ve-acil-durum-toplanma-alanlari,CC BY 4.0,İzmir Büyükşehir Belediyesi Açık Veri Portalı
assembly:kaggle:792:39.10043340673:26.973322387144,assembly,Emergency Assembly Area,1 NO LU AFET VE ACİL DURUM TOPLANMA ALANI,39.10043340673,26.973322387144,,,,,,,2026-09-20T07:31:27.118Z,COMPLETE_FOR_MAPPABLE_ROWS,compact-proximity-endpoint,Afet toplanma alanları,https://acikveri.bizizmir.com/dataset/afet-ve-acil-durum-toplanma-alanlari,CC BY 4.0,İzmir Büyükşehir Belediyesi Açık Veri Portalı
assembly:kaggle:793:39.176359064599:27.275541383418,assembly,Emergency Assembly Area,1 NO LU AFET VE ACİL DURUM TOPLANMA ALANI,39.176359064599,27.275541383418,,,,,,,2026-09-20T07:31:27.118Z,COMPLETE_FOR_MAPPABLE_ROWS,compact-proximity-endpoint,Afet toplanma alanları,https://acikveri.bizizmir.com/dataset/afet-ve-acil-durum-toplanma-alanlari,CC BY 4.0,İzmir Büyükşehir Belediyesi Açık Veri Portalı
assembly:kaggle:794:38.504689964675:27.086662299531,assembly,Emergency Assembly Area,1 NO LU AFET VE ACİL DURUM TOPLANMA ALANI,38.504689964675,27.086662299531,,,,,,,2026-09-20T07:31:27.118Z,COMPLETE_FOR_MAPPABLE_ROWS,compact-proximity-endpoint,Afet toplanma alanları,https://acikveri.bizizmir.com/dataset/afet-ve-acil-durum-toplanma-alanlari,CC BY 4.0,İzmir Büyükşehir Belediyesi Açık Veri Portalı
assembly:kaggle:795:38.147936374859:28.391497492138,assembly,Emergency Assembly Area,1 NO LU AFET VE ACİL DURUM TOPLANMA ALANI,38.147936374859,28.391497492138,,,,,,,2026-09-20T07:31:27.118Z,COMPLETE_FOR_MAPPABLE_ROWS,compact-proximity-endpoint,Afet toplanma alanları,https://acikveri.bizizmir.com/dataset/afet-ve-acil-durum-toplanma-alanlari,CC BY 4.0,İzmir Büyükşehir Belediyesi Açık Veri Portalı
assembly:kaggle:796:38.219314763835:28.316739212461,assembly,Emergency Assembly Area,1 NO LU AFET VE ACİL DURUM TOPLANMA ALANI,38.219314763835,28.316739212461,,,,,,,2026-09-20T07:31:27.118Z,COMPLETE_FOR_MAPPABLE_ROWS,compact-proximity-endpoint,Afet toplanma alanları,https://acikveri.bizizmir.com/dataset/afet-ve-acil-durum-toplanma-alanlari,CC BY 4.0,İzmir Büyükşehir Belediyesi Açık Veri Portalı
assembly:kaggle:797:38.885028983223:27.21519247267,assembly,Emergency Assembly Area,1 NO LU AFET VE ACİL DURUM TOPLANMA ALANI,38.885028983223,27.21519247267,,,,,,,2026-09-20T07:31:27.118Z,COMPLETE_FOR_MAPPABLE_ROWS,compact-proximity-endpoint,Afet toplanma alanları,https://acikveri.bizizmir.com/dataset/afet-ve-acil-durum-toplanma-alanlari,CC BY 4.0,İzmir Büyükşehir Belediyesi Açık Veri Portalı
assembly:kaggle:798:38.925171018267:27.246005471821,assembly,Emergency Assembly Area,1 NO LU AFET VE ACİL DURUM TOPLANMA ALANI,38.925171018267,27.246005471821,,,,,,,2026-09-20T07:31:27.118Z,COMPLETE_FOR_MAPPABLE_ROWS,compact-proximity-endpoint,Afet toplanma alanları,https://acikveri.bizizmir.com/dataset/afet-ve-acil-durum-toplanma-alanlari,CC BY 4.0,İzmir Büyükşehir Belediyesi Açık Veri Portalı
assembly:kaggle:799:38.220123387572:27.696701338732,assembly,Emergency Assembly Area,1 NO LU AFET VE ACİL DURUM TOPLANMA ALANI,38.220123387572,27.696701338732,,,,,,,2026-09-20T07:31:27.118Z,COMPLETE_FOR_MAPPABLE_ROWS,compact-proximity-endpoint,Afet toplanma alanları,https://acikveri.bizizmir.com/dataset/afet-ve-acil-durum-toplanma-alanlari,CC BY 4.0,İzmir Büyükşehir Belediyesi Açık Veri Portalı
assembly:kaggle:800:38.270207954169:27.804332410873,assembly,Emergency Assembly Area,1 NO LU AFET VE ACİL DURUM TOPLANMA ALANI,38.270207954169,27.804332410873,,,,,,,2026-09-20T07:31:27.118Z,COMPLETE_FOR_MAPPABLE_ROWS,compact-proximity-endpoint,Afet toplanma alanları,https://acikveri.bizizmir.com/dataset/afet-ve-acil-durum-toplanma-alanlari,CC BY 4.0,İzmir Büyükşehir Belediyesi Açık Veri Portalı
assembly:kaggle:801:38.155225775661:28.3051522118,assembly,Emergency Assembly Area,1 NO LU AFET VE ACİL DURUM TOPLANMA ALANI,38.155225775661,28.3051522118,,,,,,,2026-09-20T07:31:27.118Z,COMPLETE_FOR_MAPPABLE_ROWS,compact-proximity-endpoint,Afet toplanma alanları,https://acikveri.bizizmir.com/dataset/afet-ve-acil-durum-toplanma-alanlari,CC BY 4.0,İzmir Büyükşehir Belediyesi Açık Veri Portalı
assembly:kaggle:802:38.396797828719:27.189100898945,assembly,Emergency Assembly Area,1 NO LU AFET VE ACİL DURUM TOPLANMA ALANI,38.396797828719,27.189100898945,,,,,,,2026-09-20T07:31:27.118Z,COMPLETE_FOR_MAPPABLE_ROWS,compact-proximity-endpoint,Afet toplanma alanları,https://acikveri.bizizmir.com/dataset/afet-ve-acil-durum-toplanma-alanlari,CC BY 4.0,İzmir Büyükşehir Belediyesi Açık Veri Portalı
assembly:kaggle:803:38.574349786986:26.455080191377,assembly,Emergency Assembly Area,1 NO LU AFET VE ACİL DURUM TOPLANMA ALANI,38.574349786986,26.455080191377,,,,,,,2026-09-20T07:31:27.118Z,COMPLETE_FOR_MAPPABLE_ROWS,compact-proximity-endpoint,Afet toplanma alanları,https://acikveri.bizizmir.com/dataset/afet-ve-acil-durum-toplanma-alanlari,CC BY 4.0,İzmir Büyükşehir Belediyesi Açık Veri Portalı
assembly:kaggle:804:38.133869338636:27.636105308407,assembly,Emergency Assembly Area,1 NO LU AFET VE ACİL DURUM TOPLANMA ALANI,38.133869338636,27.636105308407,,,,,,,2026-09-20T07:31:27.118Z,COMPLETE_FOR_MAPPABLE_ROWS,compact-proximity-endpoint,Afet toplanma alanları,https://acikveri.bizizmir.com/dataset/afet-ve-acil-durum-toplanma-alanlari,CC BY 4.0,İzmir Büyükşehir Belediyesi Açık Veri Portalı
assembly:kaggle:805:38.172905582252:27.349518019835,assembly,Emergency Assembly Area,1 NO LU AFET VE ACİL DURUM TOPLANMA ALANI,38.172905582252,27.349518019835,,,,,,,2026-09-20T07:31:27.118Z,COMPLETE_FOR_MAPPABLE_ROWS,compact-proximity-endpoint,Afet toplanma alanları,https://acikveri.bizizmir.com/dataset/afet-ve-acil-durum-toplanma-alanlari,CC BY 4.0,İzmir Büyükşehir Belediyesi Açık Veri Portalı
assembly:kaggle:806:38.138890023359:27.320078297171,assembly,Emergency Assembly Area,1 NO LU AFET VE ACİL DURUM TOPLANMA ALANI,38.138890023359,27.320078297171,,,,,,,2026-09-20T07:31:27.118Z,COMPLETE_FOR_MAPPABLE_ROWS,compact-proximity-endpoint,Afet toplanma alanları,https://acikveri.bizizmir.com/dataset/afet-ve-acil-durum-toplanma-alanlari,CC BY 4.0,İzmir Büyükşehir Belediyesi Açık Veri Portalı
assembly:kaggle:807:38.121673824843:27.403162011937,assembly,Emergency Assembly Area,1 NO LU AFET VE ACİL DURUM TOPLANMA ALANI,38.121673824843,27.403162011937,,,,,,,2026-09-20T07:31:27.118Z,COMPLETE_FOR_MAPPABLE_ROWS,compact-proximity-endpoint,Afet toplanma alanları,https://acikveri.bizizmir.com/dataset/afet-ve-acil-durum-toplanma-alanlari,CC BY 4.0,İzmir Büyükşehir Belediyesi Açık Veri Portalı
assembly:kaggle:808:38.21487159697:27.328875775166,assembly,Emergency Assembly Area,1 NO LU AFET VE ACİL DURUM TOPLANMA ALANI,38.21487159697,27.328875775166,,,,,,,2026-09-20T07:31:27.118Z,COMPLETE_FOR_MAPPABLE_ROWS,compact-proximity-endpoint,Afet toplanma alanları,https://acikveri.bizizmir.com/dataset/afet-ve-acil-durum-toplanma-alanlari,CC BY 4.0,İzmir Büyükşehir Belediyesi Açık Veri Portalı
assembly:kaggle:809:38.486796131343:27.107390338359,assembly,Emergency Assembly Area,1 NO LU AFET VE ACİL DURUM TOPLANMA ALANI,38.486796131343,27.107390338359,,,,,,,2026-09-20T07:31:27.118Z,COMPLETE_FOR_MAPPABLE_ROWS,compact-proximity-endpoint,Afet toplanma alanları,https://acikveri.bizizmir.com/dataset/afet-ve-acil-durum-toplanma-alanlari,CC BY 4.0,İzmir Büyükşehir Belediyesi Açık Veri Portalı
assembly:kaggle:810:38.607268164245:27.20598094347,assembly,Emergency Assembly Area,1 NO LU AFET VE ACİL DURUM TOPLANMA ALANI,38.607268164245,27.20598094347,,,,,,,2026-09-20T07:31:27.118Z,COMPLETE_FOR_MAPPABLE_ROWS,compact-proximity-endpoint,Afet toplanma alanları,https://acikveri.bizizmir.com/dataset/afet-ve-acil-durum-toplanma-alanlari,CC BY 4.0,İzmir Büyükşehir Belediyesi Açık Veri Portalı
assembly:kaggle:811:38.401342385281:27.124653094685,assembly,Emergency Assembly Area,1 NO LU AFET VE ACİL DURUM TOPLANMA ALANI,38.401342385281,27.124653094685,,,,,,,2026-09-20T07:31:27.118Z,COMPLETE_FOR_MAPPABLE_ROWS,compact-proximity-endpoint,Afet toplanma alanları,https://acikveri.bizizmir.com/dataset/afet-ve-acil-durum-toplanma-alanlari,CC BY 4.0,İzmir Büyükşehir Belediyesi Açık Veri Portalı
assembly:kaggle:812:38.469502698483:27.169349087914,assembly,Emergency Assembly Area,1 NO LU AFET VE ACİL DURUM TOPLANMA ALANI,38.469502698483,27.169349087914,,,,,,,2026-09-20T07:31:27.118Z,COMPLETE_FOR_MAPPABLE_ROWS,compact-proximity-endpoint,Afet toplanma alanları,https://acikveri.bizizmir.com/dataset/afet-ve-acil-durum-toplanma-alanlari,CC BY 4.0,İzmir Büyükşehir Belediyesi Açık Veri Portalı
assembly:kaggle:813:38.468234300945:27.180453380163,assembly,Emergency Assembly Area,1 NO LU AFET VE ACİL DURUM TOPLANMA ALANI,38.468234300945,27.180453380163,,,,,,,2026-09-20T07:31:27.118Z,COMPLETE_FOR_MAPPABLE_ROWS,compact-proximity-endpoint,Afet toplanma alanları,https://acikveri.bizizmir.com/dataset/afet-ve-acil-durum-toplanma-alanlari,CC BY 4.0,İzmir Büyükşehir Belediyesi Açık Veri Portalı
assembly:kaggle:814:38.305061491353:26.362062151979,assembly,Emergency Assembly Area,1 NO LU AFET VE ACİL DURUM TOPLANMA ALANI,38.305061491353,26.362062151979,,,,,,,2026-09-20T07:31:27.118Z,COMPLETE_FOR_MAPPABLE_ROWS,compact-proximity-endpoint,Afet toplanma alanları,https://acikveri.bizizmir.com/dataset/afet-ve-acil-durum-toplanma-alanlari,CC BY 4.0,İzmir Büyükşehir Belediyesi Açık Veri Portalı
assembly:kaggle:815:38.326813717912:26.820106007567,assembly,Emergency Assembly Area,1 NO LU AFET VE ACİL DURUM TOPLANMA ALANI,38.326813717912,26.820106007567,,,,,,,2026-09-20T07:31:27.118Z,COMPLETE_FOR_MAPPABLE_ROWS,compact-proximity-endpoint,Afet toplanma alanları,https://acikveri.bizizmir.com/dataset/afet-ve-acil-durum-toplanma-alanlari,CC BY 4.0,İzmir Büyükşehir Belediyesi Açık Veri Portalı
assembly:kaggle:816:39.180118349177:27.368828159694,assembly,Emergency Assembly Area,1 NO LU AFET VE ACİL DURUM TOPLANMA ALANI,39.180118349177,27.368828159694,,,,,,,2026-09-20T07:31:27.118Z,COMPLETE_FOR_MAPPABLE_ROWS,compact-proximity-endpoint,Afet toplanma alanları,https://acikveri.bizizmir.com/dataset/afet-ve-acil-durum-toplanma-alanlari,CC BY 4.0,İzmir Büyükşehir Belediyesi Açık Veri Portalı
assembly:kaggle:817:38.225213198794:27.647796858063,assembly,Emergency Assembly Area,1 NO LU AFET VE ACİL DURUM TOPLANMA ALANI,38.225213198794,27.647796858063,,,,,,,2026-09-20T07:31:27.118Z,COMPLETE_FOR_MAPPABLE_ROWS,compact-proximity-endpoint,Afet toplanma alanları,https://acikveri.bizizmir.com/dataset/afet-ve-acil-durum-toplanma-alanlari,CC BY 4.0,İzmir Büyükşehir Belediyesi Açık Veri Portalı
assembly:kaggle:818:39.325258506852:27.324882808054,assembly,Emergency Assembly Area,1 NO LU AFET VE ACİL DURUM TOPLANMA ALANI,39.325258506852,27.324882808054,,,,,,,2026-09-20T07:31:27.118Z,COMPLETE_FOR_MAPPABLE_ROWS,compact-proximity-endpoint,Afet toplanma alanları,https://acikveri.bizizmir.com/dataset/afet-ve-acil-durum-toplanma-alanlari,CC BY 4.0,İzmir Büyükşehir Belediyesi Açık Veri Portalı
assembly:kaggle:819:39.261440489155:27.338100781011,assembly,Emergency Assembly Area,1 NO LU AFET VE ACİL DURUM TOPLANMA ALANI,39.261440489155,27.338100781011,,,,,,,2026-09-20T07:31:27.118Z,COMPLETE_FOR_MAPPABLE_ROWS,compact-proximity-endpoint,Afet toplanma alanları,https://acikveri.bizizmir.com/dataset/afet-ve-acil-durum-toplanma-alanlari,CC BY 4.0,İzmir Büyükşehir Belediyesi Açık Veri Portalı
assembly:kaggle:820:38.392890831431:27.078020455927,assembly,Emergency Assembly Area,1 NO LU AFET VE ACİL DURUM TOPLANMA ALANI,38.392890831431,27.078020455927,,,,,,,2026-09-20T07:31:27.118Z,COMPLETE_FOR_MAPPABLE_ROWS,compact-proximity-endpoint,Afet toplanma alanları,https://acikveri.bizizmir.com/dataset/afet-ve-acil-durum-toplanma-alanlari,CC BY 4.0,İzmir Büyükşehir Belediyesi Açık Veri Portalı
assembly:kaggle:821:38.40041334079:27.159746943876,assembly,Emergency Assembly Area,1 NO LU AFET VE ACİL DURUM TOPLANMA ALANI,38.40041334079,27.159746943876,,,,,,,2026-09-20T07:31:27.118Z,COMPLETE_FOR_MAPPABLE_ROWS,compact-proximity-endpoint,Afet toplanma alanları,https://acikveri.bizizmir.com/dataset/afet-ve-acil-durum-toplanma-alanlari,CC BY 4.0,İzmir Büyükşehir Belediyesi Açık Veri Portalı
assembly:kaggle:822:38.601676784608:27.07361056867,assembly,Emergency Assembly Area,1 NO LU AFET VE ACİL DURUM TOPLANMA ALANI,38.601676784608,27.07361056867,,,,,,,2026-09-20T07:31:27.118Z,COMPLETE_FOR_MAPPABLE_ROWS,compact-proximity-endpoint,Afet toplanma alanları,https://acikveri.bizizmir.com/dataset/afet-ve-acil-durum-toplanma-alanlari,CC BY 4.0,İzmir Büyükşehir Belediyesi Açık Veri Portalı
assembly:kaggle:823:38.388052497903:27.174488311824,assembly,Emergency Assembly Area,1 NO LU AFET VE ACİL DURUM TOPLANMA ALANI,38.388052497903,27.174488311824,,,,,,,2026-09-20T07:31:27.118Z,COMPLETE_FOR_MAPPABLE_ROWS,compact-proximity-endpoint,Afet toplanma alanları,https://acikveri.bizizmir.com/dataset/afet-ve-acil-durum-toplanma-alanlari,CC BY 4.0,İzmir Büyükşehir Belediyesi Açık Veri Portalı
assembly:kaggle:824:38.367160378096:27.184047692027,assembly,Emergency Assembly Area,1 NO LU AFET VE ACİL DURUM TOPLANMA ALANI,38.367160378096,27.184047692027,,,,,,,2026-09-20T07:31:27.118Z,COMPLETE_FOR_MAPPABLE_ROWS,compact-proximity-endpoint,Afet toplanma alanları,https://acikveri.bizizmir.com/dataset/afet-ve-acil-durum-toplanma-alanlari,CC BY 4.0,İzmir Büyükşehir Belediyesi Açık Veri Portalı
assembly:kaggle:825:38.084102906057:27.82416484462,assembly,Emergency Assembly Area,1 NO LU AFET VE ACİL DURUM TOPLANMA ALANI,38.084102906057,27.82416484462,,,,,,,2026-09-20T07:31:27.118Z,COMPLETE_FOR_MAPPABLE_ROWS,compact-proximity-endpoint,Afet toplanma alanları,https://acikveri.bizizmir.com/dataset/afet-ve-acil-durum-toplanma-alanlari,CC BY 4.0,İzmir Büyükşehir Belediyesi Açık Veri Portalı
assembly:kaggle:826:38.052317346297:27.582794116231,assembly,Emergency Assembly Area,1 NO LU AFET VE ACİL DURUM TOPLANMA ALANI,38.052317346297,27.582794116231,,,,,,,2026-09-20T07:31:27.118Z,COMPLETE_FOR_MAPPABLE_ROWS,compact-proximity-endpoint,Afet toplanma alanları,https://acikveri.bizizmir.com/dataset/afet-ve-acil-durum-toplanma-alanlari,CC BY 4.0,İzmir Büyükşehir Belediyesi Açık Veri Portalı
assembly:kaggle:827:38.249112809105:27.2806176572,assembly,Emergency Assembly Area,1 NO LU AFET VE ACİL DURUM TOPLANMA ALANI,38.249112809105,27.2806176572,,,,,,,2026-09-20T07:31:27.118Z,COMPLETE_FOR_MAPPABLE_ROWS,compact-proximity-endpoint,Afet toplanma alanları,https://acikveri.bizizmir.com/dataset/afet-ve-acil-durum-toplanma-alanlari,CC BY 4.0,İzmir Büyükşehir Belediyesi Açık Veri Portalı
assembly:kaggle:828:38.387753917261:27.132305421771,assembly,Emergency Assembly Area,1 NO LU AFET VE ACİL DURUM TOPLANMA ALANI,38.387753917261,27.132305421771,,,,,,,2026-09-20T07:31:27.118Z,COMPLETE_FOR_MAPPABLE_ROWS,compact-proximity-endpoint,Afet toplanma alanları,https://acikveri.bizizmir.com/dataset/afet-ve-acil-durum-toplanma-alanlari,CC BY 4.0,İzmir Büyükşehir Belediyesi Açık Veri Portalı
assembly:kaggle:829:38.396444643512:27.160733998547,assembly,Emergency Assembly Area,1 NO LU AFET VE ACİL DURUM TOPLANMA ALANI,38.396444643512,27.160733998547,,,,,,,2026-09-20T07:31:27.118Z,COMPLETE_FOR_MAPPABLE_ROWS,compact-proximity-endpoint,Afet toplanma alanları,https://acikveri.bizizmir.com/dataset/afet-ve-acil-durum-toplanma-alanlari,CC BY 4.0,İzmir Büyükşehir Belediyesi Açık Veri Portalı
assembly:kaggle:830:38.002302788418:27.490882061632,assembly,Emergency Assembly Area,1 NO LU AFET VE ACİL DURUM TOPLANMA ALANI,38.002302788418,27.490882061632,,,,,,,2026-09-20T07:31:27.118Z,COMPLETE_FOR_MAPPABLE_ROWS,compact-proximity-endpoint,Afet toplanma alanları,https://acikveri.bizizmir.com/dataset/afet-ve-acil-durum-toplanma-alanlari,CC BY 4.0,İzmir Büyükşehir Belediyesi Açık Veri Portalı
assembly:kaggle:831:38.069226141696:27.901157292614,assembly,Emergency Assembly Area,1 NO LU AFET VE ACİL DURUM TOPLANMA ALANI,38.069226141696,27.901157292614,,,,,,,2026-09-20T07:31:27.118Z,COMPLETE_FOR_MAPPABLE_ROWS,compact-proximity-endpoint,Afet toplanma alanları,https://acikveri.bizizmir.com/dataset/afet-ve-acil-durum-toplanma-alanlari,CC BY 4.0,İzmir Büyükşehir Belediyesi Açık Veri Portalı
assembly:kaggle:832:38.404163204632:27.141035940828,assembly,Emergency Assembly Area,1 NO LU AFET VE ACİL DURUM TOPLANMA ALANI,38.404163204632,27.141035940828,,,,,,,2026-09-20T07:31:27.118Z,COMPLETE_FOR_MAPPABLE_ROWS,compact-proximity-endpoint,Afet toplanma alanları,https://acikveri.bizizmir.com/dataset/afet-ve-acil-durum-toplanma-alanlari,CC BY 4.0,İzmir Büyükşehir Belediyesi Açık Veri Portalı
assembly:kaggle:833:39.289279606554:27.145840907419,assembly,Emergency Assembly Area,1 NO LU AFET VE ACİL DURUM TOPLANMA ALANI,39.289279606554,27.145840907419,,,,,,,2026-09-20T07:31:27.118Z,COMPLETE_FOR_MAPPABLE_ROWS,compact-proximity-endpoint,Afet toplanma alanları,https://acikveri.bizizmir.com/dataset/afet-ve-acil-durum-toplanma-alanlari,CC BY 4.0,İzmir Büyükşehir Belediyesi Açık Veri Portalı
assembly:kaggle:834:38.993713685833:27.064560157314,assembly,Emergency Assembly Area,1 NO LU AFET VE ACİL DURUM TOPLANMA ALANI,38.993713685833,27.064560157314,,,,,,,2026-09-20T07:31:27.118Z,COMPLETE_FOR_MAPPABLE_ROWS,compact-proximity-endpoint,Afet toplanma alanları,https://acikveri.bizizmir.com/dataset/afet-ve-acil-durum-toplanma-alanlari,CC BY 4.0,İzmir Büyükşehir Belediyesi Açık Veri Portalı
assembly:kaggle:835:38.118230899971:28.286870412098,assembly,Emergency Assembly Area,1 NO LU AFET VE ACİL DURUM TOPLANMA ALANI,38.118230899971,28.286870412098,,,,,,,2026-09-20T07:31:27.118Z,COMPLETE_FOR_MAPPABLE_ROWS,compact-proximity-endpoint,Afet toplanma alanları,https://acikveri.bizizmir.com/dataset/afet-ve-acil-durum-toplanma-alanlari,CC BY 4.0,İzmir Büyükşehir Belediyesi Açık Veri Portalı
assembly:kaggle:836:38.202993206276:27.167815318501,assembly,Emergency Assembly Area,1 NO LU AFET VE ACİL DURUM TOPLANMA ALANI,38.202993206276,27.167815318501,,,,,,,2026-09-20T07:31:27.118Z,COMPLETE_FOR_MAPPABLE_ROWS,compact-proximity-endpoint,Afet toplanma alanları,https://acikveri.bizizmir.com/dataset/afet-ve-acil-durum-toplanma-alanlari,CC BY 4.0,İzmir Büyükşehir Belediyesi Açık Veri Portalı
assembly:kaggle:837:39.10476282587:27.011001869937,assembly,Emergency Assembly Area,1 NO LU AFET VE ACİL DURUM TOPLANMA ALANI,39.10476282587,27.011001869937,,,,,,,2026-09-20T07:31:27.118Z,COMPLETE_FOR_MAPPABLE_ROWS,compact-proximity-endpoint,Afet toplanma alanları,https://acikveri.bizizmir.com/dataset/afet-ve-acil-durum-toplanma-alanlari,CC BY 4.0,İzmir Büyükşehir Belediyesi Açık Veri Portalı
assembly:kaggle:838:38.014235022852:27.700164366682,assembly,Emergency Assembly Area,1 NO LU AFET VE ACİL DURUM TOPLANMA ALANI,38.014235022852,27.700164366682,,,,,,,2026-09-20T07:31:27.118Z,COMPLETE_FOR_MAPPABLE_ROWS,compact-proximity-endpoint,Afet toplanma alanları,https://acikveri.bizizmir.com/dataset/afet-ve-acil-durum-toplanma-alanlari,CC BY 4.0,İzmir Büyükşehir Belediyesi Açık Veri Portalı
assembly:kaggle:839:38.085610322004:27.882849941976,assembly,Emergency Assembly Area,1 NO LU AFET VE ACİL DURUM TOPLANMA ALANI,38.085610322004,27.882849941976,,,,,,,2026-09-20T07:31:27.118Z,COMPLETE_FOR_MAPPABLE_ROWS,compact-proximity-endpoint,Afet toplanma alanları,https://acikveri.bizizmir.com/dataset/afet-ve-acil-durum-toplanma-alanlari,CC BY 4.0,İzmir Büyükşehir Belediyesi Açık Veri Portalı
assembly:kaggle:840:38.318826201567:27.061962276945,assembly,Emergency Assembly Area,1 NO LU AFET VE ACİL DURUM TOPLANMA ALANI,38.318826201567,27.061962276945,,,,,,,2026-09-20T07:31:27.118Z,COMPLETE_FOR_MAPPABLE_ROWS,compact-proximity-endpoint,Afet toplanma alanları,https://acikveri.bizizmir.com/dataset/afet-ve-acil-durum-toplanma-alanlari,CC BY 4.0,İzmir Büyükşehir Belediyesi Açık Veri Portalı
assembly:kaggle:841:39.269547560817:27.309948435482,assembly,Emergency Assembly Area,1 NO LU AFET VE ACİL DURUM TOPLANMA ALANI,39.269547560817,27.309948435482,,,,,,,2026-09-20T07:31:27.118Z,COMPLETE_FOR_MAPPABLE_ROWS,compact-proximity-endpoint,Afet toplanma alanları,https://acikveri.bizizmir.com/dataset/afet-ve-acil-durum-toplanma-alanlari,CC BY 4.0,İzmir Büyükşehir Belediyesi Açık Veri Portalı
assembly:kaggle:842:39.007587506422:26.878050950785,assembly,Emergency Assembly Area,1 NO LU AFET VE ACİL DURUM TOPLANMA ALANI,39.007587506422,26.878050950785,,,,,,,2026-09-20T07:31:27.118Z,COMPLETE_FOR_MAPPABLE_ROWS,compact-proximity-endpoint,Afet toplanma alanları,https://acikveri.bizizmir.com/dataset/afet-ve-acil-durum-toplanma-alanlari,CC BY 4.0,İzmir Büyükşehir Belediyesi Açık Veri Portalı
assembly:kaggle:843:38.094064925364:27.904915012318,assembly,Emergency Assembly Area,1 NO LU AFET VE ACİL DURUM TOPLANMA ALANI,38.094064925364,27.904915012318,,,,,,,2026-09-20T07:31:27.118Z,COMPLETE_FOR_MAPPABLE_ROWS,compact-proximity-endpoint,Afet toplanma alanları,https://acikveri.bizizmir.com/dataset/afet-ve-acil-durum-toplanma-alanlari,CC BY 4.0,İzmir Büyükşehir Belediyesi Açık Veri Portalı
assembly:kaggle:844:38.009956557189:27.501849546732,assembly,Emergency Assembly Area,1 NO LU AFET VE ACİL DURUM TOPLANMA ALANI,38.009956557189,27.501849546732,,,,,,,2026-09-20T07:31:27.118Z,COMPLETE_FOR_MAPPABLE_ROWS,compact-proximity-endpoint,Afet toplanma alanları,https://acikveri.bizizmir.com/dataset/afet-ve-acil-durum-toplanma-alanlari,CC BY 4.0,İzmir Büyükşehir Belediyesi Açık Veri Portalı
assembly:kaggle:845:38.068992685682:27.767779751389,assembly,Emergency Assembly Area,1 NO LU AFET VE ACİL DURUM TOPLANMA ALANI,38.068992685682,27.767779751389,,,,,,,2026-09-20T07:31:27.118Z,COMPLETE_FOR_MAPPABLE_ROWS,compact-proximity-endpoint,Afet toplanma alanları,https://acikveri.bizizmir.com/dataset/afet-ve-acil-durum-toplanma-alanlari,CC BY 4.0,İzmir Büyükşehir Belediyesi Açık Veri Portalı
assembly:kaggle:846:38.087026547528:27.536173481588,assembly,Emergency Assembly Area,1 NO LU AFET VE ACİL DURUM TOPLANMA ALANI,38.087026547528,27.536173481588,,,,,,,2026-09-20T07:31:27.118Z,COMPLETE_FOR_MAPPABLE_ROWS,compact-proximity-endpoint,Afet toplanma alanları,https://acikveri.bizizmir.com/dataset/afet-ve-acil-durum-toplanma-alanlari,CC BY 4.0,İzmir Büyükşehir Belediyesi Açık Veri Portalı
assembly:kaggle:847:38.404701246624:27.101060496246,assembly,Emergency Assembly Area,1 NO LU AFET VE ACİL DURUM TOPLANMA ALANI,38.404701246624,27.101060496246,,,,,,,2026-09-20T07:31:27.118Z,COMPLETE_FOR_MAPPABLE_ROWS,compact-proximity-endpoint,Afet toplanma alanları,https://acikveri.bizizmir.com/dataset/afet-ve-acil-durum-toplanma-alanlari,CC BY 4.0,İzmir Büyükşehir Belediyesi Açık Veri Portalı
assembly:kaggle:848:39.095803510547:27.491238369953,assembly,Emergency Assembly Area,1 NO LU AFET VE ACİL DURUM TOPLANMA ALANI,39.095803510547,27.491238369953,,,,,,,2026-09-20T07:31:27.118Z,COMPLETE_FOR_MAPPABLE_ROWS,compact-proximity-endpoint,Afet toplanma alanları,https://acikveri.bizizmir.com/dataset/afet-ve-acil-durum-toplanma-alanlari,CC BY 4.0,İzmir Büyükşehir Belediyesi Açık Veri Portalı
assembly:kaggle:849:38.524677750993:27.045592484694,assembly,Emergency Assembly Area,1 NO LU AFET VE ACİL DURUM TOPLANMA ALANI,38.524677750993,27.045592484694,,,,,,,2026-09-20T07:31:27.118Z,COMPLETE_FOR_MAPPABLE_ROWS,compact-proximity-endpoint,Afet toplanma alanları,https://acikveri.bizizmir.com/dataset/afet-ve-acil-durum-toplanma-alanlari,CC BY 4.0,İzmir Büyükşehir Belediyesi Açık Veri Portalı
assembly:kaggle:850:38.372644673026:27.133611676539,assembly,Emergency Assembly Area,1 NO LU AFET VE ACİL DURUM TOPLANMA ALANI,38.372644673026,27.133611676539,,,,,,,2026-09-20T07:31:27.118Z,COMPLETE_FOR_MAPPABLE_ROWS,compact-proximity-endpoint,Afet toplanma alanları,https://acikveri.bizizmir.com/dataset/afet-ve-acil-durum-toplanma-alanlari,CC BY 4.0,İzmir Büyükşehir Belediyesi Açık Veri Portalı
assembly:kaggle:851:38.027197225718:27.694609520175,assembly,Emergency Assembly Area,1 NO LU AFET VE ACİL DURUM TOPLANMA ALANI,38.027197225718,27.694609520175,,,,,,,2026-09-20T07:31:27.118Z,COMPLETE_FOR_MAPPABLE_ROWS,compact-proximity-endpoint,Afet toplanma alanları,https://acikveri.bizizmir.com/dataset/afet-ve-acil-durum-toplanma-alanlari,CC BY 4.0,İzmir Büyükşehir Belediyesi Açık Veri Portalı
assembly:kaggle:852:38.066036312508:27.702981934602,assembly,Emergency Assembly Area,1 NO LU AFET VE ACİL DURUM TOPLANMA ALANI,38.066036312508,27.702981934602,,,,,,,2026-09-20T07:31:27.118Z,COMPLETE_FOR_MAPPABLE_ROWS,compact-proximity-endpoint,Afet toplanma alanları,https://acikveri.bizizmir.com/dataset/afet-ve-acil-durum-toplanma-alanlari,CC BY 4.0,İzmir Büyükşehir Belediyesi Açık Veri Portalı
assembly:kaggle:853:38.654156802518:26.40280941066,assembly,Emergency Assembly Area,1 NO LU AFET VE ACİL DURUM TOPLANMA ALANI,38.654156802518,26.40280941066,,,,,,,2026-09-20T07:31:27.118Z,COMPLETE_FOR_MAPPABLE_ROWS,compact-proximity-endpoint,Afet toplanma alanları,https://acikveri.bizizmir.com/dataset/afet-ve-acil-durum-toplanma-alanlari,CC BY 4.0,İzmir Büyükşehir Belediyesi Açık Veri Portalı
assembly:kaggle:854:38.611782914103:26.395170597356,assembly,Emergency Assembly Area,1 NO LU AFET VE ACİL DURUM TOPLANMA ALANI,38.611782914103,26.395170597356,,,,,,,2026-09-20T07:31:27.118Z,COMPLETE_FOR_MAPPABLE_ROWS,compact-proximity-endpoint,Afet toplanma alanları,https://acikveri.bizizmir.com/dataset/afet-ve-acil-durum-toplanma-alanlari,CC BY 4.0,İzmir Büyükşehir Belediyesi Açık Veri Portalı
assembly:kaggle:855:39.113487467609:27.092111464238,assembly,Emergency Assembly Area,1 NO LU AFET VE ACİL DURUM TOPLANMA ALANI,39.113487467609,27.092111464238,,,,,,,2026-09-20T07:31:27.118Z,COMPLETE_FOR_MAPPABLE_ROWS,compact-proximity-endpoint,Afet toplanma alanları,https://acikveri.bizizmir.com/dataset/afet-ve-acil-durum-toplanma-alanlari,CC BY 4.0,İzmir Büyükşehir Belediyesi Açık Veri Portalı
assembly:kaggle:856:39.318801353072:27.375951836065,assembly,Emergency Assembly Area,1 NO LU AFET VE ACİL DURUM TOPLANMA ALANI,39.318801353072,27.375951836065,,,,,,,2026-09-20T07:31:27.118Z,COMPLETE_FOR_MAPPABLE_ROWS,compact-proximity-endpoint,Afet toplanma alanları,https://acikveri.bizizmir.com/dataset/afet-ve-acil-durum-toplanma-alanlari,CC BY 4.0,İzmir Büyükşehir Belediyesi Açık Veri Portalı
assembly:kaggle:857:38.941127866259:27.117088375855,assembly,Emergency Assembly Area,1 NO LU AFET VE ACİL DURUM TOPLANMA ALANI,38.941127866259,27.117088375855,,,,,,,2026-09-20T07:31:27.118Z,COMPLETE_FOR_MAPPABLE_ROWS,compact-proximity-endpoint,Afet toplanma alanları,https://acikveri.bizizmir.com/dataset/afet-ve-acil-durum-toplanma-alanlari,CC BY 4.0,İzmir Büyükşehir Belediyesi Açık Veri Portalı
assembly:kaggle:858:39.010255635211:27.21244568876,assembly,Emergency Assembly Area,1 NO LU AFET VE ACİL DURUM TOPLANMA ALANI,39.010255635211,27.21244568876,,,,,,,2026-09-20T07:31:27.118Z,COMPLETE_FOR_MAPPABLE_ROWS,compact-proximity-endpoint,Afet toplanma alanları,https://acikveri.bizizmir.com/dataset/afet-ve-acil-durum-toplanma-alanlari,CC BY 4.0,İzmir Büyükşehir Belediyesi Açık Veri Portalı
assembly:kaggle:859:38.250898995138:27.262443097262,assembly,Emergency Assembly Area,1 NO LU AFET VE ACİL DURUM TOPLANMA ALANI,38.250898995138,27.262443097262,,,,,,,2026-09-20T07:31:27.118Z,COMPLETE_FOR_MAPPABLE_ROWS,compact-proximity-endpoint,Afet toplanma alanları,https://acikveri.bizizmir.com/dataset/afet-ve-acil-durum-toplanma-alanlari,CC BY 4.0,İzmir Büyükşehir Belediyesi Açık Veri Portalı
assembly:kaggle:860:38.090218625023:27.725662543518,assembly,Emergency Assembly Area,1 NO LU AFET VE ACİL DURUM TOPLANMA ALANI,38.090218625023,27.725662543518,,,,,,,2026-09-20T07:31:27.118Z,COMPLETE_FOR_MAPPABLE_ROWS,compact-proximity-endpoint,Afet toplanma alanları,https://acikveri.bizizmir.com/dataset/afet-ve-acil-durum-toplanma-alanlari,CC BY 4.0,İzmir Büyükşehir Belediyesi Açık Veri Portalı
assembly:kaggle:861:38.10273030833:27.543811008741,assembly,Emergency Assembly Area,1 NO LU AFET VE ACİL DURUM TOPLANMA ALANI,38.10273030833,27.543811008741,,,,,,,2026-09-20T07:31:27.118Z,COMPLETE_FOR_MAPPABLE_ROWS,compact-proximity-endpoint,Afet toplanma alanları,https://acikveri.bizizmir.com/dataset/afet-ve-acil-durum-toplanma-alanlari,CC BY 4.0,İzmir Büyükşehir Belediyesi Açık Veri Portalı
assembly:kaggle:862:38.224236544673:27.636813268535,assembly,Emergency Assembly Area,1 NO LU AFET VE ACİL DURUM TOPLANMA ALANI,38.224236544673,27.636813268535,,,,,,,2026-09-20T07:31:27.118Z,COMPLETE_FOR_MAPPABLE_ROWS,compact-proximity-endpoint,Afet toplanma alanları,https://acikveri.bizizmir.com/dataset/afet-ve-acil-durum-toplanma-alanlari,CC BY 4.0,İzmir Büyükşehir Belediyesi Açık Veri Portalı
assembly:kaggle:863:39.114707084143:27.182796512333,assembly,Emergency Assembly Area,1 NO LU AFET VE ACİL DURUM TOPLANMA ALANI,39.114707084143,27.182796512333,,,,,,,2026-09-20T07:31:27.118Z,COMPLETE_FOR_MAPPABLE_ROWS,compact-proximity-endpoint,Afet toplanma alanları,https://acikveri.bizizmir.com/dataset/afet-ve-acil-durum-toplanma-alanlari,CC BY 4.0,İzmir Büyükşehir Belediyesi Açık Veri Portalı
assembly:kaggle:864:38.095808047227:27.43487633238,assembly,Emergency Assembly Area,1 NO LU AFET VE ACİL DURUM TOPLANMA ALANI,38.095808047227,27.43487633238,,,,,,,2026-09-20T07:31:27.118Z,COMPLETE_FOR_MAPPABLE_ROWS,compact-proximity-endpoint,Afet toplanma alanları,https://acikveri.bizizmir.com/dataset/afet-ve-acil-durum-toplanma-alanlari,CC BY 4.0,İzmir Büyükşehir Belediyesi Açık Veri Portalı
assembly:kaggle:865:38.275885002163:26.831415574557,assembly,Emergency Assembly Area,1 NO LU AFET VE ACİL DURUM TOPLANMA ALANI,38.275885002163,26.831415574557,,,,,,,2026-09-20T07:31:27.118Z,COMPLETE_FOR_MAPPABLE_ROWS,compact-proximity-endpoint,Afet toplanma alanları,https://acikveri.bizizmir.com/dataset/afet-ve-acil-durum-toplanma-alanlari,CC BY 4.0,İzmir Büyükşehir Belediyesi Açık Veri Portalı
assembly:kaggle:866:38.132496934507:27.627020714203,assembly,Emergency Assembly Area,1 NO LU AFET VE ACİL DURUM TOPLANMA ALANI,38.132496934507,27.627020714203,,,,,,,2026-09-20T07:31:27.118Z,COMPLETE_FOR_MAPPABLE_ROWS,compact-proximity-endpoint,Afet toplanma alanları,https://acikveri.bizizmir.com/dataset/afet-ve-acil-durum-toplanma-alanlari,CC BY 4.0,İzmir Büyükşehir Belediyesi Açık Veri Portalı
assembly:kaggle:867:39.169471793017:26.856593088302,assembly,Emergency Assembly Area,1 NO LU AFET VE ACİL DURUM TOPLANMA ALANI,39.169471793017,26.856593088302,,,,,,,2026-09-20T07:31:27.118Z,COMPLETE_FOR_MAPPABLE_ROWS,compact-proximity-endpoint,Afet toplanma alanları,https://acikveri.bizizmir.com/dataset/afet-ve-acil-durum-toplanma-alanlari,CC BY 4.0,İzmir Büyükşehir Belediyesi Açık Veri Portalı
assembly:kaggle:868:38.467948596767:27.085932805094,assembly,Emergency Assembly Area,1 NO LU AFET VE ACİL DURUM TOPLANMA ALANI,38.467948596767,27.085932805094,,,,,,,2026-09-20T07:31:27.118Z,COMPLETE_FOR_MAPPABLE_ROWS,compact-proximity-endpoint,Afet toplanma alanları,https://acikveri.bizizmir.com/dataset/afet-ve-acil-durum-toplanma-alanlari,CC BY 4.0,İzmir Büyükşehir Belediyesi Açık Veri Portalı
assembly:kaggle:869:38.996848687422:26.851271925342,assembly,Emergency Assembly Area,1 NO LU AFET VE ACİL TOPLANMA ALANI,38.996848687422,26.851271925342,,,,,,,2026-09-20T07:31:27.118Z,COMPLETE_FOR_MAPPABLE_ROWS,compact-proximity-endpoint,Afet toplanma alanları,https://acikveri.bizizmir.com/dataset/afet-ve-acil-durum-toplanma-alanlari,CC BY 4.0,İzmir Büyükşehir Belediyesi Açık Veri Portalı
assembly:kaggle:870:38.189394084524:26.784945252067,assembly,Emergency Assembly Area,1 NO'LU AFET VE ACİL DURUM TOPLANMA ALANI,38.189394084524,26.784945252067,,,,,,,2026-09-20T07:31:27.118Z,COMPLETE_FOR_MAPPABLE_ROWS,compact-proximity-endpoint,Afet toplanma alanları,https://acikveri.bizizmir.com/dataset/afet-ve-acil-durum-toplanma-alanlari,CC BY 4.0,İzmir Büyükşehir Belediyesi Açık Veri Portalı
assembly:kaggle:871:37.883392307977:27.416634410888,assembly,Emergency Assembly Area,1 NO'LU AFET VE ACİL DURUM TOPLANMA ALANI,37.883392307977,27.416634410888,,,,,,,2026-09-20T07:31:27.118Z,COMPLETE_FOR_MAPPABLE_ROWS,compact-proximity-endpoint,Afet toplanma alanları,https://acikveri.bizizmir.com/dataset/afet-ve-acil-durum-toplanma-alanlari,CC BY 4.0,İzmir Büyükşehir Belediyesi Açık Veri Portalı
assembly:kaggle:872:38.315624548021:27.956449044608,assembly,Emergency Assembly Area,1 NO'LU AFET VE ACİL DURUM TOPLANMA ALANI,38.315624548021,27.956449044608,,,,,,,2026-09-20T07:31:27.118Z,COMPLETE_FOR_MAPPABLE_ROWS,compact-proximity-endpoint,Afet toplanma alanları,https://acikveri.bizizmir.com/dataset/afet-ve-acil-durum-toplanma-alanlari,CC BY 4.0,İzmir Büyükşehir Belediyesi Açık Veri Portalı
assembly:kaggle:873:38.231986686227:28.109442842583,assembly,Emergency Assembly Area,1 NO'LU AFET VE ACİL DURUM TOPLANMA ALANI,38.231986686227,28.109442842583,,,,,,,2026-09-20T07:31:27.118Z,COMPLETE_FOR_MAPPABLE_ROWS,compact-proximity-endpoint,Afet toplanma alanları,https://acikveri.bizizmir.com/dataset/afet-ve-acil-durum-toplanma-alanlari,CC BY 4.0,İzmir Büyükşehir Belediyesi Açık Veri Portalı
assembly:kaggle:874:38.232829560306:27.974242331285,assembly,Emergency Assembly Area,1 NO'LU AFET VE ACİL DURUM TOPLANMA ALANI,38.232829560306,27.974242331285,,,,,,,2026-09-20T07:31:27.118Z,COMPLETE_FOR_MAPPABLE_ROWS,compact-proximity-endpoint,Afet toplanma alanları,https://acikveri.bizizmir.com/dataset/afet-ve-acil-durum-toplanma-alanlari,CC BY 4.0,İzmir Büyükşehir Belediyesi Açık Veri Portalı
assembly:kaggle:875:38.175171074836:27.860436923092,assembly,Emergency Assembly Area,1 NO'LU AFET VE ACİL DURUM TOPLANMA ALANI,38.175171074836,27.860436923092,,,,,,,2026-09-20T07:31:27.118Z,COMPLETE_FOR_MAPPABLE_ROWS,compact-proximity-endpoint,Afet toplanma alanları,https://acikveri.bizizmir.com/dataset/afet-ve-acil-durum-toplanma-alanlari,CC BY 4.0,İzmir Büyükşehir Belediyesi Açık Veri Portalı
assembly:kaggle:876:38.271030115758:27.954411938643,assembly,Emergency Assembly Area,1 NO'LU AFET VE ACİL DURUM TOPLANMA ALANI,38.271030115758,27.954411938643,,,,,,,2026-09-20T07:31:27.118Z,COMPLETE_FOR_MAPPABLE_ROWS,compact-proximity-endpoint,Afet toplanma alanları,https://acikveri.bizizmir.com/dataset/afet-ve-acil-durum-toplanma-alanlari,CC BY 4.0,İzmir Büyükşehir Belediyesi Açık Veri Portalı
assembly:kaggle:877:38.139643742573:27.954775162304,assembly,Emergency Assembly Area,1 NO'LU AFET VE ACİL DURUM TOPLANMA ALANI,38.139643742573,27.954775162304,,,,,,,2026-09-20T07:31:27.118Z,COMPLETE_FOR_MAPPABLE_ROWS,compact-proximity-endpoint,Afet toplanma alanları,https://acikveri.bizizmir.com/dataset/afet-ve-acil-durum-toplanma-alanlari,CC BY 4.0,İzmir Büyükşehir Belediyesi Açık Veri Portalı
assembly:kaggle:878:38.231164389203:27.977767472566,assembly,Emergency Assembly Area,1 NO'LU AFET VE ACİL DURUM TOPLANMA ALANI,38.231164389203,27.977767472566,,,,,,,2026-09-20T07:31:27.118Z,COMPLETE_FOR_MAPPABLE_ROWS,compact-proximity-endpoint,Afet toplanma alanları,https://acikveri.bizizmir.com/dataset/afet-ve-acil-durum-toplanma-alanlari,CC BY 4.0,İzmir Büyükşehir Belediyesi Açık Veri Portalı
assembly:kaggle:879:38.016164490197:28.002064278526,assembly,Emergency Assembly Area,1 NO'LU AFET VE ACİL DURUM TOPLANMA ALANI,38.016164490197,28.002064278526,,,,,,,2026-09-20T07:31:27.118Z,COMPLETE_FOR_MAPPABLE_ROWS,compact-proximity-endpoint,Afet toplanma alanları,https://acikveri.bizizmir.com/dataset/afet-ve-acil-durum-toplanma-alanlari,CC BY 4.0,İzmir Büyükşehir Belediyesi Açık Veri Portalı
assembly:kaggle:880:38.45029931617:27.221715289047,assembly,Emergency Assembly Area,1 NO'LU AFET VE ACİL DURUM TOPLANMA ALANI,38.45029931617,27.221715289047,,,,,,,2026-09-20T07:31:27.118Z,COMPLETE_FOR_MAPPABLE_ROWS,compact-proximity-endpoint,Afet toplanma alanları,https://acikveri.bizizmir.com/dataset/afet-ve-acil-durum-toplanma-alanlari,CC BY 4.0,İzmir Büyükşehir Belediyesi Açık Veri Portalı
assembly:kaggle:881:39.151887945016:27.136502349039,assembly,Emergency Assembly Area,1 NO'LU AFET VE ACİL DURUM TOPLANMA ALANI,39.151887945016,27.136502349039,,,,,,,2026-09-20T07:31:27.118Z,COMPLETE_FOR_MAPPABLE_ROWS,compact-proximity-endpoint,Afet toplanma alanları,https://acikveri.bizizmir.com/dataset/afet-ve-acil-durum-toplanma-alanlari,CC BY 4.0,İzmir Büyükşehir Belediyesi Açık Veri Portalı
assembly:kaggle:882:39.211530305816:27.203777511387,assembly,Emergency Assembly Area,1 NO'LU AFET VE ACİL DURUM TOPLANMA ALANI,39.211530305816,27.203777511387,,,,,,,2026-09-20T07:31:27.118Z,COMPLETE_FOR_MAPPABLE_ROWS,compact-proximity-endpoint,Afet toplanma alanları,https://acikveri.bizizmir.com/dataset/afet-ve-acil-durum-toplanma-alanlari,CC BY 4.0,İzmir Büyükşehir Belediyesi Açık Veri Portalı
assembly:kaggle:883:39.091105919174:27.124792084915,assembly,Emergency Assembly Area,1 NO'LU AFET VE ACİL DURUM TOPLANMA ALANI,39.091105919174,27.124792084915,,,,,,,2026-09-20T07:31:27.118Z,COMPLETE_FOR_MAPPABLE_ROWS,compact-proximity-endpoint,Afet toplanma alanları,https://acikveri.bizizmir.com/dataset/afet-ve-acil-durum-toplanma-alanlari,CC BY 4.0,İzmir Büyükşehir Belediyesi Açık Veri Portalı
assembly:kaggle:884:39.14291883381:27.117454360679,assembly,Emergency Assembly Area,1 NO'LU AFET VE ACİL DURUM TOPLANMA ALANI,39.14291883381,27.117454360679,,,,,,,2026-09-20T07:31:27.118Z,COMPLETE_FOR_MAPPABLE_ROWS,compact-proximity-endpoint,Afet toplanma alanları,https://acikveri.bizizmir.com/dataset/afet-ve-acil-durum-toplanma-alanlari,CC BY 4.0,İzmir Büyükşehir Belediyesi Açık Veri Portalı
assembly:kaggle:885:39.355870752323:27.375128195129,assembly,Emergency Assembly Area,1 NO'LU AFET VE ACİL DURUM TOPLANMA ALANI,39.355870752323,27.375128195129,,,,,,,2026-09-20T07:31:27.118Z,COMPLETE_FOR_MAPPABLE_ROWS,compact-proximity-endpoint,Afet toplanma alanları,https://acikveri.bizizmir.com/dataset/afet-ve-acil-durum-toplanma-alanlari,CC BY 4.0,İzmir Büyükşehir Belediyesi Açık Veri Portalı
assembly:kaggle:886:39.131432773353:27.297235951594,assembly,Emergency Assembly Area,1 NO'LU AFET VE ACİL DURUM TOPLANMA ALANI,39.131432773353,27.297235951594,,,,,,,2026-09-20T07:31:27.118Z,COMPLETE_FOR_MAPPABLE_ROWS,compact-proximity-endpoint,Afet toplanma alanları,https://acikveri.bizizmir.com/dataset/afet-ve-acil-durum-toplanma-alanlari,CC BY 4.0,İzmir Büyükşehir Belediyesi Açık Veri Portalı
assembly:kaggle:887:38.234772944159:27.990145747861,assembly,Emergency Assembly Area,1 NO'LU AFET VE ACİL DURUM TOPLANMA ALANI,38.234772944159,27.990145747861,,,,,,,2026-09-20T07:31:27.118Z,COMPLETE_FOR_MAPPABLE_ROWS,compact-proximity-endpoint,Afet toplanma alanları,https://acikveri.bizizmir.com/dataset/afet-ve-acil-durum-toplanma-alanlari,CC BY 4.0,İzmir Büyükşehir Belediyesi Açık Veri Portalı
assembly:kaggle:888:38.15333736976:28.144272162104,assembly,Emergency Assembly Area,1 NO'LU AFET VE ACİL DURUM TOPLANMA ALANI,38.15333736976,28.144272162104,,,,,,,2026-09-20T07:31:27.118Z,COMPLETE_FOR_MAPPABLE_ROWS,compact-proximity-endpoint,Afet toplanma alanları,https://acikveri.bizizmir.com/dataset/afet-ve-acil-durum-toplanma-alanlari,CC BY 4.0,İzmir Büyükşehir Belediyesi Açık Veri Portalı
assembly:kaggle:889:38.423316248287:27.195798648839,assembly,Emergency Assembly Area,1 NO'LU AFET VE ACİL DURUM TOPLANMA ALANI,38.423316248287,27.195798648839,,,,,,,2026-09-20T07:31:27.118Z,COMPLETE_FOR_MAPPABLE_ROWS,compact-proximity-endpoint,Afet toplanma alanları,https://acikveri.bizizmir.com/dataset/afet-ve-acil-durum-toplanma-alanlari,CC BY 4.0,İzmir Büyükşehir Belediyesi Açık Veri Portalı
assembly:kaggle:890:38.443527182848:27.233341428105,assembly,Emergency Assembly Area,1 NO'LU AFET VE ACİL DURUM TOPLANMA ALANI,38.443527182848,27.233341428105,,,,,,,2026-09-20T07:31:27.118Z,COMPLETE_FOR_MAPPABLE_ROWS,compact-proximity-endpoint,Afet toplanma alanları,https://acikveri.bizizmir.com/dataset/afet-ve-acil-durum-toplanma-alanlari,CC BY 4.0,İzmir Büyükşehir Belediyesi Açık Veri Portalı
assembly:kaggle:891:38.465558053845:27.219078461825,assembly,Emergency Assembly Area,1 NO'LU AFET VE ACİL DURUM TOPLANMA ALANI,38.465558053845,27.219078461825,,,,,,,2026-09-20T07:31:27.118Z,COMPLETE_FOR_MAPPABLE_ROWS,compact-proximity-endpoint,Afet toplanma alanları,https://acikveri.bizizmir.com/dataset/afet-ve-acil-durum-toplanma-alanlari,CC BY 4.0,İzmir Büyükşehir Belediyesi Açık Veri Portalı
assembly:kaggle:892:38.201686571249:28.060608865567,assembly,Emergency Assembly Area,1 NO'LU AFET VE ACİL DURUM TOPLANMA ALANI,38.201686571249,28.060608865567,,,,,,,2026-09-20T07:31:27.118Z,COMPLETE_FOR_MAPPABLE_ROWS,compact-proximity-endpoint,Afet toplanma alanları,https://acikveri.bizizmir.com/dataset/afet-ve-acil-durum-toplanma-alanlari,CC BY 4.0,İzmir Büyükşehir Belediyesi Açık Veri Portalı
assembly:kaggle:893:38.268766947007:27.986568313584,assembly,Emergency Assembly Area,1 NO'LU AFET VE ACİL DURUM TOPLANMA ALANI,38.268766947007,27.986568313584,,,,,,,2026-09-20T07:31:27.118Z,COMPLETE_FOR_MAPPABLE_ROWS,compact-proximity-endpoint,Afet toplanma alanları,https://acikveri.bizizmir.com/dataset/afet-ve-acil-durum-toplanma-alanlari,CC BY 4.0,İzmir Büyükşehir Belediyesi Açık Veri Portalı
assembly:kaggle:894:37.838830142075:27.382815331236,assembly,Emergency Assembly Area,1 NO'LU AFET VE ACİL DURUM TOPLANMA ALANI,37.838830142075,27.382815331236,,,,,,,2026-09-20T07:31:27.118Z,COMPLETE_FOR_MAPPABLE_ROWS,compact-proximity-endpoint,Afet toplanma alanları,https://acikveri.bizizmir.com/dataset/afet-ve-acil-durum-toplanma-alanlari,CC BY 4.0,İzmir Büyükşehir Belediyesi Açık Veri Portalı
assembly:kaggle:895:38.715909427132:26.894499635373,assembly,Emergency Assembly Area,1 NO'LU AFET VE ACİL DURUM TOPLANMA ALANI,38.715909427132,26.894499635373,,,,,,,2026-09-20T07:31:27.118Z,COMPLETE_FOR_MAPPABLE_ROWS,compact-proximity-endpoint,Afet toplanma alanları,https://acikveri.bizizmir.com/dataset/afet-ve-acil-durum-toplanma-alanlari,CC BY 4.0,İzmir Büyükşehir Belediyesi Açık Veri Portalı
assembly:kaggle:896:38.500069740246:27.216968820539,assembly,Emergency Assembly Area,1 NO'LU AFET VE ACİL DURUM TOPLANMA ALANI,38.500069740246,27.216968820539,,,,,,,2026-09-20T07:31:27.118Z,COMPLETE_FOR_MAPPABLE_ROWS,compact-proximity-endpoint,Afet toplanma alanları,https://acikveri.bizizmir.com/dataset/afet-ve-acil-durum-toplanma-alanlari,CC BY 4.0,İzmir Büyükşehir Belediyesi Açık Veri Portalı
assembly:kaggle:897:37.977026173495:27.795499345743,assembly,Emergency Assembly Area,1 NO'LU AFET VE ACİL DURUM TOPLANMA ALANI,37.977026173495,27.795499345743,,,,,,,2026-09-20T07:31:27.118Z,COMPLETE_FOR_MAPPABLE_ROWS,compact-proximity-endpoint,Afet toplanma alanları,https://acikveri.bizizmir.com/dataset/afet-ve-acil-durum-toplanma-alanlari,CC BY 4.0,İzmir Büyükşehir Belediyesi Açık Veri Portalı
assembly:kaggle:898:38.295451328212:28.123821597254,assembly,Emergency Assembly Area,1 NO'LU AFET VE ACİL DURUM TOPLANMA ALANI,38.295451328212,28.123821597254,,,,,,,2026-09-20T07:31:27.118Z,COMPLETE_FOR_MAPPABLE_ROWS,compact-proximity-endpoint,Afet toplanma alanları,https://acikveri.bizizmir.com/dataset/afet-ve-acil-durum-toplanma-alanlari,CC BY 4.0,İzmir Büyükşehir Belediyesi Açık Veri Portalı
assembly:kaggle:899:38.204600945301:28.158188415903,assembly,Emergency Assembly Area,1 NO'LU AFET VE ACİL DURUM TOPLANMA ALANI,38.204600945301,28.158188415903,,,,,,,2026-09-20T07:31:27.118Z,COMPLETE_FOR_MAPPABLE_ROWS,compact-proximity-endpoint,Afet toplanma alanları,https://acikveri.bizizmir.com/dataset/afet-ve-acil-durum-toplanma-alanlari,CC BY 4.0,İzmir Büyükşehir Belediyesi Açık Veri Portalı
assembly:kaggle:900:37.882495789749:27.335784814507,assembly,Emergency Assembly Area,1 NO'LU AFET VE ACİL DURUM TOPLANMA ALANI,37.882495789749,27.335784814507,,,,,,,2026-09-20T07:31:27.118Z,COMPLETE_FOR_MAPPABLE_ROWS,compact-proximity-endpoint,Afet toplanma alanları,https://acikveri.bizizmir.com/dataset/afet-ve-acil-durum-toplanma-alanlari,CC BY 4.0,İzmir Büyükşehir Belediyesi Açık Veri Portalı
assembly:kaggle:901:38.546938694077:27.275449046646,assembly,Emergency Assembly Area,1 NO'LU AFET VE ACİL DURUM TOPLANMA ALANI,38.546938694077,27.275449046646,,,,,,,2026-09-20T07:31:27.118Z,COMPLETE_FOR_MAPPABLE_ROWS,compact-proximity-endpoint,Afet toplanma alanları,https://acikveri.bizizmir.com/dataset/afet-ve-acil-durum-toplanma-alanlari,CC BY 4.0,İzmir Büyükşehir Belediyesi Açık Veri Portalı
assembly:kaggle:902:38.200373342356:28.047507402532,assembly,Emergency Assembly Area,1 NO'LU AFET VE ACİL DURUM TOPLANMA ALANI,38.200373342356,28.047507402532,,,,,,,2026-09-20T07:31:27.118Z,COMPLETE_FOR_MAPPABLE_ROWS,compact-proximity-endpoint,Afet toplanma alanları,https://acikveri.bizizmir.com/dataset/afet-ve-acil-durum-toplanma-alanlari,CC BY 4.0,İzmir Büyükşehir Belediyesi Açık Veri Portalı
assembly:kaggle:903:38.223778053649:27.973726950948,assembly,Emergency Assembly Area,1 NO'LU AFET VE ACİL DURUM TOPLANMA ALANI,38.223778053649,27.973726950948,,,,,,,2026-09-20T07:31:27.118Z,COMPLETE_FOR_MAPPABLE_ROWS,compact-proximity-endpoint,Afet toplanma alanları,https://acikveri.bizizmir.com/dataset/afet-ve-acil-durum-toplanma-alanlari,CC BY 4.0,İzmir Büyükşehir Belediyesi Açık Veri Portalı
assembly:kaggle:904:38.31531845432:27.461015382607,assembly,Emergency Assembly Area,1 NO'LU AFET VE ACİL DURUM TOPLANMA ALANI,38.31531845432,27.461015382607,,,,,,,2026-09-20T07:31:27.118Z,COMPLETE_FOR_MAPPABLE_ROWS,compact-proximity-endpoint,Afet toplanma alanları,https://acikveri.bizizmir.com/dataset/afet-ve-acil-durum-toplanma-alanlari,CC BY 4.0,İzmir Büyükşehir Belediyesi Açık Veri Portalı
assembly:kaggle:905:38.2394943948:27.756121079163,assembly,Emergency Assembly Area,1 NO'LU AFET VE ACİL DURUM TOPLANMA ALANI,38.2394943948,27.756121079163,,,,,,,2026-09-20T07:31:27.118Z,COMPLETE_FOR_MAPPABLE_ROWS,compact-proximity-endpoint,Afet toplanma alanları,https://acikveri.bizizmir.com/dataset/afet-ve-acil-durum-toplanma-alanlari,CC BY 4.0,İzmir Büyükşehir Belediyesi Açık Veri Portalı
assembly:kaggle:906:38.296358339022:27.828584974943,assembly,Emergency Assembly Area,1 NO'LU AFET VE ACİL DURUM TOPLANMA ALANI,38.296358339022,27.828584974943,,,,,,,2026-09-20T07:31:27.118Z,COMPLETE_FOR_MAPPABLE_ROWS,compact-proximity-endpoint,Afet toplanma alanları,https://acikveri.bizizmir.com/dataset/afet-ve-acil-durum-toplanma-alanlari,CC BY 4.0,İzmir Büyükşehir Belediyesi Açık Veri Portalı
assembly:kaggle:907:38.189243503593:28.12834866119,assembly,Emergency Assembly Area,1 NO'LU AFET VE ACİL DURUM TOPLANMA ALANI,38.189243503593,28.12834866119,,,,,,,2026-09-20T07:31:27.118Z,COMPLETE_FOR_MAPPABLE_ROWS,compact-proximity-endpoint,Afet toplanma alanları,https://acikveri.bizizmir.com/dataset/afet-ve-acil-durum-toplanma-alanlari,CC BY 4.0,İzmir Büyükşehir Belediyesi Açık Veri Portalı
assembly:kaggle:908:38.425303245758:27.203746605907,assembly,Emergency Assembly Area,1 NO'LU AFET VE ACİL DURUM TOPLANMA ALANI,38.425303245758,27.203746605907,,,,,,,2026-09-20T07:31:27.118Z,COMPLETE_FOR_MAPPABLE_ROWS,compact-proximity-endpoint,Afet toplanma alanları,https://acikveri.bizizmir.com/dataset/afet-ve-acil-durum-toplanma-alanlari,CC BY 4.0,İzmir Büyükşehir Belediyesi Açık Veri Portalı
assembly:kaggle:909:39.119531701515:27.172925569767,assembly,Emergency Assembly Area,1 NO'LU AFET VE ACİL DURUM TOPLANMA ALANI,39.119531701515,27.172925569767,,,,,,,2026-09-20T07:31:27.118Z,COMPLETE_FOR_MAPPABLE_ROWS,compact-proximity-endpoint,Afet toplanma alanları,https://acikveri.bizizmir.com/dataset/afet-ve-acil-durum-toplanma-alanlari,CC BY 4.0,İzmir Büyükşehir Belediyesi Açık Veri Portalı
assembly:kaggle:910:38.218994882105:27.959761303373,assembly,Emergency Assembly Area,1 NO'LU AFET VE ACİL DURUM TOPLANMA ALANI,38.218994882105,27.959761303373,,,,,,,2026-09-20T07:31:27.118Z,COMPLETE_FOR_MAPPABLE_ROWS,compact-proximity-endpoint,Afet toplanma alanları,https://acikveri.bizizmir.com/dataset/afet-ve-acil-durum-toplanma-alanlari,CC BY 4.0,İzmir Büyükşehir Belediyesi Açık Veri Portalı
assembly:kaggle:911:38.424695266884:27.230871231813,assembly,Emergency Assembly Area,1 NO'LU AFET VE ACİL DURUM TOPLANMA ALANI,38.424695266884,27.230871231813,,,,,,,2026-09-20T07:31:27.118Z,COMPLETE_FOR_MAPPABLE_ROWS,compact-proximity-endpoint,Afet toplanma alanları,https://acikveri.bizizmir.com/dataset/afet-ve-acil-durum-toplanma-alanlari,CC BY 4.0,İzmir Büyükşehir Belediyesi Açık Veri Portalı
assembly:kaggle:912:38.232819833548:27.965697260333,assembly,Emergency Assembly Area,1 NO'LU AFET VE ACİL DURUM TOPLANMA ALANI,38.232819833548,27.965697260333,,,,,,,2026-09-20T07:31:27.118Z,COMPLETE_FOR_MAPPABLE_ROWS,compact-proximity-endpoint,Afet toplanma alanları,https://acikveri.bizizmir.com/dataset/afet-ve-acil-durum-toplanma-alanlari,CC BY 4.0,İzmir Büyükşehir Belediyesi Açık Veri Portalı
assembly:kaggle:913:38.515713798342:27.221481365845,assembly,Emergency Assembly Area,1 NO'LU AFET VE ACİL DURUM TOPLANMA ALANI,38.515713798342,27.221481365845,,,,,,,2026-09-20T07:31:27.118Z,COMPLETE_FOR_MAPPABLE_ROWS,compact-proximity-endpoint,Afet toplanma alanları,https://acikveri.bizizmir.com/dataset/afet-ve-acil-durum-toplanma-alanlari,CC BY 4.0,İzmir Büyükşehir Belediyesi Açık Veri Portalı
assembly:kaggle:914:38.163058097857:28.113486486758,assembly,Emergency Assembly Area,1 NO'LU AFET VE ACİL DURUM TOPLANMA ALANI,38.163058097857,28.113486486758,,,,,,,2026-09-20T07:31:27.118Z,COMPLETE_FOR_MAPPABLE_ROWS,compact-proximity-endpoint,Afet toplanma alanları,https://acikveri.bizizmir.com/dataset/afet-ve-acil-durum-toplanma-alanlari,CC BY 4.0,İzmir Büyükşehir Belediyesi Açık Veri Portalı
assembly:kaggle:915:37.885670259451:27.380196594062,assembly,Emergency Assembly Area,1 NO'LU AFET VE ACİL DURUM TOPLANMA ALANI,37.885670259451,27.380196594062,,,,,,,2026-09-20T07:31:27.118Z,COMPLETE_FOR_MAPPABLE_ROWS,compact-proximity-endpoint,Afet toplanma alanları,https://acikveri.bizizmir.com/dataset/afet-ve-acil-durum-toplanma-alanlari,CC BY 4.0,İzmir Büyükşehir Belediyesi Açık Veri Portalı
assembly:kaggle:916:38.296254975201:27.893890688328,assembly,Emergency Assembly Area,1 NO'LU AFET VE ACİL DURUM TOPLANMA ALANI,38.296254975201,27.893890688328,,,,,,,2026-09-20T07:31:27.118Z,COMPLETE_FOR_MAPPABLE_ROWS,compact-proximity-endpoint,Afet toplanma alanları,https://acikveri.bizizmir.com/dataset/afet-ve-acil-durum-toplanma-alanlari,CC BY 4.0,İzmir Büyükşehir Belediyesi Açık Veri Portalı
assembly:kaggle:917:38.340286239793:27.605214051138,assembly,Emergency Assembly Area,1 NO'LU AFET VE ACİL DURUM TOPLANMA ALANI,38.340286239793,27.605214051138,,,,,,,2026-09-20T07:31:27.118Z,COMPLETE_FOR_MAPPABLE_ROWS,compact-proximity-endpoint,Afet toplanma alanları,https://acikveri.bizizmir.com/dataset/afet-ve-acil-durum-toplanma-alanlari,CC BY 4.0,İzmir Büyükşehir Belediyesi Açık Veri Portalı
assembly:kaggle:918:38.775559259088:27.018267921552,assembly,Emergency Assembly Area,1 NO'LU AFET VE ACİL DURUM TOPLANMA ALANI,38.775559259088,27.018267921552,,,,,,,2026-09-20T07:31:27.118Z,COMPLETE_FOR_MAPPABLE_ROWS,compact-proximity-endpoint,Afet toplanma alanları,https://acikveri.bizizmir.com/dataset/afet-ve-acil-durum-toplanma-alanlari,CC BY 4.0,İzmir Büyükşehir Belediyesi Açık Veri Portalı
assembly:kaggle:919:38.789450919219:26.962659784174,assembly,Emergency Assembly Area,1 NO'LU AFET VE ACİL DURUM TOPLANMA ALANI,38.789450919219,26.962659784174,,,,,,,2026-09-20T07:31:27.118Z,COMPLETE_FOR_MAPPABLE_ROWS,compact-proximity-endpoint,Afet toplanma alanları,https://acikveri.bizizmir.com/dataset/afet-ve-acil-durum-toplanma-alanlari,CC BY 4.0,İzmir Büyükşehir Belediyesi Açık Veri Portalı
assembly:kaggle:920:38.763812731073:26.98934132534,assembly,Emergency Assembly Area,1 NO'LU AFET VE ACİL DURUM TOPLANMA ALANI,38.763812731073,26.98934132534,,,,,,,2026-09-20T07:31:27.118Z,COMPLETE_FOR_MAPPABLE_ROWS,compact-proximity-endpoint,Afet toplanma alanları,https://acikveri.bizizmir.com/dataset/afet-ve-acil-durum-toplanma-alanlari,CC BY 4.0,İzmir Büyükşehir Belediyesi Açık Veri Portalı
assembly:kaggle:921:38.760275436483:27.112402486683,assembly,Emergency Assembly Area,1 NO'LU AFET VE ACİL DURUM TOPLANMA ALANI,38.760275436483,27.112402486683,,,,,,,2026-09-20T07:31:27.118Z,COMPLETE_FOR_MAPPABLE_ROWS,compact-proximity-endpoint,Afet toplanma alanları,https://acikveri.bizizmir.com/dataset/afet-ve-acil-durum-toplanma-alanlari,CC BY 4.0,İzmir Büyükşehir Belediyesi Açık Veri Portalı
assembly:kaggle:922:38.440235219619:27.25324033409,assembly,Emergency Assembly Area,1 NO'LU AFET VE ACİL DURUM TOPLANMA ALANI,38.440235219619,27.25324033409,,,,,,,2026-09-20T07:31:27.118Z,COMPLETE_FOR_MAPPABLE_ROWS,compact-proximity-endpoint,Afet toplanma alanları,https://acikveri.bizizmir.com/dataset/afet-ve-acil-durum-toplanma-alanlari,CC BY 4.0,İzmir Büyükşehir Belediyesi Açık Veri Portalı
assembly:kaggle:923:38.215977069427:27.905273532088,assembly,Emergency Assembly Area,1 NO'LU AFET VE ACİL DURUM TOPLANMA ALANI,38.215977069427,27.905273532088,,,,,,,2026-09-20T07:31:27.118Z,COMPLETE_FOR_MAPPABLE_ROWS,compact-proximity-endpoint,Afet toplanma alanları,https://acikveri.bizizmir.com/dataset/afet-ve-acil-durum-toplanma-alanlari,CC BY 4.0,İzmir Büyükşehir Belediyesi Açık Veri Portalı
assembly:kaggle:924:38.329247676128:27.138501092102,assembly,Emergency Assembly Area,1 NO'LU AFET VE ACİL DURUM TOPLANMA ALANI,38.329247676128,27.138501092102,,,,,,,2026-09-20T07:31:27.118Z,COMPLETE_FOR_MAPPABLE_ROWS,compact-proximity-endpoint,Afet toplanma alanları,https://acikveri.bizizmir.com/dataset/afet-ve-acil-durum-toplanma-alanlari,CC BY 4.0,İzmir Büyükşehir Belediyesi Açık Veri Portalı
assembly:kaggle:925:38.192589991288:27.916519689304,assembly,Emergency Assembly Area,1 NO'LU AFET VE ACİL DURUM TOPLANMA ALANI,38.192589991288,27.916519689304,,,,,,,2026-09-20T07:31:27.118Z,COMPLETE_FOR_MAPPABLE_ROWS,compact-proximity-endpoint,Afet toplanma alanları,https://acikveri.bizizmir.com/dataset/afet-ve-acil-durum-toplanma-alanlari,CC BY 4.0,İzmir Büyükşehir Belediyesi Açık Veri Portalı
assembly:kaggle:926:38.367477529889:27.941783669634,assembly,Emergency Assembly Area,1 NO'LU AFET VE ACİL DURUM TOPLANMA ALANI,38.367477529889,27.941783669634,,,,,,,2026-09-20T07:31:27.118Z,COMPLETE_FOR_MAPPABLE_ROWS,compact-proximity-endpoint,Afet toplanma alanları,https://acikveri.bizizmir.com/dataset/afet-ve-acil-durum-toplanma-alanlari,CC BY 4.0,İzmir Büyükşehir Belediyesi Açık Veri Portalı
assembly:kaggle:927:38.404944261077:27.117452070286,assembly,Emergency Assembly Area,1 NO'LU AFET VE ACİL DURUM TOPLANMA ALANI,38.404944261077,27.117452070286,,,,,,,2026-09-20T07:31:27.118Z,COMPLETE_FOR_MAPPABLE_ROWS,compact-proximity-endpoint,Afet toplanma alanları,https://acikveri.bizizmir.com/dataset/afet-ve-acil-durum-toplanma-alanlari,CC BY 4.0,İzmir Büyükşehir Belediyesi Açık Veri Portalı
assembly:kaggle:928:38.063367013588:27.979217150064,assembly,Emergency Assembly Area,1 NO'LU AFET VE ACİL DURUM TOPLANMA ALANI,38.063367013588,27.979217150064,,,,,,,2026-09-20T07:31:27.118Z,COMPLETE_FOR_MAPPABLE_ROWS,compact-proximity-endpoint,Afet toplanma alanları,https://acikveri.bizizmir.com/dataset/afet-ve-acil-durum-toplanma-alanlari,CC BY 4.0,İzmir Büyükşehir Belediyesi Açık Veri Portalı
assembly:kaggle:929:38.449434613852:27.212691110347,assembly,Emergency Assembly Area,1 NO'LU AFET VE ACİL DURUM TOPLANMA ALANI,38.449434613852,27.212691110347,,,,,,,2026-09-20T07:31:27.118Z,COMPLETE_FOR_MAPPABLE_ROWS,compact-proximity-endpoint,Afet toplanma alanları,https://acikveri.bizizmir.com/dataset/afet-ve-acil-durum-toplanma-alanlari,CC BY 4.0,İzmir Büyükşehir Belediyesi Açık Veri Portalı
assembly:kaggle:930:39.083208100514:27.383596619121,assembly,Emergency Assembly Area,1 NO'LU AFET VE ACİL DURUM TOPLANMA ALANI,39.083208100514,27.383596619121,,,,,,,2026-09-20T07:31:27.118Z,COMPLETE_FOR_MAPPABLE_ROWS,compact-proximity-endpoint,Afet toplanma alanları,https://acikveri.bizizmir.com/dataset/afet-ve-acil-durum-toplanma-alanlari,CC BY 4.0,İzmir Büyükşehir Belediyesi Açık Veri Portalı
assembly:kaggle:931:38.662609542686:26.752700430406,assembly,Emergency Assembly Area,1 NO'LU AFET VE ACİL DURUM TOPLANMA ALANI,38.662609542686,26.752700430406,,,,,,,2026-09-20T07:31:27.118Z,COMPLETE_FOR_MAPPABLE_ROWS,compact-proximity-endpoint,Afet toplanma alanları,https://acikveri.bizizmir.com/dataset/afet-ve-acil-durum-toplanma-alanlari,CC BY 4.0,İzmir Büyükşehir Belediyesi Açık Veri Portalı
assembly:kaggle:932:38.427390123084:27.183325996345,assembly,Emergency Assembly Area,1 NO'LU AFET VE ACİL DURUM TOPLANMA ALANI,38.427390123084,27.183325996345,,,,,,,2026-09-20T07:31:27.118Z,COMPLETE_FOR_MAPPABLE_ROWS,compact-proximity-endpoint,Afet toplanma alanları,https://acikveri.bizizmir.com/dataset/afet-ve-acil-durum-toplanma-alanlari,CC BY 4.0,İzmir Büyükşehir Belediyesi Açık Veri Portalı
assembly:kaggle:933:38.137776532967:27.940332074071,assembly,Emergency Assembly Area,1 NO'LU AFET VE ACİL DURUM TOPLANMA ALANI,38.137776532967,27.940332074071,,,,,,,2026-09-20T07:31:27.118Z,COMPLETE_FOR_MAPPABLE_ROWS,compact-proximity-endpoint,Afet toplanma alanları,https://acikveri.bizizmir.com/dataset/afet-ve-acil-durum-toplanma-alanlari,CC BY 4.0,İzmir Büyükşehir Belediyesi Açık Veri Portalı
assembly:kaggle:934:39.262550025339:27.229220058846,assembly,Emergency Assembly Area,1 NO'LU AFET VE ACİL DURUM TOPLANMA ALANI,39.262550025339,27.229220058846,,,,,,,2026-09-20T07:31:27.118Z,COMPLETE_FOR_MAPPABLE_ROWS,compact-proximity-endpoint,Afet toplanma alanları,https://acikveri.bizizmir.com/dataset/afet-ve-acil-durum-toplanma-alanlari,CC BY 4.0,İzmir Büyükşehir Belediyesi Açık Veri Portalı
assembly:kaggle:935:38.315263028657:27.138433377636,assembly,Emergency Assembly Area,1 NO'LU AFET VE ACİL DURUM TOPLANMA ALANI,38.315263028657,27.138433377636,,,,,,,2026-09-20T07:31:27.118Z,COMPLETE_FOR_MAPPABLE_ROWS,compact-proximity-endpoint,Afet toplanma alanları,https://acikveri.bizizmir.com/dataset/afet-ve-acil-durum-toplanma-alanlari,CC BY 4.0,İzmir Büyükşehir Belediyesi Açık Veri Portalı
assembly:kaggle:936:38.441971148348:27.192862631532,assembly,Emergency Assembly Area,1 NO'LU AFET VE ACİL DURUM TOPLANMA ALANI,38.441971148348,27.192862631532,,,,,,,2026-09-20T07:31:27.118Z,COMPLETE_FOR_MAPPABLE_ROWS,compact-proximity-endpoint,Afet toplanma alanları,https://acikveri.bizizmir.com/dataset/afet-ve-acil-durum-toplanma-alanlari,CC BY 4.0,İzmir Büyükşehir Belediyesi Açık Veri Portalı
assembly:kaggle:937:38.487429926518:27.204708496638,assembly,Emergency Assembly Area,1 NO'LU AFET VE ACİL DURUM TOPLANMA ALANI,38.487429926518,27.204708496638,,,,,,,2026-09-20T07:31:27.118Z,COMPLETE_FOR_MAPPABLE_ROWS,compact-proximity-endpoint,Afet toplanma alanları,https://acikveri.bizizmir.com/dataset/afet-ve-acil-durum-toplanma-alanlari,CC BY 4.0,İzmir Büyükşehir Belediyesi Açık Veri Portalı
assembly:kaggle:938:38.517730044127:27.270967188219,assembly,Emergency Assembly Area,1 NO'LU AFET VE ACİL DURUM TOPLANMA ALANI,38.517730044127,27.270967188219,,,,,,,2026-09-20T07:31:27.118Z,COMPLETE_FOR_MAPPABLE_ROWS,compact-proximity-endpoint,Afet toplanma alanları,https://acikveri.bizizmir.com/dataset/afet-ve-acil-durum-toplanma-alanlari,CC BY 4.0,İzmir Büyükşehir Belediyesi Açık Veri Portalı
assembly:kaggle:939:38.281303142541:27.855483347924,assembly,Emergency Assembly Area,1 NO'LU AFET VE ACİL DURUM TOPLANMA ALANI,38.281303142541,27.855483347924,,,,,,,2026-09-20T07:31:27.118Z,COMPLETE_FOR_MAPPABLE_ROWS,compact-proximity-endpoint,Afet toplanma alanları,https://acikveri.bizizmir.com/dataset/afet-ve-acil-durum-toplanma-alanlari,CC BY 4.0,İzmir Büyükşehir Belediyesi Açık Veri Portalı
assembly:kaggle:940:38.65250976436:26.907099684898,assembly,Emergency Assembly Area,1 NO'LU AFET VE ACİL DURUM TOPLANMA ALANI,38.65250976436,26.907099684898,,,,,,,2026-09-20T07:31:27.118Z,COMPLETE_FOR_MAPPABLE_ROWS,compact-proximity-endpoint,Afet toplanma alanları,https://acikveri.bizizmir.com/dataset/afet-ve-acil-durum-toplanma-alanlari,CC BY 4.0,İzmir Büyükşehir Belediyesi Açık Veri Portalı
assembly:kaggle:941:38.285399914628:27.90278033781,assembly,Emergency Assembly Area,1 NO'LU AFET VE ACİL DURUM TOPLANMA ALANI,38.285399914628,27.90278033781,,,,,,,2026-09-20T07:31:27.118Z,COMPLETE_FOR_MAPPABLE_ROWS,compact-proximity-endpoint,Afet toplanma alanları,https://acikveri.bizizmir.com/dataset/afet-ve-acil-durum-toplanma-alanlari,CC BY 4.0,İzmir Büyükşehir Belediyesi Açık Veri Portalı
assembly:kaggle:942:38.663509637702:26.842999982284,assembly,Emergency Assembly Area,1 NO'LU AFET VE ACİL DURUM TOPLANMA ALANI,38.663509637702,26.842999982284,,,,,,,2026-09-20T07:31:27.118Z,COMPLETE_FOR_MAPPABLE_ROWS,compact-proximity-endpoint,Afet toplanma alanları,https://acikveri.bizizmir.com/dataset/afet-ve-acil-durum-toplanma-alanlari,CC BY 4.0,İzmir Büyükşehir Belediyesi Açık Veri Portalı
assembly:kaggle:943:38.020319852978:27.44337865069,assembly,Emergency Assembly Area,1 NO'LU AFET VE ACİL DURUM TOPLANMA ALANI,38.020319852978,27.44337865069,,,,,,,2026-09-20T07:31:27.118Z,COMPLETE_FOR_MAPPABLE_ROWS,compact-proximity-endpoint,Afet toplanma alanları,https://acikveri.bizizmir.com/dataset/afet-ve-acil-durum-toplanma-alanlari,CC BY 4.0,İzmir Büyükşehir Belediyesi Açık Veri Portalı
assembly:kaggle:944:38.882677269521:27.065643128686,assembly,Emergency Assembly Area,1 NO'LU AFET VE ACİL DURUM TOPLANMA ALANI,38.882677269521,27.065643128686,,,,,,,2026-09-20T07:31:27.118Z,COMPLETE_FOR_MAPPABLE_ROWS,compact-proximity-endpoint,Afet toplanma alanları,https://acikveri.bizizmir.com/dataset/afet-ve-acil-durum-toplanma-alanlari,CC BY 4.0,İzmir Büyükşehir Belediyesi Açık Veri Portalı
assembly:kaggle:945:38.731362469382:27.005812060175,assembly,Emergency Assembly Area,1 NO'LU AFET VE ACİL DURUM TOPLANMA ALANI,38.731362469382,27.005812060175,,,,,,,2026-09-20T07:31:27.118Z,COMPLETE_FOR_MAPPABLE_ROWS,compact-proximity-endpoint,Afet toplanma alanları,https://acikveri.bizizmir.com/dataset/afet-ve-acil-durum-toplanma-alanlari,CC BY 4.0,İzmir Büyükşehir Belediyesi Açık Veri Portalı
assembly:kaggle:946:38.726166474148:26.985711168599,assembly,Emergency Assembly Area,1 NO'LU AFET VE ACİL DURUM TOPLANMA ALANI,38.726166474148,26.985711168599,,,,,,,2026-09-20T07:31:27.118Z,COMPLETE_FOR_MAPPABLE_ROWS,compact-proximity-endpoint,Afet toplanma alanları,https://acikveri.bizizmir.com/dataset/afet-ve-acil-durum-toplanma-alanlari,CC BY 4.0,İzmir Büyükşehir Belediyesi Açık Veri Portalı
assembly:kaggle:947:38.734801361935:26.922460463916,assembly,Emergency Assembly Area,1 NO'LU AFET VE ACİL DURUM TOPLANMA ALANI,38.734801361935,26.922460463916,,,,,,,2026-09-20T07:31:27.118Z,COMPLETE_FOR_MAPPABLE_ROWS,compact-proximity-endpoint,Afet toplanma alanları,https://acikveri.bizizmir.com/dataset/afet-ve-acil-durum-toplanma-alanlari,CC BY 4.0,İzmir Büyükşehir Belediyesi Açık Veri Portalı
assembly:kaggle:948:38.546965822505:27.252597436972,assembly,Emergency Assembly Area,1 NO'LU AFET VE ACİL DURUM TOPLANMA ALANI,38.546965822505,27.252597436972,,,,,,,2026-09-20T07:31:27.118Z,COMPLETE_FOR_MAPPABLE_ROWS,compact-proximity-endpoint,Afet toplanma alanları,https://acikveri.bizizmir.com/dataset/afet-ve-acil-durum-toplanma-alanlari,CC BY 4.0,İzmir Büyükşehir Belediyesi Açık Veri Portalı
assembly:kaggle:949:38.431081494719:27.274486203834,assembly,Emergency Assembly Area,1 NO'LU AFET VE ACİL DURUM TOPLANMA ALANI,38.431081494719,27.274486203834,,,,,,,2026-09-20T07:31:27.118Z,COMPLETE_FOR_MAPPABLE_ROWS,compact-proximity-endpoint,Afet toplanma alanları,https://acikveri.bizizmir.com/dataset/afet-ve-acil-durum-toplanma-alanlari,CC BY 4.0,İzmir Büyükşehir Belediyesi Açık Veri Portalı
assembly:kaggle:950:38.798592134765:26.974984236902,assembly,Emergency Assembly Area,1 NO'LU AFET VE ACİL DURUM TOPLANMA ALANI,38.798592134765,26.974984236902,,,,,,,2026-09-20T07:31:27.118Z,COMPLETE_FOR_MAPPABLE_ROWS,compact-proximity-endpoint,Afet toplanma alanları,https://acikveri.bizizmir.com/dataset/afet-ve-acil-durum-toplanma-alanlari,CC BY 4.0,İzmir Büyükşehir Belediyesi Açık Veri Portalı
assembly:kaggle:951:38.254151066032:28.177619059877,assembly,Emergency Assembly Area,1 NO'LU AFET VE ACİL DURUM TOPLANMA ALANI,38.254151066032,28.177619059877,,,,,,,2026-09-20T07:31:27.118Z,COMPLETE_FOR_MAPPABLE_ROWS,compact-proximity-endpoint,Afet toplanma alanları,https://acikveri.bizizmir.com/dataset/afet-ve-acil-durum-toplanma-alanlari,CC BY 4.0,İzmir Büyükşehir Belediyesi Açık Veri Portalı
assembly:kaggle:952:38.659509672106:26.855199928998,assembly,Emergency Assembly Area,1 NO'LU AFET VE ACİL DURUM TOPLANMA ALANI,38.659509672106,26.855199928998,,,,,,,2026-09-20T07:31:27.118Z,COMPLETE_FOR_MAPPABLE_ROWS,compact-proximity-endpoint,Afet toplanma alanları,https://acikveri.bizizmir.com/dataset/afet-ve-acil-durum-toplanma-alanlari,CC BY 4.0,İzmir Büyükşehir Belediyesi Açık Veri Portalı
assembly:kaggle:953:38.191688619765:28.054912829342,assembly,Emergency Assembly Area,1 NO'LU AFET VE ACİL DURUM TOPLANMA ALANI,38.191688619765,28.054912829342,,,,,,,2026-09-20T07:31:27.118Z,COMPLETE_FOR_MAPPABLE_ROWS,compact-proximity-endpoint,Afet toplanma alanları,https://acikveri.bizizmir.com/dataset/afet-ve-acil-durum-toplanma-alanlari,CC BY 4.0,İzmir Büyükşehir Belediyesi Açık Veri Portalı
assembly:kaggle:954:38.801218078006:26.970720110392,assembly,Emergency Assembly Area,1 NO'LU AFET VE ACİL DURUM TOPLANMA ALANI,38.801218078006,26.970720110392,,,,,,,2026-09-20T07:31:27.118Z,COMPLETE_FOR_MAPPABLE_ROWS,compact-proximity-endpoint,Afet toplanma alanları,https://acikveri.bizizmir.com/dataset/afet-ve-acil-durum-toplanma-alanlari,CC BY 4.0,İzmir Büyükşehir Belediyesi Açık Veri Portalı
assembly:kaggle:955:38.140183141414:28.151186643083,assembly,Emergency Assembly Area,1 NO'LU AFET VE ACİL DURUM TOPLANMA ALANI,38.140183141414,28.151186643083,,,,,,,2026-09-20T07:31:27.118Z,COMPLETE_FOR_MAPPABLE_ROWS,compact-proximity-endpoint,Afet toplanma alanları,https://acikveri.bizizmir.com/dataset/afet-ve-acil-durum-toplanma-alanlari,CC BY 4.0,İzmir Büyükşehir Belediyesi Açık Veri Portalı
assembly:kaggle:956:38.209506176006:28.024133483511,assembly,Emergency Assembly Area,1 NO'LU AFET VE ACİL DURUM TOPLANMA ALANI,38.209506176006,28.024133483511,,,,,,,2026-09-20T07:31:27.118Z,COMPLETE_FOR_MAPPABLE_ROWS,compact-proximity-endpoint,Afet toplanma alanları,https://acikveri.bizizmir.com/dataset/afet-ve-acil-durum-toplanma-alanlari,CC BY 4.0,İzmir Büyükşehir Belediyesi Açık Veri Portalı
assembly:kaggle:957:38.224449853978:27.979896519206,assembly,Emergency Assembly Area,1 NO'LU AFET VE ACİL DURUM TOPLANMA ALANI,38.224449853978,27.979896519206,,,,,,,2026-09-20T07:31:27.118Z,COMPLETE_FOR_MAPPABLE_ROWS,compact-proximity-endpoint,Afet toplanma alanları,https://acikveri.bizizmir.com/dataset/afet-ve-acil-durum-toplanma-alanlari,CC BY 4.0,İzmir Büyükşehir Belediyesi Açık Veri Portalı
assembly:kaggle:958:38.012917123388:27.989983221167,assembly,Emergency Assembly Area,1 NO'LU AFET VE ACİL DURUM TOPLANMA ALANI,38.012917123388,27.989983221167,,,,,,,2026-09-20T07:31:27.118Z,COMPLETE_FOR_MAPPABLE_ROWS,compact-proximity-endpoint,Afet toplanma alanları,https://acikveri.bizizmir.com/dataset/afet-ve-acil-durum-toplanma-alanlari,CC BY 4.0,İzmir Büyükşehir Belediyesi Açık Veri Portalı
assembly:kaggle:959:38.275464784204:27.986392957686,assembly,Emergency Assembly Area,1 NO'LU AFET VE ACİL DURUM TOPLANMA ALANI,38.275464784204,27.986392957686,,,,,,,2026-09-20T07:31:27.118Z,COMPLETE_FOR_MAPPABLE_ROWS,compact-proximity-endpoint,Afet toplanma alanları,https://acikveri.bizizmir.com/dataset/afet-ve-acil-durum-toplanma-alanlari,CC BY 4.0,İzmir Büyükşehir Belediyesi Açık Veri Portalı
assembly:kaggle:960:38.228358088246:27.973516951479,assembly,Emergency Assembly Area,1 NO'LU AFET VE ACİL DURUM TOPLANMA ALANI,38.228358088246,27.973516951479,,,,,,,2026-09-20T07:31:27.118Z,COMPLETE_FOR_MAPPABLE_ROWS,compact-proximity-endpoint,Afet toplanma alanları,https://acikveri.bizizmir.com/dataset/afet-ve-acil-durum-toplanma-alanlari,CC BY 4.0,İzmir Büyükşehir Belediyesi Açık Veri Portalı
assembly:kaggle:961:38.22822458271:27.836530727945,assembly,Emergency Assembly Area,1 NO'LU AFET VE ACİL DURUM TOPLANMA ALANI,38.22822458271,27.836530727945,,,,,,,2026-09-20T07:31:27.118Z,COMPLETE_FOR_MAPPABLE_ROWS,compact-proximity-endpoint,Afet toplanma alanları,https://acikveri.bizizmir.com/dataset/afet-ve-acil-durum-toplanma-alanlari,CC BY 4.0,İzmir Büyükşehir Belediyesi Açık Veri Portalı
assembly:kaggle:962:38.148753507875:28.151412996076,assembly,Emergency Assembly Area,1 NO'LU AFET VE ACİL DURUM TOPLANMA ALANI,38.148753507875,28.151412996076,,,,,,,2026-09-20T07:31:27.118Z,COMPLETE_FOR_MAPPABLE_ROWS,compact-proximity-endpoint,Afet toplanma alanları,https://acikveri.bizizmir.com/dataset/afet-ve-acil-durum-toplanma-alanlari,CC BY 4.0,İzmir Büyükşehir Belediyesi Açık Veri Portalı
assembly:kaggle:963:39.318192642507:27.096580585537,assembly,Emergency Assembly Area,1 NO'LU AFET VE ACİL DURUM TOPLANMA ALANI,39.318192642507,27.096580585537,,,,,,,2026-09-20T07:31:27.118Z,COMPLETE_FOR_MAPPABLE_ROWS,compact-proximity-endpoint,Afet toplanma alanları,https://acikveri.bizizmir.com/dataset/afet-ve-acil-durum-toplanma-alanlari,CC BY 4.0,İzmir Büyükşehir Belediyesi Açık Veri Portalı
assembly:kaggle:964:39.113356744109:27.184530525229,assembly,Emergency Assembly Area,1 NO'LU AFET VE ACİL DURUM TOPLANMA ALANI,39.113356744109,27.184530525229,,,,,,,2026-09-20T07:31:27.118Z,COMPLETE_FOR_MAPPABLE_ROWS,compact-proximity-endpoint,Afet toplanma alanları,https://acikveri.bizizmir.com/dataset/afet-ve-acil-durum-toplanma-alanlari,CC BY 4.0,İzmir Büyükşehir Belediyesi Açık Veri Portalı
assembly:kaggle:965:37.946613924009:27.369198553689,assembly,Emergency Assembly Area,1 NO'LU AFET VE ACİL DURUM TOPLANMA ALANI,37.946613924009,27.369198553689,,,,,,,2026-09-20T07:31:27.118Z,COMPLETE_FOR_MAPPABLE_ROWS,compact-proximity-endpoint,Afet toplanma alanları,https://acikveri.bizizmir.com/dataset/afet-ve-acil-durum-toplanma-alanlari,CC BY 4.0,İzmir Büyükşehir Belediyesi Açık Veri Portalı
assembly:kaggle:966:37.95674621532:27.371113674878,assembly,Emergency Assembly Area,1 NO'LU AFET VE ACİL DURUM TOPLANMA ALANI,37.95674621532,27.371113674878,,,,,,,2026-09-20T07:31:27.118Z,COMPLETE_FOR_MAPPABLE_ROWS,compact-proximity-endpoint,Afet toplanma alanları,https://acikveri.bizizmir.com/dataset/afet-ve-acil-durum-toplanma-alanlari,CC BY 4.0,İzmir Büyükşehir Belediyesi Açık Veri Portalı
assembly:kaggle:967:38.252922337459:27.927262608472,assembly,Emergency Assembly Area,1 NO'LU AFET VE ACİL DURUM TOPLANMA ALANI,38.252922337459,27.927262608472,,,,,,,2026-09-20T07:31:27.118Z,COMPLETE_FOR_MAPPABLE_ROWS,compact-proximity-endpoint,Afet toplanma alanları,https://acikveri.bizizmir.com/dataset/afet-ve-acil-durum-toplanma-alanlari,CC BY 4.0,İzmir Büyükşehir Belediyesi Açık Veri Portalı
assembly:kaggle:968:38.384691679944:27.061053424591,assembly,Emergency Assembly Area,1 NO'LU AFET VE ACİL DURUM TOPLANMA ALANI,38.384691679944,27.061053424591,,,,,,,2026-09-20T07:31:27.118Z,COMPLETE_FOR_MAPPABLE_ROWS,compact-proximity-endpoint,Afet toplanma alanları,https://acikveri.bizizmir.com/dataset/afet-ve-acil-durum-toplanma-alanlari,CC BY 4.0,İzmir Büyükşehir Belediyesi Açık Veri Portalı
assembly:kaggle:969:38.396985112792:27.118736711586,assembly,Emergency Assembly Area,1 NO'LU AFET VE ACİL DURUM TOPLANMA ALANI,38.396985112792,27.118736711586,,,,,,,2026-09-20T07:31:27.118Z,COMPLETE_FOR_MAPPABLE_ROWS,compact-proximity-endpoint,Afet toplanma alanları,https://acikveri.bizizmir.com/dataset/afet-ve-acil-durum-toplanma-alanlari,CC BY 4.0,İzmir Büyükşehir Belediyesi Açık Veri Portalı
assembly:kaggle:970:38.169113319463:26.95343063305,assembly,Emergency Assembly Area,1 NO'LU AFET VE ACİL DURUM TOPLANMA ALANI,38.169113319463,26.95343063305,,,,,,,2026-09-20T07:31:27.118Z,COMPLETE_FOR_MAPPABLE_ROWS,compact-proximity-endpoint,Afet toplanma alanları,https://acikveri.bizizmir.com/dataset/afet-ve-acil-durum-toplanma-alanlari,CC BY 4.0,İzmir Büyükşehir Belediyesi Açık Veri Portalı
assembly:kaggle:971:38.242501784095:26.815700863872,assembly,Emergency Assembly Area,1 NO'LU AFET VE ACİL DURUM TOPLANMA ALANI,38.242501784095,26.815700863872,,,,,,,2026-09-20T07:31:27.118Z,COMPLETE_FOR_MAPPABLE_ROWS,compact-proximity-endpoint,Afet toplanma alanları,https://acikveri.bizizmir.com/dataset/afet-ve-acil-durum-toplanma-alanlari,CC BY 4.0,İzmir Büyükşehir Belediyesi Açık Veri Portalı
assembly:kaggle:972:38.258217186839:26.805444448615,assembly,Emergency Assembly Area,1 NO'LU AFET VE ACİL DURUM TOPLANMA ALANI,38.258217186839,26.805444448615,,,,,,,2026-09-20T07:31:27.118Z,COMPLETE_FOR_MAPPABLE_ROWS,compact-proximity-endpoint,Afet toplanma alanları,https://acikveri.bizizmir.com/dataset/afet-ve-acil-durum-toplanma-alanlari,CC BY 4.0,İzmir Büyükşehir Belediyesi Açık Veri Portalı
assembly:kaggle:973:38.275906002343:26.80866979375,assembly,Emergency Assembly Area,1 NO'LU AFET VE ACİL DURUM TOPLANMA ALANI,38.275906002343,26.80866979375,,,,,,,2026-09-20T07:31:27.118Z,COMPLETE_FOR_MAPPABLE_ROWS,compact-proximity-endpoint,Afet toplanma alanları,https://acikveri.bizizmir.com/dataset/afet-ve-acil-durum-toplanma-alanlari,CC BY 4.0,İzmir Büyükşehir Belediyesi Açık Veri Portalı
assembly:kaggle:974:38.179342314958:26.836151054157,assembly,Emergency Assembly Area,1 NO'LU AFET VE ACİL DURUM TOPLANMA ALANI,38.179342314958,26.836151054157,,,,,,,2026-09-20T07:31:27.118Z,COMPLETE_FOR_MAPPABLE_ROWS,compact-proximity-endpoint,Afet toplanma alanları,https://acikveri.bizizmir.com/dataset/afet-ve-acil-durum-toplanma-alanlari,CC BY 4.0,İzmir Büyükşehir Belediyesi Açık Veri Portalı
assembly:kaggle:975:38.189527942748:26.835742650213,assembly,Emergency Assembly Area,1 NO'LU AFET VE ACİL DURUM TOPLANMA ALANI,38.189527942748,26.835742650213,,,,,,,2026-09-20T07:31:27.118Z,COMPLETE_FOR_MAPPABLE_ROWS,compact-proximity-endpoint,Afet toplanma alanları,https://acikveri.bizizmir.com/dataset/afet-ve-acil-durum-toplanma-alanlari,CC BY 4.0,İzmir Büyükşehir Belediyesi Açık Veri Portalı
assembly:kaggle:976:38.903759712915:27.112024239938,assembly,Emergency Assembly Area,1 NO'LU AFET VE ACİL DURUM TOPLANMA ALANI,38.903759712915,27.112024239938,,,,,,,2026-09-20T07:31:27.118Z,COMPLETE_FOR_MAPPABLE_ROWS,compact-proximity-endpoint,Afet toplanma alanları,https://acikveri.bizizmir.com/dataset/afet-ve-acil-durum-toplanma-alanlari,CC BY 4.0,İzmir Büyükşehir Belediyesi Açık Veri Portalı
assembly:kaggle:977:38.074945766276:26.908504685076,assembly,Emergency Assembly Area,1 NO'LU AFET VE ACİL DURUM TOPLANMA ALANI,38.074945766276,26.908504685076,,,,,,,2026-09-20T07:31:27.118Z,COMPLETE_FOR_MAPPABLE_ROWS,compact-proximity-endpoint,Afet toplanma alanları,https://acikveri.bizizmir.com/dataset/afet-ve-acil-durum-toplanma-alanlari,CC BY 4.0,İzmir Büyükşehir Belediyesi Açık Veri Portalı
assembly:kaggle:978:38.086058663149:26.867209875616,assembly,Emergency Assembly Area,1 NO'LU AFET VE ACİL DURUM TOPLANMA ALANI,38.086058663149,26.867209875616,,,,,,,2026-09-20T07:31:27.118Z,COMPLETE_FOR_MAPPABLE_ROWS,compact-proximity-endpoint,Afet toplanma alanları,https://acikveri.bizizmir.com/dataset/afet-ve-acil-durum-toplanma-alanlari,CC BY 4.0,İzmir Büyükşehir Belediyesi Açık Veri Portalı
assembly:kaggle:979:39.321960359469:27.312001516507,assembly,Emergency Assembly Area,1 NO'LU AFET VE ACİL DURUM TOPLANMA ALANI,39.321960359469,27.312001516507,,,,,,,2026-09-20T07:31:27.118Z,COMPLETE_FOR_MAPPABLE_ROWS,compact-proximity-endpoint,Afet toplanma alanları,https://acikveri.bizizmir.com/dataset/afet-ve-acil-durum-toplanma-alanlari,CC BY 4.0,İzmir Büyükşehir Belediyesi Açık Veri Portalı
assembly:kaggle:980:39.342462776142:27.334550410909,assembly,Emergency Assembly Area,1 NO'LU AFET VE ACİL DURUM TOPLANMA ALANI,39.342462776142,27.334550410909,,,,,,,2026-09-20T07:31:27.118Z,COMPLETE_FOR_MAPPABLE_ROWS,compact-proximity-endpoint,Afet toplanma alanları,https://acikveri.bizizmir.com/dataset/afet-ve-acil-durum-toplanma-alanlari,CC BY 4.0,İzmir Büyükşehir Belediyesi Açık Veri Portalı
assembly:kaggle:981:38.242297997452:28.031893783517,assembly,Emergency Assembly Area,1 NO'LU AFET VE ACİL DURUM TOPLANMA ALANI,38.242297997452,28.031893783517,,,,,,,2026-09-20T07:31:27.118Z,COMPLETE_FOR_MAPPABLE_ROWS,compact-proximity-endpoint,Afet toplanma alanları,https://acikveri.bizizmir.com/dataset/afet-ve-acil-durum-toplanma-alanlari,CC BY 4.0,İzmir Büyükşehir Belediyesi Açık Veri Portalı
assembly:kaggle:982:38.922753601097:27.096573282332,assembly,Emergency Assembly Area,1 NO'LU AFET VE ACİL DURUM TOPLANMA ALANI,38.922753601097,27.096573282332,,,,,,,2026-09-20T07:31:27.118Z,COMPLETE_FOR_MAPPABLE_ROWS,compact-proximity-endpoint,Afet toplanma alanları,https://acikveri.bizizmir.com/dataset/afet-ve-acil-durum-toplanma-alanlari,CC BY 4.0,İzmir Büyükşehir Belediyesi Açık Veri Portalı
assembly:kaggle:983:39.113420652304:27.182795365295,assembly,Emergency Assembly Area,1 NO'LU AFET VE ACİL DURUM TOPLANMA ALANI,39.113420652304,27.182795365295,,,,,,,2026-09-20T07:31:27.118Z,COMPLETE_FOR_MAPPABLE_ROWS,compact-proximity-endpoint,Afet toplanma alanları,https://acikveri.bizizmir.com/dataset/afet-ve-acil-durum-toplanma-alanlari,CC BY 4.0,İzmir Büyükşehir Belediyesi Açık Veri Portalı
assembly:kaggle:984:38.309365589758:26.959181025284,assembly,Emergency Assembly Area,1 NO'LU AFET VE ACİL DURUM TOPLANMA ALANI,38.309365589758,26.959181025284,,,,,,,2026-09-20T07:31:27.118Z,COMPLETE_FOR_MAPPABLE_ROWS,compact-proximity-endpoint,Afet toplanma alanları,https://acikveri.bizizmir.com/dataset/afet-ve-acil-durum-toplanma-alanlari,CC BY 4.0,İzmir Büyükşehir Belediyesi Açık Veri Portalı
assembly:kaggle:985:38.489355927096:27.214853442805,assembly,Emergency Assembly Area,1 NO'LU AFET VE ACİL DURUM TOPLANMA ALANI,38.489355927096,27.214853442805,,,,,,,2026-09-20T07:31:27.118Z,COMPLETE_FOR_MAPPABLE_ROWS,compact-proximity-endpoint,Afet toplanma alanları,https://acikveri.bizizmir.com/dataset/afet-ve-acil-durum-toplanma-alanlari,CC BY 4.0,İzmir Büyükşehir Belediyesi Açık Veri Portalı
assembly:kaggle:986:38.284547701299:26.941879155413,assembly,Emergency Assembly Area,1 NO'LU AFET VE ACİL DURUM TOPLANMA ALANI,38.284547701299,26.941879155413,,,,,,,2026-09-20T07:31:27.118Z,COMPLETE_FOR_MAPPABLE_ROWS,compact-proximity-endpoint,Afet toplanma alanları,https://acikveri.bizizmir.com/dataset/afet-ve-acil-durum-toplanma-alanlari,CC BY 4.0,İzmir Büyükşehir Belediyesi Açık Veri Portalı
assembly:kaggle:987:38.494912842337:27.160481703819,assembly,Emergency Assembly Area,1 NO'LU AFET VE ACİL DURUM TOPLANMA ALANI,38.494912842337,27.160481703819,,,,,,,2026-09-20T07:31:27.118Z,COMPLETE_FOR_MAPPABLE_ROWS,compact-proximity-endpoint,Afet toplanma alanları,https://acikveri.bizizmir.com/dataset/afet-ve-acil-durum-toplanma-alanlari,CC BY 4.0,İzmir Büyükşehir Belediyesi Açık Veri Portalı
assembly:kaggle:988:38.833683027961:27.077011533382,assembly,Emergency Assembly Area,1 NO'LU AFET VE ACİL DURUM TOPLANMA ALANI,38.833683027961,27.077011533382,,,,,,,2026-09-20T07:31:27.118Z,COMPLETE_FOR_MAPPABLE_ROWS,compact-proximity-endpoint,Afet toplanma alanları,https://acikveri.bizizmir.com/dataset/afet-ve-acil-durum-toplanma-alanlari,CC BY 4.0,İzmir Büyükşehir Belediyesi Açık Veri Portalı
assembly:kaggle:989:38.852894885899:27.034587707136,assembly,Emergency Assembly Area,1 NO'LU AFET VE ACİL DURUM TOPLANMA ALANI,38.852894885899,27.034587707136,,,,,,,2026-09-20T07:31:27.118Z,COMPLETE_FOR_MAPPABLE_ROWS,compact-proximity-endpoint,Afet toplanma alanları,https://acikveri.bizizmir.com/dataset/afet-ve-acil-durum-toplanma-alanlari,CC BY 4.0,İzmir Büyükşehir Belediyesi Açık Veri Portalı
assembly:kaggle:990:38.3893322707:27.049785434803,assembly,Emergency Assembly Area,1 NO'LU AFET VE ACİL DURUM TOPLANMA ALANI,38.3893322707,27.049785434803,,,,,,,2026-09-20T07:31:27.118Z,COMPLETE_FOR_MAPPABLE_ROWS,compact-proximity-endpoint,Afet toplanma alanları,https://acikveri.bizizmir.com/dataset/afet-ve-acil-durum-toplanma-alanlari,CC BY 4.0,İzmir Büyükşehir Belediyesi Açık Veri Portalı
assembly:kaggle:991:38.199983869635:26.834986011159,assembly,Emergency Assembly Area,1 NO'LU AFET VE ACİL DURUM TOPLANMA ALANI,38.199983869635,26.834986011159,,,,,,,2026-09-20T07:31:27.118Z,COMPLETE_FOR_MAPPABLE_ROWS,compact-proximity-endpoint,Afet toplanma alanları,https://acikveri.bizizmir.com/dataset/afet-ve-acil-durum-toplanma-alanlari,CC BY 4.0,İzmir Büyükşehir Belediyesi Açık Veri Portalı
assembly:kaggle:992:38.940801802649:27.133301294141,assembly,Emergency Assembly Area,1 NO'LU AFET VE ACİL DURUM TOPLANMA ALANI,38.940801802649,27.133301294141,,,,,,,2026-09-20T07:31:27.118Z,COMPLETE_FOR_MAPPABLE_ROWS,compact-proximity-endpoint,Afet toplanma alanları,https://acikveri.bizizmir.com/dataset/afet-ve-acil-durum-toplanma-alanlari,CC BY 4.0,İzmir Büyükşehir Belediyesi Açık Veri Portalı
assembly:kaggle:993:38.396122247586:27.06133236473,assembly,Emergency Assembly Area,1 NO'LU AFET VE ACİL DURUM TOPLANMA ALANI,38.396122247586,27.06133236473,,,,,,,2026-09-20T07:31:27.118Z,COMPLETE_FOR_MAPPABLE_ROWS,compact-proximity-endpoint,Afet toplanma alanları,https://acikveri.bizizmir.com/dataset/afet-ve-acil-durum-toplanma-alanlari,CC BY 4.0,İzmir Büyükşehir Belediyesi Açık Veri Portalı
assembly:kaggle:994:38.389475257759:27.038132492472,assembly,Emergency Assembly Area,1 NO'LU AFET VE ACİL DURUM TOPLANMA ALANI,38.389475257759,27.038132492472,,,,,,,2026-09-20T07:31:27.118Z,COMPLETE_FOR_MAPPABLE_ROWS,compact-proximity-endpoint,Afet toplanma alanları,https://acikveri.bizizmir.com/dataset/afet-ve-acil-durum-toplanma-alanlari,CC BY 4.0,İzmir Büyükşehir Belediyesi Açık Veri Portalı
assembly:kaggle:995:38.395213230855:27.040385471391,assembly,Emergency Assembly Area,1 NO'LU AFET VE ACİL DURUM TOPLANMA ALANI,38.395213230855,27.040385471391,,,,,,,2026-09-20T07:31:27.118Z,COMPLETE_FOR_MAPPABLE_ROWS,compact-proximity-endpoint,Afet toplanma alanları,https://acikveri.bizizmir.com/dataset/afet-ve-acil-durum-toplanma-alanlari,CC BY 4.0,İzmir Büyükşehir Belediyesi Açık Veri Portalı
assembly:kaggle:996:39.113120735305:27.174501573846,assembly,Emergency Assembly Area,1 NO'LU AFET VE ACİL DURUM TOPLANMA ALANI,39.113120735305,27.174501573846,,,,,,,2026-09-20T07:31:27.118Z,COMPLETE_FOR_MAPPABLE_ROWS,compact-proximity-endpoint,Afet toplanma alanları,https://acikveri.bizizmir.com/dataset/afet-ve-acil-durum-toplanma-alanlari,CC BY 4.0,İzmir Büyükşehir Belediyesi Açık Veri Portalı
assembly:kaggle:997:38.384402304494:27.057011406338,assembly,Emergency Assembly Area,1 NO'LU AFET VE ACİL DURUM TOPLANMA ALANI,38.384402304494,27.057011406338,,,,,,,2026-09-20T07:31:27.118Z,COMPLETE_FOR_MAPPABLE_ROWS,compact-proximity-endpoint,Afet toplanma alanları,https://acikveri.bizizmir.com/dataset/afet-ve-acil-durum-toplanma-alanlari,CC BY 4.0,İzmir Büyükşehir Belediyesi Açık Veri Portalı
assembly:kaggle:998:38.392241749422:27.011945454919,assembly,Emergency Assembly Area,1 NO'LU AFET VE ACİL DURUM TOPLANMA ALANI,38.392241749422,27.011945454919,,,,,,,2026-09-20T07:31:27.118Z,COMPLETE_FOR_MAPPABLE_ROWS,compact-proximity-endpoint,Afet toplanma alanları,https://acikveri.bizizmir.com/dataset/afet-ve-acil-durum-toplanma-alanlari,CC BY 4.0,İzmir Büyükşehir Belediyesi Açık Veri Portalı
assembly:kaggle:999:38.253727046864:28.119289234065,assembly,Emergency Assembly Area,1 NO'LU AFET VE ACİL DURUM TOPLANMA ALANI,38.253727046864,28.119289234065,,,,,,,2026-09-20T07:31:27.118Z,COMPLETE_FOR_MAPPABLE_ROWS,compact-proximity-endpoint,Afet toplanma alanları,https://acikveri.bizizmir.com/dataset/afet-ve-acil-durum-toplanma-alanlari,CC BY 4.0,İzmir Büyükşehir Belediyesi Açık Veri Portalı
assembly:kaggle:1000:38.319220791162:27.130592232732,assembly,Emergency Assembly Area,1 NO'LU AFET VE ACİL DURUM TOPLANMA ALANI,38.319220791162,27.130592232732,,,,,,,2026-09-20T07:31:27.118Z,COMPLETE_FOR_MAPPABLE_ROWS,compact-proximity-endpoint,Afet toplanma alanları,https://acikveri.bizizmir.com/dataset/afet-ve-acil-durum-toplanma-alanlari,CC BY 4.0,İzmir Büyükşehir Belediyesi Açık Veri Portalı
assembly:kaggle:1001:38.241289192693:27.950044223057,assembly,Emergency Assembly Area,1 NO'LU AFET VE ACİL DURUM TOPLANMA ALANI,38.241289192693,27.950044223057,,,,,,,2026-09-20T07:31:27.118Z,COMPLETE_FOR_MAPPABLE_ROWS,compact-proximity-endpoint,Afet toplanma alanları,https://acikveri.bizizmir.com/dataset/afet-ve-acil-durum-toplanma-alanlari,CC BY 4.0,İzmir Büyükşehir Belediyesi Açık Veri Portalı
assembly:kaggle:1002:38.076551845234:26.990413266015,assembly,Emergency Assembly Area,1 NO'LU AFET VE ACİL DURUM TOPLANMA ALANI,38.076551845234,26.990413266015,,,,,,,2026-09-20T07:31:27.118Z,COMPLETE_FOR_MAPPABLE_ROWS,compact-proximity-endpoint,Afet toplanma alanları,https://acikveri.bizizmir.com/dataset/afet-ve-acil-durum-toplanma-alanlari,CC BY 4.0,İzmir Büyükşehir Belediyesi Açık Veri Portalı
assembly:kaggle:1003:38.416959286566:27.201307631586,assembly,Emergency Assembly Area,1 NO'LU AFET VE ACİL DURUM TOPLANMA ALANI,38.416959286566,27.201307631586,,,,,,,2026-09-20T07:31:27.118Z,COMPLETE_FOR_MAPPABLE_ROWS,compact-proximity-endpoint,Afet toplanma alanları,https://acikveri.bizizmir.com/dataset/afet-ve-acil-durum-toplanma-alanlari,CC BY 4.0,İzmir Büyükşehir Belediyesi Açık Veri Portalı
assembly:kaggle:1004:38.224650102109:27.884853224602,assembly,Emergency Assembly Area,1 NO'LU AFET VE ACİL DURUM TOPLANMA ALANI,38.224650102109,27.884853224602,,,,,,,2026-09-20T07:31:27.118Z,COMPLETE_FOR_MAPPABLE_ROWS,compact-proximity-endpoint,Afet toplanma alanları,https://acikveri.bizizmir.com/dataset/afet-ve-acil-durum-toplanma-alanlari,CC BY 4.0,İzmir Büyükşehir Belediyesi Açık Veri Portalı
assembly:kaggle:1005:38.339383629497:27.144176046503,assembly,Emergency Assembly Area,1 NO'LU AFET VE ACİL DURUM TOPLANMA ALANI,38.339383629497,27.144176046503,,,,,,,2026-09-20T07:31:27.118Z,COMPLETE_FOR_MAPPABLE_ROWS,compact-proximity-endpoint,Afet toplanma alanları,https://acikveri.bizizmir.com/dataset/afet-ve-acil-durum-toplanma-alanlari,CC BY 4.0,İzmir Büyükşehir Belediyesi Açık Veri Portalı
assembly:kaggle:1006:38.499091949083:27.28446008095,assembly,Emergency Assembly Area,1 NO'LU AFET VE ACİL DURUM TOPLANMA ALANI,38.499091949083,27.28446008095,,,,,,,2026-09-20T07:31:27.118Z,COMPLETE_FOR_MAPPABLE_ROWS,compact-proximity-endpoint,Afet toplanma alanları,https://acikveri.bizizmir.com/dataset/afet-ve-acil-durum-toplanma-alanlari,CC BY 4.0,İzmir Büyükşehir Belediyesi Açık Veri Portalı
assembly:kaggle:1007:38.297378539526:27.844328623472,assembly,Emergency Assembly Area,1 NO'LU AFET VE ACİL DURUM TOPLANMA ALANI,38.297378539526,27.844328623472,,,,,,,2026-09-20T07:31:27.118Z,COMPLETE_FOR_MAPPABLE_ROWS,compact-proximity-endpoint,Afet toplanma alanları,https://acikveri.bizizmir.com/dataset/afet-ve-acil-durum-toplanma-alanlari,CC BY 4.0,İzmir Büyükşehir Belediyesi Açık Veri Portalı
assembly:kaggle:1008:39.376322411319:27.344329617853,assembly,Emergency Assembly Area,1 NO'LU AFET VE ACİL DURUM TOPLANMA ALANI,39.376322411319,27.344329617853,,,,,,,2026-09-20T07:31:27.118Z,COMPLETE_FOR_MAPPABLE_ROWS,compact-proximity-endpoint,Afet toplanma alanları,https://acikveri.bizizmir.com/dataset/afet-ve-acil-durum-toplanma-alanlari,CC BY 4.0,İzmir Büyükşehir Belediyesi Açık Veri Portalı
assembly:kaggle:1009:38.79176113202:26.976948096415,assembly,Emergency Assembly Area,1 NO'LU AFET VE ACİL DURUM TOPLANMA ALANI,38.79176113202,26.976948096415,,,,,,,2026-09-20T07:31:27.118Z,COMPLETE_FOR_MAPPABLE_ROWS,compact-proximity-endpoint,Afet toplanma alanları,https://acikveri.bizizmir.com/dataset/afet-ve-acil-durum-toplanma-alanlari,CC BY 4.0,İzmir Büyükşehir Belediyesi Açık Veri Portalı
assembly:kaggle:1010:38.293914896852:27.174134973621,assembly,Emergency Assembly Area,1 NO'LU AFET VE ACİL DURUM TOPLANMA ALANI,38.293914896852,27.174134973621,,,,,,,2026-09-20T07:31:27.118Z,COMPLETE_FOR_MAPPABLE_ROWS,compact-proximity-endpoint,Afet toplanma alanları,https://acikveri.bizizmir.com/dataset/afet-ve-acil-durum-toplanma-alanlari,CC BY 4.0,İzmir Büyükşehir Belediyesi Açık Veri Portalı
assembly:kaggle:1011:38.429765223832:27.204819592929,assembly,Emergency Assembly Area,1 NO'LU AFET VE ACİL DURUM TOPLANMA ALANI,38.429765223832,27.204819592929,,,,,,,2026-09-20T07:31:27.118Z,COMPLETE_FOR_MAPPABLE_ROWS,compact-proximity-endpoint,Afet toplanma alanları,https://acikveri.bizizmir.com/dataset/afet-ve-acil-durum-toplanma-alanlari,CC BY 4.0,İzmir Büyükşehir Belediyesi Açık Veri Portalı
assembly:kaggle:1012:38.69570948591:26.854199869761,assembly,Emergency Assembly Area,1 NO'LU AFET VE ACİL DURUM TOPLANMA ALANI,38.69570948591,26.854199869761,,,,,,,2026-09-20T07:31:27.118Z,COMPLETE_FOR_MAPPABLE_ROWS,compact-proximity-endpoint,Afet toplanma alanları,https://acikveri.bizizmir.com/dataset/afet-ve-acil-durum-toplanma-alanlari,CC BY 4.0,İzmir Büyükşehir Belediyesi Açık Veri Portalı
assembly:kaggle:1013:38.329368668458:27.131995124934,assembly,Emergency Assembly Area,1 NO'LU AFET VE ACİL DURUM TOPLANMA ALANI,38.329368668458,27.131995124934,,,,,,,2026-09-20T07:31:27.118Z,COMPLETE_FOR_MAPPABLE_ROWS,compact-proximity-endpoint,Afet toplanma alanları,https://acikveri.bizizmir.com/dataset/afet-ve-acil-durum-toplanma-alanlari,CC BY 4.0,İzmir Büyükşehir Belediyesi Açık Veri Portalı
assembly:kaggle:1014:38.429298297137:27.273339252155,assembly,Emergency Assembly Area,1 NO'LU AFET VE ACİL DURUM TOPLANMA ALANI,38.429298297137,27.273339252155,,,,,,,2026-09-20T07:31:27.118Z,COMPLETE_FOR_MAPPABLE_ROWS,compact-proximity-endpoint,Afet toplanma alanları,https://acikveri.bizizmir.com/dataset/afet-ve-acil-durum-toplanma-alanlari,CC BY 4.0,İzmir Büyükşehir Belediyesi Açık Veri Portalı
assembly:kaggle:1015:38.218346339183:27.966037390407,assembly,Emergency Assembly Area,1 NO'LU AFET VE ACİL DURUM TOPLANMA ALANI,38.218346339183,27.966037390407,,,,,,,2026-09-20T07:31:27.118Z,COMPLETE_FOR_MAPPABLE_ROWS,compact-proximity-endpoint,Afet toplanma alanları,https://acikveri.bizizmir.com/dataset/afet-ve-acil-durum-toplanma-alanlari,CC BY 4.0,İzmir Büyükşehir Belediyesi Açık Veri Portalı
assembly:kaggle:1016:39.239480915594:27.246806426463,assembly,Emergency Assembly Area,1 NO'LU AFET VE ACİL DURUM TOPLANMA ALANI,39.239480915594,27.246806426463,,,,,,,2026-09-20T07:31:27.118Z,COMPLETE_FOR_MAPPABLE_ROWS,compact-proximity-endpoint,Afet toplanma alanları,https://acikveri.bizizmir.com/dataset/afet-ve-acil-durum-toplanma-alanlari,CC BY 4.0,İzmir Büyükşehir Belediyesi Açık Veri Portalı
assembly:kaggle:1017:39.27021213755:27.011401998523,assembly,Emergency Assembly Area,1 NO'LU AFET VE ACİL DURUM TOPLANMA ALANI,39.27021213755,27.011401998523,,,,,,,2026-09-20T07:31:27.118Z,COMPLETE_FOR_MAPPABLE_ROWS,compact-proximity-endpoint,Afet toplanma alanları,https://acikveri.bizizmir.com/dataset/afet-ve-acil-durum-toplanma-alanlari,CC BY 4.0,İzmir Büyükşehir Belediyesi Açık Veri Portalı
assembly:kaggle:1018:38.458749139546:27.267646232085,assembly,Emergency Assembly Area,1 NO'LU AFET VE ACİL DURUM TOPLANMA ALANI,38.458749139546,27.267646232085,,,,,,,2026-09-20T07:31:27.118Z,COMPLETE_FOR_MAPPABLE_ROWS,compact-proximity-endpoint,Afet toplanma alanları,https://acikveri.bizizmir.com/dataset/afet-ve-acil-durum-toplanma-alanlari,CC BY 4.0,İzmir Büyükşehir Belediyesi Açık Veri Portalı
assembly:kaggle:1019:38.932953032905:27.213667848271,assembly,Emergency Assembly Area,1 NO'LU AFET VE ACİL DURUM TOPLANMA ALANI,38.932953032905,27.213667848271,,,,,,,2026-09-20T07:31:27.118Z,COMPLETE_FOR_MAPPABLE_ROWS,compact-proximity-endpoint,Afet toplanma alanları,https://acikveri.bizizmir.com/dataset/afet-ve-acil-durum-toplanma-alanlari,CC BY 4.0,İzmir Büyükşehir Belediyesi Açık Veri Portalı
assembly:kaggle:1020:38.076763520327:26.927391509671,assembly,Emergency Assembly Area,1 NO'LU AFET VE ACİL DURUM TOPLANMA ALANI,38.076763520327,26.927391509671,,,,,,,2026-09-20T07:31:27.118Z,COMPLETE_FOR_MAPPABLE_ROWS,compact-proximity-endpoint,Afet toplanma alanları,https://acikveri.bizizmir.com/dataset/afet-ve-acil-durum-toplanma-alanlari,CC BY 4.0,İzmir Büyükşehir Belediyesi Açık Veri Portalı
assembly:kaggle:1021:39.267086381461:26.981822118709,assembly,Emergency Assembly Area,1 NO'LU AFET VE ACİL DURUM TOPLANMA ALANI,39.267086381461,26.981822118709,,,,,,,2026-09-20T07:31:27.118Z,COMPLETE_FOR_MAPPABLE_ROWS,compact-proximity-endpoint,Afet toplanma alanları,https://acikveri.bizizmir.com/dataset/afet-ve-acil-durum-toplanma-alanlari,CC BY 4.0,İzmir Büyükşehir Belediyesi Açık Veri Portalı
assembly:kaggle:1022:39.324255301947:27.270022603218,assembly,Emergency Assembly Area,1 NO'LU AFET VE ACİL DURUM TOPLANMA ALANI,39.324255301947,27.270022603218,,,,,,,2026-09-20T07:31:27.118Z,COMPLETE_FOR_MAPPABLE_ROWS,compact-proximity-endpoint,Afet toplanma alanları,https://acikveri.bizizmir.com/dataset/afet-ve-acil-durum-toplanma-alanlari,CC BY 4.0,İzmir Büyükşehir Belediyesi Açık Veri Portalı
assembly:kaggle:1023:39.242767998144:27.428449924113,assembly,Emergency Assembly Area,1 NO'LU AFET VE ACİL DURUM TOPLANMA ALANI,39.242767998144,27.428449924113,,,,,,,2026-09-20T07:31:27.118Z,COMPLETE_FOR_MAPPABLE_ROWS,compact-proximity-endpoint,Afet toplanma alanları,https://acikveri.bizizmir.com/dataset/afet-ve-acil-durum-toplanma-alanlari,CC BY 4.0,İzmir Büyükşehir Belediyesi Açık Veri Portalı
assembly:kaggle:1024:38.890417818011:27.148297086821,assembly,Emergency Assembly Area,1 NO'LU AFET VE ACİL DURUM TOPLANMA ALANI,38.890417818011,27.148297086821,,,,,,,2026-09-20T07:31:27.118Z,COMPLETE_FOR_MAPPABLE_ROWS,compact-proximity-endpoint,Afet toplanma alanları,https://acikveri.bizizmir.com/dataset/afet-ve-acil-durum-toplanma-alanlari,CC BY 4.0,İzmir Büyükşehir Belediyesi Açık Veri Portalı
assembly:kaggle:1025:39.055216034083:27.185633619989,assembly,Emergency Assembly Area,1 NO'LU AFET VE ACİL DURUM TOPLANMA ALANI,39.055216034083,27.185633619989,,,,,,,2026-09-20T07:31:27.118Z,COMPLETE_FOR_MAPPABLE_ROWS,compact-proximity-endpoint,Afet toplanma alanları,https://acikveri.bizizmir.com/dataset/afet-ve-acil-durum-toplanma-alanlari,CC BY 4.0,İzmir Büyükşehir Belediyesi Açık Veri Portalı
assembly:kaggle:1026:38.427752225931:27.1969606349,assembly,Emergency Assembly Area,1 NO'LU AFET VE ACİL DURUM TOPLANMA ALANI,38.427752225931,27.1969606349,,,,,,,2026-09-20T07:31:27.118Z,COMPLETE_FOR_MAPPABLE_ROWS,compact-proximity-endpoint,Afet toplanma alanları,https://acikveri.bizizmir.com/dataset/afet-ve-acil-durum-toplanma-alanlari,CC BY 4.0,İzmir Büyükşehir Belediyesi Açık Veri Portalı
assembly:kaggle:1027:38.690109566673:26.901999644488,assembly,Emergency Assembly Area,1 NO'LU AFET VE ACİL DURUM TOPLANMA ALANI,38.690109566673,26.901999644488,,,,,,,2026-09-20T07:31:27.118Z,COMPLETE_FOR_MAPPABLE_ROWS,compact-proximity-endpoint,Afet toplanma alanları,https://acikveri.bizizmir.com/dataset/afet-ve-acil-durum-toplanma-alanlari,CC BY 4.0,İzmir Büyükşehir Belediyesi Açık Veri Portalı
assembly:kaggle:1028:38.385444299867:27.058426397672,assembly,Emergency Assembly Area,1 NO'LU AFET VE ACİL DURUM TOPLANMA ALANI,38.385444299867,27.058426397672,,,,,,,2026-09-20T07:31:27.118Z,COMPLETE_FOR_MAPPABLE_ROWS,compact-proximity-endpoint,Afet toplanma alanları,https://acikveri.bizizmir.com/dataset/afet-ve-acil-durum-toplanma-alanlari,CC BY 4.0,İzmir Büyükşehir Belediyesi Açık Veri Portalı
assembly:kaggle:1029:38.625846168941:27.159115487984,assembly,Emergency Assembly Area,1 NO'LU AFET VE ACİL DURUM TOPLANMA ALANI,38.625846168941,27.159115487984,,,,,,,2026-09-20T07:31:27.118Z,COMPLETE_FOR_MAPPABLE_ROWS,compact-proximity-endpoint,Afet toplanma alanları,https://acikveri.bizizmir.com/dataset/afet-ve-acil-durum-toplanma-alanlari,CC BY 4.0,İzmir Büyükşehir Belediyesi Açık Veri Portalı
assembly:kaggle:1030:39.290778372928:27.045710023178,assembly,Emergency Assembly Area,1 NO'LU AFET VE ACİL DURUM TOPLANMA ALANI,39.290778372928,27.045710023178,,,,,,,2026-09-20T07:31:27.118Z,COMPLETE_FOR_MAPPABLE_ROWS,compact-proximity-endpoint,Afet toplanma alanları,https://acikveri.bizizmir.com/dataset/afet-ve-acil-durum-toplanma-alanlari,CC BY 4.0,İzmir Büyükşehir Belediyesi Açık Veri Portalı
assembly:kaggle:1031:38.217528932739:28.065936610721,assembly,Emergency Assembly Area,1 NO'LU AFET VE ACİL DURUM TOPLANMA ALANI,38.217528932739,28.065936610721,,,,,,,2026-09-20T07:31:27.118Z,COMPLETE_FOR_MAPPABLE_ROWS,compact-proximity-endpoint,Afet toplanma alanları,https://acikveri.bizizmir.com/dataset/afet-ve-acil-durum-toplanma-alanlari,CC BY 4.0,İzmir Büyükşehir Belediyesi Açık Veri Portalı
assembly:kaggle:1032:38.517038809362:27.238386279887,assembly,Emergency Assembly Area,1 NO'LU AFET VE ACİL DURUM TOPLANMA ALANI,38.517038809362,27.238386279887,,,,,,,2026-09-20T07:31:27.118Z,COMPLETE_FOR_MAPPABLE_ROWS,compact-proximity-endpoint,Afet toplanma alanları,https://acikveri.bizizmir.com/dataset/afet-ve-acil-durum-toplanma-alanlari,CC BY 4.0,İzmir Büyükşehir Belediyesi Açık Veri Portalı
assembly:kaggle:1033:39.288070175979:27.384681399026,assembly,Emergency Assembly Area,1 NO'LU AFET VE ACİL DURUM TOPLANMA ALANI,39.288070175979,27.384681399026,,,,,,,2026-09-20T07:31:27.118Z,COMPLETE_FOR_MAPPABLE_ROWS,compact-proximity-endpoint,Afet toplanma alanları,https://acikveri.bizizmir.com/dataset/afet-ve-acil-durum-toplanma-alanlari,CC BY 4.0,İzmir Büyükşehir Belediyesi Açık Veri Portalı
assembly:kaggle:1034:38.313598503266:28.052783368274,assembly,Emergency Assembly Area,1 NO'LU AFET VE ACİL DURUM TOPLANMA ALANI,38.313598503266,28.052783368274,,,,,,,2026-09-20T07:31:27.118Z,COMPLETE_FOR_MAPPABLE_ROWS,compact-proximity-endpoint,Afet toplanma alanları,https://acikveri.bizizmir.com/dataset/afet-ve-acil-durum-toplanma-alanlari,CC BY 4.0,İzmir Büyükşehir Belediyesi Açık Veri Portalı
assembly:kaggle:1035:38.35794851743:27.129505089067,assembly,Emergency Assembly Area,1 NO'LU AFET VE ACİL DURUM TOPLANMA ALANI,38.35794851743,27.129505089067,,,,,,,2026-09-20T07:31:27.118Z,COMPLETE_FOR_MAPPABLE_ROWS,compact-proximity-endpoint,Afet toplanma alanları,https://acikveri.bizizmir.com/dataset/afet-ve-acil-durum-toplanma-alanlari,CC BY 4.0,İzmir Büyükşehir Belediyesi Açık Veri Portalı
assembly:kaggle:1036:38.995250848277:27.209048410227,assembly,Emergency Assembly Area,1 NO'LU AFET VE ACİL DURUM TOPLANMA ALANI,38.995250848277,27.209048410227,,,,,,,2026-09-20T07:31:27.118Z,COMPLETE_FOR_MAPPABLE_ROWS,compact-proximity-endpoint,Afet toplanma alanları,https://acikveri.bizizmir.com/dataset/afet-ve-acil-durum-toplanma-alanlari,CC BY 4.0,İzmir Büyükşehir Belediyesi Açık Veri Portalı
assembly:kaggle:1037:39.221829506608:27.267890749884,assembly,Emergency Assembly Area,1 NO'LU AFET VE ACİL DURUM TOPLANMA ALANI,39.221829506608,27.267890749884,,,,,,,2026-09-20T07:31:27.118Z,COMPLETE_FOR_MAPPABLE_ROWS,compact-proximity-endpoint,Afet toplanma alanları,https://acikveri.bizizmir.com/dataset/afet-ve-acil-durum-toplanma-alanlari,CC BY 4.0,İzmir Büyükşehir Belediyesi Açık Veri Portalı
assembly:kaggle:1038:38.473245050509:27.254406272851,assembly,Emergency Assembly Area,1 NO'LU AFET VE ACİL DURUM TOPLANMA ALANI,38.473245050509,27.254406272851,,,,,,,2026-09-20T07:31:27.118Z,COMPLETE_FOR_MAPPABLE_ROWS,compact-proximity-endpoint,Afet toplanma alanları,https://acikveri.bizizmir.com/dataset/afet-ve-acil-durum-toplanma-alanlari,CC BY 4.0,İzmir Büyükşehir Belediyesi Açık Veri Portalı
assembly:kaggle:1039:38.700923654906:27.034773971087,assembly,Emergency Assembly Area,1 NO'LU AFET VE ACİL DURUM TOPLANMA ALANI,38.700923654906,27.034773971087,,,,,,,2026-09-20T07:31:27.118Z,COMPLETE_FOR_MAPPABLE_ROWS,compact-proximity-endpoint,Afet toplanma alanları,https://acikveri.bizizmir.com/dataset/afet-ve-acil-durum-toplanma-alanlari,CC BY 4.0,İzmir Büyükşehir Belediyesi Açık Veri Portalı
assembly:kaggle:1040:38.381005119885:26.924837159057,assembly,Emergency Assembly Area,1 NO'LU AFET VE ACİL DURUM TOPLANMA ALANI,38.381005119885,26.924837159057,,,,,,,2026-09-20T07:31:27.118Z,COMPLETE_FOR_MAPPABLE_ROWS,compact-proximity-endpoint,Afet toplanma alanları,https://acikveri.bizizmir.com/dataset/afet-ve-acil-durum-toplanma-alanlari,CC BY 4.0,İzmir Büyükşehir Belediyesi Açık Veri Portalı
assembly:kaggle:1041:38.230364003478:27.970202102967,assembly,Emergency Assembly Area,1 NO'LU AFET VE ACİL DURUM TOPLANMA ALANI,38.230364003478,27.970202102967,,,,,,,2026-09-20T07:31:27.118Z,COMPLETE_FOR_MAPPABLE_ROWS,compact-proximity-endpoint,Afet toplanma alanları,https://acikveri.bizizmir.com/dataset/afet-ve-acil-durum-toplanma-alanlari,CC BY 4.0,İzmir Büyükşehir Belediyesi Açık Veri Portalı
assembly:kaggle:1042:38.738809249453:26.837999871833,assembly,Emergency Assembly Area,1 NO'LU AFET VE ACİL DURUM TOPLANMA ALANI,38.738809249453,26.837999871833,,,,,,,2026-09-20T07:31:27.118Z,COMPLETE_FOR_MAPPABLE_ROWS,compact-proximity-endpoint,Afet toplanma alanları,https://acikveri.bizizmir.com/dataset/afet-ve-acil-durum-toplanma-alanlari,CC BY 4.0,İzmir Büyükşehir Belediyesi Açık Veri Portalı
assembly:kaggle:1043:38.45029823097:27.314924010314,assembly,Emergency Assembly Area,1 NO'LU AFET VE ACİL DURUM TOPLANMA ALANI,38.45029823097,27.314924010314,,,,,,,2026-09-20T07:31:27.118Z,COMPLETE_FOR_MAPPABLE_ROWS,compact-proximity-endpoint,Afet toplanma alanları,https://acikveri.bizizmir.com/dataset/afet-ve-acil-durum-toplanma-alanlari,CC BY 4.0,İzmir Büyükşehir Belediyesi Açık Veri Portalı
assembly:kaggle:1044:38.438498184825:27.210174551557,assembly,Emergency Assembly Area,1 NO'LU AFET VE ACİL DURUM TOPLANMA ALANI,38.438498184825,27.210174551557,,,,,,,2026-09-20T07:31:27.118Z,COMPLETE_FOR_MAPPABLE_ROWS,compact-proximity-endpoint,Afet toplanma alanları,https://acikveri.bizizmir.com/dataset/afet-ve-acil-durum-toplanma-alanlari,CC BY 4.0,İzmir Büyükşehir Belediyesi Açık Veri Portalı
assembly:kaggle:1045:38.464095054085:27.211443501967,assembly,Emergency Assembly Area,1 NO'LU AFET VE ACİL DURUM TOPLANMA ALANI,38.464095054085,27.211443501967,,,,,,,2026-09-20T07:31:27.118Z,COMPLETE_FOR_MAPPABLE_ROWS,compact-proximity-endpoint,Afet toplanma alanları,https://acikveri.bizizmir.com/dataset/afet-ve-acil-durum-toplanma-alanlari,CC BY 4.0,İzmir Büyükşehir Belediyesi Açık Veri Portalı
assembly:kaggle:1046:38.425156276982:27.232878460627,assembly,Emergency Assembly Area,1 NO'LU AFET VE ACİL DURUM TOPLANMA ALANI,38.425156276982,27.232878460627,,,,,,,2026-09-20T07:31:27.118Z,COMPLETE_FOR_MAPPABLE_ROWS,compact-proximity-endpoint,Afet toplanma alanları,https://acikveri.bizizmir.com/dataset/afet-ve-acil-durum-toplanma-alanlari,CC BY 4.0,İzmir Büyükşehir Belediyesi Açık Veri Portalı
assembly:kaggle:1047:38.45084516596:27.254083311877,assembly,Emergency Assembly Area,1 NO'LU AFET VE ACİL DURUM TOPLANMA ALANI,38.45084516596,27.254083311877,,,,,,,2026-09-20T07:31:27.118Z,COMPLETE_FOR_MAPPABLE_ROWS,compact-proximity-endpoint,Afet toplanma alanları,https://acikveri.bizizmir.com/dataset/afet-ve-acil-durum-toplanma-alanlari,CC BY 4.0,İzmir Büyükşehir Belediyesi Açık Veri Portalı
assembly:kaggle:1048:38.413551291262:27.188437701091,assembly,Emergency Assembly Area,1 NO'LU AFET VE ACİL DURUM TOPLANMA ALANI,38.413551291262,27.188437701091,,,,,,,2026-09-20T07:31:27.118Z,COMPLETE_FOR_MAPPABLE_ROWS,compact-proximity-endpoint,Afet toplanma alanları,https://acikveri.bizizmir.com/dataset/afet-ve-acil-durum-toplanma-alanlari,CC BY 4.0,İzmir Büyükşehir Belediyesi Açık Veri Portalı
assembly:kaggle:1049:38.339286417033:28.074635617596,assembly,Emergency Assembly Area,1 NO'LU AFET VE ACİL DURUM TOPLANMA ALANI,38.339286417033,28.074635617596,,,,,,,2026-09-20T07:31:27.118Z,COMPLETE_FOR_MAPPABLE_ROWS,compact-proximity-endpoint,Afet toplanma alanları,https://acikveri.bizizmir.com/dataset/afet-ve-acil-durum-toplanma-alanlari,CC BY 4.0,İzmir Büyükşehir Belediyesi Açık Veri Portalı
assembly:kaggle:1050:38.118901844254:27.975409663059,assembly,Emergency Assembly Area,1 NO'LU AFET VE ACİL DURUM TOPLANMA ALANI,38.118901844254,27.975409663059,,,,,,,2026-09-20T07:31:27.118Z,COMPLETE_FOR_MAPPABLE_ROWS,compact-proximity-endpoint,Afet toplanma alanları,https://acikveri.bizizmir.com/dataset/afet-ve-acil-durum-toplanma-alanlari,CC BY 4.0,İzmir Büyükşehir Belediyesi Açık Veri Portalı
assembly:kaggle:1051:38.17792507485:28.087698532345,assembly,Emergency Assembly Area,1 NO'LU AFET VE ACİL DURUM TOPLANMA ALANI,38.17792507485,28.087698532345,,,,,,,2026-09-20T07:31:27.118Z,COMPLETE_FOR_MAPPABLE_ROWS,compact-proximity-endpoint,Afet toplanma alanları,https://acikveri.bizizmir.com/dataset/afet-ve-acil-durum-toplanma-alanlari,CC BY 4.0,İzmir Büyükşehir Belediyesi Açık Veri Portalı
assembly:kaggle:1052:38.135308785567:28.07418334537,assembly,Emergency Assembly Area,1 NO'LU AFET VE ACİL DURUM TOPLANMA ALANI,38.135308785567,28.07418334537,,,,,,,2026-09-20T07:31:27.118Z,COMPLETE_FOR_MAPPABLE_ROWS,compact-proximity-endpoint,Afet toplanma alanları,https://acikveri.bizizmir.com/dataset/afet-ve-acil-durum-toplanma-alanlari,CC BY 4.0,İzmir Büyükşehir Belediyesi Açık Veri Portalı
assembly:kaggle:1053:38.395459054818:27.006413472141,assembly,Emergency Assembly Area,1 NO'LU AFET VE ACİL DURUM TOPLANMA ALANI,38.395459054818,27.006413472141,,,,,,,2026-09-20T07:31:27.118Z,COMPLETE_FOR_MAPPABLE_ROWS,compact-proximity-endpoint,Afet toplanma alanları,https://acikveri.bizizmir.com/dataset/afet-ve-acil-durum-toplanma-alanlari,CC BY 4.0,İzmir Büyükşehir Belediyesi Açık Veri Portalı
assembly:kaggle:1054:38.232902453885:27.962824841409,assembly,Emergency Assembly Area,1 NO'LU AFET VE ACİL DURUM TOPLANMA ALANI,38.232902453885,27.962824841409,,,,,,,2026-09-20T07:31:27.118Z,COMPLETE_FOR_MAPPABLE_ROWS,compact-proximity-endpoint,Afet toplanma alanları,https://acikveri.bizizmir.com/dataset/afet-ve-acil-durum-toplanma-alanlari,CC BY 4.0,İzmir Büyükşehir Belediyesi Açık Veri Portalı
assembly:kaggle:1055:38.37718628886:27.899242417081,assembly,Emergency Assembly Area,1 NO'LU AFET VE ACİL DURUM TOPLANMA ALANI,38.37718628886,27.899242417081,,,,,,,2026-09-20T07:31:27.118Z,COMPLETE_FOR_MAPPABLE_ROWS,compact-proximity-endpoint,Afet toplanma alanları,https://acikveri.bizizmir.com/dataset/afet-ve-acil-durum-toplanma-alanlari,CC BY 4.0,İzmir Büyükşehir Belediyesi Açık Veri Portalı
assembly:kaggle:1056:38.437963164209:27.18823066158,assembly,Emergency Assembly Area,1 NO'LU AFET VE ACİL DURUM TOPLANMA ALANI,38.437963164209,27.18823066158,,,,,,,2026-09-20T07:31:27.118Z,COMPLETE_FOR_MAPPABLE_ROWS,compact-proximity-endpoint,Afet toplanma alanları,https://acikveri.bizizmir.com/dataset/afet-ve-acil-durum-toplanma-alanlari,CC BY 4.0,İzmir Büyükşehir Belediyesi Açık Veri Portalı
assembly:kaggle:1057:39.187837532392:27.235299218824,assembly,Emergency Assembly Area,1 NO'LU AFET VE ACİL DURUM TOPLANMA ALANI,39.187837532392,27.235299218824,,,,,,,2026-09-20T07:31:27.118Z,COMPLETE_FOR_MAPPABLE_ROWS,compact-proximity-endpoint,Afet toplanma alanları,https://acikveri.bizizmir.com/dataset/afet-ve-acil-durum-toplanma-alanlari,CC BY 4.0,İzmir Büyükşehir Belediyesi Açık Veri Portalı
assembly:kaggle:1058:39.250154155179:27.265476898762,assembly,Emergency Assembly Area,1 NO'LU AFET VE ACİL DURUM TOPLANMA ALANI,39.250154155179,27.265476898762,,,,,,,2026-09-20T07:31:27.118Z,COMPLETE_FOR_MAPPABLE_ROWS,compact-proximity-endpoint,Afet toplanma alanları,https://acikveri.bizizmir.com/dataset/afet-ve-acil-durum-toplanma-alanlari,CC BY 4.0,İzmir Büyükşehir Belediyesi Açık Veri Portalı
assembly:kaggle:1059:39.009101747208:27.058608292552,assembly,Emergency Assembly Area,1 NO'LU AFET VE ACİL DURUM TOPLANMA ALANI,39.009101747208,27.058608292552,,,,,,,2026-09-20T07:31:27.118Z,COMPLETE_FOR_MAPPABLE_ROWS,compact-proximity-endpoint,Afet toplanma alanları,https://acikveri.bizizmir.com/dataset/afet-ve-acil-durum-toplanma-alanlari,CC BY 4.0,İzmir Büyükşehir Belediyesi Açık Veri Portalı
assembly:kaggle:1060:39.199323324546:27.188943353913,assembly,Emergency Assembly Area,1 NO'LU AFET VE ACİL DURUM TOPLANMA ALANI,39.199323324546,27.188943353913,,,,,,,2026-09-20T07:31:27.118Z,COMPLETE_FOR_MAPPABLE_ROWS,compact-proximity-endpoint,Afet toplanma alanları,https://acikveri.bizizmir.com/dataset/afet-ve-acil-durum-toplanma-alanlari,CC BY 4.0,İzmir Büyükşehir Belediyesi Açık Veri Portalı
assembly:kaggle:1061:39.046153484522:27.194542607339,assembly,Emergency Assembly Area,1 NO'LU AFET VE ACİL DURUM TOPLANMA ALANI,39.046153484522,27.194542607339,,,,,,,2026-09-20T07:31:27.118Z,COMPLETE_FOR_MAPPABLE_ROWS,compact-proximity-endpoint,Afet toplanma alanları,https://acikveri.bizizmir.com/dataset/afet-ve-acil-durum-toplanma-alanlari,CC BY 4.0,İzmir Büyükşehir Belediyesi Açık Veri Portalı
assembly:kaggle:1062:38.447826371892:27.304224533284,assembly,Emergency Assembly Area,1 NO'LU AFET VE ACİL DURUM TOPLANMA ALANI,38.447826371892,27.304224533284,,,,,,,2026-09-20T07:31:27.118Z,COMPLETE_FOR_MAPPABLE_ROWS,compact-proximity-endpoint,Afet toplanma alanları,https://acikveri.bizizmir.com/dataset/afet-ve-acil-durum-toplanma-alanlari,CC BY 4.0,İzmir Büyükşehir Belediyesi Açık Veri Portalı
assembly:kaggle:1063:38.377797715237:27.24064531526,assembly,Emergency Assembly Area,1 NO'LU AFET VE ACİL DURUM TOPLANMA ALANI,38.377797715237,27.24064531526,,,,,,,2026-09-20T07:31:27.118Z,COMPLETE_FOR_MAPPABLE_ROWS,compact-proximity-endpoint,Afet toplanma alanları,https://acikveri.bizizmir.com/dataset/afet-ve-acil-durum-toplanma-alanlari,CC BY 4.0,İzmir Büyükşehir Belediyesi Açık Veri Portalı
assembly:kaggle:1064:38.795869213193:27.071953623868,assembly,Emergency Assembly Area,1 NO'LU AFET VE ACİL DURUM TOPLANMA ALANI,38.795869213193,27.071953623868,,,,,,,2026-09-20T07:31:27.118Z,COMPLETE_FOR_MAPPABLE_ROWS,compact-proximity-endpoint,Afet toplanma alanları,https://acikveri.bizizmir.com/dataset/afet-ve-acil-durum-toplanma-alanlari,CC BY 4.0,İzmir Büyükşehir Belediyesi Açık Veri Portalı
assembly:kaggle:1065:38.871976914939:27.152308099571,assembly,Emergency Assembly Area,1 NO'LU AFET VE ACİL DURUM TOPLANMA ALANI,38.871976914939,27.152308099571,,,,,,,2026-09-20T07:31:27.118Z,COMPLETE_FOR_MAPPABLE_ROWS,compact-proximity-endpoint,Afet toplanma alanları,https://acikveri.bizizmir.com/dataset/afet-ve-acil-durum-toplanma-alanlari,CC BY 4.0,İzmir Büyükşehir Belediyesi Açık Veri Portalı
assembly:kaggle:1066:38.198473081467:27.893541212989,assembly,Emergency Assembly Area,1 NO'LU AFET VE ACİL DURUM TOPLANMA ALANI,38.198473081467,27.893541212989,,,,,,,2026-09-20T07:31:27.118Z,COMPLETE_FOR_MAPPABLE_ROWS,compact-proximity-endpoint,Afet toplanma alanları,https://acikveri.bizizmir.com/dataset/afet-ve-acil-durum-toplanma-alanlari,CC BY 4.0,İzmir Büyükşehir Belediyesi Açık Veri Portalı
assembly:kaggle:1067:38.803377830247:26.971581459148,assembly,Emergency Assembly Area,1 NO'LU AFET VE ACİL DURUM TOPLANMA ALANI,38.803377830247,26.971581459148,,,,,,,2026-09-20T07:31:27.118Z,COMPLETE_FOR_MAPPABLE_ROWS,compact-proximity-endpoint,Afet toplanma alanları,https://acikveri.bizizmir.com/dataset/afet-ve-acil-durum-toplanma-alanlari,CC BY 4.0,İzmir Büyükşehir Belediyesi Açık Veri Portalı
assembly:kaggle:1068:38.75683594751:27.057591940438,assembly,Emergency Assembly Area,1 NO'LU AFET VE ACİL DURUM TOPLANMA ALANI,38.75683594751,27.057591940438,,,,,,,2026-09-20T07:31:27.118Z,COMPLETE_FOR_MAPPABLE_ROWS,compact-proximity-endpoint,Afet toplanma alanları,https://acikveri.bizizmir.com/dataset/afet-ve-acil-durum-toplanma-alanlari,CC BY 4.0,İzmir Büyükşehir Belediyesi Açık Veri Portalı
assembly:kaggle:1069:38.701602635364:27.019359046282,assembly,Emergency Assembly Area,1 NO'LU AFET VE ACİL DURUM TOPLANMA ALANI,38.701602635364,27.019359046282,,,,,,,2026-09-20T07:31:27.118Z,COMPLETE_FOR_MAPPABLE_ROWS,compact-proximity-endpoint,Afet toplanma alanları,https://acikveri.bizizmir.com/dataset/afet-ve-acil-durum-toplanma-alanlari,CC BY 4.0,İzmir Büyükşehir Belediyesi Açık Veri Portalı
assembly:kaggle:1070:38.229302125129:28.010494778665,assembly,Emergency Assembly Area,1 NO'LU AFET VE ACİL DURUM TOPLANMA ALANI,38.229302125129,28.010494778665,,,,,,,2026-09-20T07:31:27.118Z,COMPLETE_FOR_MAPPABLE_ROWS,compact-proximity-endpoint,Afet toplanma alanları,https://acikveri.bizizmir.com/dataset/afet-ve-acil-durum-toplanma-alanlari,CC BY 4.0,İzmir Büyükşehir Belediyesi Açık Veri Portalı
assembly:kaggle:1071:38.19101924373:26.99191706401,assembly,Emergency Assembly Area,1 NO'LU AFET VE ACİL DURUM TOPLANMA ALANI,38.19101924373,26.99191706401,,,,,,,2026-09-20T07:31:27.118Z,COMPLETE_FOR_MAPPABLE_ROWS,compact-proximity-endpoint,Afet toplanma alanları,https://acikveri.bizizmir.com/dataset/afet-ve-acil-durum-toplanma-alanlari,CC BY 4.0,İzmir Büyükşehir Belediyesi Açık Veri Portalı
assembly:kaggle:1072:38.070150283239:28.103528562307,assembly,Emergency Assembly Area,1 NO'LU AFET VE ACİL DURUM TOPLANMA ALANI,38.070150283239,28.103528562307,,,,,,,2026-09-20T07:31:27.118Z,COMPLETE_FOR_MAPPABLE_ROWS,compact-proximity-endpoint,Afet toplanma alanları,https://acikveri.bizizmir.com/dataset/afet-ve-acil-durum-toplanma-alanlari,CC BY 4.0,İzmir Büyükşehir Belediyesi Açık Veri Portalı
assembly:kaggle:1073:38.830966243161:26.981573948517,assembly,Emergency Assembly Area,1 NO'LU AFET VE ACİL DURUM TOPLANMA ALANI,38.830966243161,26.981573948517,,,,,,,2026-09-20T07:31:27.118Z,COMPLETE_FOR_MAPPABLE_ROWS,compact-proximity-endpoint,Afet toplanma alanları,https://acikveri.bizizmir.com/dataset/afet-ve-acil-durum-toplanma-alanlari,CC BY 4.0,İzmir Büyükşehir Belediyesi Açık Veri Portalı
assembly:kaggle:1074:38.750009179625:26.826499908356,assembly,Emergency Assembly Area,1 NO'LU AFET VE ACİL DURUM TOPLANMA ALANI,38.750009179625,26.826499908356,,,,,,,2026-09-20T07:31:27.118Z,COMPLETE_FOR_MAPPABLE_ROWS,compact-proximity-endpoint,Afet toplanma alanları,https://acikveri.bizizmir.com/dataset/afet-ve-acil-durum-toplanma-alanlari,CC BY 4.0,İzmir Büyükşehir Belediyesi Açık Veri Portalı
assembly:kaggle:1075:38.843837019975:27.11818431409,assembly,Emergency Assembly Area,1 NO'LU AFET VE ACİL DURUM TOPLANMA ALANI,38.843837019975,27.11818431409,,,,,,,2026-09-20T07:31:27.118Z,COMPLETE_FOR_MAPPABLE_ROWS,compact-proximity-endpoint,Afet toplanma alanları,https://acikveri.bizizmir.com/dataset/afet-ve-acil-durum-toplanma-alanlari,CC BY 4.0,İzmir Büyükşehir Belediyesi Açık Veri Portalı
assembly:kaggle:1076:38.866671978553:27.06245207775,assembly,Emergency Assembly Area,1 NO'LU AFET VE ACİL DURUM TOPLANMA ALANI,38.866671978553,27.06245207775,,,,,,,2026-09-20T07:31:27.118Z,COMPLETE_FOR_MAPPABLE_ROWS,compact-proximity-endpoint,Afet toplanma alanları,https://acikveri.bizizmir.com/dataset/afet-ve-acil-durum-toplanma-alanlari,CC BY 4.0,İzmir Büyükşehir Belediyesi Açık Veri Portalı
assembly:kaggle:1077:38.71995948309:26.964735282558,assembly,Emergency Assembly Area,1 NO'LU AFET VE ACİL DURUM TOPLANMA ALANI,38.71995948309,26.964735282558,,,,,,,2026-09-20T07:31:27.118Z,COMPLETE_FOR_MAPPABLE_ROWS,compact-proximity-endpoint,Afet toplanma alanları,https://acikveri.bizizmir.com/dataset/afet-ve-acil-durum-toplanma-alanlari,CC BY 4.0,İzmir Büyükşehir Belediyesi Açık Veri Portalı
assembly:kaggle:1078:38.795513556579:26.965043675653,assembly,Emergency Assembly Area,1 NO'LU AFET VE ACİL DURUM TOPLANMA ALANI,38.795513556579,26.965043675653,,,,,,,2026-09-20T07:31:27.118Z,COMPLETE_FOR_MAPPABLE_ROWS,compact-proximity-endpoint,Afet toplanma alanları,https://acikveri.bizizmir.com/dataset/afet-ve-acil-durum-toplanma-alanlari,CC BY 4.0,İzmir Büyükşehir Belediyesi Açık Veri Portalı
assembly:kaggle:1079:38.336675343294:27.104704893311,assembly,Emergency Assembly Area,1 NO'LU AFET VE ACİL DURUM TOPLANMA ALANI,38.336675343294,27.104704893311,,,,,,,2026-09-20T07:31:27.118Z,COMPLETE_FOR_MAPPABLE_ROWS,compact-proximity-endpoint,Afet toplanma alanları,https://acikveri.bizizmir.com/dataset/afet-ve-acil-durum-toplanma-alanlari,CC BY 4.0,İzmir Büyükşehir Belediyesi Açık Veri Portalı
assembly:kaggle:1080:38.307035792093:27.138819128648,assembly,Emergency Assembly Area,1 NO'LU AFET VE ACİL DURUM TOPLANMA ALANI,38.307035792093,27.138819128648,,,,,,,2026-09-20T07:31:27.118Z,COMPLETE_FOR_MAPPABLE_ROWS,compact-proximity-endpoint,Afet toplanma alanları,https://acikveri.bizizmir.com/dataset/afet-ve-acil-durum-toplanma-alanlari,CC BY 4.0,İzmir Büyükşehir Belediyesi Açık Veri Portalı
assembly:kaggle:1081:38.328382846748:27.126666109067,assembly,Emergency Assembly Area,1 NO'LU AFET VE ACİL DURUM TOPLANMA ALANI,38.328382846748,27.126666109067,,,,,,,2026-09-20T07:31:27.118Z,COMPLETE_FOR_MAPPABLE_ROWS,compact-proximity-endpoint,Afet toplanma alanları,https://acikveri.bizizmir.com/dataset/afet-ve-acil-durum-toplanma-alanlari,CC BY 4.0,İzmir Büyükşehir Belediyesi Açık Veri Portalı
assembly:kaggle:1082:38.201482032629:26.846500780564,assembly,Emergency Assembly Area,1 NO'LU AFET VE ACİL DURUM TOPLANMA ALANI,38.201482032629,26.846500780564,,,,,,,2026-09-20T07:31:27.118Z,COMPLETE_FOR_MAPPABLE_ROWS,compact-proximity-endpoint,Afet toplanma alanları,https://acikveri.bizizmir.com/dataset/afet-ve-acil-durum-toplanma-alanlari,CC BY 4.0,İzmir Büyükşehir Belediyesi Açık Veri Portalı
assembly:kaggle:1083:38.271327730511:26.904773364229,assembly,Emergency Assembly Area,1 NO'LU AFET VE ACİL DURUM TOPLANMA ALANI,38.271327730511,26.904773364229,,,,,,,2026-09-20T07:31:27.118Z,COMPLETE_FOR_MAPPABLE_ROWS,compact-proximity-endpoint,Afet toplanma alanları,https://acikveri.bizizmir.com/dataset/afet-ve-acil-durum-toplanma-alanlari,CC BY 4.0,İzmir Büyükşehir Belediyesi Açık Veri Portalı
assembly:kaggle:1084:38.394958016087:26.997145842317,assembly,Emergency Assembly Area,1 NO'LU AFET VE ACİL DURUM TOPLANMA ALANI,38.394958016087,26.997145842317,,,,,,,2026-09-20T07:31:27.118Z,COMPLETE_FOR_MAPPABLE_ROWS,compact-proximity-endpoint,Afet toplanma alanları,https://acikveri.bizizmir.com/dataset/afet-ve-acil-durum-toplanma-alanlari,CC BY 4.0,İzmir Büyükşehir Belediyesi Açık Veri Portalı
assembly:kaggle:1085:38.225602993058:26.926344334898,assembly,Emergency Assembly Area,1 NO'LU AFET VE ACİL DURUM TOPLANMA ALANI,38.225602993058,26.926344334898,,,,,,,2026-09-20T07:31:27.118Z,COMPLETE_FOR_MAPPABLE_ROWS,compact-proximity-endpoint,Afet toplanma alanları,https://acikveri.bizizmir.com/dataset/afet-ve-acil-durum-toplanma-alanlari,CC BY 4.0,İzmir Büyükşehir Belediyesi Açık Veri Portalı
assembly:kaggle:1086:38.219706000399:27.828870940596,assembly,Emergency Assembly Area,1 NO'LU AFET VE ACİL DURUM TOPLANMA ALANI,38.219706000399,27.828870940596,,,,,,,2026-09-20T07:31:27.118Z,COMPLETE_FOR_MAPPABLE_ROWS,compact-proximity-endpoint,Afet toplanma alanları,https://acikveri.bizizmir.com/dataset/afet-ve-acil-durum-toplanma-alanlari,CC BY 4.0,İzmir Büyükşehir Belediyesi Açık Veri Portalı
assembly:kaggle:1087:38.248572567855:28.086808431079,assembly,Emergency Assembly Area,1 NO'LU AFET VE ACİL DURUM TOPLANMA ALANI,38.248572567855,28.086808431079,,,,,,,2026-09-20T07:31:27.118Z,COMPLETE_FOR_MAPPABLE_ROWS,compact-proximity-endpoint,Afet toplanma alanları,https://acikveri.bizizmir.com/dataset/afet-ve-acil-durum-toplanma-alanlari,CC BY 4.0,İzmir Büyükşehir Belediyesi Açık Veri Portalı
assembly:kaggle:1088:37.991913597635:27.283398917089,assembly,Emergency Assembly Area,1 NO'LU AFET VE ACİL DURUM TOPLANMA ALANI,37.991913597635,27.283398917089,,,,,,,2026-09-20T07:31:27.118Z,COMPLETE_FOR_MAPPABLE_ROWS,compact-proximity-endpoint,Afet toplanma alanları,https://acikveri.bizizmir.com/dataset/afet-ve-acil-durum-toplanma-alanlari,CC BY 4.0,İzmir Büyükşehir Belediyesi Açık Veri Portalı
assembly:kaggle:1089:37.915114085603:27.362898635743,assembly,Emergency Assembly Area,1 NO'LU AFET VE ACİL DURUM TOPLANMA ALANI,37.915114085603,27.362898635743,,,,,,,2026-09-20T07:31:27.118Z,COMPLETE_FOR_MAPPABLE_ROWS,compact-proximity-endpoint,Afet toplanma alanları,https://acikveri.bizizmir.com/dataset/afet-ve-acil-durum-toplanma-alanlari,CC BY 4.0,İzmir Büyükşehir Belediyesi Açık Veri Portalı
assembly:kaggle:1090:38.24718097066:28.098069739112,assembly,Emergency Assembly Area,1 NO'LU AFET VE ACİL DURUM TOPLANMA ALANI,38.24718097066,28.098069739112,,,,,,,2026-09-20T07:31:27.118Z,COMPLETE_FOR_MAPPABLE_ROWS,compact-proximity-endpoint,Afet toplanma alanları,https://acikveri.bizizmir.com/dataset/afet-ve-acil-durum-toplanma-alanlari,CC BY 4.0,İzmir Büyükşehir Belediyesi Açık Veri Portalı
assembly:kaggle:1091:38.285357240609:28.094454356154,assembly,Emergency Assembly Area,1 NO'LU AFET VE ACİL DURUM TOPLANMA ALANI,38.285357240609,28.094454356154,,,,,,,2026-09-20T07:31:27.118Z,COMPLETE_FOR_MAPPABLE_ROWS,compact-proximity-endpoint,Afet toplanma alanları,https://acikveri.bizizmir.com/dataset/afet-ve-acil-durum-toplanma-alanlari,CC BY 4.0,İzmir Büyükşehir Belediyesi Açık Veri Portalı
assembly:kaggle:1092:38.204443772398:27.820448706931,assembly,Emergency Assembly Area,1 NO'LU AFET VE ACİL DURUM TOPLANMA ALANI,38.204443772398,27.820448706931,,,,,,,2026-09-20T07:31:27.118Z,COMPLETE_FOR_MAPPABLE_ROWS,compact-proximity-endpoint,Afet toplanma alanları,https://acikveri.bizizmir.com/dataset/afet-ve-acil-durum-toplanma-alanlari,CC BY 4.0,İzmir Büyükşehir Belediyesi Açık Veri Portalı
assembly:kaggle:1093:38.173820028652:28.056761904805,assembly,Emergency Assembly Area,1 NO'LU AFET VE ACİL DURUM TOPLANMA ALANI,38.173820028652,28.056761904805,,,,,,,2026-09-20T07:31:27.118Z,COMPLETE_FOR_MAPPABLE_ROWS,compact-proximity-endpoint,Afet toplanma alanları,https://acikveri.bizizmir.com/dataset/afet-ve-acil-durum-toplanma-alanlari,CC BY 4.0,İzmir Büyükşehir Belediyesi Açık Veri Portalı
assembly:kaggle:1094:38.231753053354:28.033311791405,assembly,Emergency Assembly Area,1 NO'LU AFET VE ACİL DURUM TOPLANMA ALANI,38.231753053354,28.033311791405,,,,,,,2026-09-20T07:31:27.118Z,COMPLETE_FOR_MAPPABLE_ROWS,compact-proximity-endpoint,Afet toplanma alanları,https://acikveri.bizizmir.com/dataset/afet-ve-acil-durum-toplanma-alanlari,CC BY 4.0,İzmir Büyükşehir Belediyesi Açık Veri Portalı
assembly:kaggle:1095:38.246336921542:28.038668262034,assembly,Emergency Assembly Area,1 NO'LU AFET VE ACİL DURUM TOPLANMA ALANI,38.246336921542,28.038668262034,,,,,,,2026-09-20T07:31:27.118Z,COMPLETE_FOR_MAPPABLE_ROWS,compact-proximity-endpoint,Afet toplanma alanları,https://acikveri.bizizmir.com/dataset/afet-ve-acil-durum-toplanma-alanlari,CC BY 4.0,İzmir Büyükşehir Belediyesi Açık Veri Portalı
assembly:kaggle:1096:38.345597302586:28.002135282865,assembly,Emergency Assembly Area,1 NO'LU AFET VE ACİL DURUM TOPLANMA ALANI,38.345597302586,28.002135282865,,,,,,,2026-09-20T07:31:27.118Z,COMPLETE_FOR_MAPPABLE_ROWS,compact-proximity-endpoint,Afet toplanma alanları,https://acikveri.bizizmir.com/dataset/afet-ve-acil-durum-toplanma-alanlari,CC BY 4.0,İzmir Büyükşehir Belediyesi Açık Veri Portalı
assembly:kaggle:1097:38.083879085992:28.079317717808,assembly,Emergency Assembly Area,1 NO'LU AFET VE ACİL DURUM TOPLANMA ALANI,38.083879085992,28.079317717808,,,,,,,2026-09-20T07:31:27.118Z,COMPLETE_FOR_MAPPABLE_ROWS,compact-proximity-endpoint,Afet toplanma alanları,https://acikveri.bizizmir.com/dataset/afet-ve-acil-durum-toplanma-alanlari,CC BY 4.0,İzmir Büyükşehir Belediyesi Açık Veri Portalı
assembly:kaggle:1098:38.293350893723:27.167828005445,assembly,Emergency Assembly Area,1 NO'LU AFET VE ACİL DURUM TOPLANMA ALANI,38.293350893723,27.167828005445,,,,,,,2026-09-20T07:31:27.118Z,COMPLETE_FOR_MAPPABLE_ROWS,compact-proximity-endpoint,Afet toplanma alanları,https://acikveri.bizizmir.com/dataset/afet-ve-acil-durum-toplanma-alanlari,CC BY 4.0,İzmir Büyükşehir Belediyesi Açık Veri Portalı
assembly:kaggle:1099:38.407009098034:27.00666120414,assembly,Emergency Assembly Area,1 NO'LU AFET VE ACİL DURUM TOPLANMA ALANI,38.407009098034,27.00666120414,,,,,,,2026-09-20T07:31:27.118Z,COMPLETE_FOR_MAPPABLE_ROWS,compact-proximity-endpoint,Afet toplanma alanları,https://acikveri.bizizmir.com/dataset/afet-ve-acil-durum-toplanma-alanlari,CC BY 4.0,İzmir Büyükşehir Belediyesi Açık Veri Portalı
assembly:kaggle:1100:38.651109768029:26.903999703428,assembly,Emergency Assembly Area,1 NO'LU AFET VE ACİL DURUM TOPLANMA ALANI,38.651109768029,26.903999703428,,,,,,,2026-09-20T07:31:27.118Z,COMPLETE_FOR_MAPPABLE_ROWS,compact-proximity-endpoint,Afet toplanma alanları,https://acikveri.bizizmir.com/dataset/afet-ve-acil-durum-toplanma-alanlari,CC BY 4.0,İzmir Büyükşehir Belediyesi Açık Veri Portalı
assembly:kaggle:1101:38.396974904458:27.002328551875,assembly,Emergency Assembly Area,1 NO'LU AFET VE ACİL DURUM TOPLANMA ALANI,38.396974904458,27.002328551875,,,,,,,2026-09-20T07:31:27.118Z,COMPLETE_FOR_MAPPABLE_ROWS,compact-proximity-endpoint,Afet toplanma alanları,https://acikveri.bizizmir.com/dataset/afet-ve-acil-durum-toplanma-alanlari,CC BY 4.0,İzmir Büyükşehir Belediyesi Açık Veri Portalı
assembly:kaggle:1102:38.407044782875:27.159237586712,assembly,Emergency Assembly Area,1 NO'LU AFET VE ACİL DURUM TOPLANMA ALANI,38.407044782875,27.159237586712,,,,,,,2026-09-20T07:31:27.118Z,COMPLETE_FOR_MAPPABLE_ROWS,compact-proximity-endpoint,Afet toplanma alanları,https://acikveri.bizizmir.com/dataset/afet-ve-acil-durum-toplanma-alanlari,CC BY 4.0,İzmir Büyükşehir Belediyesi Açık Veri Portalı
assembly:kaggle:1103:37.944793127681:27.43164271268,assembly,Emergency Assembly Area,1 NO'LU AFET VE ACİL DURUM TOPLANMA ALANI,37.944793127681,27.43164271268,,,,,,,2026-09-20T07:31:27.118Z,COMPLETE_FOR_MAPPABLE_ROWS,compact-proximity-endpoint,Afet toplanma alanları,https://acikveri.bizizmir.com/dataset/afet-ve-acil-durum-toplanma-alanlari,CC BY 4.0,İzmir Büyükşehir Belediyesi Açık Veri Portalı
assembly:kaggle:1104:37.943761938796:27.368845559526,assembly,Emergency Assembly Area,1 NO'LU AFET VE ACİL DURUM TOPLANMA ALANI,37.943761938796,27.368845559526,,,,,,,2026-09-20T07:31:27.118Z,COMPLETE_FOR_MAPPABLE_ROWS,compact-proximity-endpoint,Afet toplanma alanları,https://acikveri.bizizmir.com/dataset/afet-ve-acil-durum-toplanma-alanlari,CC BY 4.0,İzmir Büyükşehir Belediyesi Açık Veri Portalı
assembly:kaggle:1105:37.954453527227:27.37435466966,assembly,Emergency Assembly Area,1 NO'LU AFET VE ACİL DURUM TOPLANMA ALANI,37.954453527227,27.37435466966,,,,,,,2026-09-20T07:31:27.118Z,COMPLETE_FOR_MAPPABLE_ROWS,compact-proximity-endpoint,Afet toplanma alanları,https://acikveri.bizizmir.com/dataset/afet-ve-acil-durum-toplanma-alanlari,CC BY 4.0,İzmir Büyükşehir Belediyesi Açık Veri Portalı
assembly:kaggle:1106:38.752004598079:26.909662371949,assembly,Emergency Assembly Area,1 NO'LU AFET VE ACİL DURUM TOPLANMA ALANI,38.752004598079,26.909662371949,,,,,,,2026-09-20T07:31:27.118Z,COMPLETE_FOR_MAPPABLE_ROWS,compact-proximity-endpoint,Afet toplanma alanları,https://acikveri.bizizmir.com/dataset/afet-ve-acil-durum-toplanma-alanlari,CC BY 4.0,İzmir Büyükşehir Belediyesi Açık Veri Portalı
assembly:kaggle:1107:38.27568595188:28.077717277676,assembly,Emergency Assembly Area,1 NO'LU AFET VE ACİL DURUM TOPLANMA ALANI,38.27568595188,28.077717277676,,,,,,,2026-09-20T07:31:27.118Z,COMPLETE_FOR_MAPPABLE_ROWS,compact-proximity-endpoint,Afet toplanma alanları,https://acikveri.bizizmir.com/dataset/afet-ve-acil-durum-toplanma-alanlari,CC BY 4.0,İzmir Büyükşehir Belediyesi Açık Veri Portalı
assembly:kaggle:1108:38.016138757125:27.978740479372,assembly,Emergency Assembly Area,1 NO'LU AFET VE ACİL DURUM TOPLANMA ALANI,38.016138757125,27.978740479372,,,,,,,2026-09-20T07:31:27.118Z,COMPLETE_FOR_MAPPABLE_ROWS,compact-proximity-endpoint,Afet toplanma alanları,https://acikveri.bizizmir.com/dataset/afet-ve-acil-durum-toplanma-alanlari,CC BY 4.0,İzmir Büyükşehir Belediyesi Açık Veri Portalı
assembly:kaggle:1109:38.106349152244:28.119441548426,assembly,Emergency Assembly Area,1 NO'LU AFET VE ACİL DURUM TOPLANMA ALANI,38.106349152244,28.119441548426,,,,,,,2026-09-20T07:31:27.118Z,COMPLETE_FOR_MAPPABLE_ROWS,compact-proximity-endpoint,Afet toplanma alanları,https://acikveri.bizizmir.com/dataset/afet-ve-acil-durum-toplanma-alanlari,CC BY 4.0,İzmir Büyükşehir Belediyesi Açık Veri Portalı
assembly:kaggle:1110:38.221204332729:27.868207137938,assembly,Emergency Assembly Area,1 NO'LU AFET VE ACİL DURUM TOPLANMA ALANI,38.221204332729,27.868207137938,,,,,,,2026-09-20T07:31:27.118Z,COMPLETE_FOR_MAPPABLE_ROWS,compact-proximity-endpoint,Afet toplanma alanları,https://acikveri.bizizmir.com/dataset/afet-ve-acil-durum-toplanma-alanlari,CC BY 4.0,İzmir Büyükşehir Belediyesi Açık Veri Portalı
assembly:kaggle:1111:38.030155689774:27.994479892004,assembly,Emergency Assembly Area,1 NO'LU AFET VE ACİL DURUM TOPLANMA ALANI,38.030155689774,27.994479892004,,,,,,,2026-09-20T07:31:27.118Z,COMPLETE_FOR_MAPPABLE_ROWS,compact-proximity-endpoint,Afet toplanma alanları,https://acikveri.bizizmir.com/dataset/afet-ve-acil-durum-toplanma-alanlari,CC BY 4.0,İzmir Büyükşehir Belediyesi Açık Veri Portalı
assembly:kaggle:1112:38.17431422538:27.940187847088,assembly,Emergency Assembly Area,1 NO'LU AFET VE ACİL DURUM TOPLANMA ALANI,38.17431422538,27.940187847088,,,,,,,2026-09-20T07:31:27.118Z,COMPLETE_FOR_MAPPABLE_ROWS,compact-proximity-endpoint,Afet toplanma alanları,https://acikveri.bizizmir.com/dataset/afet-ve-acil-durum-toplanma-alanlari,CC BY 4.0,İzmir Büyükşehir Belediyesi Açık Veri Portalı
assembly:kaggle:1113:38.003505607716:28.009107241074,assembly,Emergency Assembly Area,1 NO'LU AFET VE ACİL DURUM TOPLANMA ALANI,38.003505607716,28.009107241074,,,,,,,2026-09-20T07:31:27.118Z,COMPLETE_FOR_MAPPABLE_ROWS,compact-proximity-endpoint,Afet toplanma alanları,https://acikveri.bizizmir.com/dataset/afet-ve-acil-durum-toplanma-alanlari,CC BY 4.0,İzmir Büyükşehir Belediyesi Açık Veri Portalı
assembly:kaggle:1114:38.698117654402:27.020496046444,assembly,Emergency Assembly Area,1 NO'LU AFET VE ACİL DURUM TOPLANMA ALANI,38.698117654402,27.020496046444,,,,,,,2026-09-20T07:31:27.118Z,COMPLETE_FOR_MAPPABLE_ROWS,compact-proximity-endpoint,Afet toplanma alanları,https://acikveri.bizizmir.com/dataset/afet-ve-acil-durum-toplanma-alanlari,CC BY 4.0,İzmir Büyükşehir Belediyesi Açık Veri Portalı
assembly:kaggle:1115:38.246887047349:27.912471226492,assembly,Emergency Assembly Area,1 NO'LU AFET VE ACİL DURUM TOPLANMA ALANI,38.246887047349,27.912471226492,,,,,,,2026-09-20T07:31:27.118Z,COMPLETE_FOR_MAPPABLE_ROWS,compact-proximity-endpoint,Afet toplanma alanları,https://acikveri.bizizmir.com/dataset/afet-ve-acil-durum-toplanma-alanlari,CC BY 4.0,İzmir Büyükşehir Belediyesi Açık Veri Portalı
assembly:kaggle:1116:38.227391928912:27.965974966372,assembly,Emergency Assembly Area,1 NO'LU AFET VE ACİL DURUM TOPLANMA ALANI,38.227391928912,27.965974966372,,,,,,,2026-09-20T07:31:27.118Z,COMPLETE_FOR_MAPPABLE_ROWS,compact-proximity-endpoint,Afet toplanma alanları,https://acikveri.bizizmir.com/dataset/afet-ve-acil-durum-toplanma-alanlari,CC BY 4.0,İzmir Büyükşehir Belediyesi Açık Veri Portalı
assembly:kaggle:1117:38.472028827147:27.218696102792,assembly,Emergency Assembly Area,1 NO'LU AFET VE ACİL DURUM TOPLANMA ALANI,38.472028827147,27.218696102792,,,,,,,2026-09-20T07:31:27.118Z,COMPLETE_FOR_MAPPABLE_ROWS,compact-proximity-endpoint,Afet toplanma alanları,https://acikveri.bizizmir.com/dataset/afet-ve-acil-durum-toplanma-alanlari,CC BY 4.0,İzmir Büyükşehir Belediyesi Açık Veri Portalı
assembly:kaggle:1118:38.658509674704:26.85289994232,assembly,Emergency Assembly Area,1 NO'LU AFET VE ACİL DURUM TOPLANMA ALANI,38.658509674704,26.85289994232,,,,,,,2026-09-20T07:31:27.118Z,COMPLETE_FOR_MAPPABLE_ROWS,compact-proximity-endpoint,Afet toplanma alanları,https://acikveri.bizizmir.com/dataset/afet-ve-acil-durum-toplanma-alanlari,CC BY 4.0,İzmir Büyükşehir Belediyesi Açık Veri Portalı
assembly:kaggle:1119:38.774852848115:27.082627528454,assembly,Emergency Assembly Area,1 NO'LU AFET VE ACİL DURUM TOPLANMA ALANI,38.774852848115,27.082627528454,,,,,,,2026-09-20T07:31:27.118Z,COMPLETE_FOR_MAPPABLE_ROWS,compact-proximity-endpoint,Afet toplanma alanları,https://acikveri.bizizmir.com/dataset/afet-ve-acil-durum-toplanma-alanlari,CC BY 4.0,İzmir Büyükşehir Belediyesi Açık Veri Portalı
assembly:kaggle:1120:38.114571074925:27.996981243828,assembly,Emergency Assembly Area,1 NO'LU AFET VE ACİL DURUM TOPLANMA ALANI,38.114571074925,27.996981243828,,,,,,,2026-09-20T07:31:27.118Z,COMPLETE_FOR_MAPPABLE_ROWS,compact-proximity-endpoint,Afet toplanma alanları,https://acikveri.bizizmir.com/dataset/afet-ve-acil-durum-toplanma-alanlari,CC BY 4.0,İzmir Büyükşehir Belediyesi Açık Veri Portalı
assembly:kaggle:1121:38.24662788472:27.983661367639,assembly,Emergency Assembly Area,1 NO'LU AFET VE ACİL DURUM TOPLANMA ALANI,38.24662788472,27.983661367639,,,,,,,2026-09-20T07:31:27.118Z,COMPLETE_FOR_MAPPABLE_ROWS,compact-proximity-endpoint,Afet toplanma alanları,https://acikveri.bizizmir.com/dataset/afet-ve-acil-durum-toplanma-alanlari,CC BY 4.0,İzmir Büyükşehir Belediyesi Açık Veri Portalı
assembly:kaggle:1122:38.391760018574:27.135052831325,assembly,Emergency Assembly Area,1 NO'LU AFET VE ACİL DURUM TOPLANMA ALANI,38.391760018574,27.135052831325,,,,,,,2026-09-20T07:31:27.118Z,COMPLETE_FOR_MAPPABLE_ROWS,compact-proximity-endpoint,Afet toplanma alanları,https://acikveri.bizizmir.com/dataset/afet-ve-acil-durum-toplanma-alanlari,CC BY 4.0,İzmir Büyükşehir Belediyesi Açık Veri Portalı
assembly:kaggle:1123:38.252995565413:28.065098269836,assembly,Emergency Assembly Area,1 NO'LU AFET VE ACİL DURUM TOPLANMA ALANI,38.252995565413,28.065098269836,,,,,,,2026-09-20T07:31:27.118Z,COMPLETE_FOR_MAPPABLE_ROWS,compact-proximity-endpoint,Afet toplanma alanları,https://acikveri.bizizmir.com/dataset/afet-ve-acil-durum-toplanma-alanlari,CC BY 4.0,İzmir Büyükşehir Belediyesi Açık Veri Portalı
assembly:kaggle:1124:38.26754130908:27.923563736766,assembly,Emergency Assembly Area,1 NO'LU AFET VE ACİL DURUM TOPLANMA ALANI,38.26754130908,27.923563736766,,,,,,,2026-09-20T07:31:27.118Z,COMPLETE_FOR_MAPPABLE_ROWS,compact-proximity-endpoint,Afet toplanma alanları,https://acikveri.bizizmir.com/dataset/afet-ve-acil-durum-toplanma-alanlari,CC BY 4.0,İzmir Büyükşehir Belediyesi Açık Veri Portalı
assembly:kaggle:1125:39.11320587369:27.18268127342,assembly,Emergency Assembly Area,1 NO'LU AFET VE ACİL DURUM TOPLANMA ALANI,39.11320587369,27.18268127342,,,,,,,2026-09-20T07:31:27.118Z,COMPLETE_FOR_MAPPABLE_ROWS,compact-proximity-endpoint,Afet toplanma alanları,https://acikveri.bizizmir.com/dataset/afet-ve-acil-durum-toplanma-alanlari,CC BY 4.0,İzmir Büyükşehir Belediyesi Açık Veri Portalı
assembly:kaggle:1126:38.103050123501:28.086316902469,assembly,Emergency Assembly Area,1 NO'LU AFET VE ACİL DURUM TOPLANMA ALANI,38.103050123501,28.086316902469,,,,,,,2026-09-20T07:31:27.118Z,COMPLETE_FOR_MAPPABLE_ROWS,compact-proximity-endpoint,Afet toplanma alanları,https://acikveri.bizizmir.com/dataset/afet-ve-acil-durum-toplanma-alanlari,CC BY 4.0,İzmir Büyükşehir Belediyesi Açık Veri Portalı
assembly:kaggle:1127:38.486148961873:27.189535762211,assembly,Emergency Assembly Area,1 NO'LU AFET VE ACİL DURUM TOPLANMA ALANI,38.486148961873,27.189535762211,,,,,,,2026-09-20T07:31:27.118Z,COMPLETE_FOR_MAPPABLE_ROWS,compact-proximity-endpoint,Afet toplanma alanları,https://acikveri.bizizmir.com/dataset/afet-ve-acil-durum-toplanma-alanlari,CC BY 4.0,İzmir Büyükşehir Belediyesi Açık Veri Portalı
assembly:kaggle:1128:38.163156621091:28.169607290189,assembly,Emergency Assembly Area,1 NO'LU AFET VE ACİL DURUM TOPLANMA ALANI,38.163156621091,28.169607290189,,,,,,,2026-09-20T07:31:27.118Z,COMPLETE_FOR_MAPPABLE_ROWS,compact-proximity-endpoint,Afet toplanma alanları,https://acikveri.bizizmir.com/dataset/afet-ve-acil-durum-toplanma-alanlari,CC BY 4.0,İzmir Büyükşehir Belediyesi Açık Veri Portalı
assembly:kaggle:1129:38.35519852739:27.125382114114,assembly,Emergency Assembly Area,1 NO'LU AFET VE ACİL DURUM TOPLANMA ALANI,38.35519852739,27.125382114114,,,,,,,2026-09-20T07:31:27.118Z,COMPLETE_FOR_MAPPABLE_ROWS,compact-proximity-endpoint,Afet toplanma alanları,https://acikveri.bizizmir.com/dataset/afet-ve-acil-durum-toplanma-alanlari,CC BY 4.0,İzmir Büyükşehir Belediyesi Açık Veri Portalı
assembly:kaggle:1130:39.115000316218:27.175454002768,assembly,Emergency Assembly Area,1 NO'LU AFET VE ACİL DURUM TOPLANMA ALANI,39.115000316218,27.175454002768,,,,,,,2026-09-20T07:31:27.118Z,COMPLETE_FOR_MAPPABLE_ROWS,compact-proximity-endpoint,Afet toplanma alanları,https://acikveri.bizizmir.com/dataset/afet-ve-acil-durum-toplanma-alanlari,CC BY 4.0,İzmir Büyükşehir Belediyesi Açık Veri Portalı
assembly:kaggle:1131:38.390712314815:27.098250189773,assembly,Emergency Assembly Area,1 NO'LU AFET VE ACİL DURUM TOPLANMA ALANI,38.390712314815,27.098250189773,,,,,,,2026-09-20T07:31:27.118Z,COMPLETE_FOR_MAPPABLE_ROWS,compact-proximity-endpoint,Afet toplanma alanları,https://acikveri.bizizmir.com/dataset/afet-ve-acil-durum-toplanma-alanlari,CC BY 4.0,İzmir Büyükşehir Belediyesi Açık Veri Portalı
assembly:kaggle:1132:39.121671917003:27.170028461488,assembly,Emergency Assembly Area,1 NO'LU AFET VE ACİL DURUM TOPLANMA ALANI,39.121671917003,27.170028461488,,,,,,,2026-09-20T07:31:27.118Z,COMPLETE_FOR_MAPPABLE_ROWS,compact-proximity-endpoint,Afet toplanma alanları,https://acikveri.bizizmir.com/dataset/afet-ve-acil-durum-toplanma-alanlari,CC BY 4.0,İzmir Büyükşehir Belediyesi Açık Veri Portalı
assembly:kaggle:1133:38.671009503558:26.756300396482,assembly,Emergency Assembly Area,1 NO'LU AFET VE ACİL DURUM TOPLANMA ALANI,38.671009503558,26.756300396482,,,,,,,2026-09-20T07:31:27.118Z,COMPLETE_FOR_MAPPABLE_ROWS,compact-proximity-endpoint,Afet toplanma alanları,https://acikveri.bizizmir.com/dataset/afet-ve-acil-durum-toplanma-alanlari,CC BY 4.0,İzmir Büyükşehir Belediyesi Açık Veri Portalı
assembly:kaggle:1134:38.275329385538:26.922149047782,assembly,Emergency Assembly Area,1 NO'LU AFET VE ACİL DURUM TOPLANMA ALANI,38.275329385538,26.922149047782,,,,,,,2026-09-20T07:31:27.118Z,COMPLETE_FOR_MAPPABLE_ROWS,compact-proximity-endpoint,Afet toplanma alanları,https://acikveri.bizizmir.com/dataset/afet-ve-acil-durum-toplanma-alanlari,CC BY 4.0,İzmir Büyükşehir Belediyesi Açık Veri Portalı
assembly:kaggle:1135:38.282519096035:27.989067225128,assembly,Emergency Assembly Area,1 NO'LU AFET VE ACİL DURUM TOPLANMA ALANI,38.282519096035,27.989067225128,,,,,,,2026-09-20T07:31:27.118Z,COMPLETE_FOR_MAPPABLE_ROWS,compact-proximity-endpoint,Afet toplanma alanları,https://acikveri.bizizmir.com/dataset/afet-ve-acil-durum-toplanma-alanlari,CC BY 4.0,İzmir Büyükşehir Belediyesi Açık Veri Portalı
assembly:kaggle:1136:38.258099487281:27.839462428616,assembly,Emergency Assembly Area,1 NO'LU AFET VE ACİL DURUM TOPLANMA ALANI,38.258099487281,27.839462428616,,,,,,,2026-09-20T07:31:27.118Z,COMPLETE_FOR_MAPPABLE_ROWS,compact-proximity-endpoint,Afet toplanma alanları,https://acikveri.bizizmir.com/dataset/afet-ve-acil-durum-toplanma-alanlari,CC BY 4.0,İzmir Büyükşehir Belediyesi Açık Veri Portalı
assembly:kaggle:1137:38.511904922393:27.322662870157,assembly,Emergency Assembly Area,1 NO'LU AFET VE ACİL DURUM TOPLANMA ALANI,38.511904922393,27.322662870157,,,,,,,2026-09-20T07:31:27.118Z,COMPLETE_FOR_MAPPABLE_ROWS,compact-proximity-endpoint,Afet toplanma alanları,https://acikveri.bizizmir.com/dataset/afet-ve-acil-durum-toplanma-alanlari,CC BY 4.0,İzmir Büyükşehir Belediyesi Açık Veri Portalı
assembly:kaggle:1138:38.419998725484:27.18455438394,assembly,Emergency Assembly Area,1 NO'LU AFET VE ACİL DURUM TOPLANMA ALANI,38.419998725484,27.18455438394,,,,,,,2026-09-20T07:31:27.118Z,COMPLETE_FOR_MAPPABLE_ROWS,compact-proximity-endpoint,Afet toplanma alanları,https://acikveri.bizizmir.com/dataset/afet-ve-acil-durum-toplanma-alanlari,CC BY 4.0,İzmir Büyükşehir Belediyesi Açık Veri Portalı
assembly:kaggle:1139:38.318317717023:27.123432186174,assembly,Emergency Assembly Area,1 NO'LU AFET VE ACİL DURUM TOPLANMA ALANI,38.318317717023,27.123432186174,,,,,,,2026-09-20T07:31:27.118Z,COMPLETE_FOR_MAPPABLE_ROWS,compact-proximity-endpoint,Afet toplanma alanları,https://acikveri.bizizmir.com/dataset/afet-ve-acil-durum-toplanma-alanlari,CC BY 4.0,İzmir Büyükşehir Belediyesi Açık Veri Portalı
assembly:kaggle:1140:38.399518477445:26.988132700174,assembly,Emergency Assembly Area,1 NO'LU AFET VE ACİL DURUM TOPLANMA ALANI,38.399518477445,26.988132700174,,,,,,,2026-09-20T07:31:27.118Z,COMPLETE_FOR_MAPPABLE_ROWS,compact-proximity-endpoint,Afet toplanma alanları,https://acikveri.bizizmir.com/dataset/afet-ve-acil-durum-toplanma-alanlari,CC BY 4.0,İzmir Büyükşehir Belediyesi Açık Veri Portalı
assembly:kaggle:1141:38.089365743414:27.955555704277,assembly,Emergency Assembly Area,1 NO'LU AFET VE ACİL DURUM TOPLANMA ALANI,38.089365743414,27.955555704277,,,,,,,2026-09-20T07:31:27.118Z,COMPLETE_FOR_MAPPABLE_ROWS,compact-proximity-endpoint,Afet toplanma alanları,https://acikveri.bizizmir.com/dataset/afet-ve-acil-durum-toplanma-alanlari,CC BY 4.0,İzmir Büyükşehir Belediyesi Açık Veri Portalı
assembly:kaggle:1142:38.355109066084:28.034136081532,assembly,Emergency Assembly Area,1 NO'LU AFET VE ACİL DURUM TOPLANMA ALANI,38.355109066084,28.034136081532,,,,,,,2026-09-20T07:31:27.118Z,COMPLETE_FOR_MAPPABLE_ROWS,compact-proximity-endpoint,Afet toplanma alanları,https://acikveri.bizizmir.com/dataset/afet-ve-acil-durum-toplanma-alanlari,CC BY 4.0,İzmir Büyükşehir Belediyesi Açık Veri Portalı
assembly:kaggle:1143:38.532869443417:27.291619400751,assembly,Emergency Assembly Area,1 NO'LU AFET VE ACİL DURUM TOPLANMA ALANI,38.532869443417,27.291619400751,,,,,,,2026-09-20T07:31:27.118Z,COMPLETE_FOR_MAPPABLE_ROWS,compact-proximity-endpoint,Afet toplanma alanları,https://acikveri.bizizmir.com/dataset/afet-ve-acil-durum-toplanma-alanlari,CC BY 4.0,İzmir Büyükşehir Belediyesi Açık Veri Portalı
assembly:kaggle:1144:39.344248546884:27.125902399571,assembly,Emergency Assembly Area,1 NO'LU AFET VE ACİL DURUM TOPLANMA ALANI,39.344248546884,27.125902399571,,,,,,,2026-09-20T07:31:27.118Z,COMPLETE_FOR_MAPPABLE_ROWS,compact-proximity-endpoint,Afet toplanma alanları,https://acikveri.bizizmir.com/dataset/afet-ve-acil-durum-toplanma-alanlari,CC BY 4.0,İzmir Büyükşehir Belediyesi Açık Veri Portalı
assembly:kaggle:1145:38.439563152624:27.184600676245,assembly,Emergency Assembly Area,1 NO'LU AFET VE ACİL DURUM TOPLANMA ALANI,38.439563152624,27.184600676245,,,,,,,2026-09-20T07:31:27.118Z,COMPLETE_FOR_MAPPABLE_ROWS,compact-proximity-endpoint,Afet toplanma alanları,https://acikveri.bizizmir.com/dataset/afet-ve-acil-durum-toplanma-alanlari,CC BY 4.0,İzmir Büyükşehir Belediyesi Açık Veri Portalı
assembly:kaggle:1146:38.436128162246:27.196757921217,assembly,Emergency Assembly Area,1 NO'LU AFET VE ACİL DURUM TOPLANMA ALANI,38.436128162246,27.196757921217,,,,,,,2026-09-20T07:31:27.118Z,COMPLETE_FOR_MAPPABLE_ROWS,compact-proximity-endpoint,Afet toplanma alanları,https://acikveri.bizizmir.com/dataset/afet-ve-acil-durum-toplanma-alanlari,CC BY 4.0,İzmir Büyükşehir Belediyesi Açık Veri Portalı
assembly:kaggle:1147:38.518359109201:27.152707538218,assembly,Emergency Assembly Area,1 NO'LU AFET VE ACİL DURUM TOPLANMA ALANI,38.518359109201,27.152707538218,,,,,,,2026-09-20T07:31:27.118Z,COMPLETE_FOR_MAPPABLE_ROWS,compact-proximity-endpoint,Afet toplanma alanları,https://acikveri.bizizmir.com/dataset/afet-ve-acil-durum-toplanma-alanlari,CC BY 4.0,İzmir Büyükşehir Belediyesi Açık Veri Portalı
assembly:kaggle:1148:38.229676250295:27.96367902134,assembly,Emergency Assembly Area,1 NO'LU AFET VE ACİL DURUM TOPLANMA ALANI,38.229676250295,27.96367902134,,,,,,,2026-09-20T07:31:27.118Z,COMPLETE_FOR_MAPPABLE_ROWS,compact-proximity-endpoint,Afet toplanma alanları,https://acikveri.bizizmir.com/dataset/afet-ve-acil-durum-toplanma-alanlari,CC BY 4.0,İzmir Büyükşehir Belediyesi Açık Veri Portalı
assembly:kaggle:1149:38.246749107816:26.837250188362,assembly,Emergency Assembly Area,1 NO'LU AFET VE ACİL DURUM TOPLANMA ALANI,38.246749107816,26.837250188362,,,,,,,2026-09-20T07:31:27.118Z,COMPLETE_FOR_MAPPABLE_ROWS,compact-proximity-endpoint,Afet toplanma alanları,https://acikveri.bizizmir.com/dataset/afet-ve-acil-durum-toplanma-alanlari,CC BY 4.0,İzmir Büyükşehir Belediyesi Açık Veri Portalı
assembly:kaggle:1150:38.212253641187:26.825320396815,assembly,Emergency Assembly Area,1 NOLU AFET VE ACİL DURUM TOPLANMA ALANI,38.212253641187,26.825320396815,,,,,,,2026-09-20T07:31:27.118Z,COMPLETE_FOR_MAPPABLE_ROWS,compact-proximity-endpoint,Afet toplanma alanları,https://acikveri.bizizmir.com/dataset/afet-ve-acil-durum-toplanma-alanlari,CC BY 4.0,İzmir Büyükşehir Belediyesi Açık Veri Portalı
assembly:kaggle:1151:38.078923169704:26.974316583292,assembly,Emergency Assembly Area,1 NOLU AFET VE ACİL DURUM TOPLANMA ALANI,38.078923169704,26.974316583292,,,,,,,2026-09-20T07:31:27.118Z,COMPLETE_FOR_MAPPABLE_ROWS,compact-proximity-endpoint,Afet toplanma alanları,https://acikveri.bizizmir.com/dataset/afet-ve-acil-durum-toplanma-alanlari,CC BY 4.0,İzmir Büyükşehir Belediyesi Açık Veri Portalı
assembly:kaggle:1152:38.322853549848:26.767052186713,assembly,Emergency Assembly Area,1 NOLU TOPLANMA ALANI,38.322853549848,26.767052186713,,,,,,,2026-09-20T07:31:27.118Z,COMPLETE_FOR_MAPPABLE_ROWS,compact-proximity-endpoint,Afet toplanma alanları,https://acikveri.bizizmir.com/dataset/afet-ve-acil-durum-toplanma-alanlari,CC BY 4.0,İzmir Büyükşehir Belediyesi Açık Veri Portalı
assembly:kaggle:1153:38.212146140722:26.807381873699,assembly,Emergency Assembly Area,1 NOLU TOPLANMA ALANI,38.212146140722,26.807381873699,,,,,,,2026-09-20T07:31:27.118Z,COMPLETE_FOR_MAPPABLE_ROWS,compact-proximity-endpoint,Afet toplanma alanları,https://acikveri.bizizmir.com/dataset/afet-ve-acil-durum-toplanma-alanlari,CC BY 4.0,İzmir Büyükşehir Belediyesi Açık Veri Portalı
assembly:kaggle:1154:38.792625642173:26.987337407744,assembly,Emergency Assembly Area,1 NOLU TOPLANMA ALANI,38.792625642173,26.987337407744,,,,,,,2026-09-20T07:31:27.118Z,COMPLETE_FOR_MAPPABLE_ROWS,compact-proximity-endpoint,Afet toplanma alanları,https://acikveri.bizizmir.com/dataset/afet-ve-acil-durum-toplanma-alanlari,CC BY 4.0,İzmir Büyükşehir Belediyesi Açık Veri Portalı
assembly:kaggle:1155:38.329541816116:27.995256386406,assembly,Emergency Assembly Area,1 NOLU TOPLANMA ALANI,38.329541816116,27.995256386406,,,,,,,2026-09-20T07:31:27.118Z,COMPLETE_FOR_MAPPABLE_ROWS,compact-proximity-endpoint,Afet toplanma alanları,https://acikveri.bizizmir.com/dataset/afet-ve-acil-durum-toplanma-alanlari,CC BY 4.0,İzmir Büyükşehir Belediyesi Açık Veri Portalı
assembly:kaggle:1156:38.431533411182:27.405199981419,assembly,Emergency Assembly Area,10 NO LU AFET VE ACİL DURUM TOPLANMA ALANI,38.431533411182,27.405199981419,,,,,,,2026-09-20T07:31:27.118Z,COMPLETE_FOR_MAPPABLE_ROWS,compact-proximity-endpoint,Afet toplanma alanları,https://acikveri.bizizmir.com/dataset/afet-ve-acil-durum-toplanma-alanlari,CC BY 4.0,İzmir Büyükşehir Belediyesi Açık Veri Portalı
assembly:kaggle:1157:38.299555204039:26.377146829958,assembly,Emergency Assembly Area,10 NO LU AFET VE ACİL DURUM TOPLANMA ALANI,38.299555204039,26.377146829958,,,,,,,2026-09-20T07:31:27.118Z,COMPLETE_FOR_MAPPABLE_ROWS,compact-proximity-endpoint,Afet toplanma alanları,https://acikveri.bizizmir.com/dataset/afet-ve-acil-durum-toplanma-alanlari,CC BY 4.0,İzmir Büyükşehir Belediyesi Açık Veri Portalı
assembly:kaggle:1158:38.475508388234:27.121166114581,assembly,Emergency Assembly Area,10 NO LU AFET VE ACİL DURUM TOPLANMA ALANI,38.475508388234,27.121166114581,,,,,,,2026-09-20T07:31:27.118Z,COMPLETE_FOR_MAPPABLE_ROWS,compact-proximity-endpoint,Afet toplanma alanları,https://acikveri.bizizmir.com/dataset/afet-ve-acil-durum-toplanma-alanlari,CC BY 4.0,İzmir Büyükşehir Belediyesi Açık Veri Portalı
assembly:kaggle:1159:38.470552605406:27.089494756498,assembly,Emergency Assembly Area,10 NO LU AFET VE ACİL DURUM TOPLANMA ALANI,38.470552605406,27.089494756498,,,,,,,2026-09-20T07:31:27.118Z,COMPLETE_FOR_MAPPABLE_ROWS,compact-proximity-endpoint,Afet toplanma alanları,https://acikveri.bizizmir.com/dataset/afet-ve-acil-durum-toplanma-alanlari,CC BY 4.0,İzmir Büyükşehir Belediyesi Açık Veri Portalı
assembly:kaggle:1160:38.458102934813:27.091855109923,assembly,Emergency Assembly Area,10 NO LU AFET VE ACİL DURUM TOPLANMA ALANI,38.458102934813,27.091855109923,,,,,,,2026-09-20T07:31:27.118Z,COMPLETE_FOR_MAPPABLE_ROWS,compact-proximity-endpoint,Afet toplanma alanları,https://acikveri.bizizmir.com/dataset/afet-ve-acil-durum-toplanma-alanlari,CC BY 4.0,İzmir Büyükşehir Belediyesi Açık Veri Portalı
assembly:kaggle:1161:38.42795306333:27.423674951117,assembly,Emergency Assembly Area,10 NO LU AFET VE ACİL DURUM TOPLANMA ALANI,38.42795306333,27.423674951117,,,,,,,2026-09-20T07:31:27.118Z,COMPLETE_FOR_MAPPABLE_ROWS,compact-proximity-endpoint,Afet toplanma alanları,https://acikveri.bizizmir.com/dataset/afet-ve-acil-durum-toplanma-alanlari,CC BY 4.0,İzmir Büyükşehir Belediyesi Açık Veri Portalı
assembly:kaggle:1162:38.36086348288:26.883990481702,assembly,Emergency Assembly Area,10 NO LU AFET VE ACİL DURUM TOPLANMA ALANI,38.36086348288,26.883990481702,,,,,,,2026-09-20T07:31:27.118Z,COMPLETE_FOR_MAPPABLE_ROWS,compact-proximity-endpoint,Afet toplanma alanları,https://acikveri.bizizmir.com/dataset/afet-ve-acil-durum-toplanma-alanlari,CC BY 4.0,İzmir Büyükşehir Belediyesi Açık Veri Portalı
assembly:kaggle:1163:38.319873330723:26.305172756566,assembly,Emergency Assembly Area,10 NO LU AFET VE ACİL DURUM TOPLANMA ALANI,38.319873330723,26.305172756566,,,,,,,2026-09-20T07:31:27.118Z,COMPLETE_FOR_MAPPABLE_ROWS,compact-proximity-endpoint,Afet toplanma alanları,https://acikveri.bizizmir.com/dataset/afet-ve-acil-durum-toplanma-alanlari,CC BY 4.0,İzmir Büyükşehir Belediyesi Açık Veri Portalı
assembly:kaggle:1164:38.372842064193:26.877258149834,assembly,Emergency Assembly Area,10 NO LU AFET VE ACİL DURUM TOPLANMA ALANI,38.372842064193,26.877258149834,,,,,,,2026-09-20T07:31:27.118Z,COMPLETE_FOR_MAPPABLE_ROWS,compact-proximity-endpoint,Afet toplanma alanları,https://acikveri.bizizmir.com/dataset/afet-ve-acil-durum-toplanma-alanlari,CC BY 4.0,İzmir Büyükşehir Belediyesi Açık Veri Portalı
assembly:kaggle:1165:38.514806246472:27.039369807679,assembly,Emergency Assembly Area,10 NO LU AFET VE ACİL DURUM TOPLANMA ALANI,38.514806246472,27.039369807679,,,,,,,2026-09-20T07:31:27.118Z,COMPLETE_FOR_MAPPABLE_ROWS,compact-proximity-endpoint,Afet toplanma alanları,https://acikveri.bizizmir.com/dataset/afet-ve-acil-durum-toplanma-alanlari,CC BY 4.0,İzmir Büyükşehir Belediyesi Açık Veri Portalı
assembly:kaggle:1166:38.45096009131:27.181999671003,assembly,Emergency Assembly Area,10 NO'LU AFET VE ACİL DURUM TOPLANMA ALANI,38.45096009131,27.181999671003,,,,,,,2026-09-20T07:31:27.118Z,COMPLETE_FOR_MAPPABLE_ROWS,compact-proximity-endpoint,Afet toplanma alanları,https://acikveri.bizizmir.com/dataset/afet-ve-acil-durum-toplanma-alanlari,CC BY 4.0,İzmir Büyükşehir Belediyesi Açık Veri Portalı
assembly:kaggle:1167:38.393576997107:26.991606246521,assembly,Emergency Assembly Area,10 NO'LU AFET VE ACİL DURUM TOPLANMA ALANI,38.393576997107,26.991606246521,,,,,,,2026-09-20T07:31:27.118Z,COMPLETE_FOR_MAPPABLE_ROWS,compact-proximity-endpoint,Afet toplanma alanları,https://acikveri.bizizmir.com/dataset/afet-ve-acil-durum-toplanma-alanlari,CC BY 4.0,İzmir Büyükşehir Belediyesi Açık Veri Portalı
assembly:kaggle:1168:38.490784999569:27.052641353269,assembly,Emergency Assembly Area,10 NOLU AFET VE ACİL DURUM TOPLANMA ALANI,38.490784999569,27.052641353269,,,,,,,2026-09-20T07:31:27.118Z,COMPLETE_FOR_MAPPABLE_ROWS,compact-proximity-endpoint,Afet toplanma alanları,https://acikveri.bizizmir.com/dataset/afet-ve-acil-durum-toplanma-alanlari,CC BY 4.0,İzmir Büyükşehir Belediyesi Açık Veri Portalı
assembly:kaggle:1169:38.430474450389:27.407517400211,assembly,Emergency Assembly Area,11 NO LU AFET VE ACİL DURUM TOPLANMA ALANI,38.430474450389,27.407517400211,,,,,,,2026-09-20T07:31:27.118Z,COMPLETE_FOR_MAPPABLE_ROWS,compact-proximity-endpoint,Afet toplanma alanları,https://acikveri.bizizmir.com/dataset/afet-ve-acil-durum-toplanma-alanlari,CC BY 4.0,İzmir Büyükşehir Belediyesi Açık Veri Portalı
assembly:kaggle:1170:38.463227661676:27.194379348547,assembly,Emergency Assembly Area,11 NO LU AFET VE ACİL DURUM TOPLANMA ALANI,38.463227661676,27.194379348547,,,,,,,2026-09-20T07:31:27.118Z,COMPLETE_FOR_MAPPABLE_ROWS,compact-proximity-endpoint,Afet toplanma alanları,https://acikveri.bizizmir.com/dataset/afet-ve-acil-durum-toplanma-alanlari,CC BY 4.0,İzmir Büyükşehir Belediyesi Açık Veri Portalı
assembly:kaggle:1171:38.456166505478:27.186981864742,assembly,Emergency Assembly Area,11 NO LU AFET VE ACİL DURUM TOPLANMA ALANI,38.456166505478,27.186981864742,,,,,,,2026-09-20T07:31:27.118Z,COMPLETE_FOR_MAPPABLE_ROWS,compact-proximity-endpoint,Afet toplanma alanları,https://acikveri.bizizmir.com/dataset/afet-ve-acil-durum-toplanma-alanlari,CC BY 4.0,İzmir Büyükşehir Belediyesi Açık Veri Portalı
assembly:kaggle:1172:38.47097259441:27.086673085935,assembly,Emergency Assembly Area,11 NO LU AFET VE ACİL DURUM TOPLANMA ALANI,38.47097259441,27.086673085935,,,,,,,2026-09-20T07:31:27.118Z,COMPLETE_FOR_MAPPABLE_ROWS,compact-proximity-endpoint,Afet toplanma alanları,https://acikveri.bizizmir.com/dataset/afet-ve-acil-durum-toplanma-alanlari,CC BY 4.0,İzmir Büyükşehir Belediyesi Açık Veri Portalı
assembly:kaggle:1173:38.371546721129:26.875949240658,assembly,Emergency Assembly Area,11 NO LU AFET VE ACİL DURUM TOPLANMA ALANI,38.371546721129,26.875949240658,,,,,,,2026-09-20T07:31:27.118Z,COMPLETE_FOR_MAPPABLE_ROWS,compact-proximity-endpoint,Afet toplanma alanları,https://acikveri.bizizmir.com/dataset/afet-ve-acil-durum-toplanma-alanlari,CC BY 4.0,İzmir Büyükşehir Belediyesi Açık Veri Portalı
assembly:kaggle:1174:38.42825563693:27.42423284733,assembly,Emergency Assembly Area,11 NO LU AFET VE ACİL DURUM TOPLANMA ALANI,38.42825563693,27.42423284733,,,,,,,2026-09-20T07:31:27.118Z,COMPLETE_FOR_MAPPABLE_ROWS,compact-proximity-endpoint,Afet toplanma alanları,https://acikveri.bizizmir.com/dataset/afet-ve-acil-durum-toplanma-alanlari,CC BY 4.0,İzmir Büyükşehir Belediyesi Açık Veri Portalı
assembly:kaggle:1175:38.47725541576:27.118355170541,assembly,Emergency Assembly Area,11 NO LU AFET VE ACİL DURUM TOPLANMA ALANI,38.47725541576,27.118355170541,,,,,,,2026-09-20T07:31:27.118Z,COMPLETE_FOR_MAPPABLE_ROWS,compact-proximity-endpoint,Afet toplanma alanları,https://acikveri.bizizmir.com/dataset/afet-ve-acil-durum-toplanma-alanlari,CC BY 4.0,İzmir Büyükşehir Belediyesi Açık Veri Portalı
assembly:kaggle:1176:38.458141876674:27.093128980968,assembly,Emergency Assembly Area,11 NO'LU AFET VE ACİL DURUM TOPLANMA ALANI,38.458141876674,27.093128980968,,,,,,,2026-09-20T07:31:27.118Z,COMPLETE_FOR_MAPPABLE_ROWS,compact-proximity-endpoint,Afet toplanma alanları,https://acikveri.bizizmir.com/dataset/afet-ve-acil-durum-toplanma-alanlari,CC BY 4.0,İzmir Büyükşehir Belediyesi Açık Veri Portalı
assembly:kaggle:1177:38.391138669817:27.008089215196,assembly,Emergency Assembly Area,11 NO'LU AFET VE ACİL DURUM TOPLANMA ALANI,38.391138669817,27.008089215196,,,,,,,2026-09-20T07:31:27.118Z,COMPLETE_FOR_MAPPABLE_ROWS,compact-proximity-endpoint,Afet toplanma alanları,https://acikveri.bizizmir.com/dataset/afet-ve-acil-durum-toplanma-alanlari,CC BY 4.0,İzmir Büyükşehir Belediyesi Açık Veri Portalı
assembly:kaggle:1178:38.395011179041:26.991110718219,assembly,Emergency Assembly Area,11 NO'LU AFET VE ACİL DURUM TOPLANMA ALANI,38.395011179041,26.991110718219,,,,,,,2026-09-20T07:31:27.118Z,COMPLETE_FOR_MAPPABLE_ROWS,compact-proximity-endpoint,Afet toplanma alanları,https://acikveri.bizizmir.com/dataset/afet-ve-acil-durum-toplanma-alanlari,CC BY 4.0,İzmir Büyükşehir Belediyesi Açık Veri Portalı
assembly:kaggle:1179:38.486061268923:27.073111878802,assembly,Emergency Assembly Area,12 NO LU AFET VE ACİL DURUM TOPLANMA ALANI,38.486061268923,27.073111878802,,,,,,,2026-09-20T07:31:27.118Z,COMPLETE_FOR_MAPPABLE_ROWS,compact-proximity-endpoint,Afet toplanma alanları,https://acikveri.bizizmir.com/dataset/afet-ve-acil-durum-toplanma-alanlari,CC BY 4.0,İzmir Büyükşehir Belediyesi Açık Veri Portalı
assembly:kaggle:1180:38.455221323301:27.184315763834,assembly,Emergency Assembly Area,12 NO LU AFET VE ACİL DURUM TOPLANMA ALANI,38.455221323301,27.184315763834,,,,,,,2026-09-20T07:31:27.118Z,COMPLETE_FOR_MAPPABLE_ROWS,compact-proximity-endpoint,Afet toplanma alanları,https://acikveri.bizizmir.com/dataset/afet-ve-acil-durum-toplanma-alanlari,CC BY 4.0,İzmir Büyükşehir Belediyesi Açık Veri Portalı
assembly:kaggle:1181:38.476365110979:27.121724009827,assembly,Emergency Assembly Area,12 NO LU AFET VE ACİL DURUM TOPLANMA ALANI,38.476365110979,27.121724009827,,,,,,,2026-09-20T07:31:27.118Z,COMPLETE_FOR_MAPPABLE_ROWS,compact-proximity-endpoint,Afet toplanma alanları,https://acikveri.bizizmir.com/dataset/afet-ve-acil-durum-toplanma-alanlari,CC BY 4.0,İzmir Büyükşehir Belediyesi Açık Veri Portalı
assembly:kaggle:1182:38.432289806102:27.40738865187,assembly,Emergency Assembly Area,12 NO LU AFET VE ACİL DURUM TOPLANMA ALANI,38.432289806102,27.40738865187,,,,,,,2026-09-20T07:31:27.118Z,COMPLETE_FOR_MAPPABLE_ROWS,compact-proximity-endpoint,Afet toplanma alanları,https://acikveri.bizizmir.com/dataset/afet-ve-acil-durum-toplanma-alanlari,CC BY 4.0,İzmir Büyükşehir Belediyesi Açık Veri Portalı
assembly:kaggle:1183:38.470888596079:27.086549705078,assembly,Emergency Assembly Area,12 NO LU AFET VE ACİL DURUM TOPLANMA ALANI,38.470888596079,27.086549705078,,,,,,,2026-09-20T07:31:27.118Z,COMPLETE_FOR_MAPPABLE_ROWS,compact-proximity-endpoint,Afet toplanma alanları,https://acikveri.bizizmir.com/dataset/afet-ve-acil-durum-toplanma-alanlari,CC BY 4.0,İzmir Büyükşehir Belediyesi Açık Veri Portalı
assembly:kaggle:1184:38.457632460682:27.092799243598,assembly,Emergency Assembly Area,12 NO LU AFET VE ACİL DURUM TOPLANMA ALANI,38.457632460682,27.092799243598,,,,,,,2026-09-20T07:31:27.118Z,COMPLETE_FOR_MAPPABLE_ROWS,compact-proximity-endpoint,Afet toplanma alanları,https://acikveri.bizizmir.com/dataset/afet-ve-acil-durum-toplanma-alanlari,CC BY 4.0,İzmir Büyükşehir Belediyesi Açık Veri Portalı
assembly:kaggle:1185:38.292861195717:26.375816473495,assembly,Emergency Assembly Area,12 NO LU AFET VE ACİL DURUM TOPLANMA ALANI,38.292861195717,26.375816473495,,,,,,,2026-09-20T07:31:27.118Z,COMPLETE_FOR_MAPPABLE_ROWS,compact-proximity-endpoint,Afet toplanma alanları,https://acikveri.bizizmir.com/dataset/afet-ve-acil-durum-toplanma-alanlari,CC BY 4.0,İzmir Büyükşehir Belediyesi Açık Veri Portalı
assembly:kaggle:1186:38.314031403208:26.283624008496,assembly,Emergency Assembly Area,12 NO LU AFET VE ACİL DURUM TOPLANMA ALANI,38.314031403208,26.283624008496,,,,,,,2026-09-20T07:31:27.118Z,COMPLETE_FOR_MAPPABLE_ROWS,compact-proximity-endpoint,Afet toplanma alanları,https://acikveri.bizizmir.com/dataset/afet-ve-acil-durum-toplanma-alanlari,CC BY 4.0,İzmir Büyükşehir Belediyesi Açık Veri Portalı
assembly:kaggle:1187:38.459123784068:27.184321121662,assembly,Emergency Assembly Area,12 NO LU AFET VE ACİL DURUM TOPLANMA ALANI,38.459123784068,27.184321121662,,,,,,,2026-09-20T07:31:27.118Z,COMPLETE_FOR_MAPPABLE_ROWS,compact-proximity-endpoint,Afet toplanma alanları,https://acikveri.bizizmir.com/dataset/afet-ve-acil-durum-toplanma-alanlari,CC BY 4.0,İzmir Büyükşehir Belediyesi Açık Veri Portalı
assembly:kaggle:1188:38.428163181976:27.422022718233,assembly,Emergency Assembly Area,12 NO LU AFET VE ACİL DURUM TOPLANMA ALANI,38.428163181976,27.422022718233,,,,,,,2026-09-20T07:31:27.118Z,COMPLETE_FOR_MAPPABLE_ROWS,compact-proximity-endpoint,Afet toplanma alanları,https://acikveri.bizizmir.com/dataset/afet-ve-acil-durum-toplanma-alanlari,CC BY 4.0,İzmir Büyükşehir Belediyesi Açık Veri Portalı
assembly:kaggle:1189:38.394467806477:26.990584975045,assembly,Emergency Assembly Area,12 NO'LU AFET VE ACİL DURUM TOPLANMA ALANI,38.394467806477,26.990584975045,,,,,,,2026-09-20T07:31:27.118Z,COMPLETE_FOR_MAPPABLE_ROWS,compact-proximity-endpoint,Afet toplanma alanları,https://acikveri.bizizmir.com/dataset/afet-ve-acil-durum-toplanma-alanlari,CC BY 4.0,İzmir Büyükşehir Belediyesi Açık Veri Portalı
assembly:kaggle:1190:38.456097066486:27.18373165299,assembly,Emergency Assembly Area,12 NO'LU AFET VE ACİL DURUM TOPLANMA ALANI,38.456097066486,27.18373165299,,,,,,,2026-09-20T07:31:27.118Z,COMPLETE_FOR_MAPPABLE_ROWS,compact-proximity-endpoint,Afet toplanma alanları,https://acikveri.bizizmir.com/dataset/afet-ve-acil-durum-toplanma-alanlari,CC BY 4.0,İzmir Büyükşehir Belediyesi Açık Veri Portalı
assembly:kaggle:1191:38.453956861423:27.181901789857,assembly,Emergency Assembly Area,13 NO LU AFET VE ACİL DURUM TOPLANMA ALANI,38.453956861423,27.181901789857,,,,,,,2026-09-20T07:31:27.118Z,COMPLETE_FOR_MAPPABLE_ROWS,compact-proximity-endpoint,Afet toplanma alanları,https://acikveri.bizizmir.com/dataset/afet-ve-acil-durum-toplanma-alanlari,CC BY 4.0,İzmir Büyükşehir Belediyesi Açık Veri Portalı
assembly:kaggle:1192:38.478800834947:27.122582308305,assembly,Emergency Assembly Area,13 NO LU AFET VE ACİL DURUM TOPLANMA ALANI,38.478800834947,27.122582308305,,,,,,,2026-09-20T07:31:27.118Z,COMPLETE_FOR_MAPPABLE_ROWS,compact-proximity-endpoint,Afet toplanma alanları,https://acikveri.bizizmir.com/dataset/afet-ve-acil-durum-toplanma-alanlari,CC BY 4.0,İzmir Büyükşehir Belediyesi Açık Veri Portalı
assembly:kaggle:1193:38.428490966243:27.419844774804,assembly,Emergency Assembly Area,13 NO LU AFET VE ACİL DURUM TOPLANMA ALANI,38.428490966243,27.419844774804,,,,,,,2026-09-20T07:31:27.118Z,COMPLETE_FOR_MAPPABLE_ROWS,compact-proximity-endpoint,Afet toplanma alanları,https://acikveri.bizizmir.com/dataset/afet-ve-acil-durum-toplanma-alanlari,CC BY 4.0,İzmir Büyükşehir Belediyesi Açık Veri Portalı
assembly:kaggle:1194:38.433987458887:27.407581767203,assembly,Emergency Assembly Area,13 NO LU AFET VE ACİL DURUM TOPLANMA ALANI,38.433987458887,27.407581767203,,,,,,,2026-09-20T07:31:27.118Z,COMPLETE_FOR_MAPPABLE_ROWS,compact-proximity-endpoint,Afet toplanma alanları,https://acikveri.bizizmir.com/dataset/afet-ve-acil-durum-toplanma-alanlari,CC BY 4.0,İzmir Büyükşehir Belediyesi Açık Veri Portalı
assembly:kaggle:1195:38.283918054709:26.3801938333,assembly,Emergency Assembly Area,13 NO LU AFET VE ACİL DURUM TOPLANMA ALANI,38.283918054709,26.3801938333,,,,,,,2026-09-20T07:31:27.118Z,COMPLETE_FOR_MAPPABLE_ROWS,compact-proximity-endpoint,Afet toplanma alanları,https://acikveri.bizizmir.com/dataset/afet-ve-acil-durum-toplanma-alanlari,CC BY 4.0,İzmir Büyükşehir Belediyesi Açık Veri Portalı
assembly:kaggle:1196:38.489470789231:27.063434510945,assembly,Emergency Assembly Area,13 NO LU AFET VE ACİL DURUM TOPLANMA ALANI,38.489470789231,27.063434510945,,,,,,,2026-09-20T07:31:27.118Z,COMPLETE_FOR_MAPPABLE_ROWS,compact-proximity-endpoint,Afet toplanma alanları,https://acikveri.bizizmir.com/dataset/afet-ve-acil-durum-toplanma-alanlari,CC BY 4.0,İzmir Büyükşehir Belediyesi Açık Veri Portalı
assembly:kaggle:1197:38.460455361359:27.184444500423,assembly,Emergency Assembly Area,13 NO LU AFET VE ACİL DURUM TOPLANMA ALANI,38.460455361359,27.184444500423,,,,,,,2026-09-20T07:31:27.118Z,COMPLETE_FOR_MAPPABLE_ROWS,compact-proximity-endpoint,Afet toplanma alanları,https://acikveri.bizizmir.com/dataset/afet-ve-acil-durum-toplanma-alanlari,CC BY 4.0,İzmir Büyükşehir Belediyesi Açık Veri Portalı
assembly:kaggle:1198:38.298325832035:26.309705707738,assembly,Emergency Assembly Area,13 NO LU AFET VE ACİL DURUM TOPLANMA ALANI,38.298325832035,26.309705707738,,,,,,,2026-09-20T07:31:27.118Z,COMPLETE_FOR_MAPPABLE_ROWS,compact-proximity-endpoint,Afet toplanma alanları,https://acikveri.bizizmir.com/dataset/afet-ve-acil-durum-toplanma-alanlari,CC BY 4.0,İzmir Büyükşehir Belediyesi Açık Veri Portalı
assembly:kaggle:1199:38.470947396636:27.088260945816,assembly,Emergency Assembly Area,13 NO LU AFET VE ACİL DURUM TOPLANMA ALANI,38.470947396636,27.088260945816,,,,,,,2026-09-20T07:31:27.118Z,COMPLETE_FOR_MAPPABLE_ROWS,compact-proximity-endpoint,Afet toplanma alanları,https://acikveri.bizizmir.com/dataset/afet-ve-acil-durum-toplanma-alanlari,CC BY 4.0,İzmir Büyükşehir Belediyesi Açık Veri Portalı
assembly:kaggle:1200:38.46297553489:27.09417251867,assembly,Emergency Assembly Area,13 NO LU AFET VE ACİL DURUM TOPLANMA ALANI,38.46297553489,27.09417251867,,,,,,,2026-09-20T07:31:27.118Z,COMPLETE_FOR_MAPPABLE_ROWS,compact-proximity-endpoint,Afet toplanma alanları,https://acikveri.bizizmir.com/dataset/afet-ve-acil-durum-toplanma-alanlari,CC BY 4.0,İzmir Büyükşehir Belediyesi Açık Veri Portalı
assembly:kaggle:1201:38.478767241354:27.124513489252,assembly,Emergency Assembly Area,14 NO LU AFET VE ACİL DURUM TOPLANMA ALANI,38.478767241354,27.124513489252,,,,,,,2026-09-20T07:31:27.118Z,COMPLETE_FOR_MAPPABLE_ROWS,compact-proximity-endpoint,Afet toplanma alanları,https://acikveri.bizizmir.com/dataset/afet-ve-acil-durum-toplanma-alanlari,CC BY 4.0,İzmir Büyükşehir Belediyesi Açık Veri Portalı
assembly:kaggle:1202:38.430625744136:27.419823313779,assembly,Emergency Assembly Area,14 NO LU AFET VE ACİL DURUM TOPLANMA ALANI,38.430625744136,27.419823313779,,,,,,,2026-09-20T07:31:27.118Z,COMPLETE_FOR_MAPPABLE_ROWS,compact-proximity-endpoint,Afet toplanma alanları,https://acikveri.bizizmir.com/dataset/afet-ve-acil-durum-toplanma-alanlari,CC BY 4.0,İzmir Büyükşehir Belediyesi Açık Veri Portalı
assembly:kaggle:1203:38.431949433827:27.410843320468,assembly,Emergency Assembly Area,14 NO LU AFET VE ACİL DURUM TOPLANMA ALANI,38.431949433827,27.410843320468,,,,,,,2026-09-20T07:31:27.118Z,COMPLETE_FOR_MAPPABLE_ROWS,compact-proximity-endpoint,Afet toplanma alanları,https://acikveri.bizizmir.com/dataset/afet-ve-acil-durum-toplanma-alanlari,CC BY 4.0,İzmir Büyükşehir Belediyesi Açık Veri Portalı
assembly:kaggle:1204:38.472728131881:27.084280564398,assembly,Emergency Assembly Area,14 NO LU AFET VE ACİL DURUM TOPLANMA ALANI,38.472728131881,27.084280564398,,,,,,,2026-09-20T07:31:27.118Z,COMPLETE_FOR_MAPPABLE_ROWS,compact-proximity-endpoint,Afet toplanma alanları,https://acikveri.bizizmir.com/dataset/afet-ve-acil-durum-toplanma-alanlari,CC BY 4.0,İzmir Büyükşehir Belediyesi Açık Veri Portalı
assembly:kaggle:1205:38.458817142348:27.186783377806,assembly,Emergency Assembly Area,14 NO LU AFET VE ACİL DURUM TOPLANMA ALANI,38.458817142348,27.186783377806,,,,,,,2026-09-20T07:31:27.118Z,COMPLETE_FOR_MAPPABLE_ROWS,compact-proximity-endpoint,Afet toplanma alanları,https://acikveri.bizizmir.com/dataset/afet-ve-acil-durum-toplanma-alanlari,CC BY 4.0,İzmir Büyükşehir Belediyesi Açık Veri Portalı
assembly:kaggle:1206:38.307957512286:26.281735754331,assembly,Emergency Assembly Area,14 NO LU AFET VE ACİL DURUM TOPLANMA ALANI,38.307957512286,26.281735754331,,,,,,,2026-09-20T07:31:27.118Z,COMPLETE_FOR_MAPPABLE_ROWS,compact-proximity-endpoint,Afet toplanma alanları,https://acikveri.bizizmir.com/dataset/afet-ve-acil-durum-toplanma-alanlari,CC BY 4.0,İzmir Büyükşehir Belediyesi Açık Veri Portalı
assembly:kaggle:1207:38.459852964073:27.10417404312,assembly,Emergency Assembly Area,14 NO'LU AFET VE ACİL DURUM TOPLANMA ALANI,38.459852964073,27.10417404312,,,,,,,2026-09-20T07:31:27.118Z,COMPLETE_FOR_MAPPABLE_ROWS,compact-proximity-endpoint,Afet toplanma alanları,https://acikveri.bizizmir.com/dataset/afet-ve-acil-durum-toplanma-alanlari,CC BY 4.0,İzmir Büyükşehir Belediyesi Açık Veri Portalı
assembly:kaggle:1208:38.465361311868:27.098335282279,assembly,Emergency Assembly Area,15 NO LU AFET VE ACİL DURUM TOPLANMA ALANI,38.465361311868,27.098335282279,,,,,,,2026-09-20T07:31:27.118Z,COMPLETE_FOR_MAPPABLE_ROWS,compact-proximity-endpoint,Afet toplanma alanları,https://acikveri.bizizmir.com/dataset/afet-ve-acil-durum-toplanma-alanlari,CC BY 4.0,İzmir Büyükşehir Belediyesi Açık Veri Portalı
assembly:kaggle:1209:38.430440834737:27.409985020297,assembly,Emergency Assembly Area,15 NO LU AFET VE ACİL DURUM TOPLANMA ALANI,38.430440834737,27.409985020297,,,,,,,2026-09-20T07:31:27.118Z,COMPLETE_FOR_MAPPABLE_ROWS,compact-proximity-endpoint,Afet toplanma alanları,https://acikveri.bizizmir.com/dataset/afet-ve-acil-durum-toplanma-alanlari,CC BY 4.0,İzmir Büyükşehir Belediyesi Açık Veri Portalı
assembly:kaggle:1210:38.255304374508:26.377479504877,assembly,Emergency Assembly Area,15 NO LU AFET VE ACİL DURUM TOPLANMA ALANI,38.255304374508,26.377479504877,,,,,,,2026-09-20T07:31:27.118Z,COMPLETE_FOR_MAPPABLE_ROWS,compact-proximity-endpoint,Afet toplanma alanları,https://acikveri.bizizmir.com/dataset/afet-ve-acil-durum-toplanma-alanlari,CC BY 4.0,İzmir Büyükşehir Belediyesi Açık Veri Portalı
assembly:kaggle:1211:38.429625598726:27.41841784486,assembly,Emergency Assembly Area,15 NO LU AFET VE ACİL DURUM TOPLANMA ALANI,38.429625598726,27.41841784486,,,,,,,2026-09-20T07:31:27.118Z,COMPLETE_FOR_MAPPABLE_ROWS,compact-proximity-endpoint,Afet toplanma alanları,https://acikveri.bizizmir.com/dataset/afet-ve-acil-durum-toplanma-alanlari,CC BY 4.0,İzmir Büyükşehir Belediyesi Açık Veri Portalı
assembly:kaggle:1212:38.459940797579:27.186145013346,assembly,Emergency Assembly Area,15 NO LU AFET VE ACİL DURUM TOPLANMA ALANI,38.459940797579,27.186145013346,,,,,,,2026-09-20T07:31:27.118Z,COMPLETE_FOR_MAPPABLE_ROWS,compact-proximity-endpoint,Afet toplanma alanları,https://acikveri.bizizmir.com/dataset/afet-ve-acil-durum-toplanma-alanlari,CC BY 4.0,İzmir Büyükşehir Belediyesi Açık Veri Portalı
assembly:kaggle:1213:38.433449596829:27.411315384475,assembly,Emergency Assembly Area,16 NO LU AFET VE ACİL DURUM TOPLANMA ALANI,38.433449596829,27.411315384475,,,,,,,2026-09-20T07:31:27.118Z,COMPLETE_FOR_MAPPABLE_ROWS,compact-proximity-endpoint,Afet toplanma alanları,https://acikveri.bizizmir.com/dataset/afet-ve-acil-durum-toplanma-alanlari,CC BY 4.0,İzmir Büyükşehir Belediyesi Açık Veri Portalı
assembly:kaggle:1214:38.258185624449:26.376202774441,assembly,Emergency Assembly Area,16 NO LU AFET VE ACİL DURUM TOPLANMA ALANI,38.258185624449,26.376202774441,,,,,,,2026-09-20T07:31:27.118Z,COMPLETE_FOR_MAPPABLE_ROWS,compact-proximity-endpoint,Afet toplanma alanları,https://acikveri.bizizmir.com/dataset/afet-ve-acil-durum-toplanma-alanlari,CC BY 4.0,İzmir Büyükşehir Belediyesi Açık Veri Portalı
assembly:kaggle:1215:38.428776738312:27.430562828311,assembly,Emergency Assembly Area,16 NO LU AFET VE ACİL DURUM TOPLANMA ALANI,38.428776738312,27.430562828311,,,,,,,2026-09-20T07:31:27.118Z,COMPLETE_FOR_MAPPABLE_ROWS,compact-proximity-endpoint,Afet toplanma alanları,https://acikveri.bizizmir.com/dataset/afet-ve-acil-durum-toplanma-alanlari,CC BY 4.0,İzmir Büyükşehir Belediyesi Açık Veri Portalı
assembly:kaggle:1216:38.463614099852:27.200366008651,assembly,Emergency Assembly Area,16 NO LU AFET VE ACİL DURUM TOPLANMA ALANI,38.463614099852,27.200366008651,,,,,,,2026-09-20T07:31:27.118Z,COMPLETE_FOR_MAPPABLE_ROWS,compact-proximity-endpoint,Afet toplanma alanları,https://acikveri.bizizmir.com/dataset/afet-ve-acil-durum-toplanma-alanlari,CC BY 4.0,İzmir Büyükşehir Belediyesi Açık Veri Portalı
assembly:kaggle:1217:38.433315128673:27.410242506417,assembly,Emergency Assembly Area,17 NO LU AFET VE ACİL DURUM TOPLANMA ALANI,38.433315128673,27.410242506417,,,,,,,2026-09-20T07:31:27.118Z,COMPLETE_FOR_MAPPABLE_ROWS,compact-proximity-endpoint,Afet toplanma alanları,https://acikveri.bizizmir.com/dataset/afet-ve-acil-durum-toplanma-alanlari,CC BY 4.0,İzmir Büyükşehir Belediyesi Açık Veri Portalı
assembly:kaggle:1218:38.232545199502:26.364851770996,assembly,Emergency Assembly Area,17 NO LU AFET VE ACİL DURUM TOPLANMA ALANI,38.232545199502,26.364851770996,,,,,,,2026-09-20T07:31:27.118Z,COMPLETE_FOR_MAPPABLE_ROWS,compact-proximity-endpoint,Afet toplanma alanları,https://acikveri.bizizmir.com/dataset/afet-ve-acil-durum-toplanma-alanlari,CC BY 4.0,İzmir Büyükşehir Belediyesi Açık Veri Portalı
assembly:kaggle:1219:38.462927325381:27.184731491202,assembly,Emergency Assembly Area,17 NO LU AFET VE ACİL DURUM TOPLANMA ALANI,38.462927325381,27.184731491202,,,,,,,2026-09-20T07:31:27.118Z,COMPLETE_FOR_MAPPABLE_ROWS,compact-proximity-endpoint,Afet toplanma alanları,https://acikveri.bizizmir.com/dataset/afet-ve-acil-durum-toplanma-alanlari,CC BY 4.0,İzmir Büyükşehir Belediyesi Açık Veri Portalı
assembly:kaggle:1220:38.428062320823:27.418546592787,assembly,Emergency Assembly Area,17 NO LU AFET VE ACİL DURUM TOPLANMA ALANI,38.428062320823,27.418546592787,,,,,,,2026-09-20T07:31:27.118Z,COMPLETE_FOR_MAPPABLE_ROWS,compact-proximity-endpoint,Afet toplanma alanları,https://acikveri.bizizmir.com/dataset/afet-ve-acil-durum-toplanma-alanlari,CC BY 4.0,İzmir Büyükşehir Belediyesi Açık Veri Portalı
assembly:kaggle:1221:38.424591060454:27.428760399581,assembly,Emergency Assembly Area,18 NO LU AFET VE ACİL DURUM TOPLANMA ALANI,38.424591060454,27.428760399581,,,,,,,2026-09-20T07:31:27.118Z,COMPLETE_FOR_MAPPABLE_ROWS,compact-proximity-endpoint,Afet toplanma alanları,https://acikveri.bizizmir.com/dataset/afet-ve-acil-durum-toplanma-alanlari,CC BY 4.0,İzmir Büyükşehir Belediyesi Açık Veri Portalı
assembly:kaggle:1222:38.430869467957:27.413192925643,assembly,Emergency Assembly Area,18 NO LU AFET VE ACİL DURUM TOPLANMA ALANI,38.430869467957,27.413192925643,,,,,,,2026-09-20T07:31:27.118Z,COMPLETE_FOR_MAPPABLE_ROWS,compact-proximity-endpoint,Afet toplanma alanları,https://acikveri.bizizmir.com/dataset/afet-ve-acil-durum-toplanma-alanlari,CC BY 4.0,İzmir Büyükşehir Belediyesi Açık Veri Portalı
assembly:kaggle:1223:38.45740572055:27.185646129214,assembly,Emergency Assembly Area,18 NO LU AFET VE ACİL DURUM TOPLANMA ALANI,38.45740572055,27.185646129214,,,,,,,2026-09-20T07:31:27.118Z,COMPLETE_FOR_MAPPABLE_ROWS,compact-proximity-endpoint,Afet toplanma alanları,https://acikveri.bizizmir.com/dataset/afet-ve-acil-durum-toplanma-alanlari,CC BY 4.0,İzmir Büyükşehir Belediyesi Açık Veri Portalı
assembly:kaggle:1224:38.148914164397:27.379386987534,assembly,Emergency Assembly Area,2 NO LU AFET VE ACİL DURUM TOPLANMA ALANI,38.148914164397,27.379386987534,,,,,,,2026-09-20T07:31:27.118Z,COMPLETE_FOR_MAPPABLE_ROWS,compact-proximity-endpoint,Afet toplanma alanları,https://acikveri.bizizmir.com/dataset/afet-ve-acil-durum-toplanma-alanlari,CC BY 4.0,İzmir Büyükşehir Belediyesi Açık Veri Portalı
assembly:kaggle:1225:38.318282540156:26.40221727662,assembly,Emergency Assembly Area,2 NO LU AFET VE ACİL DURUM TOPLANMA ALANI,38.318282540156,26.40221727662,,,,,,,2026-09-20T07:31:27.118Z,COMPLETE_FOR_MAPPABLE_ROWS,compact-proximity-endpoint,Afet toplanma alanları,https://acikveri.bizizmir.com/dataset/afet-ve-acil-durum-toplanma-alanlari,CC BY 4.0,İzmir Büyükşehir Belediyesi Açık Veri Portalı
assembly:kaggle:1226:38.483839995012:27.117164264461,assembly,Emergency Assembly Area,2 NO LU AFET VE ACİL DURUM TOPLANMA ALANI,38.483839995012,27.117164264461,,,,,,,2026-09-20T07:31:27.118Z,COMPLETE_FOR_MAPPABLE_ROWS,compact-proximity-endpoint,Afet toplanma alanları,https://acikveri.bizizmir.com/dataset/afet-ve-acil-durum-toplanma-alanlari,CC BY 4.0,İzmir Büyükşehir Belediyesi Açık Veri Portalı
assembly:kaggle:1227:38.122349887597:28.309186280191,assembly,Emergency Assembly Area,2 NO LU AFET VE ACİL DURUM TOPLANMA ALANI,38.122349887597,28.309186280191,,,,,,,2026-09-20T07:31:27.118Z,COMPLETE_FOR_MAPPABLE_ROWS,compact-proximity-endpoint,Afet toplanma alanları,https://acikveri.bizizmir.com/dataset/afet-ve-acil-durum-toplanma-alanlari,CC BY 4.0,İzmir Büyükşehir Belediyesi Açık Veri Portalı
assembly:kaggle:1228:38.32907296051:26.312961835093,assembly,Emergency Assembly Area,2 NO LU AFET VE ACİL DURUM TOPLANMA ALANI,38.32907296051,26.312961835093,,,,,,,2026-09-20T07:31:27.118Z,COMPLETE_FOR_MAPPABLE_ROWS,compact-proximity-endpoint,Afet toplanma alanları,https://acikveri.bizizmir.com/dataset/afet-ve-acil-durum-toplanma-alanlari,CC BY 4.0,İzmir Büyükşehir Belediyesi Açık Veri Portalı
assembly:kaggle:1229:38.373964513781:26.481655758806,assembly,Emergency Assembly Area,2 NO LU AFET VE ACİL DURUM TOPLANMA ALANI,38.373964513781,26.481655758806,,,,,,,2026-09-20T07:31:27.118Z,COMPLETE_FOR_MAPPABLE_ROWS,compact-proximity-endpoint,Afet toplanma alanları,https://acikveri.bizizmir.com/dataset/afet-ve-acil-durum-toplanma-alanlari,CC BY 4.0,İzmir Büyükşehir Belediyesi Açık Veri Portalı
assembly:kaggle:1230:39.090008904236:27.349956380802,assembly,Emergency Assembly Area,2 NO LU AFET VE ACİL DURUM TOPLANMA ALANI,39.090008904236,27.349956380802,,,,,,,2026-09-20T07:31:27.118Z,COMPLETE_FOR_MAPPABLE_ROWS,compact-proximity-endpoint,Afet toplanma alanları,https://acikveri.bizizmir.com/dataset/afet-ve-acil-durum-toplanma-alanlari,CC BY 4.0,İzmir Büyükşehir Belediyesi Açık Veri Portalı
assembly:kaggle:1231:38.246820852576:27.127367736949,assembly,Emergency Assembly Area,2 NO LU AFET VE ACİL DURUM TOPLANMA ALANI,38.246820852576,27.127367736949,,,,,,,2026-09-20T07:31:27.118Z,COMPLETE_FOR_MAPPABLE_ROWS,compact-proximity-endpoint,Afet toplanma alanları,https://acikveri.bizizmir.com/dataset/afet-ve-acil-durum-toplanma-alanlari,CC BY 4.0,İzmir Büyükşehir Belediyesi Açık Veri Portalı
assembly:kaggle:1232:38.079054117803:27.017955902196,assembly,Emergency Assembly Area,2 NO LU AFET VE ACİL DURUM TOPLANMA ALANI,38.079054117803,27.017955902196,,,,,,,2026-09-20T07:31:27.118Z,COMPLETE_FOR_MAPPABLE_ROWS,compact-proximity-endpoint,Afet toplanma alanları,https://acikveri.bizizmir.com/dataset/afet-ve-acil-durum-toplanma-alanlari,CC BY 4.0,İzmir Büyükşehir Belediyesi Açık Veri Portalı
assembly:kaggle:1233:38.469477445704:27.118870165331,assembly,Emergency Assembly Area,2 NO LU AFET VE ACİL DURUM TOPLANMA ALANI,38.469477445704,27.118870165331,,,,,,,2026-09-20T07:31:27.118Z,COMPLETE_FOR_MAPPABLE_ROWS,compact-proximity-endpoint,Afet toplanma alanları,https://acikveri.bizizmir.com/dataset/afet-ve-acil-durum-toplanma-alanlari,CC BY 4.0,İzmir Büyükşehir Belediyesi Açık Veri Portalı
assembly:kaggle:1234:38.197429113739:27.712408311054,assembly,Emergency Assembly Area,2 NO LU AFET VE ACİL DURUM TOPLANMA ALANI,38.197429113739,27.712408311054,,,,,,,2026-09-20T07:31:27.118Z,COMPLETE_FOR_MAPPABLE_ROWS,compact-proximity-endpoint,Afet toplanma alanları,https://acikveri.bizizmir.com/dataset/afet-ve-acil-durum-toplanma-alanlari,CC BY 4.0,İzmir Büyükşehir Belediyesi Açık Veri Portalı
assembly:kaggle:1235:38.097902748126:28.282578925875,assembly,Emergency Assembly Area,2 NO LU AFET VE ACİL DURUM TOPLANMA ALANI,38.097902748126,28.282578925875,,,,,,,2026-09-20T07:31:27.118Z,COMPLETE_FOR_MAPPABLE_ROWS,compact-proximity-endpoint,Afet toplanma alanları,https://acikveri.bizizmir.com/dataset/afet-ve-acil-durum-toplanma-alanlari,CC BY 4.0,İzmir Büyükşehir Belediyesi Açık Veri Portalı
assembly:kaggle:1236:38.507519292286:27.057968165157,assembly,Emergency Assembly Area,2 NO LU AFET VE ACİL DURUM TOPLANMA ALANI,38.507519292286,27.057968165157,,,,,,,2026-09-20T07:31:27.118Z,COMPLETE_FOR_MAPPABLE_ROWS,compact-proximity-endpoint,Afet toplanma alanları,https://acikveri.bizizmir.com/dataset/afet-ve-acil-durum-toplanma-alanlari,CC BY 4.0,İzmir Büyükşehir Belediyesi Açık Veri Portalı
assembly:kaggle:1237:38.219815681602:27.646131222926,assembly,Emergency Assembly Area,2 NO LU AFET VE ACİL DURUM TOPLANMA ALANI,38.219815681602,27.646131222926,,,,,,,2026-09-20T07:31:27.118Z,COMPLETE_FOR_MAPPABLE_ROWS,compact-proximity-endpoint,Afet toplanma alanları,https://acikveri.bizizmir.com/dataset/afet-ve-acil-durum-toplanma-alanlari,CC BY 4.0,İzmir Büyükşehir Belediyesi Açık Veri Portalı
assembly:kaggle:1238:38.330609579393:26.896022863831,assembly,Emergency Assembly Area,2 NO LU AFET VE ACİL DURUM TOPLANMA ALANI,38.330609579393,26.896022863831,,,,,,,2026-09-20T07:31:27.118Z,COMPLETE_FOR_MAPPABLE_ROWS,compact-proximity-endpoint,Afet toplanma alanları,https://acikveri.bizizmir.com/dataset/afet-ve-acil-durum-toplanma-alanlari,CC BY 4.0,İzmir Büyükşehir Belediyesi Açık Veri Portalı
assembly:kaggle:1239:38.023378675745:27.097343614667,assembly,Emergency Assembly Area,2 NO LU AFET VE ACİL DURUM TOPLANMA ALANI,38.023378675745,27.097343614667,,,,,,,2026-09-20T07:31:27.118Z,COMPLETE_FOR_MAPPABLE_ROWS,compact-proximity-endpoint,Afet toplanma alanları,https://acikveri.bizizmir.com/dataset/afet-ve-acil-durum-toplanma-alanlari,CC BY 4.0,İzmir Büyükşehir Belediyesi Açık Veri Portalı
assembly:kaggle:1240:38.583689646382:27.085154770123,assembly,Emergency Assembly Area,2 NO LU AFET VE ACİL DURUM TOPLANMA ALANI,38.583689646382,27.085154770123,,,,,,,2026-09-20T07:31:27.118Z,COMPLETE_FOR_MAPPABLE_ROWS,compact-proximity-endpoint,Afet toplanma alanları,https://acikveri.bizizmir.com/dataset/afet-ve-acil-durum-toplanma-alanlari,CC BY 4.0,İzmir Büyükşehir Belediyesi Açık Veri Portalı
assembly:kaggle:1241:38.538374721042:27.037631704223,assembly,Emergency Assembly Area,2 NO LU AFET VE ACİL DURUM TOPLANMA ALANI,38.538374721042,27.037631704223,,,,,,,2026-09-20T07:31:27.118Z,COMPLETE_FOR_MAPPABLE_ROWS,compact-proximity-endpoint,Afet toplanma alanları,https://acikveri.bizizmir.com/dataset/afet-ve-acil-durum-toplanma-alanlari,CC BY 4.0,İzmir Büyükşehir Belediyesi Açık Veri Portalı
assembly:kaggle:1242:38.464437344503:27.184444493724,assembly,Emergency Assembly Area,2 NO LU AFET VE ACİL DURUM TOPLANMA ALANI,38.464437344503,27.184444493724,,,,,,,2026-09-20T07:31:27.118Z,COMPLETE_FOR_MAPPABLE_ROWS,compact-proximity-endpoint,Afet toplanma alanları,https://acikveri.bizizmir.com/dataset/afet-ve-acil-durum-toplanma-alanlari,CC BY 4.0,İzmir Büyükşehir Belediyesi Açık Veri Portalı
assembly:kaggle:1243:38.085372061567:28.216081934343,assembly,Emergency Assembly Area,2 NO LU AFET VE ACİL DURUM TOPLANMA ALANI,38.085372061567,28.216081934343,,,,,,,2026-09-20T07:31:27.118Z,COMPLETE_FOR_MAPPABLE_ROWS,compact-proximity-endpoint,Afet toplanma alanları,https://acikveri.bizizmir.com/dataset/afet-ve-acil-durum-toplanma-alanlari,CC BY 4.0,İzmir Büyükşehir Belediyesi Açık Veri Portalı
assembly:kaggle:1244:38.350687022265:26.287480936236,assembly,Emergency Assembly Area,2 NO LU AFET VE ACİL DURUM TOPLANMA ALANI,38.350687022265,26.287480936236,,,,,,,2026-09-20T07:31:27.118Z,COMPLETE_FOR_MAPPABLE_ROWS,compact-proximity-endpoint,Afet toplanma alanları,https://acikveri.bizizmir.com/dataset/afet-ve-acil-durum-toplanma-alanlari,CC BY 4.0,İzmir Büyükşehir Belediyesi Açık Veri Portalı
assembly:kaggle:1245:38.580842188382:26.965555667056,assembly,Emergency Assembly Area,2 NO LU AFET VE ACİL DURUM TOPLANMA ALANI,38.580842188382,26.965555667056,,,,,,,2026-09-20T07:31:27.118Z,COMPLETE_FOR_MAPPABLE_ROWS,compact-proximity-endpoint,Afet toplanma alanları,https://acikveri.bizizmir.com/dataset/afet-ve-acil-durum-toplanma-alanlari,CC BY 4.0,İzmir Büyükşehir Belediyesi Açık Veri Portalı
assembly:kaggle:1246:38.294578947512:26.363338896694,assembly,Emergency Assembly Area,2 NO LU AFET VE ACİL DURUM TOPLANMA ALANI,38.294578947512,26.363338896694,,,,,,,2026-09-20T07:31:27.118Z,COMPLETE_FOR_MAPPABLE_ROWS,compact-proximity-endpoint,Afet toplanma alanları,https://acikveri.bizizmir.com/dataset/afet-ve-acil-durum-toplanma-alanlari,CC BY 4.0,İzmir Büyükşehir Belediyesi Açık Veri Portalı
assembly:kaggle:1247:38.302215788003:26.371160164557,assembly,Emergency Assembly Area,2 NO LU AFET VE ACİL DURUM TOPLANMA ALANI,38.302215788003,26.371160164557,,,,,,,2026-09-20T07:31:27.118Z,COMPLETE_FOR_MAPPABLE_ROWS,compact-proximity-endpoint,Afet toplanma alanları,https://acikveri.bizizmir.com/dataset/afet-ve-acil-durum-toplanma-alanlari,CC BY 4.0,İzmir Büyükşehir Belediyesi Açık Veri Portalı
assembly:kaggle:1248:38.293793655783:26.284409930122,assembly,Emergency Assembly Area,2 NO LU AFET VE ACİL DURUM TOPLANMA ALANI,38.293793655783,26.284409930122,,,,,,,2026-09-20T07:31:27.118Z,COMPLETE_FOR_MAPPABLE_ROWS,compact-proximity-endpoint,Afet toplanma alanları,https://acikveri.bizizmir.com/dataset/afet-ve-acil-durum-toplanma-alanlari,CC BY 4.0,İzmir Büyükşehir Belediyesi Açık Veri Portalı
assembly:kaggle:1249:38.373220560735:26.869887475708,assembly,Emergency Assembly Area,2 NO LU AFET VE ACİL DURUM TOPLANMA ALANI,38.373220560735,26.869887475708,,,,,,,2026-09-20T07:31:27.118Z,COMPLETE_FOR_MAPPABLE_ROWS,compact-proximity-endpoint,Afet toplanma alanları,https://acikveri.bizizmir.com/dataset/afet-ve-acil-durum-toplanma-alanlari,CC BY 4.0,İzmir Büyükşehir Belediyesi Açık Veri Portalı
assembly:kaggle:1250:38.11208578555:28.296483412213,assembly,Emergency Assembly Area,2 NO LU AFET VE ACİL DURUM TOPLANMA ALANI,38.11208578555,28.296483412213,,,,,,,2026-09-20T07:31:27.118Z,COMPLETE_FOR_MAPPABLE_ROWS,compact-proximity-endpoint,Afet toplanma alanları,https://acikveri.bizizmir.com/dataset/afet-ve-acil-durum-toplanma-alanlari,CC BY 4.0,İzmir Büyükşehir Belediyesi Açık Veri Portalı
assembly:kaggle:1251:38.314010508038:26.412229920515,assembly,Emergency Assembly Area,2 NO LU AFET VE ACİL DURUM TOPLANMA ALANI,38.314010508038,26.412229920515,,,,,,,2026-09-20T07:31:27.118Z,COMPLETE_FOR_MAPPABLE_ROWS,compact-proximity-endpoint,Afet toplanma alanları,https://acikveri.bizizmir.com/dataset/afet-ve-acil-durum-toplanma-alanlari,CC BY 4.0,İzmir Büyükşehir Belediyesi Açık Veri Portalı
assembly:kaggle:1252:38.345032904865:26.44441620931,assembly,Emergency Assembly Area,2 NO LU AFET VE ACİL DURUM TOPLANMA ALANI,38.345032904865,26.44441620931,,,,,,,2026-09-20T07:31:27.118Z,COMPLETE_FOR_MAPPABLE_ROWS,compact-proximity-endpoint,Afet toplanma alanları,https://acikveri.bizizmir.com/dataset/afet-ve-acil-durum-toplanma-alanlari,CC BY 4.0,İzmir Büyükşehir Belediyesi Açık Veri Portalı
assembly:kaggle:1253:38.382228439288:26.920430753647,assembly,Emergency Assembly Area,2 NO LU AFET VE ACİL DURUM TOPLANMA ALANI,38.382228439288,26.920430753647,,,,,,,2026-09-20T07:31:27.118Z,COMPLETE_FOR_MAPPABLE_ROWS,compact-proximity-endpoint,Afet toplanma alanları,https://acikveri.bizizmir.com/dataset/afet-ve-acil-durum-toplanma-alanlari,CC BY 4.0,İzmir Büyükşehir Belediyesi Açık Veri Portalı
assembly:kaggle:1254:38.466108986982:27.133810000948,assembly,Emergency Assembly Area,2 NO LU AFET VE ACİL DURUM TOPLANMA ALANI,38.466108986982,27.133810000948,,,,,,,2026-09-20T07:31:27.118Z,COMPLETE_FOR_MAPPABLE_ROWS,compact-proximity-endpoint,Afet toplanma alanları,https://acikveri.bizizmir.com/dataset/afet-ve-acil-durum-toplanma-alanlari,CC BY 4.0,İzmir Büyükşehir Belediyesi Açık Veri Portalı
assembly:kaggle:1255:39.089301117189:27.378827540995,assembly,Emergency Assembly Area,2 NO LU AFET VE ACİL DURUM TOPLANMA ALANI,39.089301117189,27.378827540995,,,,,,,2026-09-20T07:31:27.118Z,COMPLETE_FOR_MAPPABLE_ROWS,compact-proximity-endpoint,Afet toplanma alanları,https://acikveri.bizizmir.com/dataset/afet-ve-acil-durum-toplanma-alanlari,CC BY 4.0,İzmir Büyükşehir Belediyesi Açık Veri Portalı
assembly:kaggle:1256:39.088559990779:27.385629591605,assembly,Emergency Assembly Area,2 NO LU AFET VE ACİL DURUM TOPLANMA ALANI,39.088559990779,27.385629591605,,,,,,,2026-09-20T07:31:27.118Z,COMPLETE_FOR_MAPPABLE_ROWS,compact-proximity-endpoint,Afet toplanma alanları,https://acikveri.bizizmir.com/dataset/afet-ve-acil-durum-toplanma-alanlari,CC BY 4.0,İzmir Büyükşehir Belediyesi Açık Veri Portalı
assembly:kaggle:1257:38.624734910006:27.1476123104,assembly,Emergency Assembly Area,2 NO LU AFET VE ACİL DURUM TOPLANMA ALANI,38.624734910006,27.1476123104,,,,,,,2026-09-20T07:31:27.118Z,COMPLETE_FOR_MAPPABLE_ROWS,compact-proximity-endpoint,Afet toplanma alanları,https://acikveri.bizizmir.com/dataset/afet-ve-acil-durum-toplanma-alanlari,CC BY 4.0,İzmir Büyükşehir Belediyesi Açık Veri Portalı
assembly:kaggle:1258:38.214053713258:27.123097736637,assembly,Emergency Assembly Area,2 NO LU AFET VE ACİL DURUM TOPLANMA ALANI,38.214053713258,27.123097736637,,,,,,,2026-09-20T07:31:27.118Z,COMPLETE_FOR_MAPPABLE_ROWS,compact-proximity-endpoint,Afet toplanma alanları,https://acikveri.bizizmir.com/dataset/afet-ve-acil-durum-toplanma-alanlari,CC BY 4.0,İzmir Büyükşehir Belediyesi Açık Veri Portalı
assembly:kaggle:1259:38.192013574235:27.553697441908,assembly,Emergency Assembly Area,2 NO LU AFET VE ACİL DURUM TOPLANMA ALANI,38.192013574235,27.553697441908,,,,,,,2026-09-20T07:31:27.118Z,COMPLETE_FOR_MAPPABLE_ROWS,compact-proximity-endpoint,Afet toplanma alanları,https://acikveri.bizizmir.com/dataset/afet-ve-acil-durum-toplanma-alanlari,CC BY 4.0,İzmir Büyükşehir Belediyesi Açık Veri Portalı
assembly:kaggle:1260:38.224413552045:27.646697159096,assembly,Emergency Assembly Area,2 NO LU AFET VE ACİL DURUM TOPLANMA ALANI,38.224413552045,27.646697159096,,,,,,,2026-09-20T07:31:27.118Z,COMPLETE_FOR_MAPPABLE_ROWS,compact-proximity-endpoint,Afet toplanma alanları,https://acikveri.bizizmir.com/dataset/afet-ve-acil-durum-toplanma-alanlari,CC BY 4.0,İzmir Büyükşehir Belediyesi Açık Veri Portalı
assembly:kaggle:1261:38.02356470496:27.186269119847,assembly,Emergency Assembly Area,2 NO LU AFET VE ACİL DURUM TOPLANMA ALANI,38.02356470496,27.186269119847,,,,,,,2026-09-20T07:31:27.118Z,COMPLETE_FOR_MAPPABLE_ROWS,compact-proximity-endpoint,Afet toplanma alanları,https://acikveri.bizizmir.com/dataset/afet-ve-acil-durum-toplanma-alanlari,CC BY 4.0,İzmir Büyükşehir Belediyesi Açık Veri Portalı
assembly:kaggle:1262:38.350496276265:26.878781676029,assembly,Emergency Assembly Area,2 NO LU AFET VE ACİL DURUM TOPLANMA ALANI,38.350496276265,26.878781676029,,,,,,,2026-09-20T07:31:27.118Z,COMPLETE_FOR_MAPPABLE_ROWS,compact-proximity-endpoint,Afet toplanma alanları,https://acikveri.bizizmir.com/dataset/afet-ve-acil-durum-toplanma-alanlari,CC BY 4.0,İzmir Büyükşehir Belediyesi Açık Veri Portalı
assembly:kaggle:1263:38.07496767597:28.254126219408,assembly,Emergency Assembly Area,2 NO LU AFET VE ACİL DURUM TOPLANMA ALANI,38.07496767597,28.254126219408,,,,,,,2026-09-20T07:31:27.118Z,COMPLETE_FOR_MAPPABLE_ROWS,compact-proximity-endpoint,Afet toplanma alanları,https://acikveri.bizizmir.com/dataset/afet-ve-acil-durum-toplanma-alanlari,CC BY 4.0,İzmir Büyükşehir Belediyesi Açık Veri Portalı
assembly:kaggle:1264:38.364842542633:26.881109796692,assembly,Emergency Assembly Area,2 NO LU AFET VE ACİL DURUM TOPLANMA ALANI,38.364842542633,26.881109796692,,,,,,,2026-09-20T07:31:27.118Z,COMPLETE_FOR_MAPPABLE_ROWS,compact-proximity-endpoint,Afet toplanma alanları,https://acikveri.bizizmir.com/dataset/afet-ve-acil-durum-toplanma-alanlari,CC BY 4.0,İzmir Büyükşehir Belediyesi Açık Veri Portalı
assembly:kaggle:1265:38.194191349087:27.750345291066,assembly,Emergency Assembly Area,2 NO LU AFET VE ACİL DURUM TOPLANMA ALANI,38.194191349087,27.750345291066,,,,,,,2026-09-20T07:31:27.118Z,COMPLETE_FOR_MAPPABLE_ROWS,compact-proximity-endpoint,Afet toplanma alanları,https://acikveri.bizizmir.com/dataset/afet-ve-acil-durum-toplanma-alanlari,CC BY 4.0,İzmir Büyükşehir Belediyesi Açık Veri Portalı
assembly:kaggle:1266:38.349046334621:26.307581313026,assembly,Emergency Assembly Area,2 NO LU AFET VE ACİL DURUM TOPLANMA ALANI,38.349046334621,26.307581313026,,,,,,,2026-09-20T07:31:27.118Z,COMPLETE_FOR_MAPPABLE_ROWS,compact-proximity-endpoint,Afet toplanma alanları,https://acikveri.bizizmir.com/dataset/afet-ve-acil-durum-toplanma-alanlari,CC BY 4.0,İzmir Büyükşehir Belediyesi Açık Veri Portalı
assembly:kaggle:1267:38.246787137288:27.116038143111,assembly,Emergency Assembly Area,2 NO LU AFET VE ACİL DURUM TOPLANMA ALANI,38.246787137288,27.116038143111,,,,,,,2026-09-20T07:31:27.118Z,COMPLETE_FOR_MAPPABLE_ROWS,compact-proximity-endpoint,Afet toplanma alanları,https://acikveri.bizizmir.com/dataset/afet-ve-acil-durum-toplanma-alanlari,CC BY 4.0,İzmir Büyükşehir Belediyesi Açık Veri Portalı
assembly:kaggle:1268:38.251859358373:27.141433161849,assembly,Emergency Assembly Area,2 NO LU AFET VE ACİL DURUM TOPLANMA ALANI,38.251859358373,27.141433161849,,,,,,,2026-09-20T07:31:27.118Z,COMPLETE_FOR_MAPPABLE_ROWS,compact-proximity-endpoint,Afet toplanma alanları,https://acikveri.bizizmir.com/dataset/afet-ve-acil-durum-toplanma-alanlari,CC BY 4.0,İzmir Büyükşehir Belediyesi Açık Veri Portalı
assembly:kaggle:1269:38.089255999291:27.72014392761,assembly,Emergency Assembly Area,2 NO LU AFET VE ACİL DURUM TOPLANMA ALANI,38.089255999291,27.72014392761,,,,,,,2026-09-20T07:31:27.118Z,COMPLETE_FOR_MAPPABLE_ROWS,compact-proximity-endpoint,Afet toplanma alanları,https://acikveri.bizizmir.com/dataset/afet-ve-acil-durum-toplanma-alanlari,CC BY 4.0,İzmir Büyükşehir Belediyesi Açık Veri Portalı
assembly:kaggle:1270:38.086460960941:27.731360873673,assembly,Emergency Assembly Area,2 NO LU AFET VE ACİL DURUM TOPLANMA ALANI,38.086460960941,27.731360873673,,,,,,,2026-09-20T07:31:27.118Z,COMPLETE_FOR_MAPPABLE_ROWS,compact-proximity-endpoint,Afet toplanma alanları,https://acikveri.bizizmir.com/dataset/afet-ve-acil-durum-toplanma-alanlari,CC BY 4.0,İzmir Büyükşehir Belediyesi Açık Veri Portalı
assembly:kaggle:1271:38.099489526832:27.720744723913,assembly,Emergency Assembly Area,2 NO LU AFET VE ACİL DURUM TOPLANMA ALANI,38.099489526832,27.720744723913,,,,,,,2026-09-20T07:31:27.118Z,COMPLETE_FOR_MAPPABLE_ROWS,compact-proximity-endpoint,Afet toplanma alanları,https://acikveri.bizizmir.com/dataset/afet-ve-acil-durum-toplanma-alanlari,CC BY 4.0,İzmir Büyükşehir Belediyesi Açık Veri Portalı
assembly:kaggle:1272:38.108084182711:28.019938274897,assembly,Emergency Assembly Area,2 NO LU AFET VE ACİL DURUM TOPLANMA ALANI,38.108084182711,28.019938274897,,,,,,,2026-09-20T07:31:27.118Z,COMPLETE_FOR_MAPPABLE_ROWS,compact-proximity-endpoint,Afet toplanma alanları,https://acikveri.bizizmir.com/dataset/afet-ve-acil-durum-toplanma-alanlari,CC BY 4.0,İzmir Büyükşehir Belediyesi Açık Veri Portalı
assembly:kaggle:1273:38.377775391604:27.165862387961,assembly,Emergency Assembly Area,2 NO LU AFET VE ACİL DURUM TOPLANMA ALANI,38.377775391604,27.165862387961,,,,,,,2026-09-20T07:31:27.118Z,COMPLETE_FOR_MAPPABLE_ROWS,compact-proximity-endpoint,Afet toplanma alanları,https://acikveri.bizizmir.com/dataset/afet-ve-acil-durum-toplanma-alanlari,CC BY 4.0,İzmir Büyükşehir Belediyesi Açık Veri Portalı
assembly:kaggle:1274:38.095673246385:27.737546002731,assembly,Emergency Assembly Area,2 NO LU AFET VE ACİL DURUM TOPLANMA ALANI,38.095673246385,27.737546002731,,,,,,,2026-09-20T07:31:27.118Z,COMPLETE_FOR_MAPPABLE_ROWS,compact-proximity-endpoint,Afet toplanma alanları,https://acikveri.bizizmir.com/dataset/afet-ve-acil-durum-toplanma-alanlari,CC BY 4.0,İzmir Büyükşehir Belediyesi Açık Veri Portalı
assembly:kaggle:1275:38.556498543733:26.563870081883,assembly,Emergency Assembly Area,2 NO LU AFET VE ACİL DURUM TOPLANMA ALANI,38.556498543733,26.563870081883,,,,,,,2026-09-20T07:31:27.118Z,COMPLETE_FOR_MAPPABLE_ROWS,compact-proximity-endpoint,Afet toplanma alanları,https://acikveri.bizizmir.com/dataset/afet-ve-acil-durum-toplanma-alanlari,CC BY 4.0,İzmir Büyükşehir Belediyesi Açık Veri Portalı
assembly:kaggle:1276:38.391718836827:27.083497501373,assembly,Emergency Assembly Area,2 NO LU AFET VE ACİL DURUM TOPLANMA ALANI,38.391718836827,27.083497501373,,,,,,,2026-09-20T07:31:27.118Z,COMPLETE_FOR_MAPPABLE_ROWS,compact-proximity-endpoint,Afet toplanma alanları,https://acikveri.bizizmir.com/dataset/afet-ve-acil-durum-toplanma-alanlari,CC BY 4.0,İzmir Büyükşehir Belediyesi Açık Veri Portalı
assembly:kaggle:1277:38.65720698914:26.847002480045,assembly,Emergency Assembly Area,2 NO LU AFET VE ACİL DURUM TOPLANMA ALANI,38.65720698914,26.847002480045,,,,,,,2026-09-20T07:31:27.118Z,COMPLETE_FOR_MAPPABLE_ROWS,compact-proximity-endpoint,Afet toplanma alanları,https://acikveri.bizizmir.com/dataset/afet-ve-acil-durum-toplanma-alanlari,CC BY 4.0,İzmir Büyükşehir Belediyesi Açık Veri Portalı
assembly:kaggle:1278:38.341373546815:27.397282286033,assembly,Emergency Assembly Area,2 NO LU AFET VE ACİL DURUM TOPLANMA ALANI,38.341373546815,27.397282286033,,,,,,,2026-09-20T07:31:27.118Z,COMPLETE_FOR_MAPPABLE_ROWS,compact-proximity-endpoint,Afet toplanma alanları,https://acikveri.bizizmir.com/dataset/afet-ve-acil-durum-toplanma-alanlari,CC BY 4.0,İzmir Büyükşehir Belediyesi Açık Veri Portalı
assembly:kaggle:1279:38.455582864641:27.450518320987,assembly,Emergency Assembly Area,2 NO LU AFET VE ACİL DURUM TOPLANMA ALANI,38.455582864641,27.450518320987,,,,,,,2026-09-20T07:31:27.118Z,COMPLETE_FOR_MAPPABLE_ROWS,compact-proximity-endpoint,Afet toplanma alanları,https://acikveri.bizizmir.com/dataset/afet-ve-acil-durum-toplanma-alanlari,CC BY 4.0,İzmir Büyükşehir Belediyesi Açık Veri Portalı
assembly:kaggle:1280:38.404129546944:27.114954270572,assembly,Emergency Assembly Area,2 NO LU AFET VE ACİL DURUM TOPLANMA ALANI,38.404129546944,27.114954270572,,,,,,,2026-09-20T07:31:27.118Z,COMPLETE_FOR_MAPPABLE_ROWS,compact-proximity-endpoint,Afet toplanma alanları,https://acikveri.bizizmir.com/dataset/afet-ve-acil-durum-toplanma-alanlari,CC BY 4.0,İzmir Büyükşehir Belediyesi Açık Veri Portalı
assembly:kaggle:1281:38.384280693815:27.116711142319,assembly,Emergency Assembly Area,2 NO LU AFET VE ACİL DURUM TOPLANMA ALANI,38.384280693815,27.116711142319,,,,,,,2026-09-20T07:31:27.118Z,COMPLETE_FOR_MAPPABLE_ROWS,compact-proximity-endpoint,Afet toplanma alanları,https://acikveri.bizizmir.com/dataset/afet-ve-acil-durum-toplanma-alanlari,CC BY 4.0,İzmir Büyükşehir Belediyesi Açık Veri Portalı
assembly:kaggle:1282:38.323265914658:26.704621402641,assembly,Emergency Assembly Area,2 NO LU AFET VE ACİL DURUM TOPLANMA ALANI,38.323265914658,26.704621402641,,,,,,,2026-09-20T07:31:27.118Z,COMPLETE_FOR_MAPPABLE_ROWS,compact-proximity-endpoint,Afet toplanma alanları,https://acikveri.bizizmir.com/dataset/afet-ve-acil-durum-toplanma-alanlari,CC BY 4.0,İzmir Büyükşehir Belediyesi Açık Veri Portalı
assembly:kaggle:1283:38.43070950058:27.138074751988,assembly,Emergency Assembly Area,2 NO LU AFET VE ACİL DURUM TOPLANMA ALANI,38.43070950058,27.138074751988,,,,,,,2026-09-20T07:31:27.118Z,COMPLETE_FOR_MAPPABLE_ROWS,compact-proximity-endpoint,Afet toplanma alanları,https://acikveri.bizizmir.com/dataset/afet-ve-acil-durum-toplanma-alanlari,CC BY 4.0,İzmir Büyükşehir Belediyesi Açık Veri Portalı
assembly:kaggle:1284:38.320223178652:26.768865355564,assembly,Emergency Assembly Area,2 NO LU AFET VE ACİL DURUM TOPLANMA ALANI,38.320223178652,26.768865355564,,,,,,,2026-09-20T07:31:27.118Z,COMPLETE_FOR_MAPPABLE_ROWS,compact-proximity-endpoint,Afet toplanma alanları,https://acikveri.bizizmir.com/dataset/afet-ve-acil-durum-toplanma-alanlari,CC BY 4.0,İzmir Büyükşehir Belediyesi Açık Veri Portalı
assembly:kaggle:1285:38.321435053247:26.577753557304,assembly,Emergency Assembly Area,2 NO LU AFET VE ACİL DURUM TOPLANMA ALANI,38.321435053247,26.577753557304,,,,,,,2026-09-20T07:31:27.118Z,COMPLETE_FOR_MAPPABLE_ROWS,compact-proximity-endpoint,Afet toplanma alanları,https://acikveri.bizizmir.com/dataset/afet-ve-acil-durum-toplanma-alanlari,CC BY 4.0,İzmir Büyükşehir Belediyesi Açık Veri Portalı
assembly:kaggle:1286:38.43719752236:27.173200775323,assembly,Emergency Assembly Area,2 NO LU AFET VE ACİL DURUM TOPLANMA ALANI,38.43719752236,27.173200775323,,,,,,,2026-09-20T07:31:27.118Z,COMPLETE_FOR_MAPPABLE_ROWS,compact-proximity-endpoint,Afet toplanma alanları,https://acikveri.bizizmir.com/dataset/afet-ve-acil-durum-toplanma-alanlari,CC BY 4.0,İzmir Büyükşehir Belediyesi Açık Veri Portalı
assembly:kaggle:1287:38.380718995019:27.100888876425,assembly,Emergency Assembly Area,2 NO LU AFET VE ACİL DURUM TOPLANMA ALANI,38.380718995019,27.100888876425,,,,,,,2026-09-20T07:31:27.118Z,COMPLETE_FOR_MAPPABLE_ROWS,compact-proximity-endpoint,Afet toplanma alanları,https://acikveri.bizizmir.com/dataset/afet-ve-acil-durum-toplanma-alanlari,CC BY 4.0,İzmir Büyükşehir Belediyesi Açık Veri Portalı
assembly:kaggle:1288:38.481152780468:27.405629052017,assembly,Emergency Assembly Area,2 NO LU AFET VE ACİL DURUM TOPLANMA ALANI,38.481152780468,27.405629052017,,,,,,,2026-09-20T07:31:27.118Z,COMPLETE_FOR_MAPPABLE_ROWS,compact-proximity-endpoint,Afet toplanma alanları,https://acikveri.bizizmir.com/dataset/afet-ve-acil-durum-toplanma-alanlari,CC BY 4.0,İzmir Büyükşehir Belediyesi Açık Veri Portalı
assembly:kaggle:1289:38.359841566471:27.094666218029,assembly,Emergency Assembly Area,2 NO LU AFET VE ACİL DURUM TOPLANMA ALANI,38.359841566471,27.094666218029,,,,,,,2026-09-20T07:31:27.118Z,COMPLETE_FOR_MAPPABLE_ROWS,compact-proximity-endpoint,Afet toplanma alanları,https://acikveri.bizizmir.com/dataset/afet-ve-acil-durum-toplanma-alanlari,CC BY 4.0,İzmir Büyükşehir Belediyesi Açık Veri Portalı
assembly:kaggle:1290:38.411763761296:27.630386435712,assembly,Emergency Assembly Area,2 NO LU AFET VE ACİL DURUM TOPLANMA ALANI,38.411763761296,27.630386435712,,,,,,,2026-09-20T07:31:27.118Z,COMPLETE_FOR_MAPPABLE_ROWS,compact-proximity-endpoint,Afet toplanma alanları,https://acikveri.bizizmir.com/dataset/afet-ve-acil-durum-toplanma-alanlari,CC BY 4.0,İzmir Büyükşehir Belediyesi Açık Veri Portalı
assembly:kaggle:1291:38.325614293343:26.772912779073,assembly,Emergency Assembly Area,2 NO LU AFET VE ACİL DURUM TOPLANMA ALANI,38.325614293343,26.772912779073,,,,,,,2026-09-20T07:31:27.118Z,COMPLETE_FOR_MAPPABLE_ROWS,compact-proximity-endpoint,Afet toplanma alanları,https://acikveri.bizizmir.com/dataset/afet-ve-acil-durum-toplanma-alanlari,CC BY 4.0,İzmir Büyükşehir Belediyesi Açık Veri Portalı
assembly:kaggle:1292:37.960175276181:27.37252086892,assembly,Emergency Assembly Area,2 NO LU AFET VE ACİL DURUM TOPLANMA ALANI,37.960175276181,27.37252086892,,,,,,,2026-09-20T07:31:27.118Z,COMPLETE_FOR_MAPPABLE_ROWS,compact-proximity-endpoint,Afet toplanma alanları,https://acikveri.bizizmir.com/dataset/afet-ve-acil-durum-toplanma-alanlari,CC BY 4.0,İzmir Büyükşehir Belediyesi Açık Veri Portalı
assembly:kaggle:1293:38.497140930893:26.421091552475,assembly,Emergency Assembly Area,2 NO LU AFET VE ACİL DURUM TOPLANMA ALANI,38.497140930893,26.421091552475,,,,,,,2026-09-20T07:31:27.118Z,COMPLETE_FOR_MAPPABLE_ROWS,compact-proximity-endpoint,Afet toplanma alanları,https://acikveri.bizizmir.com/dataset/afet-ve-acil-durum-toplanma-alanlari,CC BY 4.0,İzmir Büyükşehir Belediyesi Açık Veri Portalı
assembly:kaggle:1294:38.428751506411:27.412892523163,assembly,Emergency Assembly Area,2 NO LU AFET VE ACİL DURUM TOPLANMA ALANI,38.428751506411,27.412892523163,,,,,,,2026-09-20T07:31:27.118Z,COMPLETE_FOR_MAPPABLE_ROWS,compact-proximity-endpoint,Afet toplanma alanları,https://acikveri.bizizmir.com/dataset/afet-ve-acil-durum-toplanma-alanlari,CC BY 4.0,İzmir Büyükşehir Belediyesi Açık Veri Portalı
assembly:kaggle:1295:38.398950298422:27.13041445494,assembly,Emergency Assembly Area,2 NO LU AFET VE ACİL DURUM TOPLANMA ALANI,38.398950298422,27.13041445494,,,,,,,2026-09-20T07:31:27.118Z,COMPLETE_FOR_MAPPABLE_ROWS,compact-proximity-endpoint,Afet toplanma alanları,https://acikveri.bizizmir.com/dataset/afet-ve-acil-durum-toplanma-alanlari,CC BY 4.0,İzmir Büyükşehir Belediyesi Açık Veri Portalı
assembly:kaggle:1296:38.491700379362:27.106939721127,assembly,Emergency Assembly Area,2 NO LU AFET VE ACİL DURUM TOPLANMA ALANI,38.491700379362,27.106939721127,,,,,,,2026-09-20T07:31:27.118Z,COMPLETE_FOR_MAPPABLE_ROWS,compact-proximity-endpoint,Afet toplanma alanları,https://acikveri.bizizmir.com/dataset/afet-ve-acil-durum-toplanma-alanlari,CC BY 4.0,İzmir Büyükşehir Belediyesi Açık Veri Portalı
assembly:kaggle:1297:38.489567382171:27.082263524467,assembly,Emergency Assembly Area,2 NO LU AFET VE ACİL DURUM TOPLANMA ALANI,38.489567382171,27.082263524467,,,,,,,2026-09-20T07:31:27.118Z,COMPLETE_FOR_MAPPABLE_ROWS,compact-proximity-endpoint,Afet toplanma alanları,https://acikveri.bizizmir.com/dataset/afet-ve-acil-durum-toplanma-alanlari,CC BY 4.0,İzmir Büyükşehir Belediyesi Açık Veri Portalı
assembly:kaggle:1298:38.222079407654:28.279231373738,assembly,Emergency Assembly Area,2 NO LU AFET VE ACİL DURUM TOPLANMA ALANI,38.222079407654,28.279231373738,,,,,,,2026-09-20T07:31:27.118Z,COMPLETE_FOR_MAPPABLE_ROWS,compact-proximity-endpoint,Afet toplanma alanları,https://acikveri.bizizmir.com/dataset/afet-ve-acil-durum-toplanma-alanlari,CC BY 4.0,İzmir Büyükşehir Belediyesi Açık Veri Portalı
assembly:kaggle:1299:38.21629227376:27.642134756912,assembly,Emergency Assembly Area,2 NO LU AFET VE ACİL DURUM TOPLANMA ALANI,38.21629227376,27.642134756912,,,,,,,2026-09-20T07:31:27.118Z,COMPLETE_FOR_MAPPABLE_ROWS,compact-proximity-endpoint,Afet toplanma alanları,https://acikveri.bizizmir.com/dataset/afet-ve-acil-durum-toplanma-alanlari,CC BY 4.0,İzmir Büyükşehir Belediyesi Açık Veri Portalı
assembly:kaggle:1300:38.20421181491:27.512697381429,assembly,Emergency Assembly Area,2 NO LU AFET VE ACİL DURUM TOPLANMA ALANI,38.20421181491,27.512697381429,,,,,,,2026-09-20T07:31:27.118Z,COMPLETE_FOR_MAPPABLE_ROWS,compact-proximity-endpoint,Afet toplanma alanları,https://acikveri.bizizmir.com/dataset/afet-ve-acil-durum-toplanma-alanlari,CC BY 4.0,İzmir Büyükşehir Belediyesi Açık Veri Portalı
assembly:kaggle:1301:38.49615084276:27.086876889788,assembly,Emergency Assembly Area,2 NO LU AFET VE ACİL DURUM TOPLANMA ALANI,38.49615084276,27.086876889788,,,,,,,2026-09-20T07:31:27.118Z,COMPLETE_FOR_MAPPABLE_ROWS,compact-proximity-endpoint,Afet toplanma alanları,https://acikveri.bizizmir.com/dataset/afet-ve-acil-durum-toplanma-alanlari,CC BY 4.0,İzmir Büyükşehir Belediyesi Açık Veri Portalı
assembly:kaggle:1302:38.399168891788:27.111842932051,assembly,Emergency Assembly Area,2 NO LU AFET VE ACİL DURUM TOPLANMA ALANI,38.399168891788,27.111842932051,,,,,,,2026-09-20T07:31:27.118Z,COMPLETE_FOR_MAPPABLE_ROWS,compact-proximity-endpoint,Afet toplanma alanları,https://acikveri.bizizmir.com/dataset/afet-ve-acil-durum-toplanma-alanlari,CC BY 4.0,İzmir Büyükşehir Belediyesi Açık Veri Portalı
assembly:kaggle:1303:38.504446487003:27.089913121128,assembly,Emergency Assembly Area,2 NO LU AFET VE ACİL DURUM TOPLANMA ALANI,38.504446487003,27.089913121128,,,,,,,2026-09-20T07:31:27.118Z,COMPLETE_FOR_MAPPABLE_ROWS,compact-proximity-endpoint,Afet toplanma alanları,https://acikveri.bizizmir.com/dataset/afet-ve-acil-durum-toplanma-alanlari,CC BY 4.0,İzmir Büyükşehir Belediyesi Açık Veri Portalı
assembly:kaggle:1304:38.227212858996:26.687010278749,assembly,Emergency Assembly Area,2 NO LU AFET VE ACİL DURUM TOPLANMA ALANI,38.227212858996,26.687010278749,,,,,,,2026-09-20T07:31:27.118Z,COMPLETE_FOR_MAPPABLE_ROWS,compact-proximity-endpoint,Afet toplanma alanları,https://acikveri.bizizmir.com/dataset/afet-ve-acil-durum-toplanma-alanlari,CC BY 4.0,İzmir Büyükşehir Belediyesi Açık Veri Portalı
assembly:kaggle:1305:38.365023212477:26.706734897917,assembly,Emergency Assembly Area,2 NO LU AFET VE ACİL DURUM TOPLANMA ALANI,38.365023212477,26.706734897917,,,,,,,2026-09-20T07:31:27.118Z,COMPLETE_FOR_MAPPABLE_ROWS,compact-proximity-endpoint,Afet toplanma alanları,https://acikveri.bizizmir.com/dataset/afet-ve-acil-durum-toplanma-alanlari,CC BY 4.0,İzmir Büyükşehir Belediyesi Açık Veri Portalı
assembly:kaggle:1306:38.426137604696:27.42989764805,assembly,Emergency Assembly Area,2 NO LU AFET VE ACİL DURUM TOPLANMA ALANI,38.426137604696,27.42989764805,,,,,,,2026-09-20T07:31:27.118Z,COMPLETE_FOR_MAPPABLE_ROWS,compact-proximity-endpoint,Afet toplanma alanları,https://acikveri.bizizmir.com/dataset/afet-ve-acil-durum-toplanma-alanlari,CC BY 4.0,İzmir Büyükşehir Belediyesi Açık Veri Portalı
assembly:kaggle:1307:38.355718902768:26.813893991679,assembly,Emergency Assembly Area,2 NO LU AFET VE ACİL DURUM TOPLANMA ALANI,38.355718902768,26.813893991679,,,,,,,2026-09-20T07:31:27.118Z,COMPLETE_FOR_MAPPABLE_ROWS,compact-proximity-endpoint,Afet toplanma alanları,https://acikveri.bizizmir.com/dataset/afet-ve-acil-durum-toplanma-alanlari,CC BY 4.0,İzmir Büyükşehir Belediyesi Açık Veri Portalı
assembly:kaggle:1308:38.494152367207:27.096275306892,assembly,Emergency Assembly Area,2 NO LU AFET VE ACİL DURUM TOPLANMA ALANI,38.494152367207,27.096275306892,,,,,,,2026-09-20T07:31:27.118Z,COMPLETE_FOR_MAPPABLE_ROWS,compact-proximity-endpoint,Afet toplanma alanları,https://acikveri.bizizmir.com/dataset/afet-ve-acil-durum-toplanma-alanlari,CC BY 4.0,İzmir Büyükşehir Belediyesi Açık Veri Portalı
assembly:kaggle:1309:38.146602319931:27.364195035997,assembly,Emergency Assembly Area,2 NO LU AFET VE ACİL DURUM TOPLANMA ALANI,38.146602319931,27.364195035997,,,,,,,2026-09-20T07:31:27.118Z,COMPLETE_FOR_MAPPABLE_ROWS,compact-proximity-endpoint,Afet toplanma alanları,https://acikveri.bizizmir.com/dataset/afet-ve-acil-durum-toplanma-alanlari,CC BY 4.0,İzmir Büyükşehir Belediyesi Açık Veri Portalı
assembly:kaggle:1310:38.338672374043:27.454895852495,assembly,Emergency Assembly Area,2 NO LU AFET VE ACİL DURUM TOPLANMA ALANI,38.338672374043,27.454895852495,,,,,,,2026-09-20T07:31:27.118Z,COMPLETE_FOR_MAPPABLE_ROWS,compact-proximity-endpoint,Afet toplanma alanları,https://acikveri.bizizmir.com/dataset/afet-ve-acil-durum-toplanma-alanlari,CC BY 4.0,İzmir Büyükşehir Belediyesi Açık Veri Portalı
assembly:kaggle:1311:38.415832524766:27.662733710014,assembly,Emergency Assembly Area,2 NO LU AFET VE ACİL DURUM TOPLANMA ALANI,38.415832524766,27.662733710014,,,,,,,2026-09-20T07:31:27.118Z,COMPLETE_FOR_MAPPABLE_ROWS,compact-proximity-endpoint,Afet toplanma alanları,https://acikveri.bizizmir.com/dataset/afet-ve-acil-durum-toplanma-alanlari,CC BY 4.0,İzmir Büyükşehir Belediyesi Açık Veri Portalı
assembly:kaggle:1312:38.307713827065:26.683002934545,assembly,Emergency Assembly Area,2 NO LU AFET VE ACİL DURUM TOPLANMA ALANI,38.307713827065,26.683002934545,,,,,,,2026-09-20T07:31:27.118Z,COMPLETE_FOR_MAPPABLE_ROWS,compact-proximity-endpoint,Afet toplanma alanları,https://acikveri.bizizmir.com/dataset/afet-ve-acil-durum-toplanma-alanlari,CC BY 4.0,İzmir Büyükşehir Belediyesi Açık Veri Portalı
assembly:kaggle:1313:38.391744054921:27.074942638409,assembly,Emergency Assembly Area,2 NO LU AFET VE ACİL DURUM TOPLANMA ALANI,38.391744054921,27.074942638409,,,,,,,2026-09-20T07:31:27.118Z,COMPLETE_FOR_MAPPABLE_ROWS,compact-proximity-endpoint,Afet toplanma alanları,https://acikveri.bizizmir.com/dataset/afet-ve-acil-durum-toplanma-alanlari,CC BY 4.0,İzmir Büyükşehir Belediyesi Açık Veri Portalı
assembly:kaggle:1314:38.504798975504:26.959429664735,assembly,Emergency Assembly Area,2 NO LU AFET VE ACİL DURUM TOPLANMA ALANI,38.504798975504,26.959429664735,,,,,,,2026-09-20T07:31:27.118Z,COMPLETE_FOR_MAPPABLE_ROWS,compact-proximity-endpoint,Afet toplanma alanları,https://acikveri.bizizmir.com/dataset/afet-ve-acil-durum-toplanma-alanlari,CC BY 4.0,İzmir Büyükşehir Belediyesi Açık Veri Portalı
assembly:kaggle:1315:38.195439796906:28.339312610936,assembly,Emergency Assembly Area,2 NO LU AFET VE ACİL DURUM TOPLANMA ALANI,38.195439796906,28.339312610936,,,,,,,2026-09-20T07:31:27.118Z,COMPLETE_FOR_MAPPABLE_ROWS,compact-proximity-endpoint,Afet toplanma alanları,https://acikveri.bizizmir.com/dataset/afet-ve-acil-durum-toplanma-alanlari,CC BY 4.0,İzmir Büyükşehir Belediyesi Açık Veri Portalı
assembly:kaggle:1316:38.362916090146:26.843103088754,assembly,Emergency Assembly Area,2 NO LU AFET VE ACİL DURUM TOPLANMA ALANI,38.362916090146,26.843103088754,,,,,,,2026-09-20T07:31:27.118Z,COMPLETE_FOR_MAPPABLE_ROWS,compact-proximity-endpoint,Afet toplanma alanları,https://acikveri.bizizmir.com/dataset/afet-ve-acil-durum-toplanma-alanlari,CC BY 4.0,İzmir Büyükşehir Belediyesi Açık Veri Portalı
assembly:kaggle:1317:38.230692998305:28.208271176254,assembly,Emergency Assembly Area,2 NO LU AFET VE ACİL DURUM TOPLANMA ALANI,38.230692998305,28.208271176254,,,,,,,2026-09-20T07:31:27.118Z,COMPLETE_FOR_MAPPABLE_ROWS,compact-proximity-endpoint,Afet toplanma alanları,https://acikveri.bizizmir.com/dataset/afet-ve-acil-durum-toplanma-alanlari,CC BY 4.0,İzmir Büyükşehir Belediyesi Açık Veri Portalı
assembly:kaggle:1318:38.38330933099:27.1049443518,assembly,Emergency Assembly Area,2 NO LU AFET VE ACİL DURUM TOPLANMA ALANI,38.38330933099,27.1049443518,,,,,,,2026-09-20T07:31:27.118Z,COMPLETE_FOR_MAPPABLE_ROWS,compact-proximity-endpoint,Afet toplanma alanları,https://acikveri.bizizmir.com/dataset/afet-ve-acil-durum-toplanma-alanlari,CC BY 4.0,İzmir Büyükşehir Belediyesi Açık Veri Portalı
assembly:kaggle:1319:38.394207970088:27.17946645658,assembly,Emergency Assembly Area,2 NO LU AFET VE ACİL DURUM TOPLANMA ALANI,38.394207970088,27.17946645658,,,,,,,2026-09-20T07:31:27.118Z,COMPLETE_FOR_MAPPABLE_ROWS,compact-proximity-endpoint,Afet toplanma alanları,https://acikveri.bizizmir.com/dataset/afet-ve-acil-durum-toplanma-alanlari,CC BY 4.0,İzmir Büyükşehir Belediyesi Açık Veri Portalı
assembly:kaggle:1320:38.39583922995:27.160970032781,assembly,Emergency Assembly Area,2 NO LU AFET VE ACİL DURUM TOPLANMA ALANI,38.39583922995,27.160970032781,,,,,,,2026-09-20T07:31:27.118Z,COMPLETE_FOR_MAPPABLE_ROWS,compact-proximity-endpoint,Afet toplanma alanları,https://acikveri.bizizmir.com/dataset/afet-ve-acil-durum-toplanma-alanlari,CC BY 4.0,İzmir Büyükşehir Belediyesi Açık Veri Portalı
assembly:kaggle:1321:38.388607518176:27.172235266567,assembly,Emergency Assembly Area,2 NO LU AFET VE ACİL DURUM TOPLANMA ALANI,38.388607518176,27.172235266567,,,,,,,2026-09-20T07:31:27.118Z,COMPLETE_FOR_MAPPABLE_ROWS,compact-proximity-endpoint,Afet toplanma alanları,https://acikveri.bizizmir.com/dataset/afet-ve-acil-durum-toplanma-alanlari,CC BY 4.0,İzmir Büyükşehir Belediyesi Açık Veri Portalı
assembly:kaggle:1322:38.19806944844:27.243410324688,assembly,Emergency Assembly Area,2 NO LU AFET VE ACİL DURUM TOPLANMA ALANI,38.19806944844,27.243410324688,,,,,,,2026-09-20T07:31:27.118Z,COMPLETE_FOR_MAPPABLE_ROWS,compact-proximity-endpoint,Afet toplanma alanları,https://acikveri.bizizmir.com/dataset/afet-ve-acil-durum-toplanma-alanlari,CC BY 4.0,İzmir Büyükşehir Belediyesi Açık Veri Portalı
assembly:kaggle:1323:38.393064283524:27.095749768673,assembly,Emergency Assembly Area,2 NO LU AFET VE ACİL DURUM TOPLANMA ALANI,38.393064283524,27.095749768673,,,,,,,2026-09-20T07:31:27.118Z,COMPLETE_FOR_MAPPABLE_ROWS,compact-proximity-endpoint,Afet toplanma alanları,https://acikveri.bizizmir.com/dataset/afet-ve-acil-durum-toplanma-alanlari,CC BY 4.0,İzmir Büyükşehir Belediyesi Açık Veri Portalı
assembly:kaggle:1324:39.089163709545:27.371918204029,assembly,Emergency Assembly Area,2 NO LU AFET VE ACİL DURUM TOPLANMA ALANI,39.089163709545,27.371918204029,,,,,,,2026-09-20T07:31:27.118Z,COMPLETE_FOR_MAPPABLE_ROWS,compact-proximity-endpoint,Afet toplanma alanları,https://acikveri.bizizmir.com/dataset/afet-ve-acil-durum-toplanma-alanlari,CC BY 4.0,İzmir Büyükşehir Belediyesi Açık Veri Portalı
assembly:kaggle:1325:38.319924352456:26.760000699841,assembly,Emergency Assembly Area,2 NO LU AFET VE ACİL DURUM TOPLANMA ALANI,38.319924352456,26.760000699841,,,,,,,2026-09-20T07:31:27.118Z,COMPLETE_FOR_MAPPABLE_ROWS,compact-proximity-endpoint,Afet toplanma alanları,https://acikveri.bizizmir.com/dataset/afet-ve-acil-durum-toplanma-alanlari,CC BY 4.0,İzmir Büyükşehir Belediyesi Açık Veri Portalı
assembly:kaggle:1326:38.408993668772:27.600442406951,assembly,Emergency Assembly Area,2 NO LU AFET VE ACİL DURUM TOPLANMA ALANI,38.408993668772,27.600442406951,,,,,,,2026-09-20T07:31:27.118Z,COMPLETE_FOR_MAPPABLE_ROWS,compact-proximity-endpoint,Afet toplanma alanları,https://acikveri.bizizmir.com/dataset/afet-ve-acil-durum-toplanma-alanlari,CC BY 4.0,İzmir Büyükşehir Belediyesi Açık Veri Portalı
assembly:kaggle:1327:38.106108196108:27.437107902661,assembly,Emergency Assembly Area,2 NO LU AFET VE ACİL DURUM TOPLANMA ALANI,38.106108196108,27.437107902661,,,,,,,2026-09-20T07:31:27.118Z,COMPLETE_FOR_MAPPABLE_ROWS,compact-proximity-endpoint,Afet toplanma alanları,https://acikveri.bizizmir.com/dataset/afet-ve-acil-durum-toplanma-alanlari,CC BY 4.0,İzmir Büyükşehir Belediyesi Açık Veri Portalı
assembly:kaggle:1328:38.383570070483:27.133021575066,assembly,Emergency Assembly Area,2 NO LU AFET VE ACİL DURUM TOPLANMA ALANI,38.383570070483,27.133021575066,,,,,,,2026-09-20T07:31:27.118Z,COMPLETE_FOR_MAPPABLE_ROWS,compact-proximity-endpoint,Afet toplanma alanları,https://acikveri.bizizmir.com/dataset/afet-ve-acil-durum-toplanma-alanlari,CC BY 4.0,İzmir Büyükşehir Belediyesi Açık Veri Portalı
assembly:kaggle:1329:38.392004751874:27.091350969657,assembly,Emergency Assembly Area,2 NO LU AFET VE ACİL DURUM TOPLANMA ALANI,38.392004751874,27.091350969657,,,,,,,2026-09-20T07:31:27.118Z,COMPLETE_FOR_MAPPABLE_ROWS,compact-proximity-endpoint,Afet toplanma alanları,https://acikveri.bizizmir.com/dataset/afet-ve-acil-durum-toplanma-alanlari,CC BY 4.0,İzmir Büyükşehir Belediyesi Açık Veri Portalı
assembly:kaggle:1330:38.401506338428:27.123590944939,assembly,Emergency Assembly Area,2 NO LU AFET VE ACİL DURUM TOPLANMA ALANI,38.401506338428,27.123590944939,,,,,,,2026-09-20T07:31:27.118Z,COMPLETE_FOR_MAPPABLE_ROWS,compact-proximity-endpoint,Afet toplanma alanları,https://acikveri.bizizmir.com/dataset/afet-ve-acil-durum-toplanma-alanlari,CC BY 4.0,İzmir Büyükşehir Belediyesi Açık Veri Portalı
assembly:kaggle:1331:38.242717542644:27.32283542553,assembly,Emergency Assembly Area,2 NO LU AFET VE ACİL DURUM TOPLANMA ALANI,38.242717542644,27.32283542553,,,,,,,2026-09-20T07:31:27.118Z,COMPLETE_FOR_MAPPABLE_ROWS,compact-proximity-endpoint,Afet toplanma alanları,https://acikveri.bizizmir.com/dataset/afet-ve-acil-durum-toplanma-alanlari,CC BY 4.0,İzmir Büyükşehir Belediyesi Açık Veri Portalı
assembly:kaggle:1332:38.431029139335:27.399599557646,assembly,Emergency Assembly Area,2 NO LU AFET VE ACİL DURUM TOPLANMA ALANI,38.431029139335,27.399599557646,,,,,,,2026-09-20T07:31:27.118Z,COMPLETE_FOR_MAPPABLE_ROWS,compact-proximity-endpoint,Afet toplanma alanları,https://acikveri.bizizmir.com/dataset/afet-ve-acil-durum-toplanma-alanlari,CC BY 4.0,İzmir Büyükşehir Belediyesi Açık Veri Portalı
assembly:kaggle:1333:38.507074334399:27.065478313861,assembly,Emergency Assembly Area,2 NO LU AFET VE ACİL DURUM TOPLANMA ALANI,38.507074334399,27.065478313861,,,,,,,2026-09-20T07:31:27.118Z,COMPLETE_FOR_MAPPABLE_ROWS,compact-proximity-endpoint,Afet toplanma alanları,https://acikveri.bizizmir.com/dataset/afet-ve-acil-durum-toplanma-alanlari,CC BY 4.0,İzmir Büyükşehir Belediyesi Açık Veri Portalı
assembly:kaggle:1334:38.290113068519:27.518598075971,assembly,Emergency Assembly Area,2 NO LU AFET VE ACİL DURUM TOPLANMA ALANI,38.290113068519,27.518598075971,,,,,,,2026-09-20T07:31:27.118Z,COMPLETE_FOR_MAPPABLE_ROWS,compact-proximity-endpoint,Afet toplanma alanları,https://acikveri.bizizmir.com/dataset/afet-ve-acil-durum-toplanma-alanlari,CC BY 4.0,İzmir Büyükşehir Belediyesi Açık Veri Portalı
assembly:kaggle:1335:38.461085377065:27.127410290597,assembly,Emergency Assembly Area,2 NO LU AFET VE ACİL DURUM TOPLANMA ALANI,38.461085377065,27.127410290597,,,,,,,2026-09-20T07:31:27.118Z,COMPLETE_FOR_MAPPABLE_ROWS,compact-proximity-endpoint,Afet toplanma alanları,https://acikveri.bizizmir.com/dataset/afet-ve-acil-durum-toplanma-alanlari,CC BY 4.0,İzmir Büyükşehir Belediyesi Açık Veri Portalı
assembly:kaggle:1336:38.096078510686:27.721066592549,assembly,Emergency Assembly Area,2 NO LU AFET VE ACİL DURUM TOPLANMA ALANI,38.096078510686,27.721066592549,,,,,,,2026-09-20T07:31:27.118Z,COMPLETE_FOR_MAPPABLE_ROWS,compact-proximity-endpoint,Afet toplanma alanları,https://acikveri.bizizmir.com/dataset/afet-ve-acil-durum-toplanma-alanlari,CC BY 4.0,İzmir Büyükşehir Belediyesi Açık Veri Portalı
assembly:kaggle:1337:38.502146270398:27.380952817073,assembly,Emergency Assembly Area,2 NO LU AFET VE ACİL DURUM TOPLANMA ALANI,38.502146270398,27.380952817073,,,,,,,2026-09-20T07:31:27.118Z,COMPLETE_FOR_MAPPABLE_ROWS,compact-proximity-endpoint,Afet toplanma alanları,https://acikveri.bizizmir.com/dataset/afet-ve-acil-durum-toplanma-alanlari,CC BY 4.0,İzmir Büyükşehir Belediyesi Açık Veri Portalı
assembly:kaggle:1338:38.390482718816:27.103796359912,assembly,Emergency Assembly Area,2 NO LU AFET VE ACİL DURUM TOPLANMA ALANI,38.390482718816,27.103796359912,,,,,,,2026-09-20T07:31:27.118Z,COMPLETE_FOR_MAPPABLE_ROWS,compact-proximity-endpoint,Afet toplanma alanları,https://acikveri.bizizmir.com/dataset/afet-ve-acil-durum-toplanma-alanlari,CC BY 4.0,İzmir Büyükşehir Belediyesi Açık Veri Portalı
assembly:kaggle:1339:38.408363123932:27.585255815783,assembly,Emergency Assembly Area,2 NO LU AFET VE ACİL DURUM TOPLANMA ALANI,38.408363123932,27.585255815783,,,,,,,2026-09-20T07:31:27.118Z,COMPLETE_FOR_MAPPABLE_ROWS,compact-proximity-endpoint,Afet toplanma alanları,https://acikveri.bizizmir.com/dataset/afet-ve-acil-durum-toplanma-alanlari,CC BY 4.0,İzmir Büyükşehir Belediyesi Açık Veri Portalı
assembly:kaggle:1340:38.367580950254:27.163502072941,assembly,Emergency Assembly Area,2 NO LU AFET VE ACİL DURUM TOPLANMA ALANI,38.367580950254,27.163502072941,,,,,,,2026-09-20T07:31:27.118Z,COMPLETE_FOR_MAPPABLE_ROWS,compact-proximity-endpoint,Afet toplanma alanları,https://acikveri.bizizmir.com/dataset/afet-ve-acil-durum-toplanma-alanlari,CC BY 4.0,İzmir Büyükşehir Belediyesi Açık Veri Portalı
assembly:kaggle:1341:38.349555373714:26.302410038988,assembly,Emergency Assembly Area,2 NO LU AFET VE ACİL DURUM TOPLANMA ALANI,38.349555373714,26.302410038988,,,,,,,2026-09-20T07:31:27.118Z,COMPLETE_FOR_MAPPABLE_ROWS,compact-proximity-endpoint,Afet toplanma alanları,https://acikveri.bizizmir.com/dataset/afet-ve-acil-durum-toplanma-alanlari,CC BY 4.0,İzmir Büyükşehir Belediyesi Açık Veri Portalı
assembly:kaggle:1342:38.413058402991:27.651296831673,assembly,Emergency Assembly Area,2 NO LU AFET VE ACİL DURUM TOPLANMA ALANI,38.413058402991,27.651296831673,,,,,,,2026-09-20T07:31:27.118Z,COMPLETE_FOR_MAPPABLE_ROWS,compact-proximity-endpoint,Afet toplanma alanları,https://acikveri.bizizmir.com/dataset/afet-ve-acil-durum-toplanma-alanlari,CC BY 4.0,İzmir Büyükşehir Belediyesi Açık Veri Portalı
assembly:kaggle:1343:38.33396321623:26.788010843009,assembly,Emergency Assembly Area,2 NO LU AFET VE ACİL DURUM TOPLANMA ALANI,38.33396321623,26.788010843009,,,,,,,2026-09-20T07:31:27.118Z,COMPLETE_FOR_MAPPABLE_ROWS,compact-proximity-endpoint,Afet toplanma alanları,https://acikveri.bizizmir.com/dataset/afet-ve-acil-durum-toplanma-alanlari,CC BY 4.0,İzmir Büyükşehir Belediyesi Açık Veri Portalı
assembly:kaggle:1344:38.237316018766:27.282999466171,assembly,Emergency Assembly Area,2 NO LU AFET VE ACİL DURUM TOPLANMA ALANI,38.237316018766,27.282999466171,,,,,,,2026-09-20T07:31:27.118Z,COMPLETE_FOR_MAPPABLE_ROWS,compact-proximity-endpoint,Afet toplanma alanları,https://acikveri.bizizmir.com/dataset/afet-ve-acil-durum-toplanma-alanlari,CC BY 4.0,İzmir Büyükşehir Belediyesi Açık Veri Portalı
assembly:kaggle:1345:38.145547666683:27.40188524872,assembly,Emergency Assembly Area,2 NO LU AFET VE ACİL DURUM TOPLANMA ALANI,38.145547666683,27.40188524872,,,,,,,2026-09-20T07:31:27.118Z,COMPLETE_FOR_MAPPABLE_ROWS,compact-proximity-endpoint,Afet toplanma alanları,https://acikveri.bizizmir.com/dataset/afet-ve-acil-durum-toplanma-alanlari,CC BY 4.0,İzmir Büyükşehir Belediyesi Açık Veri Portalı
assembly:kaggle:1346:38.463858005922:27.482929960704,assembly,Emergency Assembly Area,2 NO LU AFET VE ACİL DURUM TOPLANMA ALANI,38.463858005922,27.482929960704,,,,,,,2026-09-20T07:31:27.118Z,COMPLETE_FOR_MAPPABLE_ROWS,compact-proximity-endpoint,Afet toplanma alanları,https://acikveri.bizizmir.com/dataset/afet-ve-acil-durum-toplanma-alanlari,CC BY 4.0,İzmir Büyükşehir Belediyesi Açık Veri Portalı
assembly:kaggle:1347:38.458556627135:27.113505792552,assembly,Emergency Assembly Area,2 NO LU AFET VE ACİL DURUM TOPLANMA ALANI,38.458556627135,27.113505792552,,,,,,,2026-09-20T07:31:27.118Z,COMPLETE_FOR_MAPPABLE_ROWS,compact-proximity-endpoint,Afet toplanma alanları,https://acikveri.bizizmir.com/dataset/afet-ve-acil-durum-toplanma-alanlari,CC BY 4.0,İzmir Büyükşehir Belediyesi Açık Veri Portalı
assembly:kaggle:1348:38.369936258098:27.191783139531,assembly,Emergency Assembly Area,2 NO LU AFET VE ACİL DURUM TOPLANMA ALANI,38.369936258098,27.191783139531,,,,,,,2026-09-20T07:31:27.118Z,COMPLETE_FOR_MAPPABLE_ROWS,compact-proximity-endpoint,Afet toplanma alanları,https://acikveri.bizizmir.com/dataset/afet-ve-acil-durum-toplanma-alanlari,CC BY 4.0,İzmir Büyükşehir Belediyesi Açık Veri Portalı
assembly:kaggle:1349:38.295537912446:27.43704590985,assembly,Emergency Assembly Area,2 NO LU AFET VE ACİL DURUM TOPLANMA ALANI,38.295537912446,27.43704590985,,,,,,,2026-09-20T07:31:27.118Z,COMPLETE_FOR_MAPPABLE_ROWS,compact-proximity-endpoint,Afet toplanma alanları,https://acikveri.bizizmir.com/dataset/afet-ve-acil-durum-toplanma-alanlari,CC BY 4.0,İzmir Büyükşehir Belediyesi Açık Veri Portalı
assembly:kaggle:1350:38.357906269607:26.778918157634,assembly,Emergency Assembly Area,2 NO LU AFET VE ACİL DURUM TOPLANMA ALANI,38.357906269607,26.778918157634,,,,,,,2026-09-20T07:31:27.118Z,COMPLETE_FOR_MAPPABLE_ROWS,compact-proximity-endpoint,Afet toplanma alanları,https://acikveri.bizizmir.com/dataset/afet-ve-acil-durum-toplanma-alanlari,CC BY 4.0,İzmir Büyükşehir Belediyesi Açık Veri Portalı
assembly:kaggle:1351:38.521991782223:27.063531014173,assembly,Emergency Assembly Area,2 NO LU AFET VE ACİL DURUM TOPLANMA ALANI,38.521991782223,27.063531014173,,,,,,,2026-09-20T07:31:27.118Z,COMPLETE_FOR_MAPPABLE_ROWS,compact-proximity-endpoint,Afet toplanma alanları,https://acikveri.bizizmir.com/dataset/afet-ve-acil-durum-toplanma-alanlari,CC BY 4.0,İzmir Büyükşehir Belediyesi Açık Veri Portalı
assembly:kaggle:1352:38.482378653693:27.098614201618,assembly,Emergency Assembly Area,2 NO LU AFET VE ACİL DURUM TOPLANMA ALANI,38.482378653693,27.098614201618,,,,,,,2026-09-20T07:31:27.118Z,COMPLETE_FOR_MAPPABLE_ROWS,compact-proximity-endpoint,Afet toplanma alanları,https://acikveri.bizizmir.com/dataset/afet-ve-acil-durum-toplanma-alanlari,CC BY 4.0,İzmir Büyükşehir Belediyesi Açık Veri Portalı
assembly:kaggle:1353:38.485855535188:27.091061132648,assembly,Emergency Assembly Area,2 NO LU AFET VE ACİL DURUM TOPLANMA ALANI,38.485855535188,27.091061132648,,,,,,,2026-09-20T07:31:27.118Z,COMPLETE_FOR_MAPPABLE_ROWS,compact-proximity-endpoint,Afet toplanma alanları,https://acikveri.bizizmir.com/dataset/afet-ve-acil-durum-toplanma-alanlari,CC BY 4.0,İzmir Büyükşehir Belediyesi Açık Veri Portalı
assembly:kaggle:1354:38.731532232387:26.892299270308,assembly,Emergency Assembly Area,2 NO LU AFET VE ACİL DURUM TOPLANMA ALANI,38.731532232387,26.892299270308,,,,,,,2026-09-20T07:31:27.118Z,COMPLETE_FOR_MAPPABLE_ROWS,compact-proximity-endpoint,Afet toplanma alanları,https://acikveri.bizizmir.com/dataset/afet-ve-acil-durum-toplanma-alanlari,CC BY 4.0,İzmir Büyükşehir Belediyesi Açık Veri Portalı
assembly:kaggle:1355:38.469905822018:27.098077783749,assembly,Emergency Assembly Area,2 NO LU AFET VE ACİL DURUM TOPLANMA ALANI,38.469905822018,27.098077783749,,,,,,,2026-09-20T07:31:27.118Z,COMPLETE_FOR_MAPPABLE_ROWS,compact-proximity-endpoint,Afet toplanma alanları,https://acikveri.bizizmir.com/dataset/afet-ve-acil-durum-toplanma-alanlari,CC BY 4.0,İzmir Büyükşehir Belediyesi Açık Veri Portalı
assembly:kaggle:1356:38.439290222438:27.365267439412,assembly,Emergency Assembly Area,2 NO LU AFET VE ACİL DURUM TOPLANMA ALANI,38.439290222438,27.365267439412,,,,,,,2026-09-20T07:31:27.118Z,COMPLETE_FOR_MAPPABLE_ROWS,compact-proximity-endpoint,Afet toplanma alanları,https://acikveri.bizizmir.com/dataset/afet-ve-acil-durum-toplanma-alanlari,CC BY 4.0,İzmir Büyükşehir Belediyesi Açık Veri Portalı
assembly:kaggle:1357:38.368809074909:27.168887919666,assembly,Emergency Assembly Area,2 NO LU AFET VE ACİL DURUM TOPLANMA ALANI,38.368809074909,27.168887919666,,,,,,,2026-09-20T07:31:27.118Z,COMPLETE_FOR_MAPPABLE_ROWS,compact-proximity-endpoint,Afet toplanma alanları,https://acikveri.bizizmir.com/dataset/afet-ve-acil-durum-toplanma-alanlari,CC BY 4.0,İzmir Büyükşehir Belediyesi Açık Veri Portalı
assembly:kaggle:1358:38.672184965385:26.441432995614,assembly,Emergency Assembly Area,2 NO LU AFET VE ACİL DURUM TOPLANMA ALANI,38.672184965385,26.441432995614,,,,,,,2026-09-20T07:31:27.118Z,COMPLETE_FOR_MAPPABLE_ROWS,compact-proximity-endpoint,Afet toplanma alanları,https://acikveri.bizizmir.com/dataset/afet-ve-acil-durum-toplanma-alanlari,CC BY 4.0,İzmir Büyükşehir Belediyesi Açık Veri Portalı
assembly:kaggle:1359:38.397070909682:27.005488514937,assembly,Emergency Assembly Area,2 NO LU AFET VE ACİL DURUM TOPLANMA ALANI,38.397070909682,27.005488514937,,,,,,,2026-09-20T07:31:27.118Z,COMPLETE_FOR_MAPPABLE_ROWS,compact-proximity-endpoint,Afet toplanma alanları,https://acikveri.bizizmir.com/dataset/afet-ve-acil-durum-toplanma-alanlari,CC BY 4.0,İzmir Büyükşehir Belediyesi Açık Veri Portalı
assembly:kaggle:1360:39.078499263989:26.888629403698,assembly,Emergency Assembly Area,2 NO LU AFET VE ACİL DURUM TOPLANMA ALANI,39.078499263989,26.888629403698,,,,,,,2026-09-20T07:31:27.118Z,COMPLETE_FOR_MAPPABLE_ROWS,compact-proximity-endpoint,Afet toplanma alanları,https://acikveri.bizizmir.com/dataset/afet-ve-acil-durum-toplanma-alanlari,CC BY 4.0,İzmir Büyükşehir Belediyesi Açık Veri Portalı
assembly:kaggle:1361:38.322613648537:26.75323351572,assembly,Emergency Assembly Area,2 NO LU AFET VE ACİL DURUM TOPLANMA ALANI,38.322613648537,26.75323351572,,,,,,,2026-09-20T07:31:27.118Z,COMPLETE_FOR_MAPPABLE_ROWS,compact-proximity-endpoint,Afet toplanma alanları,https://acikveri.bizizmir.com/dataset/afet-ve-acil-durum-toplanma-alanlari,CC BY 4.0,İzmir Büyükşehir Belediyesi Açık Veri Portalı
assembly:kaggle:1362:38.138206570261:27.376897927314,assembly,Emergency Assembly Area,2 NO LU AFET VE ACİL DURUM TOPLANMA ALANI,38.138206570261,27.376897927314,,,,,,,2026-09-20T07:31:27.118Z,COMPLETE_FOR_MAPPABLE_ROWS,compact-proximity-endpoint,Afet toplanma alanları,https://acikveri.bizizmir.com/dataset/afet-ve-acil-durum-toplanma-alanlari,CC BY 4.0,İzmir Büyükşehir Belediyesi Açık Veri Portalı
assembly:kaggle:1363:38.939825870266:26.930450453333,assembly,Emergency Assembly Area,2 NO LU AFET VE ACİL DURUM TOPLANMA ALANI,38.939825870266,26.930450453333,,,,,,,2026-09-20T07:31:27.118Z,COMPLETE_FOR_MAPPABLE_ROWS,compact-proximity-endpoint,Afet toplanma alanları,https://acikveri.bizizmir.com/dataset/afet-ve-acil-durum-toplanma-alanlari,CC BY 4.0,İzmir Büyükşehir Belediyesi Açık Veri Portalı
assembly:kaggle:1364:38.44003790549:27.146464644221,assembly,Emergency Assembly Area,2 NO LU AFET VE ACİL DURUM TOPLANMA ALANI,38.44003790549,27.146464644221,,,,,,,2026-09-20T07:31:27.118Z,COMPLETE_FOR_MAPPABLE_ROWS,compact-proximity-endpoint,Afet toplanma alanları,https://acikveri.bizizmir.com/dataset/afet-ve-acil-durum-toplanma-alanlari,CC BY 4.0,İzmir Büyükşehir Belediyesi Açık Veri Portalı
assembly:kaggle:1365:38.469897432062:27.10756202766,assembly,Emergency Assembly Area,2 NO LU AFET VE ACİL DURUM TOPLANMA ALANI,38.469897432062,27.10756202766,,,,,,,2026-09-20T07:31:27.118Z,COMPLETE_FOR_MAPPABLE_ROWS,compact-proximity-endpoint,Afet toplanma alanları,https://acikveri.bizizmir.com/dataset/afet-ve-acil-durum-toplanma-alanlari,CC BY 4.0,İzmir Büyükşehir Belediyesi Açık Veri Portalı
assembly:kaggle:1366:38.366100563598:27.273300435139,assembly,Emergency Assembly Area,2 NO LU AFET VE ACİL DURUM TOPLANMA ALANI,38.366100563598,27.273300435139,,,,,,,2026-09-20T07:31:27.118Z,COMPLETE_FOR_MAPPABLE_ROWS,compact-proximity-endpoint,Afet toplanma alanları,https://acikveri.bizizmir.com/dataset/afet-ve-acil-durum-toplanma-alanlari,CC BY 4.0,İzmir Büyükşehir Belediyesi Açık Veri Portalı
assembly:kaggle:1367:38.434777309114:27.276604786564,assembly,Emergency Assembly Area,2 NO LU AFET VE ACİL DURUM TOPLANMA ALANI,38.434777309114,27.276604786564,,,,,,,2026-09-20T07:31:27.118Z,COMPLETE_FOR_MAPPABLE_ROWS,compact-proximity-endpoint,Afet toplanma alanları,https://acikveri.bizizmir.com/dataset/afet-ve-acil-durum-toplanma-alanlari,CC BY 4.0,İzmir Büyükşehir Belediyesi Açık Veri Portalı
assembly:kaggle:1368:38.280024120761:27.439746905689,assembly,Emergency Assembly Area,2 NO LU AFET VE ACİL DURUM TOPLANMA ALANI,38.280024120761,27.439746905689,,,,,,,2026-09-20T07:31:27.118Z,COMPLETE_FOR_MAPPABLE_ROWS,compact-proximity-endpoint,Afet toplanma alanları,https://acikveri.bizizmir.com/dataset/afet-ve-acil-durum-toplanma-alanlari,CC BY 4.0,İzmir Büyükşehir Belediyesi Açık Veri Portalı
assembly:kaggle:1369:38.380559240885:27.141068166996,assembly,Emergency Assembly Area,2 NO LU AFET VE ACİL DURUM TOPLANMA ALANI,38.380559240885,27.141068166996,,,,,,,2026-09-20T07:31:27.118Z,COMPLETE_FOR_MAPPABLE_ROWS,compact-proximity-endpoint,Afet toplanma alanları,https://acikveri.bizizmir.com/dataset/afet-ve-acil-durum-toplanma-alanlari,CC BY 4.0,İzmir Büyükşehir Belediyesi Açık Veri Portalı
assembly:kaggle:1370:38.668009602962:26.755898999125,assembly,Emergency Assembly Area,2 NO LU AFET VE ACİL DURUM TOPLANMA ALANI,38.668009602962,26.755898999125,,,,,,,2026-09-20T07:31:27.118Z,COMPLETE_FOR_MAPPABLE_ROWS,compact-proximity-endpoint,Afet toplanma alanları,https://acikveri.bizizmir.com/dataset/afet-ve-acil-durum-toplanma-alanlari,CC BY 4.0,İzmir Büyükşehir Belediyesi Açık Veri Portalı
assembly:kaggle:1371:38.388271110862:27.142988606056,assembly,Emergency Assembly Area,2 NO LU AFET VE ACİL DURUM TOPLANMA ALANI,38.388271110862,27.142988606056,,,,,,,2026-09-20T07:31:27.118Z,COMPLETE_FOR_MAPPABLE_ROWS,compact-proximity-endpoint,Afet toplanma alanları,https://acikveri.bizizmir.com/dataset/afet-ve-acil-durum-toplanma-alanlari,CC BY 4.0,İzmir Büyükşehir Belediyesi Açık Veri Portalı
assembly:kaggle:1372:38.317025093306:27.314069889084,assembly,Emergency Assembly Area,2 NO LU AFET VE ACİL DURUM TOPLANMA ALANI,38.317025093306,27.314069889084,,,,,,,2026-09-20T07:31:27.118Z,COMPLETE_FOR_MAPPABLE_ROWS,compact-proximity-endpoint,Afet toplanma alanları,https://acikveri.bizizmir.com/dataset/afet-ve-acil-durum-toplanma-alanlari,CC BY 4.0,İzmir Büyükşehir Belediyesi Açık Veri Portalı
assembly:kaggle:1373:38.379301872864:27.129872684619,assembly,Emergency Assembly Area,2 NO LU AFET VE ACİL DURUM TOPLANMA ALANI,38.379301872864,27.129872684619,,,,,,,2026-09-20T07:31:27.118Z,COMPLETE_FOR_MAPPABLE_ROWS,compact-proximity-endpoint,Afet toplanma alanları,https://acikveri.bizizmir.com/dataset/afet-ve-acil-durum-toplanma-alanlari,CC BY 4.0,İzmir Büyükşehir Belediyesi Açık Veri Portalı
assembly:kaggle:1374:38.370810968962:27.108044991102,assembly,Emergency Assembly Area,2 NO LU AFET VE ACİL DURUM TOPLANMA ALANI,38.370810968962,27.108044991102,,,,,,,2026-09-20T07:31:27.118Z,COMPLETE_FOR_MAPPABLE_ROWS,compact-proximity-endpoint,Afet toplanma alanları,https://acikveri.bizizmir.com/dataset/afet-ve-acil-durum-toplanma-alanlari,CC BY 4.0,İzmir Büyükşehir Belediyesi Açık Veri Portalı
assembly:kaggle:1375:38.392442045059:27.116273930617,assembly,Emergency Assembly Area,2 NO LU AFET VE ACİL DURUM TOPLANMA ALANI,38.392442045059,27.116273930617,,,,,,,2026-09-20T07:31:27.118Z,COMPLETE_FOR_MAPPABLE_ROWS,compact-proximity-endpoint,Afet toplanma alanları,https://acikveri.bizizmir.com/dataset/afet-ve-acil-durum-toplanma-alanlari,CC BY 4.0,İzmir Büyükşehir Belediyesi Açık Veri Portalı
assembly:kaggle:1376:39.158025498327:26.82260432021,assembly,Emergency Assembly Area,2 NO LU AFET VE ACİL DURUM TOPLANMA ALANI,39.158025498327,26.82260432021,,,,,,,2026-09-20T07:31:27.118Z,COMPLETE_FOR_MAPPABLE_ROWS,compact-proximity-endpoint,Afet toplanma alanları,https://acikveri.bizizmir.com/dataset/afet-ve-acil-durum-toplanma-alanlari,CC BY 4.0,İzmir Büyükşehir Belediyesi Açık Veri Portalı
assembly:kaggle:1377:39.109624674835:26.956789314029,assembly,Emergency Assembly Area,2 NO LU AFET VE ACİL DURUM TOPLANMA ALANI,39.109624674835,26.956789314029,,,,,,,2026-09-20T07:31:27.118Z,COMPLETE_FOR_MAPPABLE_ROWS,compact-proximity-endpoint,Afet toplanma alanları,https://acikveri.bizizmir.com/dataset/afet-ve-acil-durum-toplanma-alanlari,CC BY 4.0,İzmir Büyükşehir Belediyesi Açık Veri Portalı
assembly:kaggle:1378:38.090362190165:27.744272957244,assembly,Emergency Assembly Area,2 NO LU AFET VE ACİL DURUM TOPLANMA ALANI,38.090362190165,27.744272957244,,,,,,,2026-09-20T07:31:27.118Z,COMPLETE_FOR_MAPPABLE_ROWS,compact-proximity-endpoint,Afet toplanma alanları,https://acikveri.bizizmir.com/dataset/afet-ve-acil-durum-toplanma-alanlari,CC BY 4.0,İzmir Büyükşehir Belediyesi Açık Veri Portalı
assembly:kaggle:1379:38.367994890319:26.842419119948,assembly,Emergency Assembly Area,2 NO LU AFET VE ACİL DURUM TOPLANMA ALANI,38.367994890319,26.842419119948,,,,,,,2026-09-20T07:31:27.118Z,COMPLETE_FOR_MAPPABLE_ROWS,compact-proximity-endpoint,Afet toplanma alanları,https://acikveri.bizizmir.com/dataset/afet-ve-acil-durum-toplanma-alanlari,CC BY 4.0,İzmir Büyükşehir Belediyesi Açık Veri Portalı
assembly:kaggle:1380:38.300944652747:26.554847644918,assembly,Emergency Assembly Area,2 NO LU AFET VE ACİL DURUM TOPLANMA ALANI,38.300944652747,26.554847644918,,,,,,,2026-09-20T07:31:27.118Z,COMPLETE_FOR_MAPPABLE_ROWS,compact-proximity-endpoint,Afet toplanma alanları,https://acikveri.bizizmir.com/dataset/afet-ve-acil-durum-toplanma-alanlari,CC BY 4.0,İzmir Büyükşehir Belediyesi Açık Veri Portalı
assembly:kaggle:1381:38.371748572319:26.855929332481,assembly,Emergency Assembly Area,2 NO LU AFET VE ACİL DURUM TOPLANMA ALANI,38.371748572319,26.855929332481,,,,,,,2026-09-20T07:31:27.118Z,COMPLETE_FOR_MAPPABLE_ROWS,compact-proximity-endpoint,Afet toplanma alanları,https://acikveri.bizizmir.com/dataset/afet-ve-acil-durum-toplanma-alanlari,CC BY 4.0,İzmir Büyükşehir Belediyesi Açık Veri Portalı
assembly:kaggle:1382:38.126131095458:28.385060249615,assembly,Emergency Assembly Area,2 NO LU AFET VE ACİL DURUM TOPLANMA ALANI,38.126131095458,28.385060249615,,,,,,,2026-09-20T07:31:27.118Z,COMPLETE_FOR_MAPPABLE_ROWS,compact-proximity-endpoint,Afet toplanma alanları,https://acikveri.bizizmir.com/dataset/afet-ve-acil-durum-toplanma-alanlari,CC BY 4.0,İzmir Büyükşehir Belediyesi Açık Veri Portalı
assembly:kaggle:1383:38.414109191112:27.626577714093,assembly,Emergency Assembly Area,2 NO LU AFET VE ACİL DURUM TOPLANMA ALANI,38.414109191112,27.626577714093,,,,,,,2026-09-20T07:31:27.118Z,COMPLETE_FOR_MAPPABLE_ROWS,compact-proximity-endpoint,Afet toplanma alanları,https://acikveri.bizizmir.com/dataset/afet-ve-acil-durum-toplanma-alanlari,CC BY 4.0,İzmir Büyükşehir Belediyesi Açık Veri Portalı
assembly:kaggle:1384:38.325062987305:26.764992256616,assembly,Emergency Assembly Area,2 NO LU AFET VE ACİL DURUM TOPLANMA ALANI,38.325062987305,26.764992256616,,,,,,,2026-09-20T07:31:27.118Z,COMPLETE_FOR_MAPPABLE_ROWS,compact-proximity-endpoint,Afet toplanma alanları,https://acikveri.bizizmir.com/dataset/afet-ve-acil-durum-toplanma-alanlari,CC BY 4.0,İzmir Büyükşehir Belediyesi Açık Veri Portalı
assembly:kaggle:1385:38.496495097276:27.070987561948,assembly,Emergency Assembly Area,2 NO LU AFET VE ACİL DURUM TOPLANMA ALANI,38.496495097276,27.070987561948,,,,,,,2026-09-20T07:31:27.118Z,COMPLETE_FOR_MAPPABLE_ROWS,compact-proximity-endpoint,Afet toplanma alanları,https://acikveri.bizizmir.com/dataset/afet-ve-acil-durum-toplanma-alanlari,CC BY 4.0,İzmir Büyükşehir Belediyesi Açık Veri Portalı
assembly:kaggle:1386:39.079532009804:26.898049274372,assembly,Emergency Assembly Area,2 NO LU AFET VE ACİL DURUM TOPLANMA ALANI,39.079532009804,26.898049274372,,,,,,,2026-09-20T07:31:27.118Z,COMPLETE_FOR_MAPPABLE_ROWS,compact-proximity-endpoint,Afet toplanma alanları,https://acikveri.bizizmir.com/dataset/afet-ve-acil-durum-toplanma-alanlari,CC BY 4.0,İzmir Büyükşehir Belediyesi Açık Veri Portalı
assembly:kaggle:1387:39.097902463519:27.160636237439,assembly,Emergency Assembly Area,2 NO LU AFET VE ACİL DURUM TOPLANMA ALANI,39.097902463519,27.160636237439,,,,,,,2026-09-20T07:31:27.118Z,COMPLETE_FOR_MAPPABLE_ROWS,compact-proximity-endpoint,Afet toplanma alanları,https://acikveri.bizizmir.com/dataset/afet-ve-acil-durum-toplanma-alanlari,CC BY 4.0,İzmir Büyükşehir Belediyesi Açık Veri Portalı
assembly:kaggle:1388:38.650671402241:26.500098021633,assembly,Emergency Assembly Area,2 NO LU AFET VE ACİL DURUM TOPLANMA ALANI,38.650671402241,26.500098021633,,,,,,,2026-09-20T07:31:27.118Z,COMPLETE_FOR_MAPPABLE_ROWS,compact-proximity-endpoint,Afet toplanma alanları,https://acikveri.bizizmir.com/dataset/afet-ve-acil-durum-toplanma-alanlari,CC BY 4.0,İzmir Büyükşehir Belediyesi Açık Veri Portalı
assembly:kaggle:1389:38.368506232007:27.148760724316,assembly,Emergency Assembly Area,2 NO LU AFET VE ACİL DURUM TOPLANMA ALANI,38.368506232007,27.148760724316,,,,,,,2026-09-20T07:31:27.118Z,COMPLETE_FOR_MAPPABLE_ROWS,compact-proximity-endpoint,Afet toplanma alanları,https://acikveri.bizizmir.com/dataset/afet-ve-acil-durum-toplanma-alanlari,CC BY 4.0,İzmir Büyükşehir Belediyesi Açık Veri Portalı
assembly:kaggle:1390:38.543074082729:27.055462933226,assembly,Emergency Assembly Area,2 NO LU AFET VE ACİL DURUM TOPLANMA ALANI,38.543074082729,27.055462933226,,,,,,,2026-09-20T07:31:27.118Z,COMPLETE_FOR_MAPPABLE_ROWS,compact-proximity-endpoint,Afet toplanma alanları,https://acikveri.bizizmir.com/dataset/afet-ve-acil-durum-toplanma-alanlari,CC BY 4.0,İzmir Büyükşehir Belediyesi Açık Veri Portalı
assembly:kaggle:1391:38.375134417565:27.18667623038,assembly,Emergency Assembly Area,2 NO LU AFET VE ACİL DURUM TOPLANMA ALANI,38.375134417565,27.18667623038,,,,,,,2026-09-20T07:31:27.118Z,COMPLETE_FOR_MAPPABLE_ROWS,compact-proximity-endpoint,Afet toplanma alanları,https://acikveri.bizizmir.com/dataset/afet-ve-acil-durum-toplanma-alanlari,CC BY 4.0,İzmir Büyükşehir Belediyesi Açık Veri Portalı
assembly:kaggle:1392:38.4044910698:27.112218430418,assembly,Emergency Assembly Area,2 NO LU AFET VE ACİL DURUM TOPLANMA ALANI,38.4044910698,27.112218430418,,,,,,,2026-09-20T07:31:27.118Z,COMPLETE_FOR_MAPPABLE_ROWS,compact-proximity-endpoint,Afet toplanma alanları,https://acikveri.bizizmir.com/dataset/afet-ve-acil-durum-toplanma-alanlari,CC BY 4.0,İzmir Büyükşehir Belediyesi Açık Veri Portalı
assembly:kaggle:1393:39.064789099093:26.886419298967,assembly,Emergency Assembly Area,2 NO LU AFET VE ACİL DURUM TOPLANMA ALANI,39.064789099093,26.886419298967,,,,,,,2026-09-20T07:31:27.118Z,COMPLETE_FOR_MAPPABLE_ROWS,compact-proximity-endpoint,Afet toplanma alanları,https://acikveri.bizizmir.com/dataset/afet-ve-acil-durum-toplanma-alanlari,CC BY 4.0,İzmir Büyükşehir Belediyesi Açık Veri Portalı
assembly:kaggle:1394:38.429600131361:27.170411304627,assembly,Emergency Assembly Area,2 NO LU AFET VE ACİL DURUM TOPLANMA ALANI,38.429600131361,27.170411304627,,,,,,,2026-09-20T07:31:27.118Z,COMPLETE_FOR_MAPPABLE_ROWS,compact-proximity-endpoint,Afet toplanma alanları,https://acikveri.bizizmir.com/dataset/afet-ve-acil-durum-toplanma-alanlari,CC BY 4.0,İzmir Büyükşehir Belediyesi Açık Veri Portalı
assembly:kaggle:1395:38.396192340432:27.114873818151,assembly,Emergency Assembly Area,2 NO LU AFET VE ACİL DURUM TOPLANMA ALANI,38.396192340432,27.114873818151,,,,,,,2026-09-20T07:31:27.118Z,COMPLETE_FOR_MAPPABLE_ROWS,compact-proximity-endpoint,Afet toplanma alanları,https://acikveri.bizizmir.com/dataset/afet-ve-acil-durum-toplanma-alanlari,CC BY 4.0,İzmir Büyükşehir Belediyesi Açık Veri Portalı
assembly:kaggle:1396:38.226360800484:27.967603097901,assembly,Emergency Assembly Area,2 NO LU AFET VE ACİL DURUM TOPLANMA ALANI,38.226360800484,27.967603097901,,,,,,,2026-09-20T07:31:27.118Z,COMPLETE_FOR_MAPPABLE_ROWS,compact-proximity-endpoint,Afet toplanma alanları,https://acikveri.bizizmir.com/dataset/afet-ve-acil-durum-toplanma-alanlari,CC BY 4.0,İzmir Büyükşehir Belediyesi Açık Veri Portalı
assembly:kaggle:1397:38.482003084764:27.35425695609,assembly,Emergency Assembly Area,2 NO LU AFET VE ACİL DURUM TOPLANMA ALANI,38.482003084764,27.35425695609,,,,,,,2026-09-20T07:31:27.118Z,COMPLETE_FOR_MAPPABLE_ROWS,compact-proximity-endpoint,Afet toplanma alanları,https://acikveri.bizizmir.com/dataset/afet-ve-acil-durum-toplanma-alanlari,CC BY 4.0,İzmir Büyükşehir Belediyesi Açık Veri Portalı
assembly:kaggle:1398:38.360665142974:26.314088297529,assembly,Emergency Assembly Area,2 NO LU AFET VE ACİL DURUM TOPLANMA ALANI,38.360665142974,26.314088297529,,,,,,,2026-09-20T07:31:27.118Z,COMPLETE_FOR_MAPPABLE_ROWS,compact-proximity-endpoint,Afet toplanma alanları,https://acikveri.bizizmir.com/dataset/afet-ve-acil-durum-toplanma-alanlari,CC BY 4.0,İzmir Büyükşehir Belediyesi Açık Veri Portalı
assembly:kaggle:1399:38.246416561644:27.27428768014,assembly,Emergency Assembly Area,2 NO LU AFET VE ACİL DURUM TOPLANMA ALANI,38.246416561644,27.27428768014,,,,,,,2026-09-20T07:31:27.118Z,COMPLETE_FOR_MAPPABLE_ROWS,compact-proximity-endpoint,Afet toplanma alanları,https://acikveri.bizizmir.com/dataset/afet-ve-acil-durum-toplanma-alanlari,CC BY 4.0,İzmir Büyükşehir Belediyesi Açık Veri Portalı
assembly:kaggle:1400:38.377026553622:26.897063474725,assembly,Emergency Assembly Area,2 NO LU AFET VE ACİL DURUM TOPLANMA ALANI,38.377026553622,26.897063474725,,,,,,,2026-09-20T07:31:27.118Z,COMPLETE_FOR_MAPPABLE_ROWS,compact-proximity-endpoint,Afet toplanma alanları,https://acikveri.bizizmir.com/dataset/afet-ve-acil-durum-toplanma-alanlari,CC BY 4.0,İzmir Büyükşehir Belediyesi Açık Veri Portalı
assembly:kaggle:1401:38.613766304101:27.065778536211,assembly,Emergency Assembly Area,2 NO LU AFET VE ACİL DURUM TOPLANMA ALANI,38.613766304101,27.065778536211,,,,,,,2026-09-20T07:31:27.118Z,COMPLETE_FOR_MAPPABLE_ROWS,compact-proximity-endpoint,Afet toplanma alanları,https://acikveri.bizizmir.com/dataset/afet-ve-acil-durum-toplanma-alanlari,CC BY 4.0,İzmir Büyükşehir Belediyesi Açık Veri Portalı
assembly:kaggle:1402:38.462765590935:27.165733499507,assembly,Emergency Assembly Area,2 NO LU AFET VE ACİL DURUM TOPLANMA ALANI,38.462765590935,27.165733499507,,,,,,,2026-09-20T07:31:27.118Z,COMPLETE_FOR_MAPPABLE_ROWS,compact-proximity-endpoint,Afet toplanma alanları,https://acikveri.bizizmir.com/dataset/afet-ve-acil-durum-toplanma-alanlari,CC BY 4.0,İzmir Büyükşehir Belediyesi Açık Veri Portalı
assembly:kaggle:1403:38.358209256142:26.889081293544,assembly,Emergency Assembly Area,2 NO LU AFET VE ACİL DURUM TOPLANMA ALANI,38.358209256142,26.889081293544,,,,,,,2026-09-20T07:31:27.118Z,COMPLETE_FOR_MAPPABLE_ROWS,compact-proximity-endpoint,Afet toplanma alanları,https://acikveri.bizizmir.com/dataset/afet-ve-acil-durum-toplanma-alanlari,CC BY 4.0,İzmir Büyükşehir Belediyesi Açık Veri Portalı
assembly:kaggle:1404:38.685217993481:27.029268363352,assembly,Emergency Assembly Area,2 NO LU AFET VE ACİL DURUM TOPLANMA ALANI,38.685217993481,27.029268363352,,,,,,,2026-09-20T07:31:27.118Z,COMPLETE_FOR_MAPPABLE_ROWS,compact-proximity-endpoint,Afet toplanma alanları,https://acikveri.bizizmir.com/dataset/afet-ve-acil-durum-toplanma-alanlari,CC BY 4.0,İzmir Büyükşehir Belediyesi Açık Veri Portalı
assembly:kaggle:1405:38.337526744648:26.385504480227,assembly,Emergency Assembly Area,2 NO LU AFET VE ACİL DURUM TOPLANMA ALANI,38.337526744648,26.385504480227,,,,,,,2026-09-20T07:31:27.118Z,COMPLETE_FOR_MAPPABLE_ROWS,compact-proximity-endpoint,Afet toplanma alanları,https://acikveri.bizizmir.com/dataset/afet-ve-acil-durum-toplanma-alanlari,CC BY 4.0,İzmir Büyükşehir Belediyesi Açık Veri Portalı
assembly:kaggle:1406:38.159814193398:27.361491361666,assembly,Emergency Assembly Area,2 NO LU AFET VE ACİL DURUM TOPLANMA ALANI,38.159814193398,27.361491361666,,,,,,,2026-09-20T07:31:27.118Z,COMPLETE_FOR_MAPPABLE_ROWS,compact-proximity-endpoint,Afet toplanma alanları,https://acikveri.bizizmir.com/dataset/afet-ve-acil-durum-toplanma-alanlari,CC BY 4.0,İzmir Büyükşehir Belediyesi Açık Veri Portalı
assembly:kaggle:1407:38.265010132112:27.242219319593,assembly,Emergency Assembly Area,2 NO LU AFET VE ACİL DURUM TOPLANMA ALANI,38.265010132112,27.242219319593,,,,,,,2026-09-20T07:31:27.118Z,COMPLETE_FOR_MAPPABLE_ROWS,compact-proximity-endpoint,Afet toplanma alanları,https://acikveri.bizizmir.com/dataset/afet-ve-acil-durum-toplanma-alanlari,CC BY 4.0,İzmir Büyükşehir Belediyesi Açık Veri Portalı
assembly:kaggle:1408:38.472039376865:27.099783656561,assembly,Emergency Assembly Area,2 NO LU AFET VE ACİL DURUM TOPLANMA ALANI,38.472039376865,27.099783656561,,,,,,,2026-09-20T07:31:27.118Z,COMPLETE_FOR_MAPPABLE_ROWS,compact-proximity-endpoint,Afet toplanma alanları,https://acikveri.bizizmir.com/dataset/afet-ve-acil-durum-toplanma-alanlari,CC BY 4.0,İzmir Büyükşehir Belediyesi Açık Veri Portalı
assembly:kaggle:1409:38.458859077059:27.118408845716,assembly,Emergency Assembly Area,2 NO LU AFET VE ACİL DURUM TOPLANMA ALANI,38.458859077059,27.118408845716,,,,,,,2026-09-20T07:31:27.118Z,COMPLETE_FOR_MAPPABLE_ROWS,compact-proximity-endpoint,Afet toplanma alanları,https://acikveri.bizizmir.com/dataset/afet-ve-acil-durum-toplanma-alanlari,CC BY 4.0,İzmir Büyükşehir Belediyesi Açık Veri Portalı
assembly:kaggle:1410:38.428306051184:27.409813363238,assembly,Emergency Assembly Area,2 NO LU AFET VE ACİL DURUM TOPLANMA ALANI,38.428306051184,27.409813363238,,,,,,,2026-09-20T07:31:27.118Z,COMPLETE_FOR_MAPPABLE_ROWS,compact-proximity-endpoint,Afet toplanma alanları,https://acikveri.bizizmir.com/dataset/afet-ve-acil-durum-toplanma-alanlari,CC BY 4.0,İzmir Büyükşehir Belediyesi Açık Veri Portalı
assembly:kaggle:1411:38.508062904938:27.060277534715,assembly,Emergency Assembly Area,2 NO LU AFET VE ACİL DURUM TOPLANMA ALANI,38.508062904938,27.060277534715,,,,,,,2026-09-20T07:31:27.118Z,COMPLETE_FOR_MAPPABLE_ROWS,compact-proximity-endpoint,Afet toplanma alanları,https://acikveri.bizizmir.com/dataset/afet-ve-acil-durum-toplanma-alanlari,CC BY 4.0,İzmir Büyükşehir Belediyesi Açık Veri Portalı
assembly:kaggle:1412:38.428087333102:27.219999740427,assembly,Emergency Assembly Area,2 NO LU AFET VE ACİL DURUM TOPLANMA ALANI,38.428087333102,27.219999740427,,,,,,,2026-09-20T07:31:27.118Z,COMPLETE_FOR_MAPPABLE_ROWS,compact-proximity-endpoint,Afet toplanma alanları,https://acikveri.bizizmir.com/dataset/afet-ve-acil-durum-toplanma-alanlari,CC BY 4.0,İzmir Büyükşehir Belediyesi Açık Veri Portalı
assembly:kaggle:1413:38.422228255178:26.583772220174,assembly,Emergency Assembly Area,2 NO LU AFET VE ACİL DURUM TOPLANMA ALANI,38.422228255178,26.583772220174,,,,,,,2026-09-20T07:31:27.118Z,COMPLETE_FOR_MAPPABLE_ROWS,compact-proximity-endpoint,Afet toplanma alanları,https://acikveri.bizizmir.com/dataset/afet-ve-acil-durum-toplanma-alanlari,CC BY 4.0,İzmir Büyükşehir Belediyesi Açık Veri Portalı
assembly:kaggle:1414:38.456271430642:27.097133674108,assembly,Emergency Assembly Area,2 NO LU AFET VE ACİL DURUM TOPLANMA ALANI,38.456271430642,27.097133674108,,,,,,,2026-09-20T07:31:27.118Z,COMPLETE_FOR_MAPPABLE_ROWS,compact-proximity-endpoint,Afet toplanma alanları,https://acikveri.bizizmir.com/dataset/afet-ve-acil-durum-toplanma-alanlari,CC BY 4.0,İzmir Büyükşehir Belediyesi Açık Veri Portalı
assembly:kaggle:1415:38.473761267704:27.075869197005,assembly,Emergency Assembly Area,2 NO LU AFET VE ACİL DURUM TOPLANMA ALANI,38.473761267704,27.075869197005,,,,,,,2026-09-20T07:31:27.118Z,COMPLETE_FOR_MAPPABLE_ROWS,compact-proximity-endpoint,Afet toplanma alanları,https://acikveri.bizizmir.com/dataset/afet-ve-acil-durum-toplanma-alanlari,CC BY 4.0,İzmir Büyükşehir Belediyesi Açık Veri Portalı
assembly:kaggle:1416:38.457783708019:27.114519663828,assembly,Emergency Assembly Area,2 NO LU AFET VE ACİL DURUM TOPLANMA ALANI,38.457783708019,27.114519663828,,,,,,,2026-09-20T07:31:27.118Z,COMPLETE_FOR_MAPPABLE_ROWS,compact-proximity-endpoint,Afet toplanma alanları,https://acikveri.bizizmir.com/dataset/afet-ve-acil-durum-toplanma-alanlari,CC BY 4.0,İzmir Büyükşehir Belediyesi Açık Veri Portalı
assembly:kaggle:1417:38.286974939577:26.314018699571,assembly,Emergency Assembly Area,2 NO LU AFET VE ACİL DURUM TOPLANMA ALANI,38.286974939577,26.314018699571,,,,,,,2026-09-20T07:31:27.118Z,COMPLETE_FOR_MAPPABLE_ROWS,compact-proximity-endpoint,Afet toplanma alanları,https://acikveri.bizizmir.com/dataset/afet-ve-acil-durum-toplanma-alanlari,CC BY 4.0,İzmir Büyükşehir Belediyesi Açık Veri Portalı
assembly:kaggle:1418:38.387867484944:27.170186070353,assembly,Emergency Assembly Area,2 NO LU AFET VE ACİL DURUM TOPLANMA ALANI,38.387867484944,27.170186070353,,,,,,,2026-09-20T07:31:27.118Z,COMPLETE_FOR_MAPPABLE_ROWS,compact-proximity-endpoint,Afet toplanma alanları,https://acikveri.bizizmir.com/dataset/afet-ve-acil-durum-toplanma-alanlari,CC BY 4.0,İzmir Büyükşehir Belediyesi Açık Veri Portalı
assembly:kaggle:1419:38.465260583519:27.17217076492,assembly,Emergency Assembly Area,2 NO LU AFET VE ACİL DURUM TOPLANMA ALANI,38.465260583519,27.17217076492,,,,,,,2026-09-20T07:31:27.118Z,COMPLETE_FOR_MAPPABLE_ROWS,compact-proximity-endpoint,Afet toplanma alanları,https://acikveri.bizizmir.com/dataset/afet-ve-acil-durum-toplanma-alanlari,CC BY 4.0,İzmir Büyükşehir Belediyesi Açık Veri Portalı
assembly:kaggle:1420:38.474912075199:27.158212602317,assembly,Emergency Assembly Area,2 NO LU AFET VE ACİL DURUM TOPLANMA ALANI,38.474912075199,27.158212602317,,,,,,,2026-09-20T07:31:27.118Z,COMPLETE_FOR_MAPPABLE_ROWS,compact-proximity-endpoint,Afet toplanma alanları,https://acikveri.bizizmir.com/dataset/afet-ve-acil-durum-toplanma-alanlari,CC BY 4.0,İzmir Büyükşehir Belediyesi Açık Veri Portalı
assembly:kaggle:1421:38.455966975484:27.19357470204,assembly,Emergency Assembly Area,2 NO LU AFET VE ACİL DURUM TOPLANMA ALANI,38.455966975484,27.19357470204,,,,,,,2026-09-20T07:31:27.118Z,COMPLETE_FOR_MAPPABLE_ROWS,compact-proximity-endpoint,Afet toplanma alanları,https://acikveri.bizizmir.com/dataset/afet-ve-acil-durum-toplanma-alanlari,CC BY 4.0,İzmir Büyükşehir Belediyesi Açık Veri Portalı
assembly:kaggle:1422:38.641403448856:27.127584325988,assembly,Emergency Assembly Area,2 NO LU AFET VE ACİL DURUM TOPLANMA ALANI,38.641403448856,27.127584325988,,,,,,,2026-09-20T07:31:27.118Z,COMPLETE_FOR_MAPPABLE_ROWS,compact-proximity-endpoint,Afet toplanma alanları,https://acikveri.bizizmir.com/dataset/afet-ve-acil-durum-toplanma-alanlari,CC BY 4.0,İzmir Büyükşehir Belediyesi Açık Veri Portalı
assembly:kaggle:1423:38.600213664998:27.075799242927,assembly,Emergency Assembly Area,2 NO LU AFET VE ACİL DURUM TOPLANMA ALANI,38.600213664998,27.075799242927,,,,,,,2026-09-20T07:31:27.118Z,COMPLETE_FOR_MAPPABLE_ROWS,compact-proximity-endpoint,Afet toplanma alanları,https://acikveri.bizizmir.com/dataset/afet-ve-acil-durum-toplanma-alanlari,CC BY 4.0,İzmir Büyükşehir Belediyesi Açık Veri Portalı
assembly:kaggle:1424:38.603089404257:26.918745948035,assembly,Emergency Assembly Area,2 NO LU AFET VE ACİL DURUM TOPLANMA ALANI,38.603089404257,26.918745948035,,,,,,,2026-09-20T07:31:27.118Z,COMPLETE_FOR_MAPPABLE_ROWS,compact-proximity-endpoint,Afet toplanma alanları,https://acikveri.bizizmir.com/dataset/afet-ve-acil-durum-toplanma-alanlari,CC BY 4.0,İzmir Büyükşehir Belediyesi Açık Veri Portalı
assembly:kaggle:1425:38.559196358457:27.046295160466,assembly,Emergency Assembly Area,2 NO LU AFET VE ACİL DURUM TOPLANMA ALANI,38.559196358457,27.046295160466,,,,,,,2026-09-20T07:31:27.118Z,COMPLETE_FOR_MAPPABLE_ROWS,compact-proximity-endpoint,Afet toplanma alanları,https://acikveri.bizizmir.com/dataset/afet-ve-acil-durum-toplanma-alanlari,CC BY 4.0,İzmir Büyükşehir Belediyesi Açık Veri Portalı
assembly:kaggle:1426:38.608744636152:27.082343785897,assembly,Emergency Assembly Area,2 NO LU AFET VE ACİL DURUM TOPLANMA ALANI,38.608744636152,27.082343785897,,,,,,,2026-09-20T07:31:27.118Z,COMPLETE_FOR_MAPPABLE_ROWS,compact-proximity-endpoint,Afet toplanma alanları,https://acikveri.bizizmir.com/dataset/afet-ve-acil-durum-toplanma-alanlari,CC BY 4.0,İzmir Büyükşehir Belediyesi Açık Veri Portalı
assembly:kaggle:1427:38.122509341376:27.330099005952,assembly,Emergency Assembly Area,2 NO LU AFET VE ACİL DURUM TOPLANMA ALANI,38.122509341376,27.330099005952,,,,,,,2026-09-20T07:31:27.118Z,COMPLETE_FOR_MAPPABLE_ROWS,compact-proximity-endpoint,Afet toplanma alanları,https://acikveri.bizizmir.com/dataset/afet-ve-acil-durum-toplanma-alanlari,CC BY 4.0,İzmir Büyükşehir Belediyesi Açık Veri Portalı
assembly:kaggle:1428:38.462101954252:27.191954645546,assembly,Emergency Assembly Area,2 NO LU AFET VE ACİL DURUM TOPLANMA ALANI,38.462101954252,27.191954645546,,,,,,,2026-09-20T07:31:27.118Z,COMPLETE_FOR_MAPPABLE_ROWS,compact-proximity-endpoint,Afet toplanma alanları,https://acikveri.bizizmir.com/dataset/afet-ve-acil-durum-toplanma-alanlari,CC BY 4.0,İzmir Büyükşehir Belediyesi Açık Veri Portalı
assembly:kaggle:1429:38.259964009966:27.127732493483,assembly,Emergency Assembly Area,2 NO LU AFET VE ACİL DURUM TOPLANMA ALANI,38.259964009966,27.127732493483,,,,,,,2026-09-20T07:31:27.118Z,COMPLETE_FOR_MAPPABLE_ROWS,compact-proximity-endpoint,Afet toplanma alanları,https://acikveri.bizizmir.com/dataset/afet-ve-acil-durum-toplanma-alanlari,CC BY 4.0,İzmir Büyükşehir Belediyesi Açık Veri Portalı
assembly:kaggle:1430:38.488043172645:27.063177022608,assembly,Emergency Assembly Area,2 NO LU AFET VE ACİL DURUM TOPLANMA ALANI,38.488043172645,27.063177022608,,,,,,,2026-09-20T07:31:27.118Z,COMPLETE_FOR_MAPPABLE_ROWS,compact-proximity-endpoint,Afet toplanma alanları,https://acikveri.bizizmir.com/dataset/afet-ve-acil-durum-toplanma-alanlari,CC BY 4.0,İzmir Büyükşehir Belediyesi Açık Veri Portalı
assembly:kaggle:1431:38.503459945448:27.075842324212,assembly,Emergency Assembly Area,2 NO LU AFET VE ACİL DURUM TOPLANMA ALANI,38.503459945448,27.075842324212,,,,,,,2026-09-20T07:31:27.118Z,COMPLETE_FOR_MAPPABLE_ROWS,compact-proximity-endpoint,Afet toplanma alanları,https://acikveri.bizizmir.com/dataset/afet-ve-acil-durum-toplanma-alanlari,CC BY 4.0,İzmir Büyükşehir Belediyesi Açık Veri Portalı
assembly:kaggle:1432:38.413697289037:27.641469265474,assembly,Emergency Assembly Area,2 NO LU AFET VE ACİL DURUM TOPLANMA ALANI,38.413697289037,27.641469265474,,,,,,,2026-09-20T07:31:27.118Z,COMPLETE_FOR_MAPPABLE_ROWS,compact-proximity-endpoint,Afet toplanma alanları,https://acikveri.bizizmir.com/dataset/afet-ve-acil-durum-toplanma-alanlari,CC BY 4.0,İzmir Büyükşehir Belediyesi Açık Veri Portalı
assembly:kaggle:1433:38.36226459474:27.285917489672,assembly,Emergency Assembly Area,2 NO LU AFET VE ACİL DURUM TOPLANMA ALANI,38.36226459474,27.285917489672,,,,,,,2026-09-20T07:31:27.118Z,COMPLETE_FOR_MAPPABLE_ROWS,compact-proximity-endpoint,Afet toplanma alanları,https://acikveri.bizizmir.com/dataset/afet-ve-acil-durum-toplanma-alanlari,CC BY 4.0,İzmir Büyükşehir Belediyesi Açık Veri Portalı
assembly:kaggle:1434:38.244428709397:27.989511247329,assembly,Emergency Assembly Area,2 NO LU AFET VE ACİL DURUM TOPLANMA ALANI,38.244428709397,27.989511247329,,,,,,,2026-09-20T07:31:27.118Z,COMPLETE_FOR_MAPPABLE_ROWS,compact-proximity-endpoint,Afet toplanma alanları,https://acikveri.bizizmir.com/dataset/afet-ve-acil-durum-toplanma-alanlari,CC BY 4.0,İzmir Büyükşehir Belediyesi Açık Veri Portalı
assembly:kaggle:1435:38.471585805203:27.112207587693,assembly,Emergency Assembly Area,2 NO LU AFET VE ACİL DURUM TOPLANMA ALANI,38.471585805203,27.112207587693,,,,,,,2026-09-20T07:31:27.118Z,COMPLETE_FOR_MAPPABLE_ROWS,compact-proximity-endpoint,Afet toplanma alanları,https://acikveri.bizizmir.com/dataset/afet-ve-acil-durum-toplanma-alanlari,CC BY 4.0,İzmir Büyükşehir Belediyesi Açık Veri Portalı
assembly:kaggle:1436:38.493892040343:27.081255011492,assembly,Emergency Assembly Area,2 NO LU AFET VE ACİL DURUM TOPLANMA ALANI,38.493892040343,27.081255011492,,,,,,,2026-09-20T07:31:27.118Z,COMPLETE_FOR_MAPPABLE_ROWS,compact-proximity-endpoint,Afet toplanma alanları,https://acikveri.bizizmir.com/dataset/afet-ve-acil-durum-toplanma-alanlari,CC BY 4.0,İzmir Büyükşehir Belediyesi Açık Veri Portalı
assembly:kaggle:1437:38.460253993405:27.436603082081,assembly,Emergency Assembly Area,2 NO LU AFET VE ACİL DURUM TOPLANMA ALANI,38.460253993405,27.436603082081,,,,,,,2026-09-20T07:31:27.118Z,COMPLETE_FOR_MAPPABLE_ROWS,compact-proximity-endpoint,Afet toplanma alanları,https://acikveri.bizizmir.com/dataset/afet-ve-acil-durum-toplanma-alanlari,CC BY 4.0,İzmir Büyükşehir Belediyesi Açık Veri Portalı
assembly:kaggle:1438:38.459119515172:27.118956013189,assembly,Emergency Assembly Area,2 NO LU AFET VE ACİL DURUM TOPLANMA ALANI,38.459119515172,27.118956013189,,,,,,,2026-09-20T07:31:27.118Z,COMPLETE_FOR_MAPPABLE_ROWS,compact-proximity-endpoint,Afet toplanma alanları,https://acikveri.bizizmir.com/dataset/afet-ve-acil-durum-toplanma-alanlari,CC BY 4.0,İzmir Büyükşehir Belediyesi Açık Veri Portalı
assembly:kaggle:1439:38.484276692185:27.103914217047,assembly,Emergency Assembly Area,2 NO LU AFET VE ACİL DURUM TOPLANMA ALANI,38.484276692185,27.103914217047,,,,,,,2026-09-20T07:31:27.118Z,COMPLETE_FOR_MAPPABLE_ROWS,compact-proximity-endpoint,Afet toplanma alanları,https://acikveri.bizizmir.com/dataset/afet-ve-acil-durum-toplanma-alanlari,CC BY 4.0,İzmir Büyükşehir Belediyesi Açık Veri Portalı
assembly:kaggle:1440:38.012948564376:27.123698883698,assembly,Emergency Assembly Area,2 NO LU AFET VE ACİL DURUM TOPLANMA ALANI,38.012948564376,27.123698883698,,,,,,,2026-09-20T07:31:27.118Z,COMPLETE_FOR_MAPPABLE_ROWS,compact-proximity-endpoint,Afet toplanma alanları,https://acikveri.bizizmir.com/dataset/afet-ve-acil-durum-toplanma-alanlari,CC BY 4.0,İzmir Büyükşehir Belediyesi Açık Veri Portalı
assembly:kaggle:1441:38.480497344256:27.075912100612,assembly,Emergency Assembly Area,2 NO LU AFET VE ACİL DURUM TOPLANMA ALANI,38.480497344256,27.075912100612,,,,,,,2026-09-20T07:31:27.118Z,COMPLETE_FOR_MAPPABLE_ROWS,compact-proximity-endpoint,Afet toplanma alanları,https://acikveri.bizizmir.com/dataset/afet-ve-acil-durum-toplanma-alanlari,CC BY 4.0,İzmir Büyükşehir Belediyesi Açık Veri Portalı
assembly:kaggle:1442:38.231012446646:27.352398603829,assembly,Emergency Assembly Area,2 NO LU AFET VE ACİL DURUM TOPLANMA ALANI,38.231012446646,27.352398603829,,,,,,,2026-09-20T07:31:27.118Z,COMPLETE_FOR_MAPPABLE_ROWS,compact-proximity-endpoint,Afet toplanma alanları,https://acikveri.bizizmir.com/dataset/afet-ve-acil-durum-toplanma-alanlari,CC BY 4.0,İzmir Büyükşehir Belediyesi Açık Veri Portalı
assembly:kaggle:1443:38.315879186359:26.318803681918,assembly,Emergency Assembly Area,2 NO LU AFET VE ACİL DURUM TOPLANMA ALANI,38.315879186359,26.318803681918,,,,,,,2026-09-20T07:31:27.118Z,COMPLETE_FOR_MAPPABLE_ROWS,compact-proximity-endpoint,Afet toplanma alanları,https://acikveri.bizizmir.com/dataset/afet-ve-acil-durum-toplanma-alanlari,CC BY 4.0,İzmir Büyükşehir Belediyesi Açık Veri Portalı
assembly:kaggle:1444:38.400514242692:27.165154250101,assembly,Emergency Assembly Area,2 NO LU AFET VE ACİL DURUM TOPLANMA ALANI,38.400514242692,27.165154250101,,,,,,,2026-09-20T07:31:27.118Z,COMPLETE_FOR_MAPPABLE_ROWS,compact-proximity-endpoint,Afet toplanma alanları,https://acikveri.bizizmir.com/dataset/afet-ve-acil-durum-toplanma-alanlari,CC BY 4.0,İzmir Büyükşehir Belediyesi Açık Veri Portalı
assembly:kaggle:1445:38.365309693621:27.141765563554,assembly,Emergency Assembly Area,2 NO LU AFET VE ACİL DURUM TOPLANMA ALANI,38.365309693621,27.141765563554,,,,,,,2026-09-20T07:31:27.118Z,COMPLETE_FOR_MAPPABLE_ROWS,compact-proximity-endpoint,Afet toplanma alanları,https://acikveri.bizizmir.com/dataset/afet-ve-acil-durum-toplanma-alanlari,CC BY 4.0,İzmir Büyükşehir Belediyesi Açık Veri Portalı
assembly:kaggle:1446:38.389717085907:26.739307436752,assembly,Emergency Assembly Area,2 NO LU AFET VE ACİL DURUM TOPLANMA ALANI,38.389717085907,26.739307436752,,,,,,,2026-09-20T07:31:27.118Z,COMPLETE_FOR_MAPPABLE_ROWS,compact-proximity-endpoint,Afet toplanma alanları,https://acikveri.bizizmir.com/dataset/afet-ve-acil-durum-toplanma-alanlari,CC BY 4.0,İzmir Büyükşehir Belediyesi Açık Veri Portalı
assembly:kaggle:1447:38.421380198701:27.430713043234,assembly,Emergency Assembly Area,2 NO LU AFET VE ACİL DURUM TOPLANMA ALANI,38.421380198701,27.430713043234,,,,,,,2026-09-20T07:31:27.118Z,COMPLETE_FOR_MAPPABLE_ROWS,compact-proximity-endpoint,Afet toplanma alanları,https://acikveri.bizizmir.com/dataset/afet-ve-acil-durum-toplanma-alanlari,CC BY 4.0,İzmir Büyükşehir Belediyesi Açık Veri Portalı
assembly:kaggle:1448:38.323278091214:26.31134716431,assembly,Emergency Assembly Area,2 NO LU AFET VE ACİL DURUM TOPLANMA ALANI,38.323278091214,26.31134716431,,,,,,,2026-09-20T07:31:27.118Z,COMPLETE_FOR_MAPPABLE_ROWS,compact-proximity-endpoint,Afet toplanma alanları,https://acikveri.bizizmir.com/dataset/afet-ve-acil-durum-toplanma-alanlari,CC BY 4.0,İzmir Büyükşehir Belediyesi Açık Veri Portalı
assembly:kaggle:1449:38.053173255346:27.048940667009,assembly,Emergency Assembly Area,2 NO LU AFET VE ACİL DURUM TOPLANMA ALANI,38.053173255346,27.048940667009,,,,,,,2026-09-20T07:31:27.118Z,COMPLETE_FOR_MAPPABLE_ROWS,compact-proximity-endpoint,Afet toplanma alanları,https://acikveri.bizizmir.com/dataset/afet-ve-acil-durum-toplanma-alanlari,CC BY 4.0,İzmir Büyükşehir Belediyesi Açık Veri Portalı
assembly:kaggle:1450:38.520866976901:27.046429336316,assembly,Emergency Assembly Area,2 NO LU AFET VE ACİL DURUM TOPLANMA ALANI,38.520866976901,27.046429336316,,,,,,,2026-09-20T07:31:27.118Z,COMPLETE_FOR_MAPPABLE_ROWS,compact-proximity-endpoint,Afet toplanma alanları,https://acikveri.bizizmir.com/dataset/afet-ve-acil-durum-toplanma-alanlari,CC BY 4.0,İzmir Büyükşehir Belediyesi Açık Veri Portalı
assembly:kaggle:1451:38.391844958514:27.07041911533,assembly,Emergency Assembly Area,2 NO LU AFET VE ACİL DURUM TOPLANMA ALANI,38.391844958514,27.07041911533,,,,,,,2026-09-20T07:31:27.118Z,COMPLETE_FOR_MAPPABLE_ROWS,compact-proximity-endpoint,Afet toplanma alanları,https://acikveri.bizizmir.com/dataset/afet-ve-acil-durum-toplanma-alanlari,CC BY 4.0,İzmir Büyükşehir Belediyesi Açık Veri Portalı
assembly:kaggle:1452:38.260520027798:27.140778691632,assembly,Emergency Assembly Area,2 NO LU AFET VE ACİL DURUM TOPLANMA ALANI,38.260520027798,27.140778691632,,,,,,,2026-09-20T07:31:27.118Z,COMPLETE_FOR_MAPPABLE_ROWS,compact-proximity-endpoint,Afet toplanma alanları,https://acikveri.bizizmir.com/dataset/afet-ve-acil-durum-toplanma-alanlari,CC BY 4.0,İzmir Büyükşehir Belediyesi Açık Veri Portalı
assembly:kaggle:1453:38.638706092683:27.111209525331,assembly,Emergency Assembly Area,2 NO LU AFET VE ACİL DURUM TOPLANMA ALANI,38.638706092683,27.111209525331,,,,,,,2026-09-20T07:31:27.118Z,COMPLETE_FOR_MAPPABLE_ROWS,compact-proximity-endpoint,Afet toplanma alanları,https://acikveri.bizizmir.com/dataset/afet-ve-acil-durum-toplanma-alanlari,CC BY 4.0,İzmir Büyükşehir Belediyesi Açık Veri Portalı
assembly:kaggle:1454:39.087140076389:27.307191450914,assembly,Emergency Assembly Area,2 NO LU AFET VE ACİL DURUM TOPLANMA ALANI,39.087140076389,27.307191450914,,,,,,,2026-09-20T07:31:27.118Z,COMPLETE_FOR_MAPPABLE_ROWS,compact-proximity-endpoint,Afet toplanma alanları,https://acikveri.bizizmir.com/dataset/afet-ve-acil-durum-toplanma-alanlari,CC BY 4.0,İzmir Büyükşehir Belediyesi Açık Veri Portalı
assembly:kaggle:1455:38.453234225159:27.107218734967,assembly,Emergency Assembly Area,2 NO LU AFET VE ACİL DURUM TOPLANMA ALANI,38.453234225159,27.107218734967,,,,,,,2026-09-20T07:31:27.118Z,COMPLETE_FOR_MAPPABLE_ROWS,compact-proximity-endpoint,Afet toplanma alanları,https://acikveri.bizizmir.com/dataset/afet-ve-acil-durum-toplanma-alanlari,CC BY 4.0,İzmir Büyükşehir Belediyesi Açık Veri Portalı
assembly:kaggle:1456:38.395856405468:27.514268844195,assembly,Emergency Assembly Area,2 NO LU AFET VE ACİL DURUM TOPLANMA ALANI,38.395856405468,27.514268844195,,,,,,,2026-09-20T07:31:27.118Z,COMPLETE_FOR_MAPPABLE_ROWS,compact-proximity-endpoint,Afet toplanma alanları,https://acikveri.bizizmir.com/dataset/afet-ve-acil-durum-toplanma-alanlari,CC BY 4.0,İzmir Büyükşehir Belediyesi Açık Veri Portalı
assembly:kaggle:1457:38.595362938963:27.084301811815,assembly,Emergency Assembly Area,2 NO LU AFET VE ACİL DURUM TOPLANMA ALANI,38.595362938963,27.084301811815,,,,,,,2026-09-20T07:31:27.118Z,COMPLETE_FOR_MAPPABLE_ROWS,compact-proximity-endpoint,Afet toplanma alanları,https://acikveri.bizizmir.com/dataset/afet-ve-acil-durum-toplanma-alanlari,CC BY 4.0,İzmir Büyükşehir Belediyesi Açık Veri Portalı
assembly:kaggle:1458:38.440223304464:27.66796931811,assembly,Emergency Assembly Area,2 NO LU AFET VE ACİL DURUM TOPLANMA ALANI,38.440223304464,27.66796931811,,,,,,,2026-09-20T07:31:27.118Z,COMPLETE_FOR_MAPPABLE_ROWS,compact-proximity-endpoint,Afet toplanma alanları,https://acikveri.bizizmir.com/dataset/afet-ve-acil-durum-toplanma-alanlari,CC BY 4.0,İzmir Büyükşehir Belediyesi Açık Veri Portalı
assembly:kaggle:1459:38.265995833864:27.369451946525,assembly,Emergency Assembly Area,2 NO LU AFET VE ACİL DURUM TOPLANMA ALANI,38.265995833864,27.369451946525,,,,,,,2026-09-20T07:31:27.118Z,COMPLETE_FOR_MAPPABLE_ROWS,compact-proximity-endpoint,Afet toplanma alanları,https://acikveri.bizizmir.com/dataset/afet-ve-acil-durum-toplanma-alanlari,CC BY 4.0,İzmir Büyükşehir Belediyesi Açık Veri Portalı
assembly:kaggle:1460:38.60165583381:27.083636616447,assembly,Emergency Assembly Area,2 NO LU AFET VE ACİL DURUM TOPLANMA ALANI,38.60165583381,27.083636616447,,,,,,,2026-09-20T07:31:27.118Z,COMPLETE_FOR_MAPPABLE_ROWS,compact-proximity-endpoint,Afet toplanma alanları,https://acikveri.bizizmir.com/dataset/afet-ve-acil-durum-toplanma-alanlari,CC BY 4.0,İzmir Büyükşehir Belediyesi Açık Veri Portalı
assembly:kaggle:1461:38.405988020953:27.526993164418,assembly,Emergency Assembly Area,2 NO LU AFET VE ACİL DURUM TOPLANMA ALANI,38.405988020953,27.526993164418,,,,,,,2026-09-20T07:31:27.118Z,COMPLETE_FOR_MAPPABLE_ROWS,compact-proximity-endpoint,Afet toplanma alanları,https://acikveri.bizizmir.com/dataset/afet-ve-acil-durum-toplanma-alanlari,CC BY 4.0,İzmir Büyükşehir Belediyesi Açık Veri Portalı
assembly:kaggle:1462:38.612232301389:27.190296795272,assembly,Emergency Assembly Area,2 NO LU AFET VE ACİL DURUM TOPLANMA ALANI,38.612232301389,27.190296795272,,,,,,,2026-09-20T07:31:27.118Z,COMPLETE_FOR_MAPPABLE_ROWS,compact-proximity-endpoint,Afet toplanma alanları,https://acikveri.bizizmir.com/dataset/afet-ve-acil-durum-toplanma-alanlari,CC BY 4.0,İzmir Büyükşehir Belediyesi Açık Veri Portalı
assembly:kaggle:1463:38.398529885894:27.129094815402,assembly,Emergency Assembly Area,2 NO LU AFET VE ACİL DURUM TOPLANMA ALANI,38.398529885894,27.129094815402,,,,,,,2026-09-20T07:31:27.118Z,COMPLETE_FOR_MAPPABLE_ROWS,compact-proximity-endpoint,Afet toplanma alanları,https://acikveri.bizizmir.com/dataset/afet-ve-acil-durum-toplanma-alanlari,CC BY 4.0,İzmir Büyükşehir Belediyesi Açık Veri Portalı
assembly:kaggle:1464:38.551643300801:27.057238532038,assembly,Emergency Assembly Area,2 NO LU AFET VE ACİL DURUM TOPLANMA ALANI,38.551643300801,27.057238532038,,,,,,,2026-09-20T07:31:27.118Z,COMPLETE_FOR_MAPPABLE_ROWS,compact-proximity-endpoint,Afet toplanma alanları,https://acikveri.bizizmir.com/dataset/afet-ve-acil-durum-toplanma-alanlari,CC BY 4.0,İzmir Büyükşehir Belediyesi Açık Veri Portalı
assembly:kaggle:1465:38.141489877759:28.267558566613,assembly,Emergency Assembly Area,2 NO LU AFET VE ACİL DURUM TOPLANMA ALANI,38.141489877759,28.267558566613,,,,,,,2026-09-20T07:31:27.118Z,COMPLETE_FOR_MAPPABLE_ROWS,compact-proximity-endpoint,Afet toplanma alanları,https://acikveri.bizizmir.com/dataset/afet-ve-acil-durum-toplanma-alanlari,CC BY 4.0,İzmir Büyükşehir Belediyesi Açık Veri Portalı
assembly:kaggle:1466:38.30750296886:26.342852262956,assembly,Emergency Assembly Area,2 NO LU AFET VE ACİL DURUM TOPLANMA ALANI,38.30750296886,26.342852262956,,,,,,,2026-09-20T07:31:27.118Z,COMPLETE_FOR_MAPPABLE_ROWS,compact-proximity-endpoint,Afet toplanma alanları,https://acikveri.bizizmir.com/dataset/afet-ve-acil-durum-toplanma-alanlari,CC BY 4.0,İzmir Büyükşehir Belediyesi Açık Veri Portalı
assembly:kaggle:1467:38.368711902651:26.760502183662,assembly,Emergency Assembly Area,2 NO LU AFET VE ACİL DURUM TOPLANMA ALANI,38.368711902651,26.760502183662,,,,,,,2026-09-20T07:31:27.118Z,COMPLETE_FOR_MAPPABLE_ROWS,compact-proximity-endpoint,Afet toplanma alanları,https://acikveri.bizizmir.com/dataset/afet-ve-acil-durum-toplanma-alanlari,CC BY 4.0,İzmir Büyükşehir Belediyesi Açık Veri Portalı
assembly:kaggle:1468:38.28569905531:26.262622471029,assembly,Emergency Assembly Area,2 NO LU AFET VE ACİL DURUM TOPLANMA ALANI,38.28569905531,26.262622471029,,,,,,,2026-09-20T07:31:27.118Z,COMPLETE_FOR_MAPPABLE_ROWS,compact-proximity-endpoint,Afet toplanma alanları,https://acikveri.bizizmir.com/dataset/afet-ve-acil-durum-toplanma-alanlari,CC BY 4.0,İzmir Büyükşehir Belediyesi Açık Veri Portalı
assembly:kaggle:1469:38.373738146629:27.151271250603,assembly,Emergency Assembly Area,2 NO LU AFET VE ACİL DURUM TOPLANMA ALANI,38.373738146629,27.151271250603,,,,,,,2026-09-20T07:31:27.118Z,COMPLETE_FOR_MAPPABLE_ROWS,compact-proximity-endpoint,Afet toplanma alanları,https://acikveri.bizizmir.com/dataset/afet-ve-acil-durum-toplanma-alanlari,CC BY 4.0,İzmir Büyükşehir Belediyesi Açık Veri Portalı
assembly:kaggle:1470:38.386778347132:27.073777232873,assembly,Emergency Assembly Area,2 NO LU AFET VE ACİL DURUM TOPLANMA ALANI,38.386778347132,27.073777232873,,,,,,,2026-09-20T07:31:27.118Z,COMPLETE_FOR_MAPPABLE_ROWS,compact-proximity-endpoint,Afet toplanma alanları,https://acikveri.bizizmir.com/dataset/afet-ve-acil-durum-toplanma-alanlari,CC BY 4.0,İzmir Büyükşehir Belediyesi Açık Veri Portalı
assembly:kaggle:1471:38.660826236514:26.856079024088,assembly,Emergency Assembly Area,2 NO LU AFET VE ACİL DURUM TOPLANMA ALANI,38.660826236514,26.856079024088,,,,,,,2026-09-20T07:31:27.118Z,COMPLETE_FOR_MAPPABLE_ROWS,compact-proximity-endpoint,Afet toplanma alanları,https://acikveri.bizizmir.com/dataset/afet-ve-acil-durum-toplanma-alanlari,CC BY 4.0,İzmir Büyükşehir Belediyesi Açık Veri Portalı
assembly:kaggle:1472:38.465386523004:27.107583492903,assembly,Emergency Assembly Area,2 NO LU AFET VE ACİL DURUM TOPLANMA ALANI,38.465386523004,27.107583492903,,,,,,,2026-09-20T07:31:27.118Z,COMPLETE_FOR_MAPPABLE_ROWS,compact-proximity-endpoint,Afet toplanma alanları,https://acikveri.bizizmir.com/dataset/afet-ve-acil-durum-toplanma-alanlari,CC BY 4.0,İzmir Büyükşehir Belediyesi Açık Veri Portalı
assembly:kaggle:1473:38.086139085767:27.804903994882,assembly,Emergency Assembly Area,2 NO LU AFET VE ACİL DURUM TOPLANMA ALANI,38.086139085767,27.804903994882,,,,,,,2026-09-20T07:31:27.118Z,COMPLETE_FOR_MAPPABLE_ROWS,compact-proximity-endpoint,Afet toplanma alanları,https://acikveri.bizizmir.com/dataset/afet-ve-acil-durum-toplanma-alanlari,CC BY 4.0,İzmir Büyükşehir Belediyesi Açık Veri Portalı
assembly:kaggle:1474:38.479556784096:27.172127825682,assembly,Emergency Assembly Area,2 NO LU AFET VE ACİL DURUM TOPLANMA ALANI,38.479556784096,27.172127825682,,,,,,,2026-09-20T07:31:27.118Z,COMPLETE_FOR_MAPPABLE_ROWS,compact-proximity-endpoint,Afet toplanma alanları,https://acikveri.bizizmir.com/dataset/afet-ve-acil-durum-toplanma-alanlari,CC BY 4.0,İzmir Büyükşehir Belediyesi Açık Veri Portalı
assembly:kaggle:1475:38.515479933693:27.053657862994,assembly,Emergency Assembly Area,2 NO LU AFET VE ACİL DURUM TOPLANMA ALANI,38.515479933693,27.053657862994,,,,,,,2026-09-20T07:31:27.118Z,COMPLETE_FOR_MAPPABLE_ROWS,compact-proximity-endpoint,Afet toplanma alanları,https://acikveri.bizizmir.com/dataset/afet-ve-acil-durum-toplanma-alanlari,CC BY 4.0,İzmir Büyükşehir Belediyesi Açık Veri Portalı
assembly:kaggle:1476:38.467847820251:27.110201311689,assembly,Emergency Assembly Area,2 NO LU AFET VE ACİL DURUM TOPLANMA ALANI,38.467847820251,27.110201311689,,,,,,,2026-09-20T07:31:27.118Z,COMPLETE_FOR_MAPPABLE_ROWS,compact-proximity-endpoint,Afet toplanma alanları,https://acikveri.bizizmir.com/dataset/afet-ve-acil-durum-toplanma-alanlari,CC BY 4.0,İzmir Büyükşehir Belediyesi Açık Veri Portalı
assembly:kaggle:1477:38.467007774529:27.088443341846,assembly,Emergency Assembly Area,2 NO LU AFET VE ACİL DURUM TOPLANMA ALANI,38.467007774529,27.088443341846,,,,,,,2026-09-20T07:31:27.118Z,COMPLETE_FOR_MAPPABLE_ROWS,compact-proximity-endpoint,Afet toplanma alanları,https://acikveri.bizizmir.com/dataset/afet-ve-acil-durum-toplanma-alanlari,CC BY 4.0,İzmir Büyükşehir Belediyesi Açık Veri Portalı
assembly:kaggle:1478:38.182570933665:27.493133481271,assembly,Emergency Assembly Area,2 NO LU AFET VE ACİL DURUM TOPLANMA ALANI,38.182570933665,27.493133481271,,,,,,,2026-09-20T07:31:27.118Z,COMPLETE_FOR_MAPPABLE_ROWS,compact-proximity-endpoint,Afet toplanma alanları,https://acikveri.bizizmir.com/dataset/afet-ve-acil-durum-toplanma-alanlari,CC BY 4.0,İzmir Büyükşehir Belediyesi Açık Veri Portalı
assembly:kaggle:1479:38.162408185351:27.348606090319,assembly,Emergency Assembly Area,2 NO LU AFET VE ACİL DURUM TOPLANMA ALANI,38.162408185351,27.348606090319,,,,,,,2026-09-20T07:31:27.118Z,COMPLETE_FOR_MAPPABLE_ROWS,compact-proximity-endpoint,Afet toplanma alanları,https://acikveri.bizizmir.com/dataset/afet-ve-acil-durum-toplanma-alanlari,CC BY 4.0,İzmir Büyükşehir Belediyesi Açık Veri Portalı
assembly:kaggle:1480:38.228012066452:27.294114499687,assembly,Emergency Assembly Area,2 NO LU AFET VE ACİL DURUM TOPLANMA ALANI,38.228012066452,27.294114499687,,,,,,,2026-09-20T07:31:27.118Z,COMPLETE_FOR_MAPPABLE_ROWS,compact-proximity-endpoint,Afet toplanma alanları,https://acikveri.bizizmir.com/dataset/afet-ve-acil-durum-toplanma-alanlari,CC BY 4.0,İzmir Büyükşehir Belediyesi Açık Veri Portalı
assembly:kaggle:1481:38.282941965646:27.122410978916,assembly,Emergency Assembly Area,2 NO LU AFET VE ACİL DURUM TOPLANMA ALANI,38.282941965646,27.122410978916,,,,,,,2026-09-20T07:31:27.118Z,COMPLETE_FOR_MAPPABLE_ROWS,compact-proximity-endpoint,Afet toplanma alanları,https://acikveri.bizizmir.com/dataset/afet-ve-acil-durum-toplanma-alanlari,CC BY 4.0,İzmir Büyükşehir Belediyesi Açık Veri Portalı
assembly:kaggle:1482:38.476902651959:27.116981886954,assembly,Emergency Assembly Area,2 NO LU AFET VE ACİL DURUM TOPLANMA ALANI,38.476902651959,27.116981886954,,,,,,,2026-09-20T07:31:27.118Z,COMPLETE_FOR_MAPPABLE_ROWS,compact-proximity-endpoint,Afet toplanma alanları,https://acikveri.bizizmir.com/dataset/afet-ve-acil-durum-toplanma-alanlari,CC BY 4.0,İzmir Büyükşehir Belediyesi Açık Veri Portalı
assembly:kaggle:1483:38.148812910535:27.372000221314,assembly,Emergency Assembly Area,2 NO LU AFET VE ACİL DURUM TOPLANMA ALANI,38.148812910535,27.372000221314,,,,,,,2026-09-20T07:31:27.118Z,COMPLETE_FOR_MAPPABLE_ROWS,compact-proximity-endpoint,Afet toplanma alanları,https://acikveri.bizizmir.com/dataset/afet-ve-acil-durum-toplanma-alanlari,CC BY 4.0,İzmir Büyükşehir Belediyesi Açık Veri Portalı
assembly:kaggle:1484:38.400060144571:27.104161122269,assembly,Emergency Assembly Area,2 NO LU AFET VE ACİL DURUM TOPLANMA ALANI,38.400060144571,27.104161122269,,,,,,,2026-09-20T07:31:27.118Z,COMPLETE_FOR_MAPPABLE_ROWS,compact-proximity-endpoint,Afet toplanma alanları,https://acikveri.bizizmir.com/dataset/afet-ve-acil-durum-toplanma-alanlari,CC BY 4.0,İzmir Büyükşehir Belediyesi Açık Veri Portalı
assembly:kaggle:1485:38.3313500573:26.76890825095,assembly,Emergency Assembly Area,2 NO LU AFET VE ACİL DURUM TOPLANMA ALANI,38.3313500573,26.76890825095,,,,,,,2026-09-20T07:31:27.118Z,COMPLETE_FOR_MAPPABLE_ROWS,compact-proximity-endpoint,Afet toplanma alanları,https://acikveri.bizizmir.com/dataset/afet-ve-acil-durum-toplanma-alanlari,CC BY 4.0,İzmir Büyükşehir Belediyesi Açık Veri Portalı
assembly:kaggle:1486:38.425943985511:27.13385834849,assembly,Emergency Assembly Area,2 NO LU AFET VE ACİL DURUM TOPLANMA ALANI,38.425943985511,27.13385834849,,,,,,,2026-09-20T07:31:27.118Z,COMPLETE_FOR_MAPPABLE_ROWS,compact-proximity-endpoint,Afet toplanma alanları,https://acikveri.bizizmir.com/dataset/afet-ve-acil-durum-toplanma-alanlari,CC BY 4.0,İzmir Büyükşehir Belediyesi Açık Veri Portalı
assembly:kaggle:1487:38.098037337617:27.727353655989,assembly,Emergency Assembly Area,2 NO LU AFET VE ACİL DURUM TOPLANMA ALANI,38.098037337617,27.727353655989,,,,,,,2026-09-20T07:31:27.118Z,COMPLETE_FOR_MAPPABLE_ROWS,compact-proximity-endpoint,Afet toplanma alanları,https://acikveri.bizizmir.com/dataset/afet-ve-acil-durum-toplanma-alanlari,CC BY 4.0,İzmir Büyükşehir Belediyesi Açık Veri Portalı
assembly:kaggle:1488:38.487308696645:27.389600240352,assembly,Emergency Assembly Area,2 NO LU AFET VE ACİL DURUM TOPLANMA ALANI,38.487308696645,27.389600240352,,,,,,,2026-09-20T07:31:27.118Z,COMPLETE_FOR_MAPPABLE_ROWS,compact-proximity-endpoint,Afet toplanma alanları,https://acikveri.bizizmir.com/dataset/afet-ve-acil-durum-toplanma-alanlari,CC BY 4.0,İzmir Büyükşehir Belediyesi Açık Veri Portalı
assembly:kaggle:1489:38.390793854718:27.10074402077,assembly,Emergency Assembly Area,2 NO LU AFET VE ACİL DURUM TOPLANMA ALANI,38.390793854718,27.10074402077,,,,,,,2026-09-20T07:31:27.118Z,COMPLETE_FOR_MAPPABLE_ROWS,compact-proximity-endpoint,Afet toplanma alanları,https://acikveri.bizizmir.com/dataset/afet-ve-acil-durum-toplanma-alanlari,CC BY 4.0,İzmir Büyükşehir Belediyesi Açık Veri Portalı
assembly:kaggle:1490:38.270371109895:26.732189102575,assembly,Emergency Assembly Area,2 NO LU AFET VE ACİL DURUM TOPLANMA ALANI,38.270371109895,26.732189102575,,,,,,,2026-09-20T07:31:27.118Z,COMPLETE_FOR_MAPPABLE_ROWS,compact-proximity-endpoint,Afet toplanma alanları,https://acikveri.bizizmir.com/dataset/afet-ve-acil-durum-toplanma-alanlari,CC BY 4.0,İzmir Büyükşehir Belediyesi Açık Veri Portalı
assembly:kaggle:1491:38.37728435898:27.109745492155,assembly,Emergency Assembly Area,2 NO LU AFET VE ACİL DURUM TOPLANMA ALANI,38.37728435898,27.109745492155,,,,,,,2026-09-20T07:31:27.118Z,COMPLETE_FOR_MAPPABLE_ROWS,compact-proximity-endpoint,Afet toplanma alanları,https://acikveri.bizizmir.com/dataset/afet-ve-acil-durum-toplanma-alanlari,CC BY 4.0,İzmir Büyükşehir Belediyesi Açık Veri Portalı
assembly:kaggle:1492:38.431617188197:27.144726595666,assembly,Emergency Assembly Area,2 NO LU AFET VE ACİL DURUM TOPLANMA ALANI,38.431617188197,27.144726595666,,,,,,,2026-09-20T07:31:27.118Z,COMPLETE_FOR_MAPPABLE_ROWS,compact-proximity-endpoint,Afet toplanma alanları,https://acikveri.bizizmir.com/dataset/afet-ve-acil-durum-toplanma-alanlari,CC BY 4.0,İzmir Büyükşehir Belediyesi Açık Veri Portalı
assembly:kaggle:1493:38.246686048561:27.136873438117,assembly,Emergency Assembly Area,2 NO LU AFET VE ACİL DURUM TOPLANMA ALANI,38.246686048561,27.136873438117,,,,,,,2026-09-20T07:31:27.118Z,COMPLETE_FOR_MAPPABLE_ROWS,compact-proximity-endpoint,Afet toplanma alanları,https://acikveri.bizizmir.com/dataset/afet-ve-acil-durum-toplanma-alanlari,CC BY 4.0,İzmir Büyükşehir Belediyesi Açık Veri Portalı
assembly:kaggle:1494:38.395023506119:27.076191194883,assembly,Emergency Assembly Area,2 NO LU AFET VE ACİL DURUM TOPLANMA ALANI,38.395023506119,27.076191194883,,,,,,,2026-09-20T07:31:27.118Z,COMPLETE_FOR_MAPPABLE_ROWS,compact-proximity-endpoint,Afet toplanma alanları,https://acikveri.bizizmir.com/dataset/afet-ve-acil-durum-toplanma-alanlari,CC BY 4.0,İzmir Büyükşehir Belediyesi Açık Veri Portalı
assembly:kaggle:1495:38.394426503068:27.089409055912,assembly,Emergency Assembly Area,2 NO LU AFET VE ACİL DURUM TOPLANMA ALANI,38.394426503068,27.089409055912,,,,,,,2026-09-20T07:31:27.118Z,COMPLETE_FOR_MAPPABLE_ROWS,compact-proximity-endpoint,Afet toplanma alanları,https://acikveri.bizizmir.com/dataset/afet-ve-acil-durum-toplanma-alanlari,CC BY 4.0,İzmir Büyükşehir Belediyesi Açık Veri Portalı
assembly:kaggle:1496:38.652385496213:27.080820223511,assembly,Emergency Assembly Area,2 NO LU AFET VE ACİL DURUM TOPLANMA ALANI,38.652385496213,27.080820223511,,,,,,,2026-09-20T07:31:27.118Z,COMPLETE_FOR_MAPPABLE_ROWS,compact-proximity-endpoint,Afet toplanma alanları,https://acikveri.bizizmir.com/dataset/afet-ve-acil-durum-toplanma-alanlari,CC BY 4.0,İzmir Büyükşehir Belediyesi Açık Veri Portalı
assembly:kaggle:1497:38.400715576015:26.738105793466,assembly,Emergency Assembly Area,2 NO LU AFET VE ACİL DURUM TOPLANMA ALANI,38.400715576015,26.738105793466,,,,,,,2026-09-20T07:31:27.118Z,COMPLETE_FOR_MAPPABLE_ROWS,compact-proximity-endpoint,Afet toplanma alanları,https://acikveri.bizizmir.com/dataset/afet-ve-acil-durum-toplanma-alanlari,CC BY 4.0,İzmir Büyükşehir Belediyesi Açık Veri Portalı
assembly:kaggle:1498:38.337969089343:26.86691834697,assembly,Emergency Assembly Area,2 NO LU AFET VE ACİL DURUM TOPLANMA ALANI,38.337969089343,26.86691834697,,,,,,,2026-09-20T07:31:27.118Z,COMPLETE_FOR_MAPPABLE_ROWS,compact-proximity-endpoint,Afet toplanma alanları,https://acikveri.bizizmir.com/dataset/afet-ve-acil-durum-toplanma-alanlari,CC BY 4.0,İzmir Büyükşehir Belediyesi Açık Veri Portalı
assembly:kaggle:1499:38.364333621937:26.896811370504,assembly,Emergency Assembly Area,2 NO LU AFET VE ACİL DURUM TOPLANMA ALANI,38.364333621937,26.896811370504,,,,,,,2026-09-20T07:31:27.118Z,COMPLETE_FOR_MAPPABLE_ROWS,compact-proximity-endpoint,Afet toplanma alanları,https://acikveri.bizizmir.com/dataset/afet-ve-acil-durum-toplanma-alanlari,CC BY 4.0,İzmir Büyükşehir Belediyesi Açık Veri Portalı
assembly:kaggle:1500:38.491650021321:27.132045072856,assembly,Emergency Assembly Area,2 NO LU AFET VE ACİL DURUM TOPLANMA ALANI,38.491650021321,27.132045072856,,,,,,,2026-09-20T07:31:27.118Z,COMPLETE_FOR_MAPPABLE_ROWS,compact-proximity-endpoint,Afet toplanma alanları,https://acikveri.bizizmir.com/dataset/afet-ve-acil-durum-toplanma-alanlari,CC BY 4.0,İzmir Büyükşehir Belediyesi Açık Veri Portalı
assembly:kaggle:1501:38.481034924052:27.137345109544,assembly,Emergency Assembly Area,2 NO LU AFET VE ACİL DURUM TOPLANMA ALANI,38.481034924052,27.137345109544,,,,,,,2026-09-20T07:31:27.118Z,COMPLETE_FOR_MAPPABLE_ROWS,compact-proximity-endpoint,Afet toplanma alanları,https://acikveri.bizizmir.com/dataset/afet-ve-acil-durum-toplanma-alanlari,CC BY 4.0,İzmir Büyükşehir Belediyesi Açık Veri Portalı
assembly:kaggle:1502:39.084067223125:27.385393565935,assembly,Emergency Assembly Area,2 NO LU AFET VE ACİL DURUM TOPLANMA ALANI,39.084067223125,27.385393565935,,,,,,,2026-09-20T07:31:27.118Z,COMPLETE_FOR_MAPPABLE_ROWS,compact-proximity-endpoint,Afet toplanma alanları,https://acikveri.bizizmir.com/dataset/afet-ve-acil-durum-toplanma-alanlari,CC BY 4.0,İzmir Büyükşehir Belediyesi Açık Veri Portalı
assembly:kaggle:1503:38.463017546306:27.101478819595,assembly,Emergency Assembly Area,2 NO LU AFET VE ACİL DURUM TOPLANMA ALANI,38.463017546306,27.101478819595,,,,,,,2026-09-20T07:31:27.118Z,COMPLETE_FOR_MAPPABLE_ROWS,compact-proximity-endpoint,Afet toplanma alanları,https://acikveri.bizizmir.com/dataset/afet-ve-acil-durum-toplanma-alanlari,CC BY 4.0,İzmir Büyükşehir Belediyesi Açık Veri Portalı
assembly:kaggle:1504:38.358848841675:27.081298156861,assembly,Emergency Assembly Area,2 NO LU AFET VE ACİL DURUM TOPLANMA ALANI,38.358848841675,27.081298156861,,,,,,,2026-09-20T07:31:27.118Z,COMPLETE_FOR_MAPPABLE_ROWS,compact-proximity-endpoint,Afet toplanma alanları,https://acikveri.bizizmir.com/dataset/afet-ve-acil-durum-toplanma-alanlari,CC BY 4.0,İzmir Büyükşehir Belediyesi Açık Veri Portalı
assembly:kaggle:1505:38.376463259962:27.111617666082,assembly,Emergency Assembly Area,2 NO LU AFET VE ACİL DURUM TOPLANMA ALANI,38.376463259962,27.111617666082,,,,,,,2026-09-20T07:31:27.118Z,COMPLETE_FOR_MAPPABLE_ROWS,compact-proximity-endpoint,Afet toplanma alanları,https://acikveri.bizizmir.com/dataset/afet-ve-acil-durum-toplanma-alanlari,CC BY 4.0,İzmir Büyükşehir Belediyesi Açık Veri Portalı
assembly:kaggle:1506:38.502456626266:27.088437916899,assembly,Emergency Assembly Area,2 NO LU AFET VE ACİL DURUM TOPLANMA ALANI,38.502456626266,27.088437916899,,,,,,,2026-09-20T07:31:27.118Z,COMPLETE_FOR_MAPPABLE_ROWS,compact-proximity-endpoint,Afet toplanma alanları,https://acikveri.bizizmir.com/dataset/afet-ve-acil-durum-toplanma-alanlari,CC BY 4.0,İzmir Büyükşehir Belediyesi Açık Veri Portalı
assembly:kaggle:1507:38.085515606531:28.202080870334,assembly,Emergency Assembly Area,2 NO LU AFET VE ACİL DURUM TOPLANMA ALANI,38.085515606531,28.202080870334,,,,,,,2026-09-20T07:31:27.118Z,COMPLETE_FOR_MAPPABLE_ROWS,compact-proximity-endpoint,Afet toplanma alanları,https://acikveri.bizizmir.com/dataset/afet-ve-acil-durum-toplanma-alanlari,CC BY 4.0,İzmir Büyükşehir Belediyesi Açık Veri Portalı
assembly:kaggle:1508:38.317858034522:26.924035736376,assembly,Emergency Assembly Area,2 NO LU AFET VE ACİL DURUM TOPLANMA ALANI,38.317858034522,26.924035736376,,,,,,,2026-09-20T07:31:27.118Z,COMPLETE_FOR_MAPPABLE_ROWS,compact-proximity-endpoint,Afet toplanma alanları,https://acikveri.bizizmir.com/dataset/afet-ve-acil-durum-toplanma-alanlari,CC BY 4.0,İzmir Büyükşehir Belediyesi Açık Veri Portalı
assembly:kaggle:1509:38.498669840963:27.065934301546,assembly,Emergency Assembly Area,2 NO LU AFET VE ACİL DURUM TOPLANMA ALANI,38.498669840963,27.065934301546,,,,,,,2026-09-20T07:31:27.118Z,COMPLETE_FOR_MAPPABLE_ROWS,compact-proximity-endpoint,Afet toplanma alanları,https://acikveri.bizizmir.com/dataset/afet-ve-acil-durum-toplanma-alanlari,CC BY 4.0,İzmir Büyükşehir Belediyesi Açık Veri Portalı
assembly:kaggle:1510:38.510524762835:26.986863152232,assembly,Emergency Assembly Area,2 NO LU AFET VE ACİL DURUM TOPLANMA ALANI,38.510524762835,26.986863152232,,,,,,,2026-09-20T07:31:27.118Z,COMPLETE_FOR_MAPPABLE_ROWS,compact-proximity-endpoint,Afet toplanma alanları,https://acikveri.bizizmir.com/dataset/afet-ve-acil-durum-toplanma-alanlari,CC BY 4.0,İzmir Büyükşehir Belediyesi Açık Veri Portalı
assembly:kaggle:1511:38.529621387571:27.047781147874,assembly,Emergency Assembly Area,2 NO LU AFET VE ACİL DURUM TOPLANMA ALANI,38.529621387571,27.047781147874,,,,,,,2026-09-20T07:31:27.118Z,COMPLETE_FOR_MAPPABLE_ROWS,compact-proximity-endpoint,Afet toplanma alanları,https://acikveri.bizizmir.com/dataset/afet-ve-acil-durum-toplanma-alanlari,CC BY 4.0,İzmir Büyükşehir Belediyesi Açık Veri Portalı
assembly:kaggle:1512:38.482068180711:27.361525706362,assembly,Emergency Assembly Area,2 NO LU AFET VE ACİL DURUM TOPLANMA ALANI,38.482068180711,27.361525706362,,,,,,,2026-09-20T07:31:27.118Z,COMPLETE_FOR_MAPPABLE_ROWS,compact-proximity-endpoint,Afet toplanma alanları,https://acikveri.bizizmir.com/dataset/afet-ve-acil-durum-toplanma-alanlari,CC BY 4.0,İzmir Büyükşehir Belediyesi Açık Veri Portalı
assembly:kaggle:1513:38.495117991107:27.060548458702,assembly,Emergency Assembly Area,2 NO LU AFET VE ACİL DURUM TOPLANMA ALANI,38.495117991107,27.060548458702,,,,,,,2026-09-20T07:31:27.118Z,COMPLETE_FOR_MAPPABLE_ROWS,compact-proximity-endpoint,Afet toplanma alanları,https://acikveri.bizizmir.com/dataset/afet-ve-acil-durum-toplanma-alanlari,CC BY 4.0,İzmir Büyükşehir Belediyesi Açık Veri Portalı
assembly:kaggle:1514:38.385714953279:27.494463527476,assembly,Emergency Assembly Area,2 NO LU AFET VE ACİL DURUM TOPLANMA ALANI,38.385714953279,27.494463527476,,,,,,,2026-09-20T07:31:27.118Z,COMPLETE_FOR_MAPPABLE_ROWS,compact-proximity-endpoint,Afet toplanma alanları,https://acikveri.bizizmir.com/dataset/afet-ve-acil-durum-toplanma-alanlari,CC BY 4.0,İzmir Büyükşehir Belediyesi Açık Veri Portalı
assembly:kaggle:1515:38.421060822859:27.468049207729,assembly,Emergency Assembly Area,2 NO LU AFET VE ACİL DURUM TOPLANMA ALANI,38.421060822859,27.468049207729,,,,,,,2026-09-20T07:31:27.118Z,COMPLETE_FOR_MAPPABLE_ROWS,compact-proximity-endpoint,Afet toplanma alanları,https://acikveri.bizizmir.com/dataset/afet-ve-acil-durum-toplanma-alanlari,CC BY 4.0,İzmir Büyükşehir Belediyesi Açık Veri Portalı
assembly:kaggle:1516:38.332545231379:26.864126190892,assembly,Emergency Assembly Area,2 NO LU AFET VE ACİL DURUM TOPLANMA ALANI,38.332545231379,26.864126190892,,,,,,,2026-09-20T07:31:27.118Z,COMPLETE_FOR_MAPPABLE_ROWS,compact-proximity-endpoint,Afet toplanma alanları,https://acikveri.bizizmir.com/dataset/afet-ve-acil-durum-toplanma-alanlari,CC BY 4.0,İzmir Büyükşehir Belediyesi Açık Veri Portalı
assembly:kaggle:1517:38.466689002123:27.517970161174,assembly,Emergency Assembly Area,2 NO LU AFET VE ACİL DURUM TOPLANMA ALANI,38.466689002123,27.517970161174,,,,,,,2026-09-20T07:31:27.118Z,COMPLETE_FOR_MAPPABLE_ROWS,compact-proximity-endpoint,Afet toplanma alanları,https://acikveri.bizizmir.com/dataset/afet-ve-acil-durum-toplanma-alanlari,CC BY 4.0,İzmir Büyükşehir Belediyesi Açık Veri Portalı
assembly:kaggle:1518:38.381795582683:27.172557141476,assembly,Emergency Assembly Area,2 NO LU AFET VE ACİL DURUM TOPLANMA ALANI,38.381795582683,27.172557141476,,,,,,,2026-09-20T07:31:27.118Z,COMPLETE_FOR_MAPPABLE_ROWS,compact-proximity-endpoint,Afet toplanma alanları,https://acikveri.bizizmir.com/dataset/afet-ve-acil-durum-toplanma-alanlari,CC BY 4.0,İzmir Büyükşehir Belediyesi Açık Veri Portalı
assembly:kaggle:1519:38.311745941115:26.350861290871,assembly,Emergency Assembly Area,2 NO LU AFET VE ACİL DURUM TOPLANMA ALANI,38.311745941115,26.350861290871,,,,,,,2026-09-20T07:31:27.118Z,COMPLETE_FOR_MAPPABLE_ROWS,compact-proximity-endpoint,Afet toplanma alanları,https://acikveri.bizizmir.com/dataset/afet-ve-acil-durum-toplanma-alanlari,CC BY 4.0,İzmir Büyükşehir Belediyesi Açık Veri Portalı
assembly:kaggle:1520:38.216671604135:27.650825070102,assembly,Emergency Assembly Area,2 NO LU AFET VE ACİL DURUM TOPLANMA ALANI,38.216671604135,27.650825070102,,,,,,,2026-09-20T07:31:27.118Z,COMPLETE_FOR_MAPPABLE_ROWS,compact-proximity-endpoint,Afet toplanma alanları,https://acikveri.bizizmir.com/dataset/afet-ve-acil-durum-toplanma-alanlari,CC BY 4.0,İzmir Büyükşehir Belediyesi Açık Veri Portalı
assembly:kaggle:1521:38.264849977876:27.142817152985,assembly,Emergency Assembly Area,2 NO LU AFET VE ACİL DURUM TOPLANMA ALANI,38.264849977876,27.142817152985,,,,,,,2026-09-20T07:31:27.118Z,COMPLETE_FOR_MAPPABLE_ROWS,compact-proximity-endpoint,Afet toplanma alanları,https://acikveri.bizizmir.com/dataset/afet-ve-acil-durum-toplanma-alanlari,CC BY 4.0,İzmir Büyükşehir Belediyesi Açık Veri Portalı
assembly:kaggle:1522:38.371753118779:27.176312232185,assembly,Emergency Assembly Area,2 NO LU AFET VE ACİL DURUM TOPLANMA ALANI,38.371753118779,27.176312232185,,,,,,,2026-09-20T07:31:27.118Z,COMPLETE_FOR_MAPPABLE_ROWS,compact-proximity-endpoint,Afet toplanma alanları,https://acikveri.bizizmir.com/dataset/afet-ve-acil-durum-toplanma-alanlari,CC BY 4.0,İzmir Büyükşehir Belediyesi Açık Veri Portalı
assembly:kaggle:1523:38.305979162536:26.357202011947,assembly,Emergency Assembly Area,2 NO LU AFET VE ACİL DURUM TOPLANMA ALANI,38.305979162536,26.357202011947,,,,,,,2026-09-20T07:31:27.118Z,COMPLETE_FOR_MAPPABLE_ROWS,compact-proximity-endpoint,Afet toplanma alanları,https://acikveri.bizizmir.com/dataset/afet-ve-acil-durum-toplanma-alanlari,CC BY 4.0,İzmir Büyükşehir Belediyesi Açık Veri Portalı
assembly:kaggle:1524:38.488610107935:27.143181554514,assembly,Emergency Assembly Area,2 NO LU AFET VE ACİL DURUM TOPLANMA ALANI,38.488610107935,27.143181554514,,,,,,,2026-09-20T07:31:27.118Z,COMPLETE_FOR_MAPPABLE_ROWS,compact-proximity-endpoint,Afet toplanma alanları,https://acikveri.bizizmir.com/dataset/afet-ve-acil-durum-toplanma-alanlari,CC BY 4.0,İzmir Büyükşehir Belediyesi Açık Veri Portalı
assembly:kaggle:1525:38.486493833997:27.136207849315,assembly,Emergency Assembly Area,2 NO LU AFET VE ACİL DURUM TOPLANMA ALANI,38.486493833997,27.136207849315,,,,,,,2026-09-20T07:31:27.118Z,COMPLETE_FOR_MAPPABLE_ROWS,compact-proximity-endpoint,Afet toplanma alanları,https://acikveri.bizizmir.com/dataset/afet-ve-acil-durum-toplanma-alanlari,CC BY 4.0,İzmir Büyükşehir Belediyesi Açık Veri Portalı
assembly:kaggle:1526:38.613912409251:26.52211355278,assembly,Emergency Assembly Area,2 NO LU AFET VE ACİL DURUM TOPLANMA ALANI,38.613912409251,26.52211355278,,,,,,,2026-09-20T07:31:27.118Z,COMPLETE_FOR_MAPPABLE_ROWS,compact-proximity-endpoint,Afet toplanma alanları,https://acikveri.bizizmir.com/dataset/afet-ve-acil-durum-toplanma-alanlari,CC BY 4.0,İzmir Büyükşehir Belediyesi Açık Veri Portalı
assembly:kaggle:1527:38.511481871432:27.044508900355,assembly,Emergency Assembly Area,2 NO LU AFET VE ACİL DURUM TOPLANMA ALANI,38.511481871432,27.044508900355,,,,,,,2026-09-20T07:31:27.118Z,COMPLETE_FOR_MAPPABLE_ROWS,compact-proximity-endpoint,Afet toplanma alanları,https://acikveri.bizizmir.com/dataset/afet-ve-acil-durum-toplanma-alanlari,CC BY 4.0,İzmir Büyükşehir Belediyesi Açık Veri Portalı
assembly:kaggle:1528:38.38785270611:27.110625234415,assembly,Emergency Assembly Area,2 NO LU AFET VE ACİL DURUM TOPLANMA ALANI,38.38785270611,27.110625234415,,,,,,,2026-09-20T07:31:27.118Z,COMPLETE_FOR_MAPPABLE_ROWS,compact-proximity-endpoint,Afet toplanma alanları,https://acikveri.bizizmir.com/dataset/afet-ve-acil-durum-toplanma-alanlari,CC BY 4.0,İzmir Büyükşehir Belediyesi Açık Veri Portalı
assembly:kaggle:1529:38.329514937677:26.417572825147,assembly,Emergency Assembly Area,2 NO LU AFET VE ACİL DURUM TOPLANMA ALANI,38.329514937677,26.417572825147,,,,,,,2026-09-20T07:31:27.118Z,COMPLETE_FOR_MAPPABLE_ROWS,compact-proximity-endpoint,Afet toplanma alanları,https://acikveri.bizizmir.com/dataset/afet-ve-acil-durum-toplanma-alanlari,CC BY 4.0,İzmir Büyükşehir Belediyesi Açık Veri Portalı
assembly:kaggle:1530:38.268538497679:26.244281650477,assembly,Emergency Assembly Area,2 NO LU AFET VE ACİL DURUM TOPLANMA ALANI,38.268538497679,26.244281650477,,,,,,,2026-09-20T07:31:27.118Z,COMPLETE_FOR_MAPPABLE_ROWS,compact-proximity-endpoint,Afet toplanma alanları,https://acikveri.bizizmir.com/dataset/afet-ve-acil-durum-toplanma-alanlari,CC BY 4.0,İzmir Büyükşehir Belediyesi Açık Veri Portalı
assembly:kaggle:1531:38.317465922714:26.309228240797,assembly,Emergency Assembly Area,2 NO LU AFET VE ACİL DURUM TOPLANMA ALANI,38.317465922714,26.309228240797,,,,,,,2026-09-20T07:31:27.118Z,COMPLETE_FOR_MAPPABLE_ROWS,compact-proximity-endpoint,Afet toplanma alanları,https://acikveri.bizizmir.com/dataset/afet-ve-acil-durum-toplanma-alanlari,CC BY 4.0,İzmir Büyükşehir Belediyesi Açık Veri Portalı
assembly:kaggle:1532:38.462841213169:27.180453389243,assembly,Emergency Assembly Area,2 NO LU AFET VE ACİL DURUM TOPLANMA ALANI,38.462841213169,27.180453389243,,,,,,,2026-09-20T07:31:27.118Z,COMPLETE_FOR_MAPPABLE_ROWS,compact-proximity-endpoint,Afet toplanma alanları,https://acikveri.bizizmir.com/dataset/afet-ve-acil-durum-toplanma-alanlari,CC BY 4.0,İzmir Büyükşehir Belediyesi Açık Veri Portalı
assembly:kaggle:1533:38.224811798354:27.649497370704,assembly,Emergency Assembly Area,2 NO LU AFET VE ACİL DURUM TOPLANMA ALANI,38.224811798354,27.649497370704,,,,,,,2026-09-20T07:31:27.118Z,COMPLETE_FOR_MAPPABLE_ROWS,compact-proximity-endpoint,Afet toplanma alanları,https://acikveri.bizizmir.com/dataset/afet-ve-acil-durum-toplanma-alanlari,CC BY 4.0,İzmir Büyükşehir Belediyesi Açık Veri Portalı
assembly:kaggle:1534:38.321072829454:26.331600427108,assembly,Emergency Assembly Area,2 NO LU AFET VE ACİL DURUM TOPLANMA ALANI,38.321072829454,26.331600427108,,,,,,,2026-09-20T07:31:27.118Z,COMPLETE_FOR_MAPPABLE_ROWS,compact-proximity-endpoint,Afet toplanma alanları,https://acikveri.bizizmir.com/dataset/afet-ve-acil-durum-toplanma-alanlari,CC BY 4.0,İzmir Büyükşehir Belediyesi Açık Veri Portalı
assembly:kaggle:1535:38.395351547326:27.175883041299,assembly,Emergency Assembly Area,2 NO LU AFET VE ACİL DURUM TOPLANMA ALANI,38.395351547326,27.175883041299,,,,,,,2026-09-20T07:31:27.118Z,COMPLETE_FOR_MAPPABLE_ROWS,compact-proximity-endpoint,Afet toplanma alanları,https://acikveri.bizizmir.com/dataset/afet-ve-acil-durum-toplanma-alanlari,CC BY 4.0,İzmir Büyükşehir Belediyesi Açık Veri Portalı
assembly:kaggle:1536:38.400732882038:27.195227027183,assembly,Emergency Assembly Area,2 NO LU AFET VE ACİL DURUM TOPLANMA ALANI,38.400732882038,27.195227027183,,,,,,,2026-09-20T07:31:27.118Z,COMPLETE_FOR_MAPPABLE_ROWS,compact-proximity-endpoint,Afet toplanma alanları,https://acikveri.bizizmir.com/dataset/afet-ve-acil-durum-toplanma-alanlari,CC BY 4.0,İzmir Büyükşehir Belediyesi Açık Veri Portalı
assembly:kaggle:1537:38.386976062053:27.15891012145,assembly,Emergency Assembly Area,2 NO LU AFET VE ACİL DURUM TOPLANMA ALANI,38.386976062053,27.15891012145,,,,,,,2026-09-20T07:31:27.118Z,COMPLETE_FOR_MAPPABLE_ROWS,compact-proximity-endpoint,Afet toplanma alanları,https://acikveri.bizizmir.com/dataset/afet-ve-acil-durum-toplanma-alanlari,CC BY 4.0,İzmir Büyükşehir Belediyesi Açık Veri Portalı
assembly:kaggle:1538:38.503514495221:27.052812991921,assembly,Emergency Assembly Area,2 NO LU AFET VE ACİL DURUM TOPLANMA ALANI,38.503514495221,27.052812991921,,,,,,,2026-09-20T07:31:27.118Z,COMPLETE_FOR_MAPPABLE_ROWS,compact-proximity-endpoint,Afet toplanma alanları,https://acikveri.bizizmir.com/dataset/afet-ve-acil-durum-toplanma-alanlari,CC BY 4.0,İzmir Büyükşehir Belediyesi Açık Veri Portalı
assembly:kaggle:1539:38.160489806836:28.148511944918,assembly,Emergency Assembly Area,2 NO LU AFET VE ACİL DURUM TOPLANMA ALANI,38.160489806836,28.148511944918,,,,,,,2026-09-20T07:31:27.118Z,COMPLETE_FOR_MAPPABLE_ROWS,compact-proximity-endpoint,Afet toplanma alanları,https://acikveri.bizizmir.com/dataset/afet-ve-acil-durum-toplanma-alanlari,CC BY 4.0,İzmir Büyükşehir Belediyesi Açık Veri Portalı
assembly:kaggle:1540:38.534077924652:27.050999775049,assembly,Emergency Assembly Area,2 NO LU AFET VE ACİL DURUM TOPLANMA ALANI,38.534077924652,27.050999775049,,,,,,,2026-09-20T07:31:27.118Z,COMPLETE_FOR_MAPPABLE_ROWS,compact-proximity-endpoint,Afet toplanma alanları,https://acikveri.bizizmir.com/dataset/afet-ve-acil-durum-toplanma-alanlari,CC BY 4.0,İzmir Büyükşehir Belediyesi Açık Veri Portalı
assembly:kaggle:1541:38.169312433454:27.35370225062,assembly,Emergency Assembly Area,2 NO LU AFET VE ACİL DURUM TOPLANMA ALANI,38.169312433454,27.35370225062,,,,,,,2026-09-20T07:31:27.118Z,COMPLETE_FOR_MAPPABLE_ROWS,compact-proximity-endpoint,Afet toplanma alanları,https://acikveri.bizizmir.com/dataset/afet-ve-acil-durum-toplanma-alanlari,CC BY 4.0,İzmir Büyükşehir Belediyesi Açık Veri Portalı
assembly:kaggle:1542:38.515696097954:27.056407113212,assembly,Emergency Assembly Area,2 NO LU AFET VE ACİL DURUM TOPLANMA ALANI,38.515696097954,27.056407113212,,,,,,,2026-09-20T07:31:27.118Z,COMPLETE_FOR_MAPPABLE_ROWS,compact-proximity-endpoint,Afet toplanma alanları,https://acikveri.bizizmir.com/dataset/afet-ve-acil-durum-toplanma-alanlari,CC BY 4.0,İzmir Büyükşehir Belediyesi Açık Veri Portalı
assembly:kaggle:1543:37.997584338556:27.659605572965,assembly,Emergency Assembly Area,2 NO LU AFET VE ACİL DURUM TOPLANMA ALANI,37.997584338556,27.659605572965,,,,,,,2026-09-20T07:31:27.118Z,COMPLETE_FOR_MAPPABLE_ROWS,compact-proximity-endpoint,Afet toplanma alanları,https://acikveri.bizizmir.com/dataset/afet-ve-acil-durum-toplanma-alanlari,CC BY 4.0,İzmir Büyükşehir Belediyesi Açık Veri Portalı
assembly:kaggle:1544:38.152120201156:27.35097716774,assembly,Emergency Assembly Area,2 NO LU AFET VE ACİL DURUM TOPLANMA ALANI,38.152120201156,27.35097716774,,,,,,,2026-09-20T07:31:27.118Z,COMPLETE_FOR_MAPPABLE_ROWS,compact-proximity-endpoint,Afet toplanma alanları,https://acikveri.bizizmir.com/dataset/afet-ve-acil-durum-toplanma-alanlari,CC BY 4.0,İzmir Büyükşehir Belediyesi Açık Veri Portalı
assembly:kaggle:1545:38.242405730759:27.286690158897,assembly,Emergency Assembly Area,2 NO LU AFET VE ACİL DURUM TOPLANMA ALANI,38.242405730759,27.286690158897,,,,,,,2026-09-20T07:31:27.118Z,COMPLETE_FOR_MAPPABLE_ROWS,compact-proximity-endpoint,Afet toplanma alanları,https://acikveri.bizizmir.com/dataset/afet-ve-acil-durum-toplanma-alanlari,CC BY 4.0,İzmir Büyükşehir Belediyesi Açık Veri Portalı
assembly:kaggle:1546:39.059857451405:26.884187720783,assembly,Emergency Assembly Area,2 NO LU AFET VE ACİL DURUM TOPLANMA ALANI,39.059857451405,26.884187720783,,,,,,,2026-09-20T07:31:27.118Z,COMPLETE_FOR_MAPPABLE_ROWS,compact-proximity-endpoint,Afet toplanma alanları,https://acikveri.bizizmir.com/dataset/afet-ve-acil-durum-toplanma-alanlari,CC BY 4.0,İzmir Büyükşehir Belediyesi Açık Veri Portalı
assembly:kaggle:1547:38.397802620211:27.178350657166,assembly,Emergency Assembly Area,2 NO LU AFET VE ACİL DURUM TOPLANMA ALANI,38.397802620211,27.178350657166,,,,,,,2026-09-20T07:31:27.118Z,COMPLETE_FOR_MAPPABLE_ROWS,compact-proximity-endpoint,Afet toplanma alanları,https://acikveri.bizizmir.com/dataset/afet-ve-acil-durum-toplanma-alanlari,CC BY 4.0,İzmir Büyükşehir Belediyesi Açık Veri Portalı
assembly:kaggle:1548:38.222426519569:27.650825061217,assembly,Emergency Assembly Area,2 NO LU AFET VE ACİL DURUM TOPLANMA ALANI,38.222426519569,27.650825061217,,,,,,,2026-09-20T07:31:27.118Z,COMPLETE_FOR_MAPPABLE_ROWS,compact-proximity-endpoint,Afet toplanma alanları,https://acikveri.bizizmir.com/dataset/afet-ve-acil-durum-toplanma-alanlari,CC BY 4.0,İzmir Büyükşehir Belediyesi Açık Veri Portalı
assembly:kaggle:1549:38.483930238995:27.216364137415,assembly,Emergency Assembly Area,2 NO'LU AFET VE ACİL DURUM TOPLANMA ALANI,38.483930238995,27.216364137415,,,,,,,2026-09-20T07:31:27.118Z,COMPLETE_FOR_MAPPABLE_ROWS,compact-proximity-endpoint,Afet toplanma alanları,https://acikveri.bizizmir.com/dataset/afet-ve-acil-durum-toplanma-alanlari,CC BY 4.0,İzmir Büyükşehir Belediyesi Açık Veri Portalı
assembly:kaggle:1550:38.32943766758:27.131083129862,assembly,Emergency Assembly Area,2 NO'LU AFET VE ACİL DURUM TOPLANMA ALANI,38.32943766758,27.131083129862,,,,,,,2026-09-20T07:31:27.118Z,COMPLETE_FOR_MAPPABLE_ROWS,compact-proximity-endpoint,Afet toplanma alanları,https://acikveri.bizizmir.com/dataset/afet-ve-acil-durum-toplanma-alanlari,CC BY 4.0,İzmir Büyükşehir Belediyesi Açık Veri Portalı
assembly:kaggle:1551:38.211317154342:28.026834852783,assembly,Emergency Assembly Area,2 NO'LU AFET VE ACİL DURUM TOPLANMA ALANI,38.211317154342,28.026834852783,,,,,,,2026-09-20T07:31:27.118Z,COMPLETE_FOR_MAPPABLE_ROWS,compact-proximity-endpoint,Afet toplanma alanları,https://acikveri.bizizmir.com/dataset/afet-ve-acil-durum-toplanma-alanlari,CC BY 4.0,İzmir Büyükşehir Belediyesi Açık Veri Portalı
assembly:kaggle:1552:38.218350065897:27.96968512346,assembly,Emergency Assembly Area,2 NO'LU AFET VE ACİL DURUM TOPLANMA ALANI,38.218350065897,27.96968512346,,,,,,,2026-09-20T07:31:27.118Z,COMPLETE_FOR_MAPPABLE_ROWS,compact-proximity-endpoint,Afet toplanma alanları,https://acikveri.bizizmir.com/dataset/afet-ve-acil-durum-toplanma-alanlari,CC BY 4.0,İzmir Büyükşehir Belediyesi Açık Veri Portalı
assembly:kaggle:1553:39.111598742247:27.174370576842,assembly,Emergency Assembly Area,2 NO'LU AFET VE ACİL DURUM TOPLANMA ALANI,39.111598742247,27.174370576842,,,,,,,2026-09-20T07:31:27.118Z,COMPLETE_FOR_MAPPABLE_ROWS,compact-proximity-endpoint,Afet toplanma alanları,https://acikveri.bizizmir.com/dataset/afet-ve-acil-durum-toplanma-alanlari,CC BY 4.0,İzmir Büyükşehir Belediyesi Açık Veri Portalı
assembly:kaggle:1554:38.463849198227:27.227372438496,assembly,Emergency Assembly Area,2 NO'LU AFET VE ACİL DURUM TOPLANMA ALANI,38.463849198227,27.227372438496,,,,,,,2026-09-20T07:31:27.118Z,COMPLETE_FOR_MAPPABLE_ROWS,compact-proximity-endpoint,Afet toplanma alanları,https://acikveri.bizizmir.com/dataset/afet-ve-acil-durum-toplanma-alanlari,CC BY 4.0,İzmir Büyükşehir Belediyesi Açık Veri Portalı
assembly:kaggle:1555:38.090103330939:28.056845867403,assembly,Emergency Assembly Area,2 NO'LU AFET VE ACİL DURUM TOPLANMA ALANI,38.090103330939,28.056845867403,,,,,,,2026-09-20T07:31:27.118Z,COMPLETE_FOR_MAPPABLE_ROWS,compact-proximity-endpoint,Afet toplanma alanları,https://acikveri.bizizmir.com/dataset/afet-ve-acil-durum-toplanma-alanlari,CC BY 4.0,İzmir Büyükşehir Belediyesi Açık Veri Portalı
assembly:kaggle:1556:38.208412740339:27.569097130271,assembly,Emergency Assembly Area,2 NO'LU AFET VE ACİL DURUM TOPLANMA ALANI,38.208412740339,27.569097130271,,,,,,,2026-09-20T07:31:27.118Z,COMPLETE_FOR_MAPPABLE_ROWS,compact-proximity-endpoint,Afet toplanma alanları,https://acikveri.bizizmir.com/dataset/afet-ve-acil-durum-toplanma-alanlari,CC BY 4.0,İzmir Büyükşehir Belediyesi Açık Veri Portalı
assembly:kaggle:1557:37.943143736712:27.381466895575,assembly,Emergency Assembly Area,2 NO'LU AFET VE ACİL DURUM TOPLANMA ALANI,37.943143736712,27.381466895575,,,,,,,2026-09-20T07:31:27.118Z,COMPLETE_FOR_MAPPABLE_ROWS,compact-proximity-endpoint,Afet toplanma alanları,https://acikveri.bizizmir.com/dataset/afet-ve-acil-durum-toplanma-alanlari,CC BY 4.0,İzmir Büyükşehir Belediyesi Açık Veri Portalı
assembly:kaggle:1558:38.297744566884:27.174702982236,assembly,Emergency Assembly Area,2 NO'LU AFET VE ACİL DURUM TOPLANMA ALANI,38.297744566884,27.174702982236,,,,,,,2026-09-20T07:31:27.118Z,COMPLETE_FOR_MAPPABLE_ROWS,compact-proximity-endpoint,Afet toplanma alanları,https://acikveri.bizizmir.com/dataset/afet-ve-acil-durum-toplanma-alanlari,CC BY 4.0,İzmir Büyükşehir Belediyesi Açık Veri Portalı
assembly:kaggle:1559:38.223835027793:27.959235166285,assembly,Emergency Assembly Area,2 NO'LU AFET VE ACİL DURUM TOPLANMA ALANI,38.223835027793,27.959235166285,,,,,,,2026-09-20T07:31:27.118Z,COMPLETE_FOR_MAPPABLE_ROWS,compact-proximity-endpoint,Afet toplanma alanları,https://acikveri.bizizmir.com/dataset/afet-ve-acil-durum-toplanma-alanlari,CC BY 4.0,İzmir Büyükşehir Belediyesi Açık Veri Portalı
assembly:kaggle:1560:37.946913923502:27.3702985467,assembly,Emergency Assembly Area,2 NO'LU AFET VE ACİL DURUM TOPLANMA ALANI,37.946913923502,27.3702985467,,,,,,,2026-09-20T07:31:27.118Z,COMPLETE_FOR_MAPPABLE_ROWS,compact-proximity-endpoint,Afet toplanma alanları,https://acikveri.bizizmir.com/dataset/afet-ve-acil-durum-toplanma-alanlari,CC BY 4.0,İzmir Büyükşehir Belediyesi Açık Veri Portalı
assembly:kaggle:1561:38.225943034257:27.978621067579,assembly,Emergency Assembly Area,2 NO'LU AFET VE ACİL DURUM TOPLANMA ALANI,38.225943034257,27.978621067579,,,,,,,2026-09-20T07:31:27.118Z,COMPLETE_FOR_MAPPABLE_ROWS,compact-proximity-endpoint,Afet toplanma alanları,https://acikveri.bizizmir.com/dataset/afet-ve-acil-durum-toplanma-alanlari,CC BY 4.0,İzmir Büyükşehir Belediyesi Açık Veri Portalı
assembly:kaggle:1562:38.328588662542:27.122219174633,assembly,Emergency Assembly Area,2 NO'LU AFET VE ACİL DURUM TOPLANMA ALANI,38.328588662542,27.122219174633,,,,,,,2026-09-20T07:31:27.118Z,COMPLETE_FOR_MAPPABLE_ROWS,compact-proximity-endpoint,Afet toplanma alanları,https://acikveri.bizizmir.com/dataset/afet-ve-acil-durum-toplanma-alanlari,CC BY 4.0,İzmir Büyükşehir Belediyesi Açık Veri Portalı
assembly:kaggle:1563:38.433864203933:27.205918580431,assembly,Emergency Assembly Area,2 NO'LU AFET VE ACİL DURUM TOPLANMA ALANI,38.433864203933,27.205918580431,,,,,,,2026-09-20T07:31:27.118Z,COMPLETE_FOR_MAPPABLE_ROWS,compact-proximity-endpoint,Afet toplanma alanları,https://acikveri.bizizmir.com/dataset/afet-ve-acil-durum-toplanma-alanlari,CC BY 4.0,İzmir Büyükşehir Belediyesi Açık Veri Portalı
assembly:kaggle:1564:38.518924513522:27.272768209463,assembly,Emergency Assembly Area,2 NO'LU AFET VE ACİL DURUM TOPLANMA ALANI,38.518924513522,27.272768209463,,,,,,,2026-09-20T07:31:27.118Z,COMPLETE_FOR_MAPPABLE_ROWS,compact-proximity-endpoint,Afet toplanma alanları,https://acikveri.bizizmir.com/dataset/afet-ve-acil-durum-toplanma-alanlari,CC BY 4.0,İzmir Büyükşehir Belediyesi Açık Veri Portalı
assembly:kaggle:1565:38.796727100471:26.970586118001,assembly,Emergency Assembly Area,2 NO'LU AFET VE ACİL DURUM TOPLANMA ALANI,38.796727100471,26.970586118001,,,,,,,2026-09-20T07:31:27.118Z,COMPLETE_FOR_MAPPABLE_ROWS,compact-proximity-endpoint,Afet toplanma alanları,https://acikveri.bizizmir.com/dataset/afet-ve-acil-durum-toplanma-alanlari,CC BY 4.0,İzmir Büyükşehir Belediyesi Açık Veri Portalı
assembly:kaggle:1566:38.962567384242:27.348878870446,assembly,Emergency Assembly Area,2 NO'LU AFET VE ACİL DURUM TOPLANMA ALANI,38.962567384242,27.348878870446,,,,,,,2026-09-20T07:31:27.118Z,COMPLETE_FOR_MAPPABLE_ROWS,compact-proximity-endpoint,Afet toplanma alanları,https://acikveri.bizizmir.com/dataset/afet-ve-acil-durum-toplanma-alanlari,CC BY 4.0,İzmir Büyükşehir Belediyesi Açık Veri Portalı
assembly:kaggle:1567:37.95787142398:27.373546695513,assembly,Emergency Assembly Area,2 NO'LU AFET VE ACİL DURUM TOPLANMA ALANI,37.95787142398,27.373546695513,,,,,,,2026-09-20T07:31:27.118Z,COMPLETE_FOR_MAPPABLE_ROWS,compact-proximity-endpoint,Afet toplanma alanları,https://acikveri.bizizmir.com/dataset/afet-ve-acil-durum-toplanma-alanlari,CC BY 4.0,İzmir Büyükşehir Belediyesi Açık Veri Portalı
assembly:kaggle:1568:38.774202388134:27.017792985283,assembly,Emergency Assembly Area,2 NO'LU AFET VE ACİL DURUM TOPLANMA ALANI,38.774202388134,27.017792985283,,,,,,,2026-09-20T07:31:27.118Z,COMPLETE_FOR_MAPPABLE_ROWS,compact-proximity-endpoint,Afet toplanma alanları,https://acikveri.bizizmir.com/dataset/afet-ve-acil-durum-toplanma-alanlari,CC BY 4.0,İzmir Büyükşehir Belediyesi Açık Veri Portalı
assembly:kaggle:1569:38.431533200205:27.190308661419,assembly,Emergency Assembly Area,2 NO'LU AFET VE ACİL DURUM TOPLANMA ALANI,38.431533200205,27.190308661419,,,,,,,2026-09-20T07:31:27.118Z,COMPLETE_FOR_MAPPABLE_ROWS,compact-proximity-endpoint,Afet toplanma alanları,https://acikveri.bizizmir.com/dataset/afet-ve-acil-durum-toplanma-alanlari,CC BY 4.0,İzmir Büyükşehir Belediyesi Açık Veri Portalı
assembly:kaggle:1570:38.465706790998:27.210745024252,assembly,Emergency Assembly Area,2 NO'LU AFET VE ACİL DURUM TOPLANMA ALANI,38.465706790998,27.210745024252,,,,,,,2026-09-20T07:31:27.118Z,COMPLETE_FOR_MAPPABLE_ROWS,compact-proximity-endpoint,Afet toplanma alanları,https://acikveri.bizizmir.com/dataset/afet-ve-acil-durum-toplanma-alanlari,CC BY 4.0,İzmir Büyükşehir Belediyesi Açık Veri Portalı
assembly:kaggle:1571:38.388586298026:27.095966591097,assembly,Emergency Assembly Area,2 NO'LU AFET VE ACİL DURUM TOPLANMA ALANI,38.388586298026,27.095966591097,,,,,,,2026-09-20T07:31:27.118Z,COMPLETE_FOR_MAPPABLE_ROWS,compact-proximity-endpoint,Afet toplanma alanları,https://acikveri.bizizmir.com/dataset/afet-ve-acil-durum-toplanma-alanlari,CC BY 4.0,İzmir Büyükşehir Belediyesi Açık Veri Portalı
assembly:kaggle:1572:38.701022652826:27.033415977738,assembly,Emergency Assembly Area,2 NO'LU AFET VE ACİL DURUM TOPLANMA ALANI,38.701022652826,27.033415977738,,,,,,,2026-09-20T07:31:27.118Z,COMPLETE_FOR_MAPPABLE_ROWS,compact-proximity-endpoint,Afet toplanma alanları,https://acikveri.bizizmir.com/dataset/afet-ve-acil-durum-toplanma-alanlari,CC BY 4.0,İzmir Büyükşehir Belediyesi Açık Veri Portalı
assembly:kaggle:1573:38.730307476452:27.007173056004,assembly,Emergency Assembly Area,2 NO'LU AFET VE ACİL DURUM TOPLANMA ALANI,38.730307476452,27.007173056004,,,,,,,2026-09-20T07:31:27.118Z,COMPLETE_FOR_MAPPABLE_ROWS,compact-proximity-endpoint,Afet toplanma alanları,https://acikveri.bizizmir.com/dataset/afet-ve-acil-durum-toplanma-alanlari,CC BY 4.0,İzmir Büyükşehir Belediyesi Açık Veri Portalı
assembly:kaggle:1574:38.42747123451:27.203407603665,assembly,Emergency Assembly Area,2 NO'LU AFET VE ACİL DURUM TOPLANMA ALANI,38.42747123451,27.203407603665,,,,,,,2026-09-20T07:31:27.118Z,COMPLETE_FOR_MAPPABLE_ROWS,compact-proximity-endpoint,Afet toplanma alanları,https://acikveri.bizizmir.com/dataset/afet-ve-acil-durum-toplanma-alanlari,CC BY 4.0,İzmir Büyükşehir Belediyesi Açık Veri Portalı
assembly:kaggle:1575:38.250722726222:28.060602549179,assembly,Emergency Assembly Area,2 NO'LU AFET VE ACİL DURUM TOPLANMA ALANI,38.250722726222,28.060602549179,,,,,,,2026-09-20T07:31:27.118Z,COMPLETE_FOR_MAPPABLE_ROWS,compact-proximity-endpoint,Afet toplanma alanları,https://acikveri.bizizmir.com/dataset/afet-ve-acil-durum-toplanma-alanlari,CC BY 4.0,İzmir Büyükşehir Belediyesi Açık Veri Portalı
assembly:kaggle:1576:39.030808462844:27.483796224599,assembly,Emergency Assembly Area,2 NO'LU AFET VE ACİL DURUM TOPLANMA ALANI,39.030808462844,27.483796224599,,,,,,,2026-09-20T07:31:27.118Z,COMPLETE_FOR_MAPPABLE_ROWS,compact-proximity-endpoint,Afet toplanma alanları,https://acikveri.bizizmir.com/dataset/afet-ve-acil-durum-toplanma-alanlari,CC BY 4.0,İzmir Büyükşehir Belediyesi Açık Veri Portalı
assembly:kaggle:1577:38.235544973792:27.967268109112,assembly,Emergency Assembly Area,2 NO'LU AFET VE ACİL DURUM TOPLANMA ALANI,38.235544973792,27.967268109112,,,,,,,2026-09-20T07:31:27.118Z,COMPLETE_FOR_MAPPABLE_ROWS,compact-proximity-endpoint,Afet toplanma alanları,https://acikveri.bizizmir.com/dataset/afet-ve-acil-durum-toplanma-alanlari,CC BY 4.0,İzmir Büyükşehir Belediyesi Açık Veri Portalı
assembly:kaggle:1578:38.015613634975:27.446698049703,assembly,Emergency Assembly Area,2 NO'LU AFET VE ACİL DURUM TOPLANMA ALANI,38.015613634975,27.446698049703,,,,,,,2026-09-20T07:31:27.118Z,COMPLETE_FOR_MAPPABLE_ROWS,compact-proximity-endpoint,Afet toplanma alanları,https://acikveri.bizizmir.com/dataset/afet-ve-acil-durum-toplanma-alanlari,CC BY 4.0,İzmir Büyükşehir Belediyesi Açık Veri Portalı
assembly:kaggle:1579:38.235022989892:27.981143042555,assembly,Emergency Assembly Area,2 NO'LU AFET VE ACİL DURUM TOPLANMA ALANI,38.235022989892,27.981143042555,,,,,,,2026-09-20T07:31:27.118Z,COMPLETE_FOR_MAPPABLE_ROWS,compact-proximity-endpoint,Afet toplanma alanları,https://acikveri.bizizmir.com/dataset/afet-ve-acil-durum-toplanma-alanlari,CC BY 4.0,İzmir Büyükşehir Belediyesi Açık Veri Portalı
assembly:kaggle:1580:38.210012069976:27.902069678768,assembly,Emergency Assembly Area,2 NO'LU AFET VE ACİL DURUM TOPLANMA ALANI,38.210012069976,27.902069678768,,,,,,,2026-09-20T07:31:27.118Z,COMPLETE_FOR_MAPPABLE_ROWS,compact-proximity-endpoint,Afet toplanma alanları,https://acikveri.bizizmir.com/dataset/afet-ve-acil-durum-toplanma-alanlari,CC BY 4.0,İzmir Büyükşehir Belediyesi Açık Veri Portalı
assembly:kaggle:1581:38.834736913806:26.975339028649,assembly,Emergency Assembly Area,2 NO'LU AFET VE ACİL DURUM TOPLANMA ALANI,38.834736913806,26.975339028649,,,,,,,2026-09-20T07:31:27.118Z,COMPLETE_FOR_MAPPABLE_ROWS,compact-proximity-endpoint,Afet toplanma alanları,https://acikveri.bizizmir.com/dataset/afet-ve-acil-durum-toplanma-alanlari,CC BY 4.0,İzmir Büyükşehir Belediyesi Açık Veri Portalı
assembly:kaggle:1582:38.788229128741:26.957437198284,assembly,Emergency Assembly Area,2 NO'LU AFET VE ACİL DURUM TOPLANMA ALANI,38.788229128741,26.957437198284,,,,,,,2026-09-20T07:31:27.118Z,COMPLETE_FOR_MAPPABLE_ROWS,compact-proximity-endpoint,Afet toplanma alanları,https://acikveri.bizizmir.com/dataset/afet-ve-acil-durum-toplanma-alanlari,CC BY 4.0,İzmir Büyükşehir Belediyesi Açık Veri Portalı
assembly:kaggle:1583:38.697809343715:26.735000453122,assembly,Emergency Assembly Area,2 NO'LU AFET VE ACİL DURUM TOPLANMA ALANI,38.697809343715,26.735000453122,,,,,,,2026-09-20T07:31:27.118Z,COMPLETE_FOR_MAPPABLE_ROWS,compact-proximity-endpoint,Afet toplanma alanları,https://acikveri.bizizmir.com/dataset/afet-ve-acil-durum-toplanma-alanlari,CC BY 4.0,İzmir Büyükşehir Belediyesi Açık Veri Portalı
assembly:kaggle:1584:38.752309175605:26.83359986939,assembly,Emergency Assembly Area,2 NO'LU AFET VE ACİL DURUM TOPLANMA ALANI,38.752309175605,26.83359986939,,,,,,,2026-09-20T07:31:27.118Z,COMPLETE_FOR_MAPPABLE_ROWS,compact-proximity-endpoint,Afet toplanma alanları,https://acikveri.bizizmir.com/dataset/afet-ve-acil-durum-toplanma-alanlari,CC BY 4.0,İzmir Büyükşehir Belediyesi Açık Veri Portalı
assembly:kaggle:1585:38.886375514165:27.071491140926,assembly,Emergency Assembly Area,2 NO'LU AFET VE ACİL DURUM TOPLANMA ALANI,38.886375514165,27.071491140926,,,,,,,2026-09-20T07:31:27.118Z,COMPLETE_FOR_MAPPABLE_ROWS,compact-proximity-endpoint,Afet toplanma alanları,https://acikveri.bizizmir.com/dataset/afet-ve-acil-durum-toplanma-alanlari,CC BY 4.0,İzmir Büyükşehir Belediyesi Açık Veri Portalı
assembly:kaggle:1586:38.323955877708:28.028301386401,assembly,Emergency Assembly Area,2 NO'LU AFET VE ACİL DURUM TOPLANMA ALANI,38.323955877708,28.028301386401,,,,,,,2026-09-20T07:31:27.118Z,COMPLETE_FOR_MAPPABLE_ROWS,compact-proximity-endpoint,Afet toplanma alanları,https://acikveri.bizizmir.com/dataset/afet-ve-acil-durum-toplanma-alanlari,CC BY 4.0,İzmir Büyükşehir Belediyesi Açık Veri Portalı
assembly:kaggle:1587:38.663009533043:26.745800462805,assembly,Emergency Assembly Area,2 NO'LU AFET VE ACİL DURUM TOPLANMA ALANI,38.663009533043,26.745800462805,,,,,,,2026-09-20T07:31:27.118Z,COMPLETE_FOR_MAPPABLE_ROWS,compact-proximity-endpoint,Afet toplanma alanları,https://acikveri.bizizmir.com/dataset/afet-ve-acil-durum-toplanma-alanlari,CC BY 4.0,İzmir Büyükşehir Belediyesi Açık Veri Portalı
assembly:kaggle:1588:38.442306318596:27.259399432249,assembly,Emergency Assembly Area,2 NO'LU AFET VE ACİL DURUM TOPLANMA ALANI,38.442306318596,27.259399432249,,,,,,,2026-09-20T07:31:27.118Z,COMPLETE_FOR_MAPPABLE_ROWS,compact-proximity-endpoint,Afet toplanma alanları,https://acikveri.bizizmir.com/dataset/afet-ve-acil-durum-toplanma-alanlari,CC BY 4.0,İzmir Büyükşehir Belediyesi Açık Veri Portalı
assembly:kaggle:1589:38.23143098807:27.959354154725,assembly,Emergency Assembly Area,2 NO'LU AFET VE ACİL DURUM TOPLANMA ALANI,38.23143098807,27.959354154725,,,,,,,2026-09-20T07:31:27.118Z,COMPLETE_FOR_MAPPABLE_ROWS,compact-proximity-endpoint,Afet toplanma alanları,https://acikveri.bizizmir.com/dataset/afet-ve-acil-durum-toplanma-alanlari,CC BY 4.0,İzmir Büyükşehir Belediyesi Açık Veri Portalı
assembly:kaggle:1590:38.228401673288:27.973732361115,assembly,Emergency Assembly Area,2 NO'LU AFET VE ACİL DURUM TOPLANMA ALANI,38.228401673288,27.973732361115,,,,,,,2026-09-20T07:31:27.118Z,COMPLETE_FOR_MAPPABLE_ROWS,compact-proximity-endpoint,Afet toplanma alanları,https://acikveri.bizizmir.com/dataset/afet-ve-acil-durum-toplanma-alanlari,CC BY 4.0,İzmir Büyükşehir Belediyesi Açık Veri Portalı
assembly:kaggle:1591:38.453362167471:27.268141238255,assembly,Emergency Assembly Area,2 NO'LU AFET VE ACİL DURUM TOPLANMA ALANI,38.453362167471,27.268141238255,,,,,,,2026-09-20T07:31:27.118Z,COMPLETE_FOR_MAPPABLE_ROWS,compact-proximity-endpoint,Afet toplanma alanları,https://acikveri.bizizmir.com/dataset/afet-ve-acil-durum-toplanma-alanlari,CC BY 4.0,İzmir Büyükşehir Belediyesi Açık Veri Portalı
assembly:kaggle:1592:38.256817108743:27.88729665826,assembly,Emergency Assembly Area,2 NO'LU AFET VE ACİL DURUM TOPLANMA ALANI,38.256817108743,27.88729665826,,,,,,,2026-09-20T07:31:27.118Z,COMPLETE_FOR_MAPPABLE_ROWS,compact-proximity-endpoint,Afet toplanma alanları,https://acikveri.bizizmir.com/dataset/afet-ve-acil-durum-toplanma-alanlari,CC BY 4.0,İzmir Büyükşehir Belediyesi Açık Veri Portalı
assembly:kaggle:1593:38.379169160802:27.060025656902,assembly,Emergency Assembly Area,2 NO'LU AFET VE ACİL DURUM TOPLANMA ALANI,38.379169160802,27.060025656902,,,,,,,2026-09-20T07:31:27.118Z,COMPLETE_FOR_MAPPABLE_ROWS,compact-proximity-endpoint,Afet toplanma alanları,https://acikveri.bizizmir.com/dataset/afet-ve-acil-durum-toplanma-alanlari,CC BY 4.0,İzmir Büyükşehir Belediyesi Açık Veri Portalı
assembly:kaggle:1594:38.07271279579:26.924710606644,assembly,Emergency Assembly Area,2 NO'LU AFET VE ACİL DURUM TOPLANMA ALANI,38.07271279579,26.924710606644,,,,,,,2026-09-20T07:31:27.118Z,COMPLETE_FOR_MAPPABLE_ROWS,compact-proximity-endpoint,Afet toplanma alanları,https://acikveri.bizizmir.com/dataset/afet-ve-acil-durum-toplanma-alanlari,CC BY 4.0,İzmir Büyükşehir Belediyesi Açık Veri Portalı
assembly:kaggle:1595:38.071549334962:28.095244828803,assembly,Emergency Assembly Area,2 NO'LU AFET VE ACİL DURUM TOPLANMA ALANI,38.071549334962,28.095244828803,,,,,,,2026-09-20T07:31:27.118Z,COMPLETE_FOR_MAPPABLE_ROWS,compact-proximity-endpoint,Afet toplanma alanları,https://acikveri.bizizmir.com/dataset/afet-ve-acil-durum-toplanma-alanlari,CC BY 4.0,İzmir Büyükşehir Belediyesi Açık Veri Portalı
assembly:kaggle:1596:38.080335790793:26.958219422942,assembly,Emergency Assembly Area,2 NO'LU AFET VE ACİL DURUM TOPLANMA ALANI,38.080335790793,26.958219422942,,,,,,,2026-09-20T07:31:27.118Z,COMPLETE_FOR_MAPPABLE_ROWS,compact-proximity-endpoint,Afet toplanma alanları,https://acikveri.bizizmir.com/dataset/afet-ve-acil-durum-toplanma-alanlari,CC BY 4.0,İzmir Büyükşehir Belediyesi Açık Veri Portalı
assembly:kaggle:1597:38.070279728576:26.850770987094,assembly,Emergency Assembly Area,2 NO'LU AFET VE ACİL DURUM TOPLANMA ALANI,38.070279728576,26.850770987094,,,,,,,2026-09-20T07:31:27.118Z,COMPLETE_FOR_MAPPABLE_ROWS,compact-proximity-endpoint,Afet toplanma alanları,https://acikveri.bizizmir.com/dataset/afet-ve-acil-durum-toplanma-alanlari,CC BY 4.0,İzmir Büyükşehir Belediyesi Açık Veri Portalı
assembly:kaggle:1598:38.122202519909:26.911150589791,assembly,Emergency Assembly Area,2 NO'LU AFET VE ACİL DURUM TOPLANMA ALANI,38.122202519909,26.911150589791,,,,,,,2026-09-20T07:31:27.118Z,COMPLETE_FOR_MAPPABLE_ROWS,compact-proximity-endpoint,Afet toplanma alanları,https://acikveri.bizizmir.com/dataset/afet-ve-acil-durum-toplanma-alanlari,CC BY 4.0,İzmir Büyükşehir Belediyesi Açık Veri Portalı
assembly:kaggle:1599:38.469344010475:27.097420420218,assembly,Emergency Assembly Area,2 NO'LU AFET VE ACİL DURUM TOPLANMA ALANI,38.469344010475,27.097420420218,,,,,,,2026-09-20T07:31:27.118Z,COMPLETE_FOR_MAPPABLE_ROWS,compact-proximity-endpoint,Afet toplanma alanları,https://acikveri.bizizmir.com/dataset/afet-ve-acil-durum-toplanma-alanlari,CC BY 4.0,İzmir Büyükşehir Belediyesi Açık Veri Portalı
assembly:kaggle:1600:38.194812059445:26.838490831839,assembly,Emergency Assembly Area,2 NO'LU AFET VE ACİL DURUM TOPLANMA ALANI,38.194812059445,26.838490831839,,,,,,,2026-09-20T07:31:27.118Z,COMPLETE_FOR_MAPPABLE_ROWS,compact-proximity-endpoint,Afet toplanma alanları,https://acikveri.bizizmir.com/dataset/afet-ve-acil-durum-toplanma-alanlari,CC BY 4.0,İzmir Büyükşehir Belediyesi Açık Veri Portalı
assembly:kaggle:1601:38.758586383807:27.054717773447,assembly,Emergency Assembly Area,2 NO'LU AFET VE ACİL DURUM TOPLANMA ALANI,38.758586383807,27.054717773447,,,,,,,2026-09-20T07:31:27.118Z,COMPLETE_FOR_MAPPABLE_ROWS,compact-proximity-endpoint,Afet toplanma alanları,https://acikveri.bizizmir.com/dataset/afet-ve-acil-durum-toplanma-alanlari,CC BY 4.0,İzmir Büyükşehir Belediyesi Açık Veri Portalı
assembly:kaggle:1602:38.922273603583:27.097353279182,assembly,Emergency Assembly Area,2 NO'LU AFET VE ACİL DURUM TOPLANMA ALANI,38.922273603583,27.097353279182,,,,,,,2026-09-20T07:31:27.118Z,COMPLETE_FOR_MAPPABLE_ROWS,compact-proximity-endpoint,Afet toplanma alanları,https://acikveri.bizizmir.com/dataset/afet-ve-acil-durum-toplanma-alanlari,CC BY 4.0,İzmir Büyükşehir Belediyesi Açık Veri Portalı
assembly:kaggle:1603:38.79728439458:26.967534236367,assembly,Emergency Assembly Area,2 NO'LU AFET VE ACİL DURUM TOPLANMA ALANI,38.79728439458,26.967534236367,,,,,,,2026-09-20T07:31:27.118Z,COMPLETE_FOR_MAPPABLE_ROWS,compact-proximity-endpoint,Afet toplanma alanları,https://acikveri.bizizmir.com/dataset/afet-ve-acil-durum-toplanma-alanlari,CC BY 4.0,İzmir Büyükşehir Belediyesi Açık Veri Portalı
assembly:kaggle:1604:38.110945806132:27.992585747214,assembly,Emergency Assembly Area,2 NO'LU AFET VE ACİL DURUM TOPLANMA ALANI,38.110945806132,27.992585747214,,,,,,,2026-09-20T07:31:27.118Z,COMPLETE_FOR_MAPPABLE_ROWS,compact-proximity-endpoint,Afet toplanma alanları,https://acikveri.bizizmir.com/dataset/afet-ve-acil-durum-toplanma-alanlari,CC BY 4.0,İzmir Büyükşehir Belediyesi Açık Veri Portalı
assembly:kaggle:1605:38.387682271833:27.042863471394,assembly,Emergency Assembly Area,2 NO'LU AFET VE ACİL DURUM TOPLANMA ALANI,38.387682271833,27.042863471394,,,,,,,2026-09-20T07:31:27.118Z,COMPLETE_FOR_MAPPABLE_ROWS,compact-proximity-endpoint,Afet toplanma alanları,https://acikveri.bizizmir.com/dataset/afet-ve-acil-durum-toplanma-alanlari,CC BY 4.0,İzmir Büyükşehir Belediyesi Açık Veri Portalı
assembly:kaggle:1606:38.392966245726:27.043696458064,assembly,Emergency Assembly Area,2 NO'LU AFET VE ACİL DURUM TOPLANMA ALANI,38.392966245726,27.043696458064,,,,,,,2026-09-20T07:31:27.118Z,COMPLETE_FOR_MAPPABLE_ROWS,compact-proximity-endpoint,Afet toplanma alanları,https://acikveri.bizizmir.com/dataset/afet-ve-acil-durum-toplanma-alanlari,CC BY 4.0,İzmir Büyükşehir Belediyesi Açık Veri Portalı
assembly:kaggle:1607:38.406766102037:27.009040916624,assembly,Emergency Assembly Area,2 NO'LU AFET VE ACİL DURUM TOPLANMA ALANI,38.406766102037,27.009040916624,,,,,,,2026-09-20T07:31:27.118Z,COMPLETE_FOR_MAPPABLE_ROWS,compact-proximity-endpoint,Afet toplanma alanları,https://acikveri.bizizmir.com/dataset/afet-ve-acil-durum-toplanma-alanlari,CC BY 4.0,İzmir Büyükşehir Belediyesi Açık Veri Portalı
assembly:kaggle:1608:38.395678557771:26.992020381343,assembly,Emergency Assembly Area,2 NO'LU AFET VE ACİL DURUM TOPLANMA ALANI,38.395678557771,26.992020381343,,,,,,,2026-09-20T07:31:27.118Z,COMPLETE_FOR_MAPPABLE_ROWS,compact-proximity-endpoint,Afet toplanma alanları,https://acikveri.bizizmir.com/dataset/afet-ve-acil-durum-toplanma-alanlari,CC BY 4.0,İzmir Büyükşehir Belediyesi Açık Veri Portalı
assembly:kaggle:1609:38.703009632639:27.023385023837,assembly,Emergency Assembly Area,2 NO'LU AFET VE ACİL DURUM TOPLANMA ALANI,38.703009632639,27.023385023837,,,,,,,2026-09-20T07:31:27.118Z,COMPLETE_FOR_MAPPABLE_ROWS,compact-proximity-endpoint,Afet toplanma alanları,https://acikveri.bizizmir.com/dataset/afet-ve-acil-durum-toplanma-alanlari,CC BY 4.0,İzmir Büyükşehir Belediyesi Açık Veri Portalı
assembly:kaggle:1610:38.396819222028:27.004120951562,assembly,Emergency Assembly Area,2 NO'LU AFET VE ACİL DURUM TOPLANMA ALANI,38.396819222028,27.004120951562,,,,,,,2026-09-20T07:31:27.118Z,COMPLETE_FOR_MAPPABLE_ROWS,compact-proximity-endpoint,Afet toplanma alanları,https://acikveri.bizizmir.com/dataset/afet-ve-acil-durum-toplanma-alanlari,CC BY 4.0,İzmir Büyükşehir Belediyesi Açık Veri Portalı
assembly:kaggle:1611:38.427617303775:27.271631262992,assembly,Emergency Assembly Area,2 NO'LU AFET VE ACİL DURUM TOPLANMA ALANI,38.427617303775,27.271631262992,,,,,,,2026-09-20T07:31:27.118Z,COMPLETE_FOR_MAPPABLE_ROWS,compact-proximity-endpoint,Afet toplanma alanları,https://acikveri.bizizmir.com/dataset/afet-ve-acil-durum-toplanma-alanlari,CC BY 4.0,İzmir Büyükşehir Belediyesi Açık Veri Portalı
assembly:kaggle:1612:38.228526049916:28.010436908368,assembly,Emergency Assembly Area,2 NO'LU AFET VE ACİL DURUM TOPLANMA ALANI,38.228526049916,28.010436908368,,,,,,,2026-09-20T07:31:27.118Z,COMPLETE_FOR_MAPPABLE_ROWS,compact-proximity-endpoint,Afet toplanma alanları,https://acikveri.bizizmir.com/dataset/afet-ve-acil-durum-toplanma-alanlari,CC BY 4.0,İzmir Büyükşehir Belediyesi Açık Veri Portalı
assembly:kaggle:1613:38.39417825501:27.058610381497,assembly,Emergency Assembly Area,2 NO'LU AFET VE ACİL DURUM TOPLANMA ALANI,38.39417825501,27.058610381497,,,,,,,2026-09-20T07:31:27.118Z,COMPLETE_FOR_MAPPABLE_ROWS,compact-proximity-endpoint,Afet toplanma alanları,https://acikveri.bizizmir.com/dataset/afet-ve-acil-durum-toplanma-alanlari,CC BY 4.0,İzmir Büyükşehir Belediyesi Açık Veri Portalı
assembly:kaggle:1614:38.222221052306:27.97649008408,assembly,Emergency Assembly Area,2 NO'LU AFET VE ACİL DURUM TOPLANMA ALANI,38.222221052306,27.97649008408,,,,,,,2026-09-20T07:31:27.118Z,COMPLETE_FOR_MAPPABLE_ROWS,compact-proximity-endpoint,Afet toplanma alanları,https://acikveri.bizizmir.com/dataset/afet-ve-acil-durum-toplanma-alanlari,CC BY 4.0,İzmir Büyükşehir Belediyesi Açık Veri Portalı
assembly:kaggle:1615:38.392629434943:27.007495828116,assembly,Emergency Assembly Area,2 NO'LU AFET VE ACİL DURUM TOPLANMA ALANI,38.392629434943,27.007495828116,,,,,,,2026-09-20T07:31:27.118Z,COMPLETE_FOR_MAPPABLE_ROWS,compact-proximity-endpoint,Afet toplanma alanları,https://acikveri.bizizmir.com/dataset/afet-ve-acil-durum-toplanma-alanlari,CC BY 4.0,İzmir Büyükşehir Belediyesi Açık Veri Portalı
assembly:kaggle:1616:38.556038405945:27.044538173855,assembly,Emergency Assembly Area,2 NO'LU AFET VE ACİL DURUM TOPLANMA ALANI,38.556038405945,27.044538173855,,,,,,,2026-09-20T07:31:27.118Z,COMPLETE_FOR_MAPPABLE_ROWS,compact-proximity-endpoint,Afet toplanma alanları,https://acikveri.bizizmir.com/dataset/afet-ve-acil-durum-toplanma-alanlari,CC BY 4.0,İzmir Büyükşehir Belediyesi Açık Veri Portalı
assembly:kaggle:1617:38.231019022428:27.994827981443,assembly,Emergency Assembly Area,2 NO'LU AFET VE ACİL DURUM TOPLANMA ALANI,38.231019022428,27.994827981443,,,,,,,2026-09-20T07:31:27.118Z,COMPLETE_FOR_MAPPABLE_ROWS,compact-proximity-endpoint,Afet toplanma alanları,https://acikveri.bizizmir.com/dataset/afet-ve-acil-durum-toplanma-alanlari,CC BY 4.0,İzmir Büyükşehir Belediyesi Açık Veri Portalı
assembly:kaggle:1618:38.305729521472:27.140356379262,assembly,Emergency Assembly Area,2 NO'LU AFET VE ACİL DURUM TOPLANMA ALANI,38.305729521472,27.140356379262,,,,,,,2026-09-20T07:31:27.118Z,COMPLETE_FOR_MAPPABLE_ROWS,compact-proximity-endpoint,Afet toplanma alanları,https://acikveri.bizizmir.com/dataset/afet-ve-acil-durum-toplanma-alanlari,CC BY 4.0,İzmir Büyükşehir Belediyesi Açık Veri Portalı
assembly:kaggle:1619:38.480687058376:27.204248133634,assembly,Emergency Assembly Area,2 NO'LU AFET VE ACİL DURUM TOPLANMA ALANI,38.480687058376,27.204248133634,,,,,,,2026-09-20T07:31:27.118Z,COMPLETE_FOR_MAPPABLE_ROWS,compact-proximity-endpoint,Afet toplanma alanları,https://acikveri.bizizmir.com/dataset/afet-ve-acil-durum-toplanma-alanlari,CC BY 4.0,İzmir Büyükşehir Belediyesi Açık Veri Portalı
assembly:kaggle:1620:38.322421712296:27.138945102148,assembly,Emergency Assembly Area,2 NO'LU AFET VE ACİL DURUM TOPLANMA ALANI,38.322421712296,27.138945102148,,,,,,,2026-09-20T07:31:27.118Z,COMPLETE_FOR_MAPPABLE_ROWS,compact-proximity-endpoint,Afet toplanma alanları,https://acikveri.bizizmir.com/dataset/afet-ve-acil-durum-toplanma-alanlari,CC BY 4.0,İzmir Büyükşehir Belediyesi Açık Veri Portalı
assembly:kaggle:1621:38.23557497562:27.969376099341,assembly,Emergency Assembly Area,2 NO'LU AFET VE ACİL DURUM TOPLANMA ALANI,38.23557497562,27.969376099341,,,,,,,2026-09-20T07:31:27.118Z,COMPLETE_FOR_MAPPABLE_ROWS,compact-proximity-endpoint,Afet toplanma alanları,https://acikveri.bizizmir.com/dataset/afet-ve-acil-durum-toplanma-alanlari,CC BY 4.0,İzmir Büyükşehir Belediyesi Açık Veri Portalı
assembly:kaggle:1622:38.025786097168:27.994055282574,assembly,Emergency Assembly Area,2 NO'LU AFET VE ACİL DURUM TOPLANMA ALANI,38.025786097168,27.994055282574,,,,,,,2026-09-20T07:31:27.118Z,COMPLETE_FOR_MAPPABLE_ROWS,compact-proximity-endpoint,Afet toplanma alanları,https://acikveri.bizizmir.com/dataset/afet-ve-acil-durum-toplanma-alanlari,CC BY 4.0,İzmir Büyükşehir Belediyesi Açık Veri Portalı
assembly:kaggle:1623:38.271668759133:27.937652202249,assembly,Emergency Assembly Area,2 NO'LU AFET VE ACİL DURUM TOPLANMA ALANI,38.271668759133,27.937652202249,,,,,,,2026-09-20T07:31:27.118Z,COMPLETE_FOR_MAPPABLE_ROWS,compact-proximity-endpoint,Afet toplanma alanları,https://acikveri.bizizmir.com/dataset/afet-ve-acil-durum-toplanma-alanlari,CC BY 4.0,İzmir Büyükşehir Belediyesi Açık Veri Portalı
assembly:kaggle:1624:38.200772167723:26.967920168815,assembly,Emergency Assembly Area,2 NO'LU AFET VE ACİL DURUM TOPLANMA ALANI,38.200772167723,26.967920168815,,,,,,,2026-09-20T07:31:27.118Z,COMPLETE_FOR_MAPPABLE_ROWS,compact-proximity-endpoint,Afet toplanma alanları,https://acikveri.bizizmir.com/dataset/afet-ve-acil-durum-toplanma-alanlari,CC BY 4.0,İzmir Büyükşehir Belediyesi Açık Veri Portalı
assembly:kaggle:1625:38.221812744588:27.645196728292,assembly,Emergency Assembly Area,2 NO'LU AFET VE ACİL DURUM TOPLANMA ALANI,38.221812744588,27.645196728292,,,,,,,2026-09-20T07:31:27.118Z,COMPLETE_FOR_MAPPABLE_ROWS,compact-proximity-endpoint,Afet toplanma alanları,https://acikveri.bizizmir.com/dataset/afet-ve-acil-durum-toplanma-alanlari,CC BY 4.0,İzmir Büyükşehir Belediyesi Açık Veri Portalı
assembly:kaggle:1626:38.153019610922:27.377898281645,assembly,Emergency Assembly Area,2 NO'LU AFET VE ACİL DURUM TOPLANMA ALANI,38.153019610922,27.377898281645,,,,,,,2026-09-20T07:31:27.118Z,COMPLETE_FOR_MAPPABLE_ROWS,compact-proximity-endpoint,Afet toplanma alanları,https://acikveri.bizizmir.com/dataset/afet-ve-acil-durum-toplanma-alanlari,CC BY 4.0,İzmir Büyükşehir Belediyesi Açık Veri Portalı
assembly:kaggle:1627:37.943617538201:27.369647561907,assembly,Emergency Assembly Area,2 NO'LU AFET VE ACİL DURUM TOPLANMA ALANI,37.943617538201,27.369647561907,,,,,,,2026-09-20T07:31:27.118Z,COMPLETE_FOR_MAPPABLE_ROWS,compact-proximity-endpoint,Afet toplanma alanları,https://acikveri.bizizmir.com/dataset/afet-ve-acil-durum-toplanma-alanlari,CC BY 4.0,İzmir Büyükşehir Belediyesi Açık Veri Portalı
assembly:kaggle:1628:38.169492432585:28.115334315329,assembly,Emergency Assembly Area,2 NO'LU AFET VE ACİL DURUM TOPLANMA ALANI,38.169492432585,28.115334315329,,,,,,,2026-09-20T07:31:27.118Z,COMPLETE_FOR_MAPPABLE_ROWS,compact-proximity-endpoint,Afet toplanma alanları,https://acikveri.bizizmir.com/dataset/afet-ve-acil-durum-toplanma-alanlari,CC BY 4.0,İzmir Büyükşehir Belediyesi Açık Veri Portalı
assembly:kaggle:1629:38.203128016112:27.829333839431,assembly,Emergency Assembly Area,2 NO'LU AFET VE ACİL DURUM TOPLANMA ALANI,38.203128016112,27.829333839431,,,,,,,2026-09-20T07:31:27.118Z,COMPLETE_FOR_MAPPABLE_ROWS,compact-proximity-endpoint,Afet toplanma alanları,https://acikveri.bizizmir.com/dataset/afet-ve-acil-durum-toplanma-alanlari,CC BY 4.0,İzmir Büyükşehir Belediyesi Açık Veri Portalı
assembly:kaggle:1630:38.381876480664:27.057261026042,assembly,Emergency Assembly Area,2 NO'LU AFET VE ACİL DURUM TOPLANMA ALANI,38.381876480664,27.057261026042,,,,,,,2026-09-20T07:31:27.118Z,COMPLETE_FOR_MAPPABLE_ROWS,compact-proximity-endpoint,Afet toplanma alanları,https://acikveri.bizizmir.com/dataset/afet-ve-acil-durum-toplanma-alanlari,CC BY 4.0,İzmir Büyükşehir Belediyesi Açık Veri Portalı
assembly:kaggle:1631:38.390835713891:27.057851159515,assembly,Emergency Assembly Area,2 NO'LU AFET VE ACİL DURUM TOPLANMA ALANI,38.390835713891,27.057851159515,,,,,,,2026-09-20T07:31:27.118Z,COMPLETE_FOR_MAPPABLE_ROWS,compact-proximity-endpoint,Afet toplanma alanları,https://acikveri.bizizmir.com/dataset/afet-ve-acil-durum-toplanma-alanlari,CC BY 4.0,İzmir Büyükşehir Belediyesi Açık Veri Portalı
assembly:kaggle:1632:38.493837904012:27.21440243767,assembly,Emergency Assembly Area,2 NO'LU AFET VE ACİL DURUM TOPLANMA ALANI,38.493837904012,27.21440243767,,,,,,,2026-09-20T07:31:27.118Z,COMPLETE_FOR_MAPPABLE_ROWS,compact-proximity-endpoint,Afet toplanma alanları,https://acikveri.bizizmir.com/dataset/afet-ve-acil-durum-toplanma-alanlari,CC BY 4.0,İzmir Büyükşehir Belediyesi Açık Veri Portalı
assembly:kaggle:1633:38.382955170326:26.924791069814,assembly,Emergency Assembly Area,2 NO'LU AFET VE ACİL DURUM TOPLANMA ALANI,38.382955170326,26.924791069814,,,,,,,2026-09-20T07:31:27.118Z,COMPLETE_FOR_MAPPABLE_ROWS,compact-proximity-endpoint,Afet toplanma alanları,https://acikveri.bizizmir.com/dataset/afet-ve-acil-durum-toplanma-alanlari,CC BY 4.0,İzmir Büyükşehir Belediyesi Açık Veri Portalı
assembly:kaggle:1634:38.395288185214:26.998054682727,assembly,Emergency Assembly Area,2 NO'LU AFET VE ACİL DURUM TOPLANMA ALANI,38.395288185214,26.998054682727,,,,,,,2026-09-20T07:31:27.118Z,COMPLETE_FOR_MAPPABLE_ROWS,compact-proximity-endpoint,Afet toplanma alanları,https://acikveri.bizizmir.com/dataset/afet-ve-acil-durum-toplanma-alanlari,CC BY 4.0,İzmir Büyükşehir Belediyesi Açık Veri Portalı
assembly:kaggle:1635:38.246851790007:26.841830724046,assembly,Emergency Assembly Area,2 NO'LU AFET VE ACİL DURUM TOPLANMA ALANI,38.246851790007,26.841830724046,,,,,,,2026-09-20T07:31:27.118Z,COMPLETE_FOR_MAPPABLE_ROWS,compact-proximity-endpoint,Afet toplanma alanları,https://acikveri.bizizmir.com/dataset/afet-ve-acil-durum-toplanma-alanlari,CC BY 4.0,İzmir Büyükşehir Belediyesi Açık Veri Portalı
assembly:kaggle:1636:38.395137209013:27.021844595404,assembly,Emergency Assembly Area,2 NO'LU AFET VE ACİL DURUM TOPLANMA ALANI,38.395137209013,27.021844595404,,,,,,,2026-09-20T07:31:27.118Z,COMPLETE_FOR_MAPPABLE_ROWS,compact-proximity-endpoint,Afet toplanma alanları,https://acikveri.bizizmir.com/dataset/afet-ve-acil-durum-toplanma-alanlari,CC BY 4.0,İzmir Büyükşehir Belediyesi Açık Veri Portalı
assembly:kaggle:1637:38.192562012814:26.785481103671,assembly,Emergency Assembly Area,2 NO'LU AFET VE ACİL DURUM TOPLANMA ALANI,38.192562012814,26.785481103671,,,,,,,2026-09-20T07:31:27.118Z,COMPLETE_FOR_MAPPABLE_ROWS,compact-proximity-endpoint,Afet toplanma alanları,https://acikveri.bizizmir.com/dataset/afet-ve-acil-durum-toplanma-alanlari,CC BY 4.0,İzmir Büyükşehir Belediyesi Açık Veri Portalı
assembly:kaggle:1638:38.226161884392:26.828820826396,assembly,Emergency Assembly Area,2 NO'LU AFET VE ACİL DURUM TOPLANMA ALANI,38.226161884392,26.828820826396,,,,,,,2026-09-20T07:31:27.118Z,COMPLETE_FOR_MAPPABLE_ROWS,compact-proximity-endpoint,Afet toplanma alanları,https://acikveri.bizizmir.com/dataset/afet-ve-acil-durum-toplanma-alanlari,CC BY 4.0,İzmir Büyükşehir Belediyesi Açık Veri Portalı
assembly:kaggle:1639:38.228973010282:27.969747107506,assembly,Emergency Assembly Area,2 NO'LU AFET VE ACİL DURUM TOPLANMA ALANI,38.228973010282,27.969747107506,,,,,,,2026-09-20T07:31:27.118Z,COMPLETE_FOR_MAPPABLE_ROWS,compact-proximity-endpoint,Afet toplanma alanları,https://acikveri.bizizmir.com/dataset/afet-ve-acil-durum-toplanma-alanlari,CC BY 4.0,İzmir Büyükşehir Belediyesi Açık Veri Portalı
assembly:kaggle:1640:38.22296825165:28.20537997065,assembly,Emergency Assembly Area,2 NO'LU AFET VE ACİL DURUM TOPLANMA ALANI,38.22296825165,28.20537997065,,,,,,,2026-09-20T07:31:27.118Z,COMPLETE_FOR_MAPPABLE_ROWS,compact-proximity-endpoint,Afet toplanma alanları,https://acikveri.bizizmir.com/dataset/afet-ve-acil-durum-toplanma-alanlari,CC BY 4.0,İzmir Büyükşehir Belediyesi Açık Veri Portalı
assembly:kaggle:1641:38.230494012895:27.980804050814,assembly,Emergency Assembly Area,2 NO'LU AFET VE ACİL DURUM TOPLANMA ALANI,38.230494012895,27.980804050814,,,,,,,2026-09-20T07:31:27.118Z,COMPLETE_FOR_MAPPABLE_ROWS,compact-proximity-endpoint,Afet toplanma alanları,https://acikveri.bizizmir.com/dataset/afet-ve-acil-durum-toplanma-alanlari,CC BY 4.0,İzmir Büyükşehir Belediyesi Açık Veri Portalı
assembly:kaggle:1642:38.650609769241:26.903099708247,assembly,Emergency Assembly Area,2 NO'LU AFET VE ACİL DURUM TOPLANMA ALANI,38.650609769241,26.903099708247,,,,,,,2026-09-20T07:31:27.118Z,COMPLETE_FOR_MAPPABLE_ROWS,compact-proximity-endpoint,Afet toplanma alanları,https://acikveri.bizizmir.com/dataset/afet-ve-acil-durum-toplanma-alanlari,CC BY 4.0,İzmir Büyükşehir Belediyesi Açık Veri Portalı
assembly:kaggle:1643:38.740809243761:26.841999849482,assembly,Emergency Assembly Area,2 NO'LU AFET VE ACİL DURUM TOPLANMA ALANI,38.740809243761,26.841999849482,,,,,,,2026-09-20T07:31:27.118Z,COMPLETE_FOR_MAPPABLE_ROWS,compact-proximity-endpoint,Afet toplanma alanları,https://acikveri.bizizmir.com/dataset/afet-ve-acil-durum-toplanma-alanlari,CC BY 4.0,İzmir Büyükşehir Belediyesi Açık Veri Portalı
assembly:kaggle:1644:38.304859069801:27.158857110012,assembly,Emergency Assembly Area,2 NO'LU AFET VE ACİL DURUM TOPLANMA ALANI,38.304859069801,27.158857110012,,,,,,,2026-09-20T07:31:27.118Z,COMPLETE_FOR_MAPPABLE_ROWS,compact-proximity-endpoint,Afet toplanma alanları,https://acikveri.bizizmir.com/dataset/afet-ve-acil-durum-toplanma-alanlari,CC BY 4.0,İzmir Büyükşehir Belediyesi Açık Veri Portalı
assembly:kaggle:1645:38.318922223166:27.133933117836,assembly,Emergency Assembly Area,2 NO'LU AFET VE ACİL DURUM TOPLANMA ALANI,38.318922223166,27.133933117836,,,,,,,2026-09-20T07:31:27.118Z,COMPLETE_FOR_MAPPABLE_ROWS,compact-proximity-endpoint,Afet toplanma alanları,https://acikveri.bizizmir.com/dataset/afet-ve-acil-durum-toplanma-alanlari,CC BY 4.0,İzmir Büyükşehir Belediyesi Açık Veri Portalı
assembly:kaggle:1646:38.66540962771:26.84209998347,assembly,Emergency Assembly Area,2 NO'LU AFET VE ACİL DURUM TOPLANMA ALANI,38.66540962771,26.84209998347,,,,,,,2026-09-20T07:31:27.118Z,COMPLETE_FOR_MAPPABLE_ROWS,compact-proximity-endpoint,Afet toplanma alanları,https://acikveri.bizizmir.com/dataset/afet-ve-acil-durum-toplanma-alanlari,CC BY 4.0,İzmir Büyükşehir Belediyesi Açık Veri Portalı
assembly:kaggle:1647:38.801555067897:26.963290145164,assembly,Emergency Assembly Area,2 NO'LU AFET VE ACİL DURUM TOPLANMA ALANI,38.801555067897,26.963290145164,,,,,,,2026-09-20T07:31:27.118Z,COMPLETE_FOR_MAPPABLE_ROWS,compact-proximity-endpoint,Afet toplanma alanları,https://acikveri.bizizmir.com/dataset/afet-ve-acil-durum-toplanma-alanlari,CC BY 4.0,İzmir Büyükşehir Belediyesi Açık Veri Portalı
assembly:kaggle:1648:39.086708080704:27.380796625812,assembly,Emergency Assembly Area,2 NO'LU AFET VE ACİL DURUM TOPLANMA ALANI,39.086708080704,27.380796625812,,,,,,,2026-09-20T07:31:27.118Z,COMPLETE_FOR_MAPPABLE_ROWS,compact-proximity-endpoint,Afet toplanma alanları,https://acikveri.bizizmir.com/dataset/afet-ve-acil-durum-toplanma-alanlari,CC BY 4.0,İzmir Büyükşehir Belediyesi Açık Veri Portalı
assembly:kaggle:1649:38.340525690042:27.143062816102,assembly,Emergency Assembly Area,2 NO'LU AFET VE ACİL DURUM TOPLANMA ALANI,38.340525690042,27.143062816102,,,,,,,2026-09-20T07:31:27.118Z,COMPLETE_FOR_MAPPABLE_ROWS,compact-proximity-endpoint,Afet toplanma alanları,https://acikveri.bizizmir.com/dataset/afet-ve-acil-durum-toplanma-alanlari,CC BY 4.0,İzmir Büyükşehir Belediyesi Açık Veri Portalı
assembly:kaggle:1650:38.401165400701:26.990811555397,assembly,Emergency Assembly Area,2 NO'LU AFET VE ACİL DURUM TOPLANMA ALANI,38.401165400701,26.990811555397,,,,,,,2026-09-20T07:31:27.118Z,COMPLETE_FOR_MAPPABLE_ROWS,compact-proximity-endpoint,Afet toplanma alanları,https://acikveri.bizizmir.com/dataset/afet-ve-acil-durum-toplanma-alanlari,CC BY 4.0,İzmir Büyükşehir Belediyesi Açık Veri Portalı
assembly:kaggle:1651:38.394298186284:27.051462056708,assembly,Emergency Assembly Area,2 NO'LU AFET VE ACİL DURUM TOPLANMA ALANI,38.394298186284,27.051462056708,,,,,,,2026-09-20T07:31:27.118Z,COMPLETE_FOR_MAPPABLE_ROWS,compact-proximity-endpoint,Afet toplanma alanları,https://acikveri.bizizmir.com/dataset/afet-ve-acil-durum-toplanma-alanlari,CC BY 4.0,İzmir Büyükşehir Belediyesi Açık Veri Portalı
assembly:kaggle:1652:38.102157273828:26.942388939277,assembly,Emergency Assembly Area,2 NO'LU AFET VE ACİL DURUM TOPLANMA ALANI,38.102157273828,26.942388939277,,,,,,,2026-09-20T07:31:27.118Z,COMPLETE_FOR_MAPPABLE_ROWS,compact-proximity-endpoint,Afet toplanma alanları,https://acikveri.bizizmir.com/dataset/afet-ve-acil-durum-toplanma-alanlari,CC BY 4.0,İzmir Büyükşehir Belediyesi Açık Veri Portalı
assembly:kaggle:1653:38.80108001556:26.987224535811,assembly,Emergency Assembly Area,2 NO'LU AFET VE ACİL DURUM TOPLANMA ALANI,38.80108001556,26.987224535811,,,,,,,2026-09-20T07:31:27.118Z,COMPLETE_FOR_MAPPABLE_ROWS,compact-proximity-endpoint,Afet toplanma alanları,https://acikveri.bizizmir.com/dataset/afet-ve-acil-durum-toplanma-alanlari,CC BY 4.0,İzmir Büyükşehir Belediyesi Açık Veri Portalı
assembly:kaggle:1654:38.017038933577:27.973974010851,assembly,Emergency Assembly Area,2 NO'LU AFET VE ACİL DURUM TOPLANMA ALANI,38.017038933577,27.973974010851,,,,,,,2026-09-20T07:31:27.118Z,COMPLETE_FOR_MAPPABLE_ROWS,compact-proximity-endpoint,Afet toplanma alanları,https://acikveri.bizizmir.com/dataset/afet-ve-acil-durum-toplanma-alanlari,CC BY 4.0,İzmir Büyükşehir Belediyesi Açık Veri Portalı
assembly:kaggle:1655:38.314012558098:27.957843040622,assembly,Emergency Assembly Area,2 NO'LU AFET VE ACİL DURUM TOPLANMA ALANI,38.314012558098,27.957843040622,,,,,,,2026-09-20T07:31:27.118Z,COMPLETE_FOR_MAPPABLE_ROWS,compact-proximity-endpoint,Afet toplanma alanları,https://acikveri.bizizmir.com/dataset/afet-ve-acil-durum-toplanma-alanlari,CC BY 4.0,İzmir Büyükşehir Belediyesi Açık Veri Portalı
assembly:kaggle:1656:38.281429418561:27.987345140108,assembly,Emergency Assembly Area,2 NO'LU AFET VE ACİL DURUM TOPLANMA ALANI,38.281429418561,27.987345140108,,,,,,,2026-09-20T07:31:27.118Z,COMPLETE_FOR_MAPPABLE_ROWS,compact-proximity-endpoint,Afet toplanma alanları,https://acikveri.bizizmir.com/dataset/afet-ve-acil-durum-toplanma-alanlari,CC BY 4.0,İzmir Büyükşehir Belediyesi Açık Veri Portalı
assembly:kaggle:1657:38.696675660222:27.01928505507,assembly,Emergency Assembly Area,2 NO'LU AFET VE ACİL DURUM TOPLANMA ALANI,38.696675660222,27.01928505507,,,,,,,2026-09-20T07:31:27.118Z,COMPLETE_FOR_MAPPABLE_ROWS,compact-proximity-endpoint,Afet toplanma alanları,https://acikveri.bizizmir.com/dataset/afet-ve-acil-durum-toplanma-alanlari,CC BY 4.0,İzmir Büyükşehir Belediyesi Açık Veri Portalı
assembly:kaggle:1658:38.718599490055:26.964602285977,assembly,Emergency Assembly Area,2 NO'LU AFET VE ACİL DURUM TOPLANMA ALANI,38.718599490055,26.964602285977,,,,,,,2026-09-20T07:31:27.118Z,COMPLETE_FOR_MAPPABLE_ROWS,compact-proximity-endpoint,Afet toplanma alanları,https://acikveri.bizizmir.com/dataset/afet-ve-acil-durum-toplanma-alanlari,CC BY 4.0,İzmir Büyükşehir Belediyesi Açık Veri Portalı
assembly:kaggle:1659:38.46200820487:27.203267942496,assembly,Emergency Assembly Area,2 NO'LU AFET VE ACİL DURUM TOPLANMA ALANI,38.46200820487,27.203267942496,,,,,,,2026-09-20T07:31:27.118Z,COMPLETE_FOR_MAPPABLE_ROWS,compact-proximity-endpoint,Afet toplanma alanları,https://acikveri.bizizmir.com/dataset/afet-ve-acil-durum-toplanma-alanlari,CC BY 4.0,İzmir Büyükşehir Belediyesi Açık Veri Portalı
assembly:kaggle:1660:38.197133121092:26.841950035137,assembly,Emergency Assembly Area,2 NOLU AFET VE ACİL DURUM TOPLANMA ALANI,38.197133121092,26.841950035137,,,,,,,2026-09-20T07:31:27.118Z,COMPLETE_FOR_MAPPABLE_ROWS,compact-proximity-endpoint,Afet toplanma alanları,https://acikveri.bizizmir.com/dataset/afet-ve-acil-durum-toplanma-alanlari,CC BY 4.0,İzmir Büyükşehir Belediyesi Açık Veri Portalı
assembly:kaggle:1661:38.1701900925:26.814778117518,assembly,Emergency Assembly Area,2 NOLU AFET VE ACİL DURUM TOPLANMA ALANI,38.1701900925,26.814778117518,,,,,,,2026-09-20T07:31:27.118Z,COMPLETE_FOR_MAPPABLE_ROWS,compact-proximity-endpoint,Afet toplanma alanları,https://acikveri.bizizmir.com/dataset/afet-ve-acil-durum-toplanma-alanlari,CC BY 4.0,İzmir Büyükşehir Belediyesi Açık Veri Portalı
assembly:kaggle:1662:38.193768831133:26.845340336069,assembly,Emergency Assembly Area,2 NOLU TOPLAMA ALANI,38.193768831133,26.845340336069,,,,,,,2026-09-20T07:31:27.118Z,COMPLETE_FOR_MAPPABLE_ROWS,compact-proximity-endpoint,Afet toplanma alanları,https://acikveri.bizizmir.com/dataset/afet-ve-acil-durum-toplanma-alanlari,CC BY 4.0,İzmir Büyükşehir Belediyesi Açık Veri Portalı
assembly:kaggle:1663:38.407030537352:27.535924874435,assembly,Emergency Assembly Area,2 NOLU TOPLANMA ALANI,38.407030537352,27.535924874435,,,,,,,2026-09-20T07:31:27.118Z,COMPLETE_FOR_MAPPABLE_ROWS,compact-proximity-endpoint,Afet toplanma alanları,https://acikveri.bizizmir.com/dataset/afet-ve-acil-durum-toplanma-alanlari,CC BY 4.0,İzmir Büyükşehir Belediyesi Açık Veri Portalı
assembly:kaggle:1664:38.182361819609:27.109206699316,assembly,Emergency Assembly Area,2 NOLU TOPLANMA ALANI,38.182361819609,27.109206699316,,,,,,,2026-09-20T07:31:27.118Z,COMPLETE_FOR_MAPPABLE_ROWS,compact-proximity-endpoint,Afet toplanma alanları,https://acikveri.bizizmir.com/dataset/afet-ve-acil-durum-toplanma-alanlari,CC BY 4.0,İzmir Büyükşehir Belediyesi Açık Veri Portalı
assembly:kaggle:1665:38.058917812567:27.015713620882,assembly,Emergency Assembly Area,2 NOLU TOPLANMA ALANI,38.058917812567,27.015713620882,,,,,,,2026-09-20T07:31:27.118Z,COMPLETE_FOR_MAPPABLE_ROWS,compact-proximity-endpoint,Afet toplanma alanları,https://acikveri.bizizmir.com/dataset/afet-ve-acil-durum-toplanma-alanlari,CC BY 4.0,İzmir Büyükşehir Belediyesi Açık Veri Portalı
assembly:kaggle:1666:38.242456141267:27.143203426638,assembly,Emergency Assembly Area,2 NOLU TOPLANMA ALANI,38.242456141267,27.143203426638,,,,,,,2026-09-20T07:31:27.118Z,COMPLETE_FOR_MAPPABLE_ROWS,compact-proximity-endpoint,Afet toplanma alanları,https://acikveri.bizizmir.com/dataset/afet-ve-acil-durum-toplanma-alanlari,CC BY 4.0,İzmir Büyükşehir Belediyesi Açık Veri Portalı
assembly:kaggle:1667:38.88259854083:27.069136178531,assembly,Emergency Assembly Area,2 NOLU TOPLANMA ALANI,38.88259854083,27.069136178531,,,,,,,2026-09-20T07:31:27.118Z,COMPLETE_FOR_MAPPABLE_ROWS,compact-proximity-endpoint,Afet toplanma alanları,https://acikveri.bizizmir.com/dataset/afet-ve-acil-durum-toplanma-alanlari,CC BY 4.0,İzmir Büyükşehir Belediyesi Açık Veri Portalı
assembly:kaggle:1668:38.789086239608:26.979969421914,assembly,Emergency Assembly Area,2 NOLU TOPLANMA ALANI,38.789086239608,26.979969421914,,,,,,,2026-09-20T07:31:27.118Z,COMPLETE_FOR_MAPPABLE_ROWS,compact-proximity-endpoint,Afet toplanma alanları,https://acikveri.bizizmir.com/dataset/afet-ve-acil-durum-toplanma-alanlari,CC BY 4.0,İzmir Büyükşehir Belediyesi Açık Veri Portalı
assembly:kaggle:1669:38.109797036133:27.155294984885,assembly,Emergency Assembly Area,2 NOLU TOPLANMA ALANI,38.109797036133,27.155294984885,,,,,,,2026-09-20T07:31:27.118Z,COMPLETE_FOR_MAPPABLE_ROWS,compact-proximity-endpoint,Afet toplanma alanları,https://acikveri.bizizmir.com/dataset/afet-ve-acil-durum-toplanma-alanlari,CC BY 4.0,İzmir Büyükşehir Belediyesi Açık Veri Portalı
assembly:kaggle:1670:38.782983356641:26.985832712833,assembly,Emergency Assembly Area,2 NOLU TOPLANMA ALANI,38.782983356641,26.985832712833,,,,,,,2026-09-20T07:31:27.118Z,COMPLETE_FOR_MAPPABLE_ROWS,compact-proximity-endpoint,Afet toplanma alanları,https://acikveri.bizizmir.com/dataset/afet-ve-acil-durum-toplanma-alanlari,CC BY 4.0,İzmir Büyükşehir Belediyesi Açık Veri Portalı
assembly:kaggle:1671:38.204599283167:27.168260560282,assembly,Emergency Assembly Area,2 NOLU TOPLANMA ALANI,38.204599283167,27.168260560282,,,,,,,2026-09-20T07:31:27.118Z,COMPLETE_FOR_MAPPABLE_ROWS,compact-proximity-endpoint,Afet toplanma alanları,https://acikveri.bizizmir.com/dataset/afet-ve-acil-durum-toplanma-alanlari,CC BY 4.0,İzmir Büyükşehir Belediyesi Açık Veri Portalı
assembly:kaggle:1672:38.165052848264:27.487500898337,assembly,Emergency Assembly Area,2 NOLU TOPLANMA ALANI,38.165052848264,27.487500898337,,,,,,,2026-09-20T07:31:27.118Z,COMPLETE_FOR_MAPPABLE_ROWS,compact-proximity-endpoint,Afet toplanma alanları,https://acikveri.bizizmir.com/dataset/afet-ve-acil-durum-toplanma-alanlari,CC BY 4.0,İzmir Büyükşehir Belediyesi Açık Veri Portalı
assembly:kaggle:1673:38.427913386297:27.67393990507,assembly,Emergency Assembly Area,2 NOLU TOPLANMA ALNI,38.427913386297,27.67393990507,,,,,,,2026-09-20T07:31:27.118Z,COMPLETE_FOR_MAPPABLE_ROWS,compact-proximity-endpoint,Afet toplanma alanları,https://acikveri.bizizmir.com/dataset/afet-ve-acil-durum-toplanma-alanlari,CC BY 4.0,İzmir Büyükşehir Belediyesi Açık Veri Portalı
assembly:kaggle:1674:38.464286138809:27.189100785674,assembly,Emergency Assembly Area,20 NO?LU AFET VE ACİL DURUM TOPLANMA ALANI,38.464286138809,27.189100785674,,,,,,,2026-09-20T07:31:27.118Z,COMPLETE_FOR_MAPPABLE_ROWS,compact-proximity-endpoint,Afet toplanma alanları,https://acikveri.bizizmir.com/dataset/afet-ve-acil-durum-toplanma-alanlari,CC BY 4.0,İzmir Büyükşehir Belediyesi Açık Veri Portalı
assembly:kaggle:1675:38.466621474992:27.197619435226,assembly,Emergency Assembly Area,22 NO?LU AFET VE ACİL DURUM TOPLANMA ALANI,38.466621474992,27.197619435226,,,,,,,2026-09-20T07:31:27.118Z,COMPLETE_FOR_MAPPABLE_ROWS,compact-proximity-endpoint,Afet toplanma alanları,https://acikveri.bizizmir.com/dataset/afet-ve-acil-durum-toplanma-alanlari,CC BY 4.0,İzmir Büyükşehir Belediyesi Açık Veri Portalı
assembly:kaggle:1676:38.155123680879:27.381511276393,assembly,Emergency Assembly Area,3 NO LU AFET VE ACİL DURUM TOPLANMA ALANI,38.155123680879,27.381511276393,,,,,,,2026-09-20T07:31:27.118Z,COMPLETE_FOR_MAPPABLE_ROWS,compact-proximity-endpoint,Afet toplanma alanları,https://acikveri.bizizmir.com/dataset/afet-ve-acil-durum-toplanma-alanlari,CC BY 4.0,İzmir Büyükşehir Belediyesi Açık Veri Portalı
assembly:kaggle:1677:38.110261608483:27.430627711798,assembly,Emergency Assembly Area,3 NO LU AFET VE ACİL DURUM TOPLANMA ALANI,38.110261608483,27.430627711798,,,,,,,2026-09-20T07:31:27.118Z,COMPLETE_FOR_MAPPABLE_ROWS,compact-proximity-endpoint,Afet toplanma alanları,https://acikveri.bizizmir.com/dataset/afet-ve-acil-durum-toplanma-alanlari,CC BY 4.0,İzmir Büyükşehir Belediyesi Açık Veri Portalı
assembly:kaggle:1678:38.37650953746:27.128837361828,assembly,Emergency Assembly Area,3 NO LU AFET VE ACİL DURUM TOPLANMA ALANI,38.37650953746,27.128837361828,,,,,,,2026-09-20T07:31:27.118Z,COMPLETE_FOR_MAPPABLE_ROWS,compact-proximity-endpoint,Afet toplanma alanları,https://acikveri.bizizmir.com/dataset/afet-ve-acil-durum-toplanma-alanlari,CC BY 4.0,İzmir Büyükşehir Belediyesi Açık Veri Portalı
assembly:kaggle:1679:38.64116565729:27.117319563113,assembly,Emergency Assembly Area,3 NO LU AFET VE ACİL DURUM TOPLANMA ALANI,38.64116565729,27.117319563113,,,,,,,2026-09-20T07:31:27.118Z,COMPLETE_FOR_MAPPABLE_ROWS,compact-proximity-endpoint,Afet toplanma alanları,https://acikveri.bizizmir.com/dataset/afet-ve-acil-durum-toplanma-alanlari,CC BY 4.0,İzmir Büyükşehir Belediyesi Açık Veri Portalı
assembly:kaggle:1680:38.604135347669:26.915833081617,assembly,Emergency Assembly Area,3 NO LU AFET VE ACİL DURUM TOPLANMA ALANI,38.604135347669,26.915833081617,,,,,,,2026-09-20T07:31:27.118Z,COMPLETE_FOR_MAPPABLE_ROWS,compact-proximity-endpoint,Afet toplanma alanları,https://acikveri.bizizmir.com/dataset/afet-ve-acil-durum-toplanma-alanlari,CC BY 4.0,İzmir Büyükşehir Belediyesi Açık Veri Portalı
assembly:kaggle:1681:38.468805483559:27.157193378278,assembly,Emergency Assembly Area,3 NO LU AFET VE ACİL DURUM TOPLANMA ALANI,38.468805483559,27.157193378278,,,,,,,2026-09-20T07:31:27.118Z,COMPLETE_FOR_MAPPABLE_ROWS,compact-proximity-endpoint,Afet toplanma alanları,https://acikveri.bizizmir.com/dataset/afet-ve-acil-durum-toplanma-alanlari,CC BY 4.0,İzmir Büyükşehir Belediyesi Açık Veri Portalı
assembly:kaggle:1682:38.469170868687:27.141041195297,assembly,Emergency Assembly Area,3 NO LU AFET VE ACİL DURUM TOPLANMA ALANI,38.469170868687,27.141041195297,,,,,,,2026-09-20T07:31:27.118Z,COMPLETE_FOR_MAPPABLE_ROWS,compact-proximity-endpoint,Afet toplanma alanları,https://acikveri.bizizmir.com/dataset/afet-ve-acil-durum-toplanma-alanlari,CC BY 4.0,İzmir Büyükşehir Belediyesi Açık Veri Portalı
assembly:kaggle:1683:38.458875939221:27.17551815588,assembly,Emergency Assembly Area,3 NO LU AFET VE ACİL DURUM TOPLANMA ALANI,38.458875939221,27.17551815588,,,,,,,2026-09-20T07:31:27.118Z,COMPLETE_FOR_MAPPABLE_ROWS,compact-proximity-endpoint,Afet toplanma alanları,https://acikveri.bizizmir.com/dataset/afet-ve-acil-durum-toplanma-alanlari,CC BY 4.0,İzmir Büyükşehir Belediyesi Açık Veri Portalı
assembly:kaggle:1684:38.331905126843:26.424932765266,assembly,Emergency Assembly Area,3 NO LU AFET VE ACİL DURUM TOPLANMA ALANI,38.331905126843,26.424932765266,,,,,,,2026-09-20T07:31:27.118Z,COMPLETE_FOR_MAPPABLE_ROWS,compact-proximity-endpoint,Afet toplanma alanları,https://acikveri.bizizmir.com/dataset/afet-ve-acil-durum-toplanma-alanlari,CC BY 4.0,İzmir Büyükşehir Belediyesi Açık Veri Portalı
assembly:kaggle:1685:38.298485873599:26.364390310023,assembly,Emergency Assembly Area,3 NO LU AFET VE ACİL DURUM TOPLANMA ALANI,38.298485873599,26.364390310023,,,,,,,2026-09-20T07:31:27.118Z,COMPLETE_FOR_MAPPABLE_ROWS,compact-proximity-endpoint,Afet toplanma alanları,https://acikveri.bizizmir.com/dataset/afet-ve-acil-durum-toplanma-alanlari,CC BY 4.0,İzmir Büyükşehir Belediyesi Açık Veri Portalı
assembly:kaggle:1686:38.601320454905:27.088051511242,assembly,Emergency Assembly Area,3 NO LU AFET VE ACİL DURUM TOPLANMA ALANI,38.601320454905,27.088051511242,,,,,,,2026-09-20T07:31:27.118Z,COMPLETE_FOR_MAPPABLE_ROWS,compact-proximity-endpoint,Afet toplanma alanları,https://acikveri.bizizmir.com/dataset/afet-ve-acil-durum-toplanma-alanlari,CC BY 4.0,İzmir Büyükşehir Belediyesi Açık Veri Portalı
assembly:kaggle:1687:38.467226291141:27.193285005991,assembly,Emergency Assembly Area,3 NO LU AFET VE ACİL DURUM TOPLANMA ALANI,38.467226291141,27.193285005991,,,,,,,2026-09-20T07:31:27.118Z,COMPLETE_FOR_MAPPABLE_ROWS,compact-proximity-endpoint,Afet toplanma alanları,https://acikveri.bizizmir.com/dataset/afet-ve-acil-durum-toplanma-alanlari,CC BY 4.0,İzmir Büyükşehir Belediyesi Açık Veri Portalı
assembly:kaggle:1688:38.46252199224:27.188864755421,assembly,Emergency Assembly Area,3 NO LU AFET VE ACİL DURUM TOPLANMA ALANI,38.46252199224,27.188864755421,,,,,,,2026-09-20T07:31:27.118Z,COMPLETE_FOR_MAPPABLE_ROWS,compact-proximity-endpoint,Afet toplanma alanları,https://acikveri.bizizmir.com/dataset/afet-ve-acil-durum-toplanma-alanlari,CC BY 4.0,İzmir Büyükşehir Belediyesi Açık Veri Portalı
assembly:kaggle:1689:38.530234066487:27.042212908533,assembly,Emergency Assembly Area,3 NO LU AFET VE ACİL DURUM TOPLANMA ALANI,38.530234066487,27.042212908533,,,,,,,2026-09-20T07:31:27.118Z,COMPLETE_FOR_MAPPABLE_ROWS,compact-proximity-endpoint,Afet toplanma alanları,https://acikveri.bizizmir.com/dataset/afet-ve-acil-durum-toplanma-alanlari,CC BY 4.0,İzmir Büyükşehir Belediyesi Açık Veri Portalı
assembly:kaggle:1690:38.3215947028:26.336597356439,assembly,Emergency Assembly Area,3 NO LU AFET VE ACİL DURUM TOPLANMA ALANI,38.3215947028,26.336597356439,,,,,,,2026-09-20T07:31:27.118Z,COMPLETE_FOR_MAPPABLE_ROWS,compact-proximity-endpoint,Afet toplanma alanları,https://acikveri.bizizmir.com/dataset/afet-ve-acil-durum-toplanma-alanlari,CC BY 4.0,İzmir Büyükşehir Belediyesi Açık Veri Portalı
assembly:kaggle:1691:38.270947523608:26.235355299115,assembly,Emergency Assembly Area,3 NO LU AFET VE ACİL DURUM TOPLANMA ALANI,38.270947523608,26.235355299115,,,,,,,2026-09-20T07:31:27.118Z,COMPLETE_FOR_MAPPABLE_ROWS,compact-proximity-endpoint,Afet toplanma alanları,https://acikveri.bizizmir.com/dataset/afet-ve-acil-durum-toplanma-alanlari,CC BY 4.0,İzmir Büyükşehir Belediyesi Açık Veri Portalı
assembly:kaggle:1692:38.346109957186:26.452012185107,assembly,Emergency Assembly Area,3 NO LU AFET VE ACİL DURUM TOPLANMA ALANI,38.346109957186,26.452012185107,,,,,,,2026-09-20T07:31:27.118Z,COMPLETE_FOR_MAPPABLE_ROWS,compact-proximity-endpoint,Afet toplanma alanları,https://acikveri.bizizmir.com/dataset/afet-ve-acil-durum-toplanma-alanlari,CC BY 4.0,İzmir Büyükşehir Belediyesi Açık Veri Portalı
assembly:kaggle:1693:39.084708462917:27.378768540446,assembly,Emergency Assembly Area,3 NO LU AFET VE ACİL DURUM TOPLANMA ALANI,39.084708462917,27.378768540446,,,,,,,2026-09-20T07:31:27.118Z,COMPLETE_FOR_MAPPABLE_ROWS,compact-proximity-endpoint,Afet toplanma alanları,https://acikveri.bizizmir.com/dataset/afet-ve-acil-durum-toplanma-alanlari,CC BY 4.0,İzmir Büyükşehir Belediyesi Açık Veri Portalı
assembly:kaggle:1694:38.465714204061:27.168351317512,assembly,Emergency Assembly Area,3 NO LU AFET VE ACİL DURUM TOPLANMA ALANI,38.465714204061,27.168351317512,,,,,,,2026-09-20T07:31:27.118Z,COMPLETE_FOR_MAPPABLE_ROWS,compact-proximity-endpoint,Afet toplanma alanları,https://acikveri.bizizmir.com/dataset/afet-ve-acil-durum-toplanma-alanlari,CC BY 4.0,İzmir Büyükşehir Belediyesi Açık Veri Portalı
assembly:kaggle:1695:38.496209579956:27.048199627897,assembly,Emergency Assembly Area,3 NO LU AFET VE ACİL DURUM TOPLANMA ALANI,38.496209579956,27.048199627897,,,,,,,2026-09-20T07:31:27.118Z,COMPLETE_FOR_MAPPABLE_ROWS,compact-proximity-endpoint,Afet toplanma alanları,https://acikveri.bizizmir.com/dataset/afet-ve-acil-durum-toplanma-alanlari,CC BY 4.0,İzmir Büyükşehir Belediyesi Açık Veri Portalı
assembly:kaggle:1696:38.372307928817:26.858815373944,assembly,Emergency Assembly Area,3 NO LU AFET VE ACİL DURUM TOPLANMA ALANI,38.372307928817,26.858815373944,,,,,,,2026-09-20T07:31:27.118Z,COMPLETE_FOR_MAPPABLE_ROWS,compact-proximity-endpoint,Afet toplanma alanları,https://acikveri.bizizmir.com/dataset/afet-ve-acil-durum-toplanma-alanlari,CC BY 4.0,İzmir Büyükşehir Belediyesi Açık Veri Portalı
assembly:kaggle:1697:38.316047529652:26.307254147547,assembly,Emergency Assembly Area,3 NO LU AFET VE ACİL DURUM TOPLANMA ALANI,38.316047529652,26.307254147547,,,,,,,2026-09-20T07:31:27.118Z,COMPLETE_FOR_MAPPABLE_ROWS,compact-proximity-endpoint,Afet toplanma alanları,https://acikveri.bizizmir.com/dataset/afet-ve-acil-durum-toplanma-alanlari,CC BY 4.0,İzmir Büyükşehir Belediyesi Açık Veri Portalı
assembly:kaggle:1698:38.339732073486:26.869812432893,assembly,Emergency Assembly Area,3 NO LU AFET VE ACİL DURUM TOPLANMA ALANI,38.339732073486,26.869812432893,,,,,,,2026-09-20T07:31:27.118Z,COMPLETE_FOR_MAPPABLE_ROWS,compact-proximity-endpoint,Afet toplanma alanları,https://acikveri.bizizmir.com/dataset/afet-ve-acil-durum-toplanma-alanlari,CC BY 4.0,İzmir Büyükşehir Belediyesi Açık Veri Portalı
assembly:kaggle:1699:38.08840780717:28.210379581131,assembly,Emergency Assembly Area,3 NO LU AFET VE ACİL DURUM TOPLANMA ALANI,38.08840780717,28.210379581131,,,,,,,2026-09-20T07:31:27.118Z,COMPLETE_FOR_MAPPABLE_ROWS,compact-proximity-endpoint,Afet toplanma alanları,https://acikveri.bizizmir.com/dataset/afet-ve-acil-durum-toplanma-alanlari,CC BY 4.0,İzmir Büyükşehir Belediyesi Açık Veri Portalı
assembly:kaggle:1700:38.224312411424:27.647697618217,assembly,Emergency Assembly Area,3 NO LU AFET VE ACİL DURUM TOPLANMA ALANI,38.224312411424,27.647697618217,,,,,,,2026-09-20T07:31:27.118Z,COMPLETE_FOR_MAPPABLE_ROWS,compact-proximity-endpoint,Afet toplanma alanları,https://acikveri.bizizmir.com/dataset/afet-ve-acil-durum-toplanma-alanlari,CC BY 4.0,İzmir Büyükşehir Belediyesi Açık Veri Portalı
assembly:kaggle:1701:38.316569538155:26.397177434403,assembly,Emergency Assembly Area,3 NO LU AFET VE ACİL DURUM TOPLANMA ALANI,38.316569538155,26.397177434403,,,,,,,2026-09-20T07:31:27.118Z,COMPLETE_FOR_MAPPABLE_ROWS,compact-proximity-endpoint,Afet toplanma alanları,https://acikveri.bizizmir.com/dataset/afet-ve-acil-durum-toplanma-alanlari,CC BY 4.0,İzmir Büyükşehir Belediyesi Açık Veri Portalı
assembly:kaggle:1702:38.382707320885:26.475797827497,assembly,Emergency Assembly Area,3 NO LU AFET VE ACİL DURUM TOPLANMA ALANI,38.382707320885,26.475797827497,,,,,,,2026-09-20T07:31:27.118Z,COMPLETE_FOR_MAPPABLE_ROWS,compact-proximity-endpoint,Afet toplanma alanları,https://acikveri.bizizmir.com/dataset/afet-ve-acil-durum-toplanma-alanlari,CC BY 4.0,İzmir Büyükşehir Belediyesi Açık Veri Portalı
assembly:kaggle:1703:38.358768032661:26.285935976245,assembly,Emergency Assembly Area,3 NO LU AFET VE ACİL DURUM TOPLANMA ALANI,38.358768032661,26.285935976245,,,,,,,2026-09-20T07:31:27.118Z,COMPLETE_FOR_MAPPABLE_ROWS,compact-proximity-endpoint,Afet toplanma alanları,https://acikveri.bizizmir.com/dataset/afet-ve-acil-durum-toplanma-alanlari,CC BY 4.0,İzmir Büyükşehir Belediyesi Açık Veri Portalı
assembly:kaggle:1704:38.327326586705:26.341570136208,assembly,Emergency Assembly Area,3 NO LU AFET VE ACİL DURUM TOPLANMA ALANI,38.327326586705,26.341570136208,,,,,,,2026-09-20T07:31:27.118Z,COMPLETE_FOR_MAPPABLE_ROWS,compact-proximity-endpoint,Afet toplanma alanları,https://acikveri.bizizmir.com/dataset/afet-ve-acil-durum-toplanma-alanlari,CC BY 4.0,İzmir Büyükşehir Belediyesi Açık Veri Portalı
assembly:kaggle:1705:38.482664244669:27.139555236025,assembly,Emergency Assembly Area,3 NO LU AFET VE ACİL DURUM TOPLANMA ALANI,38.482664244669,27.139555236025,,,,,,,2026-09-20T07:31:27.118Z,COMPLETE_FOR_MAPPABLE_ROWS,compact-proximity-endpoint,Afet toplanma alanları,https://acikveri.bizizmir.com/dataset/afet-ve-acil-durum-toplanma-alanlari,CC BY 4.0,İzmir Büyükşehir Belediyesi Açık Veri Portalı
assembly:kaggle:1706:38.480287422944:27.120168329666,assembly,Emergency Assembly Area,3 NO LU AFET VE ACİL DURUM TOPLANMA ALANI,38.480287422944,27.120168329666,,,,,,,2026-09-20T07:31:27.118Z,COMPLETE_FOR_MAPPABLE_ROWS,compact-proximity-endpoint,Afet toplanma alanları,https://acikveri.bizizmir.com/dataset/afet-ve-acil-durum-toplanma-alanlari,CC BY 4.0,İzmir Büyükşehir Belediyesi Açık Veri Portalı
assembly:kaggle:1707:38.33472429031:26.305993480334,assembly,Emergency Assembly Area,3 NO LU AFET VE ACİL DURUM TOPLANMA ALANI,38.33472429031,26.305993480334,,,,,,,2026-09-20T07:31:27.118Z,COMPLETE_FOR_MAPPABLE_ROWS,compact-proximity-endpoint,Afet toplanma alanları,https://acikveri.bizizmir.com/dataset/afet-ve-acil-durum-toplanma-alanlari,CC BY 4.0,İzmir Büyükşehir Belediyesi Açık Veri Portalı
assembly:kaggle:1708:38.325070887527:26.310639061296,assembly,Emergency Assembly Area,3 NO LU AFET VE ACİL DURUM TOPLANMA ALANI,38.325070887527,26.310639061296,,,,,,,2026-09-20T07:31:27.118Z,COMPLETE_FOR_MAPPABLE_ROWS,compact-proximity-endpoint,Afet toplanma alanları,https://acikveri.bizizmir.com/dataset/afet-ve-acil-durum-toplanma-alanlari,CC BY 4.0,İzmir Büyükşehir Belediyesi Açık Veri Portalı
assembly:kaggle:1709:38.267730853257:27.145134565105,assembly,Emergency Assembly Area,3 NO LU AFET VE ACİL DURUM TOPLANMA ALANI,38.267730853257,27.145134565105,,,,,,,2026-09-20T07:31:27.118Z,COMPLETE_FOR_MAPPABLE_ROWS,compact-proximity-endpoint,Afet toplanma alanları,https://acikveri.bizizmir.com/dataset/afet-ve-acil-durum-toplanma-alanlari,CC BY 4.0,İzmir Büyükşehir Belediyesi Açık Veri Portalı
assembly:kaggle:1710:38.016283138566:27.1046874774,assembly,Emergency Assembly Area,3 NO LU AFET VE ACİL DURUM TOPLANMA ALANI,38.016283138566,27.1046874774,,,,,,,2026-09-20T07:31:27.118Z,COMPLETE_FOR_MAPPABLE_ROWS,compact-proximity-endpoint,Afet toplanma alanları,https://acikveri.bizizmir.com/dataset/afet-ve-acil-durum-toplanma-alanlari,CC BY 4.0,İzmir Büyükşehir Belediyesi Açık Veri Portalı
assembly:kaggle:1711:38.219247028817:27.973718514849,assembly,Emergency Assembly Area,3 NO LU AFET VE ACİL DURUM TOPLANMA ALANI,38.219247028817,27.973718514849,,,,,,,2026-09-20T07:31:27.118Z,COMPLETE_FOR_MAPPABLE_ROWS,compact-proximity-endpoint,Afet toplanma alanları,https://acikveri.bizizmir.com/dataset/afet-ve-acil-durum-toplanma-alanlari,CC BY 4.0,İzmir Büyükşehir Belediyesi Açık Veri Portalı
assembly:kaggle:1712:38.412621265733:27.65653247845,assembly,Emergency Assembly Area,3 NO LU AFET VE ACİL DURUM TOPLANMA ALANI,38.412621265733,27.65653247845,,,,,,,2026-09-20T07:31:27.118Z,COMPLETE_FOR_MAPPABLE_ROWS,compact-proximity-endpoint,Afet toplanma alanları,https://acikveri.bizizmir.com/dataset/afet-ve-acil-durum-toplanma-alanlari,CC BY 4.0,İzmir Büyükşehir Belediyesi Açık Veri Portalı
assembly:kaggle:1713:38.435146952606:27.148202715269,assembly,Emergency Assembly Area,3 NO LU AFET VE ACİL DURUM TOPLANMA ALANI,38.435146952606,27.148202715269,,,,,,,2026-09-20T07:31:27.118Z,COMPLETE_FOR_MAPPABLE_ROWS,compact-proximity-endpoint,Afet toplanma alanları,https://acikveri.bizizmir.com/dataset/afet-ve-acil-durum-toplanma-alanlari,CC BY 4.0,İzmir Büyükşehir Belediyesi Açık Veri Portalı
assembly:kaggle:1714:38.377842668279:27.157622682914,assembly,Emergency Assembly Area,3 NO LU AFET VE ACİL DURUM TOPLANMA ALANI,38.377842668279,27.157622682914,,,,,,,2026-09-20T07:31:27.118Z,COMPLETE_FOR_MAPPABLE_ROWS,compact-proximity-endpoint,Afet toplanma alanları,https://acikveri.bizizmir.com/dataset/afet-ve-acil-durum-toplanma-alanlari,CC BY 4.0,İzmir Büyükşehir Belediyesi Açık Veri Portalı
assembly:kaggle:1715:38.39963975444:27.118033438759,assembly,Emergency Assembly Area,3 NO LU AFET VE ACİL DURUM TOPLANMA ALANI,38.39963975444,27.118033438759,,,,,,,2026-09-20T07:31:27.118Z,COMPLETE_FOR_MAPPABLE_ROWS,compact-proximity-endpoint,Afet toplanma alanları,https://acikveri.bizizmir.com/dataset/afet-ve-acil-durum-toplanma-alanlari,CC BY 4.0,İzmir Büyükşehir Belediyesi Açık Veri Portalı
assembly:kaggle:1716:38.460119256947:27.125060688831,assembly,Emergency Assembly Area,3 NO LU AFET VE ACİL DURUM TOPLANMA ALANI,38.460119256947,27.125060688831,,,,,,,2026-09-20T07:31:27.118Z,COMPLETE_FOR_MAPPABLE_ROWS,compact-proximity-endpoint,Afet toplanma alanları,https://acikveri.bizizmir.com/dataset/afet-ve-acil-durum-toplanma-alanlari,CC BY 4.0,İzmir Büyükşehir Belediyesi Açık Veri Portalı
assembly:kaggle:1717:38.464269670565:27.517498098595,assembly,Emergency Assembly Area,3 NO LU AFET VE ACİL DURUM TOPLANMA ALANI,38.464269670565,27.517498098595,,,,,,,2026-09-20T07:31:27.118Z,COMPLETE_FOR_MAPPABLE_ROWS,compact-proximity-endpoint,Afet toplanma alanları,https://acikveri.bizizmir.com/dataset/afet-ve-acil-durum-toplanma-alanlari,CC BY 4.0,İzmir Büyükşehir Belediyesi Açık Veri Portalı
assembly:kaggle:1718:38.371761484214:27.13224912266,assembly,Emergency Assembly Area,3 NO LU AFET VE ACİL DURUM TOPLANMA ALANI,38.371761484214,27.13224912266,,,,,,,2026-09-20T07:31:27.118Z,COMPLETE_FOR_MAPPABLE_ROWS,compact-proximity-endpoint,Afet toplanma alanları,https://acikveri.bizizmir.com/dataset/afet-ve-acil-durum-toplanma-alanlari,CC BY 4.0,İzmir Büyükşehir Belediyesi Açık Veri Portalı
assembly:kaggle:1719:38.459262320971:27.105266086268,assembly,Emergency Assembly Area,3 NO LU AFET VE ACİL DURUM TOPLANMA ALANI,38.459262320971,27.105266086268,,,,,,,2026-09-20T07:31:27.118Z,COMPLETE_FOR_MAPPABLE_ROWS,compact-proximity-endpoint,Afet toplanma alanları,https://acikveri.bizizmir.com/dataset/afet-ve-acil-durum-toplanma-alanlari,CC BY 4.0,İzmir Büyükşehir Belediyesi Açık Veri Portalı
assembly:kaggle:1720:38.50261614045:27.076684535105,assembly,Emergency Assembly Area,3 NO LU AFET VE ACİL DURUM TOPLANMA ALANI,38.50261614045,27.076684535105,,,,,,,2026-09-20T07:31:27.118Z,COMPLETE_FOR_MAPPABLE_ROWS,compact-proximity-endpoint,Afet toplanma alanları,https://acikveri.bizizmir.com/dataset/afet-ve-acil-durum-toplanma-alanlari,CC BY 4.0,İzmir Büyükşehir Belediyesi Açık Veri Portalı
assembly:kaggle:1721:38.464151747396:27.206653074421,assembly,Emergency Assembly Area,3 NO LU AFET VE ACİL DURUM TOPLANMA ALANI,38.464151747396,27.206653074421,,,,,,,2026-09-20T07:31:27.118Z,COMPLETE_FOR_MAPPABLE_ROWS,compact-proximity-endpoint,Afet toplanma alanları,https://acikveri.bizizmir.com/dataset/afet-ve-acil-durum-toplanma-alanlari,CC BY 4.0,İzmir Büyükşehir Belediyesi Açık Veri Portalı
assembly:kaggle:1722:38.397949680047:27.096264741934,assembly,Emergency Assembly Area,3 NO LU AFET VE ACİL DURUM TOPLANMA ALANI,38.397949680047,27.096264741934,,,,,,,2026-09-20T07:31:27.118Z,COMPLETE_FOR_MAPPABLE_ROWS,compact-proximity-endpoint,Afet toplanma alanları,https://acikveri.bizizmir.com/dataset/afet-ve-acil-durum-toplanma-alanlari,CC BY 4.0,İzmir Büyükşehir Belediyesi Açık Veri Portalı
assembly:kaggle:1723:38.667209612692:26.755700518084,assembly,Emergency Assembly Area,3 NO LU AFET VE ACİL DURUM TOPLANMA ALANI,38.667209612692,26.755700518084,,,,,,,2026-09-20T07:31:27.118Z,COMPLETE_FOR_MAPPABLE_ROWS,compact-proximity-endpoint,Afet toplanma alanları,https://acikveri.bizizmir.com/dataset/afet-ve-acil-durum-toplanma-alanlari,CC BY 4.0,İzmir Büyükşehir Belediyesi Açık Veri Portalı
assembly:kaggle:1724:38.941811934367:26.931931021956,assembly,Emergency Assembly Area,3 NO LU AFET VE ACİL DURUM TOPLANMA ALANI,38.941811934367,26.931931021956,,,,,,,2026-09-20T07:31:27.118Z,COMPLETE_FOR_MAPPABLE_ROWS,compact-proximity-endpoint,Afet toplanma alanları,https://acikveri.bizizmir.com/dataset/afet-ve-acil-durum-toplanma-alanlari,CC BY 4.0,İzmir Büyükşehir Belediyesi Açık Veri Portalı
assembly:kaggle:1725:38.335642145666:26.793917034639,assembly,Emergency Assembly Area,3 NO LU AFET VE ACİL DURUM TOPLANMA ALANI,38.335642145666,26.793917034639,,,,,,,2026-09-20T07:31:27.118Z,COMPLETE_FOR_MAPPABLE_ROWS,compact-proximity-endpoint,Afet toplanma alanları,https://acikveri.bizizmir.com/dataset/afet-ve-acil-durum-toplanma-alanlari,CC BY 4.0,İzmir Büyükşehir Belediyesi Açık Veri Portalı
assembly:kaggle:1726:38.482878633486:27.361431828183,assembly,Emergency Assembly Area,3 NO LU AFET VE ACİL DURUM TOPLANMA ALANI,38.482878633486,27.361431828183,,,,,,,2026-09-20T07:31:27.118Z,COMPLETE_FOR_MAPPABLE_ROWS,compact-proximity-endpoint,Afet toplanma alanları,https://acikveri.bizizmir.com/dataset/afet-ve-acil-durum-toplanma-alanlari,CC BY 4.0,İzmir Büyükşehir Belediyesi Açık Veri Portalı
assembly:kaggle:1727:38.387703431956:27.105319851737,assembly,Emergency Assembly Area,3 NO LU AFET VE ACİL DURUM TOPLANMA ALANI,38.387703431956,27.105319851737,,,,,,,2026-09-20T07:31:27.118Z,COMPLETE_FOR_MAPPABLE_ROWS,compact-proximity-endpoint,Afet toplanma alanları,https://acikveri.bizizmir.com/dataset/afet-ve-acil-durum-toplanma-alanlari,CC BY 4.0,İzmir Büyükşehir Belediyesi Açık Veri Portalı
assembly:kaggle:1728:38.414790119482:27.637226030104,assembly,Emergency Assembly Area,3 NO LU AFET VE ACİL DURUM TOPLANMA ALANI,38.414790119482,27.637226030104,,,,,,,2026-09-20T07:31:27.118Z,COMPLETE_FOR_MAPPABLE_ROWS,compact-proximity-endpoint,Afet toplanma alanları,https://acikveri.bizizmir.com/dataset/afet-ve-acil-durum-toplanma-alanlari,CC BY 4.0,İzmir Büyükşehir Belediyesi Açık Veri Portalı
assembly:kaggle:1729:38.466167783844:27.128290042154,assembly,Emergency Assembly Area,3 NO LU AFET VE ACİL DURUM TOPLANMA ALANI,38.466167783844,27.128290042154,,,,,,,2026-09-20T07:31:27.118Z,COMPLETE_FOR_MAPPABLE_ROWS,compact-proximity-endpoint,Afet toplanma alanları,https://acikveri.bizizmir.com/dataset/afet-ve-acil-durum-toplanma-alanlari,CC BY 4.0,İzmir Büyükşehir Belediyesi Açık Veri Portalı
assembly:kaggle:1730:38.43115942122:27.412313164987,assembly,Emergency Assembly Area,3 NO LU AFET VE ACİL DURUM TOPLANMA ALANI,38.43115942122,27.412313164987,,,,,,,2026-09-20T07:31:27.118Z,COMPLETE_FOR_MAPPABLE_ROWS,compact-proximity-endpoint,Afet toplanma alanları,https://acikveri.bizizmir.com/dataset/afet-ve-acil-durum-toplanma-alanlari,CC BY 4.0,İzmir Büyükşehir Belediyesi Açık Veri Portalı
assembly:kaggle:1731:38.500029575592:26.60923147874,assembly,Emergency Assembly Area,3 NO LU AFET VE ACİL DURUM TOPLANMA ALANI,38.500029575592,26.60923147874,,,,,,,2026-09-20T07:31:27.118Z,COMPLETE_FOR_MAPPABLE_ROWS,compact-proximity-endpoint,Afet toplanma alanları,https://acikveri.bizizmir.com/dataset/afet-ve-acil-durum-toplanma-alanlari,CC BY 4.0,İzmir Büyükşehir Belediyesi Açık Veri Portalı
assembly:kaggle:1732:39.079332123542:26.895173960563,assembly,Emergency Assembly Area,3 NO LU AFET VE ACİL DURUM TOPLANMA ALANI,39.079332123542,26.895173960563,,,,,,,2026-09-20T07:31:27.118Z,COMPLETE_FOR_MAPPABLE_ROWS,compact-proximity-endpoint,Afet toplanma alanları,https://acikveri.bizizmir.com/dataset/afet-ve-acil-durum-toplanma-alanlari,CC BY 4.0,İzmir Büyükşehir Belediyesi Açık Veri Portalı
assembly:kaggle:1733:38.482378646704:27.091983813898,assembly,Emergency Assembly Area,3 NO LU AFET VE ACİL DURUM TOPLANMA ALANI,38.482378646704,27.091983813898,,,,,,,2026-09-20T07:31:27.118Z,COMPLETE_FOR_MAPPABLE_ROWS,compact-proximity-endpoint,Afet toplanma alanları,https://acikveri.bizizmir.com/dataset/afet-ve-acil-durum-toplanma-alanlari,CC BY 4.0,İzmir Büyükşehir Belediyesi Açık Veri Portalı
assembly:kaggle:1734:38.394418002003:27.002264520379,assembly,Emergency Assembly Area,3 NO LU AFET VE ACİL DURUM TOPLANMA ALANI,38.394418002003,27.002264520379,,,,,,,2026-09-20T07:31:27.118Z,COMPLETE_FOR_MAPPABLE_ROWS,compact-proximity-endpoint,Afet toplanma alanları,https://acikveri.bizizmir.com/dataset/afet-ve-acil-durum-toplanma-alanlari,CC BY 4.0,İzmir Büyükşehir Belediyesi Açık Veri Portalı
assembly:kaggle:1735:38.094837340426:27.727857913599,assembly,Emergency Assembly Area,3 NO LU AFET VE ACİL DURUM TOPLANMA ALANI,38.094837340426,27.727857913599,,,,,,,2026-09-20T07:31:27.118Z,COMPLETE_FOR_MAPPABLE_ROWS,compact-proximity-endpoint,Afet toplanma alanları,https://acikveri.bizizmir.com/dataset/afet-ve-acil-durum-toplanma-alanlari,CC BY 4.0,İzmir Büyükşehir Belediyesi Açık Veri Portalı
assembly:kaggle:1736:38.395132911344:27.164725107849,assembly,Emergency Assembly Area,3 NO LU AFET VE ACİL DURUM TOPLANMA ALANI,38.395132911344,27.164725107849,,,,,,,2026-09-20T07:31:27.118Z,COMPLETE_FOR_MAPPABLE_ROWS,compact-proximity-endpoint,Afet toplanma alanları,https://acikveri.bizizmir.com/dataset/afet-ve-acil-durum-toplanma-alanlari,CC BY 4.0,İzmir Büyükşehir Belediyesi Açık Veri Portalı
assembly:kaggle:1737:38.461194953409:27.483734623702,assembly,Emergency Assembly Area,3 NO LU AFET VE ACİL DURUM TOPLANMA ALANI,38.461194953409,27.483734623702,,,,,,,2026-09-20T07:31:27.118Z,COMPLETE_FOR_MAPPABLE_ROWS,compact-proximity-endpoint,Afet toplanma alanları,https://acikveri.bizizmir.com/dataset/afet-ve-acil-durum-toplanma-alanlari,CC BY 4.0,İzmir Büyükşehir Belediyesi Açık Veri Portalı
assembly:kaggle:1738:38.39696597346:27.165969643539,assembly,Emergency Assembly Area,3 NO LU AFET VE ACİL DURUM TOPLANMA ALANI,38.39696597346,27.165969643539,,,,,,,2026-09-20T07:31:27.118Z,COMPLETE_FOR_MAPPABLE_ROWS,compact-proximity-endpoint,Afet toplanma alanları,https://acikveri.bizizmir.com/dataset/afet-ve-acil-durum-toplanma-alanlari,CC BY 4.0,İzmir Büyükşehir Belediyesi Açık Veri Portalı
assembly:kaggle:1739:38.387093709178:27.07587202711,assembly,Emergency Assembly Area,3 NO LU AFET VE ACİL DURUM TOPLANMA ALANI,38.387093709178,27.07587202711,,,,,,,2026-09-20T07:31:27.118Z,COMPLETE_FOR_MAPPABLE_ROWS,compact-proximity-endpoint,Afet toplanma alanları,https://acikveri.bizizmir.com/dataset/afet-ve-acil-durum-toplanma-alanlari,CC BY 4.0,İzmir Büyükşehir Belediyesi Açık Veri Portalı
assembly:kaggle:1740:38.360548233094:27.09417269284,assembly,Emergency Assembly Area,3 NO LU AFET VE ACİL DURUM TOPLANMA ALANI,38.360548233094,27.09417269284,,,,,,,2026-09-20T07:31:27.118Z,COMPLETE_FOR_MAPPABLE_ROWS,compact-proximity-endpoint,Afet toplanma alanları,https://acikveri.bizizmir.com/dataset/afet-ve-acil-durum-toplanma-alanlari,CC BY 4.0,İzmir Büyükşehir Belediyesi Açık Veri Portalı
assembly:kaggle:1741:38.496184432781:27.089247950719,assembly,Emergency Assembly Area,3 NO LU AFET VE ACİL DURUM TOPLANMA ALANI,38.496184432781,27.089247950719,,,,,,,2026-09-20T07:31:27.118Z,COMPLETE_FOR_MAPPABLE_ROWS,compact-proximity-endpoint,Afet toplanma alanları,https://acikveri.bizizmir.com/dataset/afet-ve-acil-durum-toplanma-alanlari,CC BY 4.0,İzmir Büyükşehir Belediyesi Açık Veri Portalı
assembly:kaggle:1742:38.389599716455:27.072709714213,assembly,Emergency Assembly Area,3 NO LU AFET VE ACİL DURUM TOPLANMA ALANI,38.389599716455,27.072709714213,,,,,,,2026-09-20T07:31:27.118Z,COMPLETE_FOR_MAPPABLE_ROWS,compact-proximity-endpoint,Afet toplanma alanları,https://acikveri.bizizmir.com/dataset/afet-ve-acil-durum-toplanma-alanlari,CC BY 4.0,İzmir Büyükşehir Belediyesi Açık Veri Portalı
assembly:kaggle:1743:38.511935200329:27.040034997157,assembly,Emergency Assembly Area,3 NO LU AFET VE ACİL DURUM TOPLANMA ALANI,38.511935200329,27.040034997157,,,,,,,2026-09-20T07:31:27.118Z,COMPLETE_FOR_MAPPABLE_ROWS,compact-proximity-endpoint,Afet toplanma alanları,https://acikveri.bizizmir.com/dataset/afet-ve-acil-durum-toplanma-alanlari,CC BY 4.0,İzmir Büyükşehir Belediyesi Açık Veri Portalı
assembly:kaggle:1744:38.497612187341:27.379193304097,assembly,Emergency Assembly Area,3 NO LU AFET VE ACİL DURUM TOPLANMA ALANI,38.497612187341,27.379193304097,,,,,,,2026-09-20T07:31:27.118Z,COMPLETE_FOR_MAPPABLE_ROWS,compact-proximity-endpoint,Afet toplanma alanları,https://acikveri.bizizmir.com/dataset/afet-ve-acil-durum-toplanma-alanlari,CC BY 4.0,İzmir Büyükşehir Belediyesi Açık Veri Portalı
assembly:kaggle:1745:38.362112679081:26.82151141581,assembly,Emergency Assembly Area,3 NO LU AFET VE ACİL DURUM TOPLANMA ALANI,38.362112679081,26.82151141581,,,,,,,2026-09-20T07:31:27.118Z,COMPLETE_FOR_MAPPABLE_ROWS,compact-proximity-endpoint,Afet toplanma alanları,https://acikveri.bizizmir.com/dataset/afet-ve-acil-durum-toplanma-alanlari,CC BY 4.0,İzmir Büyükşehir Belediyesi Açık Veri Portalı
assembly:kaggle:1746:38.166916899147:27.353144357822,assembly,Emergency Assembly Area,3 NO LU AFET VE ACİL DURUM TOPLANMA ALANI,38.166916899147,27.353144357822,,,,,,,2026-09-20T07:31:27.118Z,COMPLETE_FOR_MAPPABLE_ROWS,compact-proximity-endpoint,Afet toplanma alanları,https://acikveri.bizizmir.com/dataset/afet-ve-acil-durum-toplanma-alanlari,CC BY 4.0,İzmir Büyükşehir Belediyesi Açık Veri Portalı
assembly:kaggle:1747:38.456825938311:27.105673784155,assembly,Emergency Assembly Area,3 NO LU AFET VE ACİL DURUM TOPLANMA ALANI,38.456825938311,27.105673784155,,,,,,,2026-09-20T07:31:27.118Z,COMPLETE_FOR_MAPPABLE_ROWS,compact-proximity-endpoint,Afet toplanma alanları,https://acikveri.bizizmir.com/dataset/afet-ve-acil-durum-toplanma-alanlari,CC BY 4.0,İzmir Büyükşehir Belediyesi Açık Veri Portalı
assembly:kaggle:1748:38.48339483041:27.067404170965,assembly,Emergency Assembly Area,3 NO LU AFET VE ACİL DURUM TOPLANMA ALANI,38.48339483041,27.067404170965,,,,,,,2026-09-20T07:31:27.118Z,COMPLETE_FOR_MAPPABLE_ROWS,compact-proximity-endpoint,Afet toplanma alanları,https://acikveri.bizizmir.com/dataset/afet-ve-acil-durum-toplanma-alanlari,CC BY 4.0,İzmir Büyükşehir Belediyesi Açık Veri Portalı
assembly:kaggle:1749:38.365545252375:27.161012998835,assembly,Emergency Assembly Area,3 NO LU AFET VE ACİL DURUM TOPLANMA ALANI,38.365545252375,27.161012998835,,,,,,,2026-09-20T07:31:27.118Z,COMPLETE_FOR_MAPPABLE_ROWS,compact-proximity-endpoint,Afet toplanma alanları,https://acikveri.bizizmir.com/dataset/afet-ve-acil-durum-toplanma-alanlari,CC BY 4.0,İzmir Büyükşehir Belediyesi Açık Veri Portalı
assembly:kaggle:1750:38.370306344734:27.170990758514,assembly,Emergency Assembly Area,3 NO LU AFET VE ACİL DURUM TOPLANMA ALANI,38.370306344734,27.170990758514,,,,,,,2026-09-20T07:31:27.118Z,COMPLETE_FOR_MAPPABLE_ROWS,compact-proximity-endpoint,Afet toplanma alanları,https://acikveri.bizizmir.com/dataset/afet-ve-acil-durum-toplanma-alanlari,CC BY 4.0,İzmir Büyükşehir Belediyesi Açık Veri Portalı
assembly:kaggle:1751:38.468536631528:27.110083293908,assembly,Emergency Assembly Area,3 NO LU AFET VE ACİL DURUM TOPLANMA ALANI,38.468536631528,27.110083293908,,,,,,,2026-09-20T07:31:27.118Z,COMPLETE_FOR_MAPPABLE_ROWS,compact-proximity-endpoint,Afet toplanma alanları,https://acikveri.bizizmir.com/dataset/afet-ve-acil-durum-toplanma-alanlari,CC BY 4.0,İzmir Büyükşehir Belediyesi Açık Veri Portalı
assembly:kaggle:1752:38.4010271525:27.186906855829,assembly,Emergency Assembly Area,3 NO LU AFET VE ACİL DURUM TOPLANMA ALANI,38.4010271525,27.186906855829,,,,,,,2026-09-20T07:31:27.118Z,COMPLETE_FOR_MAPPABLE_ROWS,compact-proximity-endpoint,Afet toplanma alanları,https://acikveri.bizizmir.com/dataset/afet-ve-acil-durum-toplanma-alanlari,CC BY 4.0,İzmir Büyükşehir Belediyesi Açık Veri Portalı
assembly:kaggle:1753:38.43128127502:27.401723856219,assembly,Emergency Assembly Area,3 NO LU AFET VE ACİL DURUM TOPLANMA ALANI,38.43128127502,27.401723856219,,,,,,,2026-09-20T07:31:27.118Z,COMPLETE_FOR_MAPPABLE_ROWS,compact-proximity-endpoint,Afet toplanma alanları,https://acikveri.bizizmir.com/dataset/afet-ve-acil-durum-toplanma-alanlari,CC BY 4.0,İzmir Büyükşehir Belediyesi Açık Veri Portalı
assembly:kaggle:1754:38.47550863179:27.357220793006,assembly,Emergency Assembly Area,3 NO LU AFET VE ACİL DURUM TOPLANMA ALANI,38.47550863179,27.357220793006,,,,,,,2026-09-20T07:31:27.118Z,COMPLETE_FOR_MAPPABLE_ROWS,compact-proximity-endpoint,Afet toplanma alanları,https://acikveri.bizizmir.com/dataset/afet-ve-acil-durum-toplanma-alanlari,CC BY 4.0,İzmir Büyükşehir Belediyesi Açık Veri Portalı
assembly:kaggle:1755:38.41707663879:27.664793634412,assembly,Emergency Assembly Area,3 NO LU AFET VE ACİL DURUM TOPLANMA ALANI,38.41707663879,27.664793634412,,,,,,,2026-09-20T07:31:27.118Z,COMPLETE_FOR_MAPPABLE_ROWS,compact-proximity-endpoint,Afet toplanma alanları,https://acikveri.bizizmir.com/dataset/afet-ve-acil-durum-toplanma-alanlari,CC BY 4.0,İzmir Büyükşehir Belediyesi Açık Veri Portalı
assembly:kaggle:1756:38.248035284105:28.302319684673,assembly,Emergency Assembly Area,3 NO LU AFET VE ACİL DURUM TOPLANMA ALANI,38.248035284105,28.302319684673,,,,,,,2026-09-20T07:31:27.118Z,COMPLETE_FOR_MAPPABLE_ROWS,compact-proximity-endpoint,Afet toplanma alanları,https://acikveri.bizizmir.com/dataset/afet-ve-acil-durum-toplanma-alanlari,CC BY 4.0,İzmir Büyükşehir Belediyesi Açık Veri Portalı
assembly:kaggle:1757:38.397445214328:27.129556154883,assembly,Emergency Assembly Area,3 NO LU AFET VE ACİL DURUM TOPLANMA ALANI,38.397445214328,27.129556154883,,,,,,,2026-09-20T07:31:27.118Z,COMPLETE_FOR_MAPPABLE_ROWS,compact-proximity-endpoint,Afet toplanma alanları,https://acikveri.bizizmir.com/dataset/afet-ve-acil-durum-toplanma-alanlari,CC BY 4.0,İzmir Büyükşehir Belediyesi Açık Veri Portalı
assembly:kaggle:1758:38.371139020488:27.112744197249,assembly,Emergency Assembly Area,3 NO LU AFET VE ACİL DURUM TOPLANMA ALANI,38.371139020488,27.112744197249,,,,,,,2026-09-20T07:31:27.118Z,COMPLETE_FOR_MAPPABLE_ROWS,compact-proximity-endpoint,Afet toplanma alanları,https://acikveri.bizizmir.com/dataset/afet-ve-acil-durum-toplanma-alanlari,CC BY 4.0,İzmir Büyükşehir Belediyesi Açık Veri Portalı
assembly:kaggle:1759:38.386320116166:27.163888277628,assembly,Emergency Assembly Area,3 NO LU AFET VE ACİL DURUM TOPLANMA ALANI,38.386320116166,27.163888277628,,,,,,,2026-09-20T07:31:27.118Z,COMPLETE_FOR_MAPPABLE_ROWS,compact-proximity-endpoint,Afet toplanma alanları,https://acikveri.bizizmir.com/dataset/afet-ve-acil-durum-toplanma-alanlari,CC BY 4.0,İzmir Büyükşehir Belediyesi Açık Veri Portalı
assembly:kaggle:1760:38.239338447605:27.268837470422,assembly,Emergency Assembly Area,3 NO LU AFET VE ACİL DURUM TOPLANMA ALANI,38.239338447605,27.268837470422,,,,,,,2026-09-20T07:31:27.118Z,COMPLETE_FOR_MAPPABLE_ROWS,compact-proximity-endpoint,Afet toplanma alanları,https://acikveri.bizizmir.com/dataset/afet-ve-acil-durum-toplanma-alanlari,CC BY 4.0,İzmir Büyükşehir Belediyesi Açık Veri Portalı
assembly:kaggle:1761:38.246180642221:27.28058547566,assembly,Emergency Assembly Area,3 NO LU AFET VE ACİL DURUM TOPLANMA ALANI,38.246180642221,27.28058547566,,,,,,,2026-09-20T07:31:27.118Z,COMPLETE_FOR_MAPPABLE_ROWS,compact-proximity-endpoint,Afet toplanma alanları,https://acikveri.bizizmir.com/dataset/afet-ve-acil-durum-toplanma-alanlari,CC BY 4.0,İzmir Büyükşehir Belediyesi Açık Veri Portalı
assembly:kaggle:1762:38.349206622976:26.676780166343,assembly,Emergency Assembly Area,3 NO LU AFET VE ACİL DURUM TOPLANMA ALANI,38.349206622976,26.676780166343,,,,,,,2026-09-20T07:31:27.118Z,COMPLETE_FOR_MAPPABLE_ROWS,compact-proximity-endpoint,Afet toplanma alanları,https://acikveri.bizizmir.com/dataset/afet-ve-acil-durum-toplanma-alanlari,CC BY 4.0,İzmir Büyükşehir Belediyesi Açık Veri Portalı
assembly:kaggle:1763:38.142906615015:27.363293824262,assembly,Emergency Assembly Area,3 NO LU AFET VE ACİL DURUM TOPLANMA ALANI,38.142906615015,27.363293824262,,,,,,,2026-09-20T07:31:27.118Z,COMPLETE_FOR_MAPPABLE_ROWS,compact-proximity-endpoint,Afet toplanma alanları,https://acikveri.bizizmir.com/dataset/afet-ve-acil-durum-toplanma-alanlari,CC BY 4.0,İzmir Büyükşehir Belediyesi Açık Veri Portalı
assembly:kaggle:1764:38.231059392619:27.971427902308,assembly,Emergency Assembly Area,3 NO LU AFET VE ACİL DURUM TOPLANMA ALANI,38.231059392619,27.971427902308,,,,,,,2026-09-20T07:31:27.118Z,COMPLETE_FOR_MAPPABLE_ROWS,compact-proximity-endpoint,Afet toplanma alanları,https://acikveri.bizizmir.com/dataset/afet-ve-acil-durum-toplanma-alanlari,CC BY 4.0,İzmir Büyükşehir Belediyesi Açık Veri Portalı
assembly:kaggle:1765:38.391870200645:27.084699124753,assembly,Emergency Assembly Area,3 NO LU AFET VE ACİL DURUM TOPLANMA ALANI,38.391870200645,27.084699124753,,,,,,,2026-09-20T07:31:27.118Z,COMPLETE_FOR_MAPPABLE_ROWS,compact-proximity-endpoint,Afet toplanma alanları,https://acikveri.bizizmir.com/dataset/afet-ve-acil-durum-toplanma-alanlari,CC BY 4.0,İzmir Büyükşehir Belediyesi Açık Veri Portalı
assembly:kaggle:1766:38.405710154648:27.112025310266,assembly,Emergency Assembly Area,3 NO LU AFET VE ACİL DURUM TOPLANMA ALANI,38.405710154648,27.112025310266,,,,,,,2026-09-20T07:31:27.118Z,COMPLETE_FOR_MAPPABLE_ROWS,compact-proximity-endpoint,Afet toplanma alanları,https://acikveri.bizizmir.com/dataset/afet-ve-acil-durum-toplanma-alanlari,CC BY 4.0,İzmir Büyükşehir Belediyesi Açık Veri Portalı
assembly:kaggle:1767:38.467091799363:27.109439569405,assembly,Emergency Assembly Area,3 NO LU AFET VE ACİL DURUM TOPLANMA ALANI,38.467091799363,27.109439569405,,,,,,,2026-09-20T07:31:27.118Z,COMPLETE_FOR_MAPPABLE_ROWS,compact-proximity-endpoint,Afet toplanma alanları,https://acikveri.bizizmir.com/dataset/afet-ve-acil-durum-toplanma-alanlari,CC BY 4.0,İzmir Büyükşehir Belediyesi Açık Veri Portalı
assembly:kaggle:1768:38.088496030656:27.724253052358,assembly,Emergency Assembly Area,3 NO LU AFET VE ACİL DURUM TOPLANMA ALANI,38.088496030656,27.724253052358,,,,,,,2026-09-20T07:31:27.118Z,COMPLETE_FOR_MAPPABLE_ROWS,compact-proximity-endpoint,Afet toplanma alanları,https://acikveri.bizizmir.com/dataset/afet-ve-acil-durum-toplanma-alanlari,CC BY 4.0,İzmir Büyükşehir Belediyesi Açık Veri Portalı
assembly:kaggle:1769:38.415958494587:27.5358873095,assembly,Emergency Assembly Area,3 NO LU AFET VE ACİL DURUM TOPLANMA ALANI,38.415958494587,27.5358873095,,,,,,,2026-09-20T07:31:27.118Z,COMPLETE_FOR_MAPPABLE_ROWS,compact-proximity-endpoint,Afet toplanma alanları,https://acikveri.bizizmir.com/dataset/afet-ve-acil-durum-toplanma-alanlari,CC BY 4.0,İzmir Büyükşehir Belediyesi Açık Veri Portalı
assembly:kaggle:1770:38.600163369771:27.088282182066,assembly,Emergency Assembly Area,3 NO LU AFET VE ACİL DURUM TOPLANMA ALANI,38.600163369771,27.088282182066,,,,,,,2026-09-20T07:31:27.118Z,COMPLETE_FOR_MAPPABLE_ROWS,compact-proximity-endpoint,Afet toplanma alanları,https://acikveri.bizizmir.com/dataset/afet-ve-acil-durum-toplanma-alanlari,CC BY 4.0,İzmir Büyükşehir Belediyesi Açık Veri Portalı
assembly:kaggle:1771:38.406181398902:27.535592283518,assembly,Emergency Assembly Area,3 NO LU AFET VE ACİL DURUM TOPLANMA ALANI,38.406181398902,27.535592283518,,,,,,,2026-09-20T07:31:27.118Z,COMPLETE_FOR_MAPPABLE_ROWS,compact-proximity-endpoint,Afet toplanma alanları,https://acikveri.bizizmir.com/dataset/afet-ve-acil-durum-toplanma-alanlari,CC BY 4.0,İzmir Büyükşehir Belediyesi Açık Veri Portalı
assembly:kaggle:1772:38.41598380752:27.632414169079,assembly,Emergency Assembly Area,3 NO LU AFET VE ACİL DURUM TOPLANMA ALANI,38.41598380752,27.632414169079,,,,,,,2026-09-20T07:31:27.118Z,COMPLETE_FOR_MAPPABLE_ROWS,compact-proximity-endpoint,Afet toplanma alanları,https://acikveri.bizizmir.com/dataset/afet-ve-acil-durum-toplanma-alanlari,CC BY 4.0,İzmir Büyükşehir Belediyesi Açık Veri Portalı
assembly:kaggle:1773:38.372493317059:27.178543817696,assembly,Emergency Assembly Area,3 NO LU AFET VE ACİL DURUM TOPLANMA ALANI,38.372493317059,27.178543817696,,,,,,,2026-09-20T07:31:27.118Z,COMPLETE_FOR_MAPPABLE_ROWS,compact-proximity-endpoint,Afet toplanma alanları,https://acikveri.bizizmir.com/dataset/afet-ve-acil-durum-toplanma-alanlari,CC BY 4.0,İzmir Büyükşehir Belediyesi Açık Veri Portalı
assembly:kaggle:1774:38.377049915803:27.115429065052,assembly,Emergency Assembly Area,3 NO LU AFET VE ACİL DURUM TOPLANMA ALANI,38.377049915803,27.115429065052,,,,,,,2026-09-20T07:31:27.118Z,COMPLETE_FOR_MAPPABLE_ROWS,compact-proximity-endpoint,Afet toplanma alanları,https://acikveri.bizizmir.com/dataset/afet-ve-acil-durum-toplanma-alanlari,CC BY 4.0,İzmir Büyükşehir Belediyesi Açık Veri Portalı
assembly:kaggle:1775:38.322226416136:26.711503918245,assembly,Emergency Assembly Area,3 NO LU AFET VE ACİL DURUM TOPLANMA ALANI,38.322226416136,26.711503918245,,,,,,,2026-09-20T07:31:27.118Z,COMPLETE_FOR_MAPPABLE_ROWS,compact-proximity-endpoint,Afet toplanma alanları,https://acikveri.bizizmir.com/dataset/afet-ve-acil-durum-toplanma-alanlari,CC BY 4.0,İzmir Büyükşehir Belediyesi Açık Veri Portalı
assembly:kaggle:1776:38.389524078063:27.115694581304,assembly,Emergency Assembly Area,3 NO LU AFET VE ACİL DURUM TOPLANMA ALANI,38.389524078063,27.115694581304,,,,,,,2026-09-20T07:31:27.118Z,COMPLETE_FOR_MAPPABLE_ROWS,compact-proximity-endpoint,Afet toplanma alanları,https://acikveri.bizizmir.com/dataset/afet-ve-acil-durum-toplanma-alanlari,CC BY 4.0,İzmir Büyükşehir Belediyesi Açık Veri Portalı
assembly:kaggle:1777:38.461547386738:27.087456303159,assembly,Emergency Assembly Area,3 NO LU AFET VE ACİL DURUM TOPLANMA ALANI,38.461547386738,27.087456303159,,,,,,,2026-09-20T07:31:27.118Z,COMPLETE_FOR_MAPPABLE_ROWS,compact-proximity-endpoint,Afet toplanma alanları,https://acikveri.bizizmir.com/dataset/afet-ve-acil-durum-toplanma-alanlari,CC BY 4.0,İzmir Büyükşehir Belediyesi Açık Veri Portalı
assembly:kaggle:1778:38.393627671016:27.090546308213,assembly,Emergency Assembly Area,3 NO LU AFET VE ACİL DURUM TOPLANMA ALANI,38.393627671016,27.090546308213,,,,,,,2026-09-20T07:31:27.118Z,COMPLETE_FOR_MAPPABLE_ROWS,compact-proximity-endpoint,Afet toplanma alanları,https://acikveri.bizizmir.com/dataset/afet-ve-acil-durum-toplanma-alanlari,CC BY 4.0,İzmir Büyükşehir Belediyesi Açık Veri Portalı
assembly:kaggle:1779:38.325618492582:26.764627477036,assembly,Emergency Assembly Area,3 NO LU AFET VE ACİL DURUM TOPLANMA ALANI,38.325618492582,26.764627477036,,,,,,,2026-09-20T07:31:27.118Z,COMPLETE_FOR_MAPPABLE_ROWS,compact-proximity-endpoint,Afet toplanma alanları,https://acikveri.bizizmir.com/dataset/afet-ve-acil-durum-toplanma-alanlari,CC BY 4.0,İzmir Büyükşehir Belediyesi Açık Veri Portalı
assembly:kaggle:1780:38.458422539719:27.438062199513,assembly,Emergency Assembly Area,3 NO LU AFET VE ACİL DURUM TOPLANMA ALANI,38.458422539719,27.438062199513,,,,,,,2026-09-20T07:31:27.118Z,COMPLETE_FOR_MAPPABLE_ROWS,compact-proximity-endpoint,Afet toplanma alanları,https://acikveri.bizizmir.com/dataset/afet-ve-acil-durum-toplanma-alanlari,CC BY 4.0,İzmir Büyükşehir Belediyesi Açık Veri Portalı
assembly:kaggle:1781:38.399286211663:26.745873434449,assembly,Emergency Assembly Area,3 NO LU AFET VE ACİL DURUM TOPLANMA ALANI,38.399286211663,26.745873434449,,,,,,,2026-09-20T07:31:27.118Z,COMPLETE_FOR_MAPPABLE_ROWS,compact-proximity-endpoint,Afet toplanma alanları,https://acikveri.bizizmir.com/dataset/afet-ve-acil-durum-toplanma-alanlari,CC BY 4.0,İzmir Büyükşehir Belediyesi Açık Veri Portalı
assembly:kaggle:1782:38.481035146728:27.353331600159,assembly,Emergency Assembly Area,3 NO LU AFET VE ACİL DURUM TOPLANMA ALANI,38.481035146728,27.353331600159,,,,,,,2026-09-20T07:31:27.118Z,COMPLETE_FOR_MAPPABLE_ROWS,compact-proximity-endpoint,Afet toplanma alanları,https://acikveri.bizizmir.com/dataset/afet-ve-acil-durum-toplanma-alanlari,CC BY 4.0,İzmir Büyükşehir Belediyesi Açık Veri Portalı
assembly:kaggle:1783:38.49400118373:27.062908792821,assembly,Emergency Assembly Area,3 NO LU AFET VE ACİL DURUM TOPLANMA ALANI,38.49400118373,27.062908792821,,,,,,,2026-09-20T07:31:27.118Z,COMPLETE_FOR_MAPPABLE_ROWS,compact-proximity-endpoint,Afet toplanma alanları,https://acikveri.bizizmir.com/dataset/afet-ve-acil-durum-toplanma-alanlari,CC BY 4.0,İzmir Büyükşehir Belediyesi Açık Veri Portalı
assembly:kaggle:1784:38.376446518102:27.18809242747,assembly,Emergency Assembly Area,3 NO LU AFET VE ACİL DURUM TOPLANMA ALANI,38.376446518102,27.18809242747,,,,,,,2026-09-20T07:31:27.118Z,COMPLETE_FOR_MAPPABLE_ROWS,compact-proximity-endpoint,Afet toplanma alanları,https://acikveri.bizizmir.com/dataset/afet-ve-acil-durum-toplanma-alanlari,CC BY 4.0,İzmir Büyükşehir Belediyesi Açık Veri Portalı
assembly:kaggle:1785:38.369068888296:26.311223696745,assembly,Emergency Assembly Area,3 NO LU AFET VE ACİL DURUM TOPLANMA ALANI,38.369068888296,26.311223696745,,,,,,,2026-09-20T07:31:27.118Z,COMPLETE_FOR_MAPPABLE_ROWS,compact-proximity-endpoint,Afet toplanma alanları,https://acikveri.bizizmir.com/dataset/afet-ve-acil-durum-toplanma-alanlari,CC BY 4.0,İzmir Büyükşehir Belediyesi Açık Veri Portalı
assembly:kaggle:1786:38.364110681589:26.881952007384,assembly,Emergency Assembly Area,3 NO LU AFET VE ACİL DURUM TOPLANMA ALANI,38.364110681589,26.881952007384,,,,,,,2026-09-20T07:31:27.118Z,COMPLETE_FOR_MAPPABLE_ROWS,compact-proximity-endpoint,Afet toplanma alanları,https://acikveri.bizizmir.com/dataset/afet-ve-acil-durum-toplanma-alanlari,CC BY 4.0,İzmir Büyükşehir Belediyesi Açık Veri Portalı
assembly:kaggle:1787:38.320521997205:26.771912329166,assembly,Emergency Assembly Area,3 NO LU AFET VE ACİL DURUM TOPLANMA ALANI,38.320521997205,26.771912329166,,,,,,,2026-09-20T07:31:27.118Z,COMPLETE_FOR_MAPPABLE_ROWS,compact-proximity-endpoint,Afet toplanma alanları,https://acikveri.bizizmir.com/dataset/afet-ve-acil-durum-toplanma-alanlari,CC BY 4.0,İzmir Büyükşehir Belediyesi Açık Veri Portalı
assembly:kaggle:1788:38.335802117952:26.864340760833,assembly,Emergency Assembly Area,3 NO LU AFET VE ACİL DURUM TOPLANMA ALANI,38.335802117952,26.864340760833,,,,,,,2026-09-20T07:31:27.118Z,COMPLETE_FOR_MAPPABLE_ROWS,compact-proximity-endpoint,Afet toplanma alanları,https://acikveri.bizizmir.com/dataset/afet-ve-acil-durum-toplanma-alanlari,CC BY 4.0,İzmir Büyükşehir Belediyesi Açık Veri Portalı
assembly:kaggle:1789:38.47355973721:27.130543073979,assembly,Emergency Assembly Area,3 NO LU AFET VE ACİL DURUM TOPLANMA ALANI,38.47355973721,27.130543073979,,,,,,,2026-09-20T07:31:27.118Z,COMPLETE_FOR_MAPPABLE_ROWS,compact-proximity-endpoint,Afet toplanma alanları,https://acikveri.bizizmir.com/dataset/afet-ve-acil-durum-toplanma-alanlari,CC BY 4.0,İzmir Büyükşehir Belediyesi Açık Veri Portalı
assembly:kaggle:1790:39.092015766719:27.381472181779,assembly,Emergency Assembly Area,3 NO LU AFET VE ACİL DURUM TOPLANMA ALANI,39.092015766719,27.381472181779,,,,,,,2026-09-20T07:31:27.118Z,COMPLETE_FOR_MAPPABLE_ROWS,compact-proximity-endpoint,Afet toplanma alanları,https://acikveri.bizizmir.com/dataset/afet-ve-acil-durum-toplanma-alanlari,CC BY 4.0,İzmir Büyükşehir Belediyesi Açık Veri Portalı
assembly:kaggle:1791:38.475995604274:27.177642426015,assembly,Emergency Assembly Area,3 NO LU AFET VE ACİL DURUM TOPLANMA ALANI,38.475995604274,27.177642426015,,,,,,,2026-09-20T07:31:27.118Z,COMPLETE_FOR_MAPPABLE_ROWS,compact-proximity-endpoint,Afet toplanma alanları,https://acikveri.bizizmir.com/dataset/afet-ve-acil-durum-toplanma-alanlari,CC BY 4.0,İzmir Büyükşehir Belediyesi Açık Veri Portalı
assembly:kaggle:1792:38.408695210797:27.592460192957,assembly,Emergency Assembly Area,3 NO LU AFET VE ACİL DURUM TOPLANMA ALANI,38.408695210797,27.592460192957,,,,,,,2026-09-20T07:31:27.118Z,COMPLETE_FOR_MAPPABLE_ROWS,compact-proximity-endpoint,Afet toplanma alanları,https://acikveri.bizizmir.com/dataset/afet-ve-acil-durum-toplanma-alanlari,CC BY 4.0,İzmir Büyükşehir Belediyesi Açık Veri Portalı
assembly:kaggle:1793:38.497141678535:27.096919028754,assembly,Emergency Assembly Area,3 NO LU AFET VE ACİL DURUM TOPLANMA ALANI,38.497141678535,27.096919028754,,,,,,,2026-09-20T07:31:27.118Z,COMPLETE_FOR_MAPPABLE_ROWS,compact-proximity-endpoint,Afet toplanma alanları,https://acikveri.bizizmir.com/dataset/afet-ve-acil-durum-toplanma-alanlari,CC BY 4.0,İzmir Büyükşehir Belediyesi Açık Veri Portalı
assembly:kaggle:1794:38.350842702003:26.30828940926,assembly,Emergency Assembly Area,3 NO LU AFET VE ACİL DURUM TOPLANMA ALANI,38.350842702003,26.30828940926,,,,,,,2026-09-20T07:31:27.118Z,COMPLETE_FOR_MAPPABLE_ROWS,compact-proximity-endpoint,Afet toplanma alanları,https://acikveri.bizizmir.com/dataset/afet-ve-acil-durum-toplanma-alanlari,CC BY 4.0,İzmir Büyükşehir Belediyesi Açık Veri Portalı
assembly:kaggle:1795:38.457628277479:27.109407399155,assembly,Emergency Assembly Area,3 NO LU AFET VE ACİL DURUM TOPLANMA ALANI,38.457628277479,27.109407399155,,,,,,,2026-09-20T07:31:27.118Z,COMPLETE_FOR_MAPPABLE_ROWS,compact-proximity-endpoint,Afet toplanma alanları,https://acikveri.bizizmir.com/dataset/afet-ve-acil-durum-toplanma-alanlari,CC BY 4.0,İzmir Büyükşehir Belediyesi Açık Veri Portalı
assembly:kaggle:1796:38.290183346961:26.313117475823,assembly,Emergency Assembly Area,3 NO LU AFET VE ACİL DURUM TOPLANMA ALANI,38.290183346961,26.313117475823,,,,,,,2026-09-20T07:31:27.118Z,COMPLETE_FOR_MAPPABLE_ROWS,compact-proximity-endpoint,Afet toplanma alanları,https://acikveri.bizizmir.com/dataset/afet-ve-acil-durum-toplanma-alanlari,CC BY 4.0,İzmir Büyükşehir Belediyesi Açık Veri Portalı
assembly:kaggle:1797:38.370684848858:27.157837270597,assembly,Emergency Assembly Area,3 NO LU AFET VE ACİL DURUM TOPLANMA ALANI,38.370684848858,27.157837270597,,,,,,,2026-09-20T07:31:27.118Z,COMPLETE_FOR_MAPPABLE_ROWS,compact-proximity-endpoint,Afet toplanma alanları,https://acikveri.bizizmir.com/dataset/afet-ve-acil-durum-toplanma-alanlari,CC BY 4.0,İzmir Büyükşehir Belediyesi Açık Veri Portalı
assembly:kaggle:1798:38.481589222463:27.127914508583,assembly,Emergency Assembly Area,3 NO LU AFET VE ACİL DURUM TOPLANMA ALANI,38.481589222463,27.127914508583,,,,,,,2026-09-20T07:31:27.118Z,COMPLETE_FOR_MAPPABLE_ROWS,compact-proximity-endpoint,Afet toplanma alanları,https://acikveri.bizizmir.com/dataset/afet-ve-acil-durum-toplanma-alanlari,CC BY 4.0,İzmir Büyükşehir Belediyesi Açık Veri Portalı
assembly:kaggle:1799:38.504511522841:27.059220755711,assembly,Emergency Assembly Area,3 NO LU AFET VE ACİL DURUM TOPLANMA ALANI,38.504511522841,27.059220755711,,,,,,,2026-09-20T07:31:27.118Z,COMPLETE_FOR_MAPPABLE_ROWS,compact-proximity-endpoint,Afet toplanma alanları,https://acikveri.bizizmir.com/dataset/afet-ve-acil-durum-toplanma-alanlari,CC BY 4.0,İzmir Büyükşehir Belediyesi Açık Veri Portalı
assembly:kaggle:1800:38.511607804251:27.050645763886,assembly,Emergency Assembly Area,3 NO LU AFET VE ACİL DURUM TOPLANMA ALANI,38.511607804251,27.050645763886,,,,,,,2026-09-20T07:31:27.118Z,COMPLETE_FOR_MAPPABLE_ROWS,compact-proximity-endpoint,Afet toplanma alanları,https://acikveri.bizizmir.com/dataset/afet-ve-acil-durum-toplanma-alanlari,CC BY 4.0,İzmir Büyükşehir Belediyesi Açık Veri Portalı
assembly:kaggle:1801:38.382077055266:26.919234494675,assembly,Emergency Assembly Area,3 NO LU AFET VE ACİL DURUM TOPLANMA ALANI,38.382077055266,26.919234494675,,,,,,,2026-09-20T07:31:27.118Z,COMPLETE_FOR_MAPPABLE_ROWS,compact-proximity-endpoint,Afet toplanma alanları,https://acikveri.bizizmir.com/dataset/afet-ve-acil-durum-toplanma-alanlari,CC BY 4.0,İzmir Büyükşehir Belediyesi Açık Veri Portalı
assembly:kaggle:1802:38.438138847746:27.281389818071,assembly,Emergency Assembly Area,3 NO LU AFET VE ACİL DURUM TOPLANMA ALANI,38.438138847746,27.281389818071,,,,,,,2026-09-20T07:31:27.118Z,COMPLETE_FOR_MAPPABLE_ROWS,compact-proximity-endpoint,Afet toplanma alanları,https://acikveri.bizizmir.com/dataset/afet-ve-acil-durum-toplanma-alanlari,CC BY 4.0,İzmir Büyükşehir Belediyesi Açık Veri Portalı
assembly:kaggle:1803:38.44060956297:27.36759558311,assembly,Emergency Assembly Area,3 NO LU AFET VE ACİL DURUM TOPLANMA ALANI,38.44060956297,27.36759558311,,,,,,,2026-09-20T07:31:27.118Z,COMPLETE_FOR_MAPPABLE_ROWS,compact-proximity-endpoint,Afet toplanma alanları,https://acikveri.bizizmir.com/dataset/afet-ve-acil-durum-toplanma-alanlari,CC BY 4.0,İzmir Büyükşehir Belediyesi Açık Veri Portalı
assembly:kaggle:1804:38.473895696205:27.110759198098,assembly,Emergency Assembly Area,3 NO LU AFET VE ACİL DURUM TOPLANMA ALANI,38.473895696205,27.110759198098,,,,,,,2026-09-20T07:31:27.118Z,COMPLETE_FOR_MAPPABLE_ROWS,compact-proximity-endpoint,Afet toplanma alanları,https://acikveri.bizizmir.com/dataset/afet-ve-acil-durum-toplanma-alanlari,CC BY 4.0,İzmir Büyükşehir Belediyesi Açık Veri Portalı
assembly:kaggle:1805:38.472198937711:27.068423424497,assembly,Emergency Assembly Area,3 NO LU AFET VE ACİL DURUM TOPLANMA ALANI,38.472198937711,27.068423424497,,,,,,,2026-09-20T07:31:27.118Z,COMPLETE_FOR_MAPPABLE_ROWS,compact-proximity-endpoint,Afet toplanma alanları,https://acikveri.bizizmir.com/dataset/afet-ve-acil-durum-toplanma-alanlari,CC BY 4.0,İzmir Büyükşehir Belediyesi Açık Veri Portalı
assembly:kaggle:1806:38.492842393536:27.084956443333,assembly,Emergency Assembly Area,3 NO LU AFET VE ACİL DURUM TOPLANMA ALANI,38.492842393536,27.084956443333,,,,,,,2026-09-20T07:31:27.118Z,COMPLETE_FOR_MAPPABLE_ROWS,compact-proximity-endpoint,Afet toplanma alanları,https://acikveri.bizizmir.com/dataset/afet-ve-acil-durum-toplanma-alanlari,CC BY 4.0,İzmir Büyükşehir Belediyesi Açık Veri Portalı
assembly:kaggle:1807:38.144712303752:27.365031884031,assembly,Emergency Assembly Area,3 NO LU AFET VE ACİL DURUM TOPLANMA ALANI,38.144712303752,27.365031884031,,,,,,,2026-09-20T07:31:27.118Z,COMPLETE_FOR_MAPPABLE_ROWS,compact-proximity-endpoint,Afet toplanma alanları,https://acikveri.bizizmir.com/dataset/afet-ve-acil-durum-toplanma-alanlari,CC BY 4.0,İzmir Büyükşehir Belediyesi Açık Veri Portalı
assembly:kaggle:1808:38.25858242611:27.147730945704,assembly,Emergency Assembly Area,3 NO LU AFET VE ACİL DURUM TOPLANMA ALANI,38.25858242611,27.147730945704,,,,,,,2026-09-20T07:31:27.118Z,COMPLETE_FOR_MAPPABLE_ROWS,compact-proximity-endpoint,Afet toplanma alanları,https://acikveri.bizizmir.com/dataset/afet-ve-acil-durum-toplanma-alanlari,CC BY 4.0,İzmir Büyükşehir Belediyesi Açık Veri Portalı
assembly:kaggle:1809:38.263552690296:27.128354756823,assembly,Emergency Assembly Area,3 NO LU AFET VE ACİL DURUM TOPLANMA ALANI,38.263552690296,27.128354756823,,,,,,,2026-09-20T07:31:27.118Z,COMPLETE_FOR_MAPPABLE_ROWS,compact-proximity-endpoint,Afet toplanma alanları,https://acikveri.bizizmir.com/dataset/afet-ve-acil-durum-toplanma-alanlari,CC BY 4.0,İzmir Büyükşehir Belediyesi Açık Veri Portalı
assembly:kaggle:1810:38.088663242522:28.209167228123,assembly,Emergency Assembly Area,3 NO LU AFET VE ACİL DURUM TOPLANMA ALANI,38.088663242522,28.209167228123,,,,,,,2026-09-20T07:31:27.118Z,COMPLETE_FOR_MAPPABLE_ROWS,compact-proximity-endpoint,Afet toplanma alanları,https://acikveri.bizizmir.com/dataset/afet-ve-acil-durum-toplanma-alanlari,CC BY 4.0,İzmir Büyükşehir Belediyesi Açık Veri Portalı
assembly:kaggle:1811:38.454456775183:27.190146858508,assembly,Emergency Assembly Area,3 NO LU AFET VE ACİL DURUM TOPLANMA ALANI,38.454456775183,27.190146858508,,,,,,,2026-09-20T07:31:27.118Z,COMPLETE_FOR_MAPPABLE_ROWS,compact-proximity-endpoint,Afet toplanma alanları,https://acikveri.bizizmir.com/dataset/afet-ve-acil-durum-toplanma-alanlari,CC BY 4.0,İzmir Büyükşehir Belediyesi Açık Veri Portalı
assembly:kaggle:1812:38.396680440389:27.515170060632,assembly,Emergency Assembly Area,3 NO LU AFET VE ACİL DURUM TOPLANMA ALANI,38.396680440389,27.515170060632,,,,,,,2026-09-20T07:31:27.118Z,COMPLETE_FOR_MAPPABLE_ROWS,compact-proximity-endpoint,Afet toplanma alanları,https://acikveri.bizizmir.com/dataset/afet-ve-acil-durum-toplanma-alanlari,CC BY 4.0,İzmir Büyükşehir Belediyesi Açık Veri Portalı
assembly:kaggle:1813:38.388733633109:27.147301575837,assembly,Emergency Assembly Area,3 NO LU AFET VE ACİL DURUM TOPLANMA ALANI,38.388733633109,27.147301575837,,,,,,,2026-09-20T07:31:27.118Z,COMPLETE_FOR_MAPPABLE_ROWS,compact-proximity-endpoint,Afet toplanma alanları,https://acikveri.bizizmir.com/dataset/afet-ve-acil-durum-toplanma-alanlari,CC BY 4.0,İzmir Büyükşehir Belediyesi Açık Veri Portalı
assembly:kaggle:1814:38.489105537889:27.108699245919,assembly,Emergency Assembly Area,3 NO LU AFET VE ACİL DURUM TOPLANMA ALANI,38.489105537889,27.108699245919,,,,,,,2026-09-20T07:31:27.118Z,COMPLETE_FOR_MAPPABLE_ROWS,compact-proximity-endpoint,Afet toplanma alanları,https://acikveri.bizizmir.com/dataset/afet-ve-acil-durum-toplanma-alanlari,CC BY 4.0,İzmir Büyükşehir Belediyesi Açık Veri Portalı
assembly:kaggle:1815:38.366726799238:26.841043155848,assembly,Emergency Assembly Area,3 NO LU AFET VE ACİL DURUM TOPLANMA ALANI,38.366726799238,26.841043155848,,,,,,,2026-09-20T07:31:27.118Z,COMPLETE_FOR_MAPPABLE_ROWS,compact-proximity-endpoint,Afet toplanma alanları,https://acikveri.bizizmir.com/dataset/afet-ve-acil-durum-toplanma-alanlari,CC BY 4.0,İzmir Büyükşehir Belediyesi Açık Veri Portalı
assembly:kaggle:1816:38.424708730185:27.425573950916,assembly,Emergency Assembly Area,3 NO LU AFET VE ACİL DURUM TOPLANMA ALANI,38.424708730185,27.425573950916,,,,,,,2026-09-20T07:31:27.118Z,COMPLETE_FOR_MAPPABLE_ROWS,compact-proximity-endpoint,Afet toplanma alanları,https://acikveri.bizizmir.com/dataset/afet-ve-acil-durum-toplanma-alanlari,CC BY 4.0,İzmir Büyükşehir Belediyesi Açık Veri Portalı
assembly:kaggle:1817:38.457901670234:27.449638557047,assembly,Emergency Assembly Area,3 NO LU AFET VE ACİL DURUM TOPLANMA ALANI,38.457901670234,27.449638557047,,,,,,,2026-09-20T07:31:27.118Z,COMPLETE_FOR_MAPPABLE_ROWS,compact-proximity-endpoint,Afet toplanma alanları,https://acikveri.bizizmir.com/dataset/afet-ve-acil-durum-toplanma-alanlari,CC BY 4.0,İzmir Büyükşehir Belediyesi Açık Veri Portalı
assembly:kaggle:1818:38.613129185851:27.069876932437,assembly,Emergency Assembly Area,3 NO LU AFET VE ACİL DURUM TOPLANMA ALANI,38.613129185851,27.069876932437,,,,,,,2026-09-20T07:31:27.118Z,COMPLETE_FOR_MAPPABLE_ROWS,compact-proximity-endpoint,Afet toplanma alanları,https://acikveri.bizizmir.com/dataset/afet-ve-acil-durum-toplanma-alanlari,CC BY 4.0,İzmir Büyükşehir Belediyesi Açık Veri Portalı
assembly:kaggle:1819:38.495143261559:27.135928886286,assembly,Emergency Assembly Area,3 NO LU AFET VE ACİL DURUM TOPLANMA ALANI,38.495143261559,27.135928886286,,,,,,,2026-09-20T07:31:27.118Z,COMPLETE_FOR_MAPPABLE_ROWS,compact-proximity-endpoint,Afet toplanma alanları,https://acikveri.bizizmir.com/dataset/afet-ve-acil-durum-toplanma-alanlari,CC BY 4.0,İzmir Büyükşehir Belediyesi Açık Veri Portalı
assembly:kaggle:1820:38.427717710148:27.406015375104,assembly,Emergency Assembly Area,3 NO LU AFET VE ACİL DURUM TOPLANMA ALANI,38.427717710148,27.406015375104,,,,,,,2026-09-20T07:31:27.118Z,COMPLETE_FOR_MAPPABLE_ROWS,compact-proximity-endpoint,Afet toplanma alanları,https://acikveri.bizizmir.com/dataset/afet-ve-acil-durum-toplanma-alanlari,CC BY 4.0,İzmir Büyükşehir Belediyesi Açık Veri Portalı
assembly:kaggle:1821:38.376576574046:26.894129153537,assembly,Emergency Assembly Area,3 NO LU AFET VE ACİL DURUM TOPLANMA ALANI,38.376576574046,26.894129153537,,,,,,,2026-09-20T07:31:27.118Z,COMPLETE_FOR_MAPPABLE_ROWS,compact-proximity-endpoint,Afet toplanma alanları,https://acikveri.bizizmir.com/dataset/afet-ve-acil-durum-toplanma-alanlari,CC BY 4.0,İzmir Büyükşehir Belediyesi Açık Veri Portalı
assembly:kaggle:1822:38.37708570652:27.158545359478,assembly,Emergency Assembly Area,3 NO LU AFET VE ACİL DURUM TOPLANMA ALANI,38.37708570652,27.158545359478,,,,,,,2026-09-20T07:31:27.118Z,COMPLETE_FOR_MAPPABLE_ROWS,compact-proximity-endpoint,Afet toplanma alanları,https://acikveri.bizizmir.com/dataset/afet-ve-acil-durum-toplanma-alanlari,CC BY 4.0,İzmir Büyükşehir Belediyesi Açık Veri Portalı
assembly:kaggle:1823:38.246197336211:27.12749648338,assembly,Emergency Assembly Area,3 NO LU AFET VE ACİL DURUM TOPLANMA ALANI,38.246197336211,27.12749648338,,,,,,,2026-09-20T07:31:27.118Z,COMPLETE_FOR_MAPPABLE_ROWS,compact-proximity-endpoint,Afet toplanma alanları,https://acikveri.bizizmir.com/dataset/afet-ve-acil-durum-toplanma-alanlari,CC BY 4.0,İzmir Büyükşehir Belediyesi Açık Veri Portalı
assembly:kaggle:1824:38.536830601133:27.053488847929,assembly,Emergency Assembly Area,3 NO LU AFET VE ACİL DURUM TOPLANMA ALANI,38.536830601133,27.053488847929,,,,,,,2026-09-20T07:31:27.118Z,COMPLETE_FOR_MAPPABLE_ROWS,compact-proximity-endpoint,Afet toplanma alanları,https://acikveri.bizizmir.com/dataset/afet-ve-acil-durum-toplanma-alanlari,CC BY 4.0,İzmir Büyükşehir Belediyesi Açık Veri Portalı
assembly:kaggle:1825:38.343051204023:26.38637886564,assembly,Emergency Assembly Area,3 NO LU AFET VE ACİL DURUM TOPLANMA ALANI,38.343051204023,26.38637886564,,,,,,,2026-09-20T07:31:27.118Z,COMPLETE_FOR_MAPPABLE_ROWS,compact-proximity-endpoint,Afet toplanma alanları,https://acikveri.bizizmir.com/dataset/afet-ve-acil-durum-toplanma-alanlari,CC BY 4.0,İzmir Büyükşehir Belediyesi Açık Veri Portalı
assembly:kaggle:1826:38.42943203847:27.17036838978,assembly,Emergency Assembly Area,3 NO LU AFET VE ACİL DURUM TOPLANMA ALANI,38.42943203847,27.17036838978,,,,,,,2026-09-20T07:31:27.118Z,COMPLETE_FOR_MAPPABLE_ROWS,compact-proximity-endpoint,Afet toplanma alanları,https://acikveri.bizizmir.com/dataset/afet-ve-acil-durum-toplanma-alanlari,CC BY 4.0,İzmir Büyükşehir Belediyesi Açık Veri Portalı
assembly:kaggle:1827:38.328522208458:26.76960562681,assembly,Emergency Assembly Area,3 NO LU AFET VE ACİL DURUM TOPLANMA ALANI,38.328522208458,26.76960562681,,,,,,,2026-09-20T07:31:27.118Z,COMPLETE_FOR_MAPPABLE_ROWS,compact-proximity-endpoint,Afet toplanma alanları,https://acikveri.bizizmir.com/dataset/afet-ve-acil-durum-toplanma-alanlari,CC BY 4.0,İzmir Büyükşehir Belediyesi Açık Veri Portalı
assembly:kaggle:1828:38.485385257185:27.106317462489,assembly,Emergency Assembly Area,3 NO LU AFET VE ACİL DURUM TOPLANMA ALANI,38.485385257185,27.106317462489,,,,,,,2026-09-20T07:31:27.118Z,COMPLETE_FOR_MAPPABLE_ROWS,compact-proximity-endpoint,Afet toplanma alanları,https://acikveri.bizizmir.com/dataset/afet-ve-acil-durum-toplanma-alanlari,CC BY 4.0,İzmir Büyükşehir Belediyesi Açık Veri Portalı
assembly:kaggle:1829:38.498359183482:27.081941645945,assembly,Emergency Assembly Area,3 NO LU AFET VE ACİL DURUM TOPLANMA ALANI,38.498359183482,27.081941645945,,,,,,,2026-09-20T07:31:27.118Z,COMPLETE_FOR_MAPPABLE_ROWS,compact-proximity-endpoint,Afet toplanma alanları,https://acikveri.bizizmir.com/dataset/afet-ve-acil-durum-toplanma-alanlari,CC BY 4.0,İzmir Büyükşehir Belediyesi Açık Veri Portalı
assembly:kaggle:1830:38.383123921734:26.744457264043,assembly,Emergency Assembly Area,3 NO LU AFET VE ACİL DURUM TOPLANMA ALANI,38.383123921734,26.744457264043,,,,,,,2026-09-20T07:31:27.118Z,COMPLETE_FOR_MAPPABLE_ROWS,compact-proximity-endpoint,Afet toplanma alanları,https://acikveri.bizizmir.com/dataset/afet-ve-acil-durum-toplanma-alanlari,CC BY 4.0,İzmir Büyükşehir Belediyesi Açık Veri Portalı
assembly:kaggle:1831:38.320850259263:26.760673929277,assembly,Emergency Assembly Area,3 NO LU AFET VE ACİL DURUM TOPLANMA ALANI,38.320850259263,26.760673929277,,,,,,,2026-09-20T07:31:27.118Z,COMPLETE_FOR_MAPPABLE_ROWS,compact-proximity-endpoint,Afet toplanma alanları,https://acikveri.bizizmir.com/dataset/afet-ve-acil-durum-toplanma-alanlari,CC BY 4.0,İzmir Büyükşehir Belediyesi Açık Veri Portalı
assembly:kaggle:1832:38.213860353349:27.644419991327,assembly,Emergency Assembly Area,3 NO LU AFET VE ACİL DURUM TOPLANMA ALANI,38.213860353349,27.644419991327,,,,,,,2026-09-20T07:31:27.118Z,COMPLETE_FOR_MAPPABLE_ROWS,compact-proximity-endpoint,Afet toplanma alanları,https://acikveri.bizizmir.com/dataset/afet-ve-acil-durum-toplanma-alanlari,CC BY 4.0,İzmir Büyükşehir Belediyesi Açık Veri Portalı
assembly:kaggle:1833:38.369712982706:26.845302477171,assembly,Emergency Assembly Area,3 NO LU AFET VE ACİL DURUM TOPLANMA ALANI,38.369712982706,26.845302477171,,,,,,,2026-09-20T07:31:27.118Z,COMPLETE_FOR_MAPPABLE_ROWS,compact-proximity-endpoint,Afet toplanma alanları,https://acikveri.bizizmir.com/dataset/afet-ve-acil-durum-toplanma-alanlari,CC BY 4.0,İzmir Büyükşehir Belediyesi Açık Veri Portalı
assembly:kaggle:1834:38.479388754532:27.121402141207,assembly,Emergency Assembly Area,3 NO LU AFET VE ACİL DURUM TOPLANMA ALANI,38.479388754532,27.121402141207,,,,,,,2026-09-20T07:31:27.118Z,COMPLETE_FOR_MAPPABLE_ROWS,compact-proximity-endpoint,Afet toplanma alanları,https://acikveri.bizizmir.com/dataset/afet-ve-acil-durum-toplanma-alanlari,CC BY 4.0,İzmir Büyükşehir Belediyesi Açık Veri Portalı
assembly:kaggle:1835:37.956212137928:27.375197706194,assembly,Emergency Assembly Area,3 NO LU AFET VE ACİL DURUM TOPLANMA ALANI,37.956212137928,27.375197706194,,,,,,,2026-09-20T07:31:27.118Z,COMPLETE_FOR_MAPPABLE_ROWS,compact-proximity-endpoint,Afet toplanma alanları,https://acikveri.bizizmir.com/dataset/afet-ve-acil-durum-toplanma-alanlari,CC BY 4.0,İzmir Büyükşehir Belediyesi Açık Veri Portalı
assembly:kaggle:1836:38.202558654004:26.831199786241,assembly,Emergency Assembly Area,3 NO LU AFET VE ACİL DURUM TOPLANMA ALANI,38.202558654004,26.831199786241,,,,,,,2026-09-20T07:31:27.118Z,COMPLETE_FOR_MAPPABLE_ROWS,compact-proximity-endpoint,Afet toplanma alanları,https://acikveri.bizizmir.com/dataset/afet-ve-acil-durum-toplanma-alanlari,CC BY 4.0,İzmir Büyükşehir Belediyesi Açık Veri Portalı
assembly:kaggle:1837:39.09188254313:27.389438304484,assembly,Emergency Assembly Area,3 NO LU AFET VE ACİL DURUM TOPLANMA ALANI,39.09188254313,27.389438304484,,,,,,,2026-09-20T07:31:27.118Z,COMPLETE_FOR_MAPPABLE_ROWS,compact-proximity-endpoint,Afet toplanma alanları,https://acikveri.bizizmir.com/dataset/afet-ve-acil-durum-toplanma-alanlari,CC BY 4.0,İzmir Büyükşehir Belediyesi Açık Veri Portalı
assembly:kaggle:1838:38.393198797497:27.069153116691,assembly,Emergency Assembly Area,3 NO LU AFET VE ACİL DURUM TOPLANMA ALANI,38.393198797497,27.069153116691,,,,,,,2026-09-20T07:31:27.118Z,COMPLETE_FOR_MAPPABLE_ROWS,compact-proximity-endpoint,Afet toplanma alanları,https://acikveri.bizizmir.com/dataset/afet-ve-acil-durum-toplanma-alanlari,CC BY 4.0,İzmir Büyükşehir Belediyesi Açık Veri Portalı
assembly:kaggle:1839:38.381829154624:27.106682417067,assembly,Emergency Assembly Area,3 NO LU AFET VE ACİL DURUM TOPLANMA ALANI,38.381829154624,27.106682417067,,,,,,,2026-09-20T07:31:27.118Z,COMPLETE_FOR_MAPPABLE_ROWS,compact-proximity-endpoint,Afet toplanma alanları,https://acikveri.bizizmir.com/dataset/afet-ve-acil-durum-toplanma-alanlari,CC BY 4.0,İzmir Büyükşehir Belediyesi Açık Veri Portalı
assembly:kaggle:1840:38.440037909705:27.15049866649,assembly,Emergency Assembly Area,3 NO LU AFET VE ACİL DURUM TOPLANMA ALANI,38.440037909705,27.15049866649,,,,,,,2026-09-20T07:31:27.118Z,COMPLETE_FOR_MAPPABLE_ROWS,compact-proximity-endpoint,Afet toplanma alanları,https://acikveri.bizizmir.com/dataset/afet-ve-acil-durum-toplanma-alanlari,CC BY 4.0,İzmir Büyükşehir Belediyesi Açık Veri Portalı
assembly:kaggle:1841:38.046752306075:27.059326138319,assembly,Emergency Assembly Area,3 NO LU AFET VE ACİL DURUM TOPLANMA ALANI,38.046752306075,27.059326138319,,,,,,,2026-09-20T07:31:27.118Z,COMPLETE_FOR_MAPPABLE_ROWS,compact-proximity-endpoint,Afet toplanma alanları,https://acikveri.bizizmir.com/dataset/afet-ve-acil-durum-toplanma-alanlari,CC BY 4.0,İzmir Büyükşehir Belediyesi Açık Veri Portalı
assembly:kaggle:1842:38.255018772735:27.14492001075,assembly,Emergency Assembly Area,3 NO LU AFET VE ACİL DURUM TOPLANMA ALANI,38.255018772735,27.14492001075,,,,,,,2026-09-20T07:31:27.118Z,COMPLETE_FOR_MAPPABLE_ROWS,compact-proximity-endpoint,Afet toplanma alanları,https://acikveri.bizizmir.com/dataset/afet-ve-acil-durum-toplanma-alanlari,CC BY 4.0,İzmir Büyükşehir Belediyesi Açık Veri Portalı
assembly:kaggle:1843:38.46862901921:27.097401872617,assembly,Emergency Assembly Area,3 NO LU AFET VE ACİL DURUM TOPLANMA ALANI,38.46862901921,27.097401872617,,,,,,,2026-09-20T07:31:27.118Z,COMPLETE_FOR_MAPPABLE_ROWS,compact-proximity-endpoint,Afet toplanma alanları,https://acikveri.bizizmir.com/dataset/afet-ve-acil-durum-toplanma-alanlari,CC BY 4.0,İzmir Büyükşehir Belediyesi Açık Veri Portalı
assembly:kaggle:1844:37.951580445313:27.372231205493,assembly,Emergency Assembly Area,3 NO LU AFET VE ACİL DURUM TOPLANMA ALANI,37.951580445313,27.372231205493,,,,,,,2026-09-20T07:31:27.118Z,COMPLETE_FOR_MAPPABLE_ROWS,compact-proximity-endpoint,Afet toplanma alanları,https://acikveri.bizizmir.com/dataset/afet-ve-acil-durum-toplanma-alanlari,CC BY 4.0,İzmir Büyükşehir Belediyesi Açık Veri Portalı
assembly:kaggle:1845:38.306720410879:26.691006607769,assembly,Emergency Assembly Area,3 NO LU AFET VE ACİL DURUM TOPLANMA ALANI,38.306720410879,26.691006607769,,,,,,,2026-09-20T07:31:27.118Z,COMPLETE_FOR_MAPPABLE_ROWS,compact-proximity-endpoint,Afet toplanma alanları,https://acikveri.bizizmir.com/dataset/afet-ve-acil-durum-toplanma-alanlari,CC BY 4.0,İzmir Büyükşehir Belediyesi Açık Veri Portalı
assembly:kaggle:1846:38.352218898336:26.79689960677,assembly,Emergency Assembly Area,3 NO LU AFET VE ACİL DURUM TOPLANMA ALANI,38.352218898336,26.79689960677,,,,,,,2026-09-20T07:31:27.118Z,COMPLETE_FOR_MAPPABLE_ROWS,compact-proximity-endpoint,Afet toplanma alanları,https://acikveri.bizizmir.com/dataset/afet-ve-acil-durum-toplanma-alanlari,CC BY 4.0,İzmir Büyükşehir Belediyesi Açık Veri Portalı
assembly:kaggle:1847:39.080277843543:27.311493705182,assembly,Emergency Assembly Area,3 NO LU AFET VE ACİL DURUM TOPLANMA ALANI,39.080277843543,27.311493705182,,,,,,,2026-09-20T07:31:27.118Z,COMPLETE_FOR_MAPPABLE_ROWS,compact-proximity-endpoint,Afet toplanma alanları,https://acikveri.bizizmir.com/dataset/afet-ve-acil-durum-toplanma-alanlari,CC BY 4.0,İzmir Büyükşehir Belediyesi Açık Veri Portalı
assembly:kaggle:1848:38.387388477758:27.500557473378,assembly,Emergency Assembly Area,3 NO LU AFET VE ACİL DURUM TOPLANMA ALANI,38.387388477758,27.500557473378,,,,,,,2026-09-20T07:31:27.118Z,COMPLETE_FOR_MAPPABLE_ROWS,compact-proximity-endpoint,Afet toplanma alanları,https://acikveri.bizizmir.com/dataset/afet-ve-acil-durum-toplanma-alanlari,CC BY 4.0,İzmir Büyükşehir Belediyesi Açık Veri Portalı
assembly:kaggle:1849:38.153318232427:27.362392589816,assembly,Emergency Assembly Area,3 NO LU AFET VE ACİL DURUM TOPLANMA ALANI,38.153318232427,27.362392589816,,,,,,,2026-09-20T07:31:27.118Z,COMPLETE_FOR_MAPPABLE_ROWS,compact-proximity-endpoint,Afet toplanma alanları,https://acikveri.bizizmir.com/dataset/afet-ve-acil-durum-toplanma-alanlari,CC BY 4.0,İzmir Büyükşehir Belediyesi Açık Veri Portalı
assembly:kaggle:1850:39.167608523575:26.809558100784,assembly,Emergency Assembly Area,3 NO LU AFET VE ACİL DURUM TOPLANMA ALANI,39.167608523575,26.809558100784,,,,,,,2026-09-20T07:31:27.118Z,COMPLETE_FOR_MAPPABLE_ROWS,compact-proximity-endpoint,Afet toplanma alanları,https://acikveri.bizizmir.com/dataset/afet-ve-acil-durum-toplanma-alanlari,CC BY 4.0,İzmir Büyükşehir Belediyesi Açık Veri Portalı
assembly:kaggle:1851:38.462051471217:27.117346690808,assembly,Emergency Assembly Area,3 NO LU AFET VE ACİL DURUM TOPLANMA ALANI,38.462051471217,27.117346690808,,,,,,,2026-09-20T07:31:27.118Z,COMPLETE_FOR_MAPPABLE_ROWS,compact-proximity-endpoint,Afet toplanma alanları,https://acikveri.bizizmir.com/dataset/afet-ve-acil-durum-toplanma-alanlari,CC BY 4.0,İzmir Büyükşehir Belediyesi Açık Veri Portalı
assembly:kaggle:1852:38.370541885652:27.188800536995,assembly,Emergency Assembly Area,3 NO LU AFET VE ACİL DURUM TOPLANMA ALANI,38.370541885652,27.188800536995,,,,,,,2026-09-20T07:31:27.118Z,COMPLETE_FOR_MAPPABLE_ROWS,compact-proximity-endpoint,Afet toplanma alanları,https://acikveri.bizizmir.com/dataset/afet-ve-acil-durum-toplanma-alanlari,CC BY 4.0,İzmir Büyükşehir Belediyesi Açık Veri Portalı
assembly:kaggle:1853:38.508514167666:27.066325885229,assembly,Emergency Assembly Area,3 NO LU AFET VE ACİL DURUM TOPLANMA ALANI,38.508514167666,27.066325885229,,,,,,,2026-09-20T07:31:27.118Z,COMPLETE_FOR_MAPPABLE_ROWS,compact-proximity-endpoint,Afet toplanma alanları,https://acikveri.bizizmir.com/dataset/afet-ve-acil-durum-toplanma-alanlari,CC BY 4.0,İzmir Büyükşehir Belediyesi Açık Veri Portalı
assembly:kaggle:1854:38.493169877846:27.077049329893,assembly,Emergency Assembly Area,3 NO LU AFET VE ACİL DURUM TOPLANMA ALANI,38.493169877846,27.077049329893,,,,,,,2026-09-20T07:31:27.118Z,COMPLETE_FOR_MAPPABLE_ROWS,compact-proximity-endpoint,Afet toplanma alanları,https://acikveri.bizizmir.com/dataset/afet-ve-acil-durum-toplanma-alanlari,CC BY 4.0,İzmir Büyükşehir Belediyesi Açık Veri Portalı
assembly:kaggle:1855:38.558353205455:27.045823095473,assembly,Emergency Assembly Area,3 NO LU AFET VE ACİL DURUM TOPLANMA ALANI,38.558353205455,27.045823095473,,,,,,,2026-09-20T07:31:27.118Z,COMPLETE_FOR_MAPPABLE_ROWS,compact-proximity-endpoint,Afet toplanma alanları,https://acikveri.bizizmir.com/dataset/afet-ve-acil-durum-toplanma-alanlari,CC BY 4.0,İzmir Büyükşehir Belediyesi Açık Veri Portalı
assembly:kaggle:1856:38.426894052884:27.428846226117,assembly,Emergency Assembly Area,3 NO LU AFET VE ACİL DURUM TOPLANMA ALANI,38.426894052884,27.428846226117,,,,,,,2026-09-20T07:31:27.118Z,COMPLETE_FOR_MAPPABLE_ROWS,compact-proximity-endpoint,Afet toplanma alanları,https://acikveri.bizizmir.com/dataset/afet-ve-acil-durum-toplanma-alanlari,CC BY 4.0,İzmir Büyükşehir Belediyesi Açık Veri Portalı
assembly:kaggle:1857:38.487199215667:27.091082587918,assembly,Emergency Assembly Area,3 NO LU AFET VE ACİL DURUM TOPLANMA ALANI,38.487199215667,27.091082587918,,,,,,,2026-09-20T07:31:27.118Z,COMPLETE_FOR_MAPPABLE_ROWS,compact-proximity-endpoint,Afet toplanma alanları,https://acikveri.bizizmir.com/dataset/afet-ve-acil-durum-toplanma-alanlari,CC BY 4.0,İzmir Büyükşehir Belediyesi Açık Veri Portalı
assembly:kaggle:1858:38.432827952459:27.683955216421,assembly,Emergency Assembly Area,3 NO LU AFET VE ACİL DURUM TOPLANMA ALANI,38.432827952459,27.683955216421,,,,,,,2026-09-20T07:31:27.118Z,COMPLETE_FOR_MAPPABLE_ROWS,compact-proximity-endpoint,Afet toplanma alanları,https://acikveri.bizizmir.com/dataset/afet-ve-acil-durum-toplanma-alanlari,CC BY 4.0,İzmir Büyükşehir Belediyesi Açık Veri Portalı
assembly:kaggle:1859:38.349749543501:26.877472765898,assembly,Emergency Assembly Area,3 NO LU AFET VE ACİL DURUM TOPLANMA ALANI,38.349749543501,26.877472765898,,,,,,,2026-09-20T07:31:27.118Z,COMPLETE_FOR_MAPPABLE_ROWS,compact-proximity-endpoint,Afet toplanma alanları,https://acikveri.bizizmir.com/dataset/afet-ve-acil-durum-toplanma-alanlari,CC BY 4.0,İzmir Büyükşehir Belediyesi Açık Veri Portalı
assembly:kaggle:1860:38.686951555842:27.029279089117,assembly,Emergency Assembly Area,3 NO LU AFET VE ACİL DURUM TOPLANMA ALANI,38.686951555842,27.029279089117,,,,,,,2026-09-20T07:31:27.118Z,COMPLETE_FOR_MAPPABLE_ROWS,compact-proximity-endpoint,Afet toplanma alanları,https://acikveri.bizizmir.com/dataset/afet-ve-acil-durum-toplanma-alanlari,CC BY 4.0,İzmir Büyükşehir Belediyesi Açık Veri Portalı
assembly:kaggle:1861:38.366285497655:27.147408901467,assembly,Emergency Assembly Area,3 NO LU AFET VE ACİL DURUM TOPLANMA ALANI,38.366285497655,27.147408901467,,,,,,,2026-09-20T07:31:27.118Z,COMPLETE_FOR_MAPPABLE_ROWS,compact-proximity-endpoint,Afet toplanma alanları,https://acikveri.bizizmir.com/dataset/afet-ve-acil-durum-toplanma-alanlari,CC BY 4.0,İzmir Büyükşehir Belediyesi Açık Veri Portalı
assembly:kaggle:1862:38.497343253194:27.146958071247,assembly,Emergency Assembly Area,3 NO LU AFET VE ACİL DURUM TOPLANMA ALANI,38.497343253194,27.146958071247,,,,,,,2026-09-20T07:31:27.118Z,COMPLETE_FOR_MAPPABLE_ROWS,compact-proximity-endpoint,Afet toplanma alanları,https://acikveri.bizizmir.com/dataset/afet-ve-acil-durum-toplanma-alanlari,CC BY 4.0,İzmir Büyükşehir Belediyesi Açık Veri Portalı
assembly:kaggle:1863:38.498854440545:26.948797451431,assembly,Emergency Assembly Area,3 NO LU AFET VE ACİL DURUM TOPLANMA ALANI,38.498854440545,26.948797451431,,,,,,,2026-09-20T07:31:27.118Z,COMPLETE_FOR_MAPPABLE_ROWS,compact-proximity-endpoint,Afet toplanma alanları,https://acikveri.bizizmir.com/dataset/afet-ve-acil-durum-toplanma-alanlari,CC BY 4.0,İzmir Büyükşehir Belediyesi Açık Veri Portalı
assembly:kaggle:1864:38.287665428882:26.274611881397,assembly,Emergency Assembly Area,3 NO LU AFET VE ACİL DURUM TOPLANMA ALANI,38.287665428882,26.274611881397,,,,,,,2026-09-20T07:31:27.118Z,COMPLETE_FOR_MAPPABLE_ROWS,compact-proximity-endpoint,Afet toplanma alanları,https://acikveri.bizizmir.com/dataset/afet-ve-acil-durum-toplanma-alanlari,CC BY 4.0,İzmir Büyükşehir Belediyesi Açık Veri Portalı
assembly:kaggle:1865:38.396057866525:27.174745789166,assembly,Emergency Assembly Area,3 NO LU AFET VE ACİL DURUM TOPLANMA ALANI,38.396057866525,27.174745789166,,,,,,,2026-09-20T07:31:27.118Z,COMPLETE_FOR_MAPPABLE_ROWS,compact-proximity-endpoint,Afet toplanma alanları,https://acikveri.bizizmir.com/dataset/afet-ve-acil-durum-toplanma-alanlari,CC BY 4.0,İzmir Büyükşehir Belediyesi Açık Veri Portalı
assembly:kaggle:1866:39.108026536574:27.199485148127,assembly,Emergency Assembly Area,3 NO LU AFET VE ACİL DURUM TOPLANMA ALANI,39.108026536574,27.199485148127,,,,,,,2026-09-20T07:31:27.118Z,COMPLETE_FOR_MAPPABLE_ROWS,compact-proximity-endpoint,Afet toplanma alanları,https://acikveri.bizizmir.com/dataset/afet-ve-acil-durum-toplanma-alanlari,CC BY 4.0,İzmir Büyükşehir Belediyesi Açık Veri Portalı
assembly:kaggle:1867:39.074817940949:26.890582049087,assembly,Emergency Assembly Area,3 NO LU AFET VE ACİL DURUM TOPLANMA ALANI,39.074817940949,26.890582049087,,,,,,,2026-09-20T07:31:27.118Z,COMPLETE_FOR_MAPPABLE_ROWS,compact-proximity-endpoint,Afet toplanma alanları,https://acikveri.bizizmir.com/dataset/afet-ve-acil-durum-toplanma-alanlari,CC BY 4.0,İzmir Büyükşehir Belediyesi Açık Veri Portalı
assembly:kaggle:1868:38.516224948123:27.049004252177,assembly,Emergency Assembly Area,3 NO LU AFET VE ACİL DURUM TOPLANMA ALANI,38.516224948123,27.049004252177,,,,,,,2026-09-20T07:31:27.118Z,COMPLETE_FOR_MAPPABLE_ROWS,compact-proximity-endpoint,Afet toplanma alanları,https://acikveri.bizizmir.com/dataset/afet-ve-acil-durum-toplanma-alanlari,CC BY 4.0,İzmir Büyükşehir Belediyesi Açık Veri Portalı
assembly:kaggle:1869:38.179315466671:27.353895352546,assembly,Emergency Assembly Area,3 NO LU AFET VE ACİL DURUM TOPLANMA ALANI,38.179315466671,27.353895352546,,,,,,,2026-09-20T07:31:27.118Z,COMPLETE_FOR_MAPPABLE_ROWS,compact-proximity-endpoint,Afet toplanma alanları,https://acikveri.bizizmir.com/dataset/afet-ve-acil-durum-toplanma-alanlari,CC BY 4.0,İzmir Büyükşehir Belediyesi Açık Veri Portalı
assembly:kaggle:1870:38.730393984791:26.889123552477,assembly,Emergency Assembly Area,3 NO LU AFET VE ACİL DURUM TOPLANMA ALANI,38.730393984791,26.889123552477,,,,,,,2026-09-20T07:31:27.118Z,COMPLETE_FOR_MAPPABLE_ROWS,compact-proximity-endpoint,Afet toplanma alanları,https://acikveri.bizizmir.com/dataset/afet-ve-acil-durum-toplanma-alanlari,CC BY 4.0,İzmir Büyükşehir Belediyesi Açık Veri Portalı
assembly:kaggle:1871:38.609038053339:27.069919854622,assembly,Emergency Assembly Area,3 NO LU AFET VE ACİL DURUM TOPLANMA ALANI,38.609038053339,27.069919854622,,,,,,,2026-09-20T07:31:27.118Z,COMPLETE_FOR_MAPPABLE_ROWS,compact-proximity-endpoint,Afet toplanma alanları,https://acikveri.bizizmir.com/dataset/afet-ve-acil-durum-toplanma-alanlari,CC BY 4.0,İzmir Büyükşehir Belediyesi Açık Veri Portalı
assembly:kaggle:1872:38.580448004707:26.97154769301,assembly,Emergency Assembly Area,3 NO LU AFET VE ACİL DURUM TOPLANMA ALANI,38.580448004707,26.97154769301,,,,,,,2026-09-20T07:31:27.118Z,COMPLETE_FOR_MAPPABLE_ROWS,compact-proximity-endpoint,Afet toplanma alanları,https://acikveri.bizizmir.com/dataset/afet-ve-acil-durum-toplanma-alanlari,CC BY 4.0,İzmir Büyükşehir Belediyesi Açık Veri Portalı
assembly:kaggle:1873:38.092743328734:27.721527935238,assembly,Emergency Assembly Area,3 NO LU AFET VE ACİL DURUM TOPLANMA ALANI,38.092743328734,27.721527935238,,,,,,,2026-09-20T07:31:27.118Z,COMPLETE_FOR_MAPPABLE_ROWS,compact-proximity-endpoint,Afet toplanma alanları,https://acikveri.bizizmir.com/dataset/afet-ve-acil-durum-toplanma-alanlari,CC BY 4.0,İzmir Büyükşehir Belediyesi Açık Veri Portalı
assembly:kaggle:1874:38.751409176833:26.830399886561,assembly,Emergency Assembly Area,3 NO'LU AFET VE ACİL DURUM TOPLANMA ALANI,38.751409176833,26.830399886561,,,,,,,2026-09-20T07:31:27.118Z,COMPLETE_FOR_MAPPABLE_ROWS,compact-proximity-endpoint,Afet toplanma alanları,https://acikveri.bizizmir.com/dataset/afet-ve-acil-durum-toplanma-alanlari,CC BY 4.0,İzmir Büyükşehir Belediyesi Açık Veri Portalı
assembly:kaggle:1875:38.329437656737:27.120816180188,assembly,Emergency Assembly Area,3 NO'LU AFET VE ACİL DURUM TOPLANMA ALANI,38.329437656737,27.120816180188,,,,,,,2026-09-20T07:31:27.118Z,COMPLETE_FOR_MAPPABLE_ROWS,compact-proximity-endpoint,Afet toplanma alanları,https://acikveri.bizizmir.com/dataset/afet-ve-acil-durum-toplanma-alanlari,CC BY 4.0,İzmir Büyükşehir Belediyesi Açık Veri Portalı
assembly:kaggle:1876:38.162284488118:28.114216497088,assembly,Emergency Assembly Area,3 NO'LU AFET VE ACİL DURUM TOPLANMA ALANI,38.162284488118,28.114216497088,,,,,,,2026-09-20T07:31:27.118Z,COMPLETE_FOR_MAPPABLE_ROWS,compact-proximity-endpoint,Afet toplanma alanları,https://acikveri.bizizmir.com/dataset/afet-ve-acil-durum-toplanma-alanlari,CC BY 4.0,İzmir Büyükşehir Belediyesi Açık Veri Portalı
assembly:kaggle:1877:38.223522035139:27.965041138747,assembly,Emergency Assembly Area,3 NO'LU AFET VE ACİL DURUM TOPLANMA ALANI,38.223522035139,27.965041138747,,,,,,,2026-09-20T07:31:27.118Z,COMPLETE_FOR_MAPPABLE_ROWS,compact-proximity-endpoint,Afet toplanma alanları,https://acikveri.bizizmir.com/dataset/afet-ve-acil-durum-toplanma-alanlari,CC BY 4.0,İzmir Büyükşehir Belediyesi Açık Veri Portalı
assembly:kaggle:1878:38.434340219728:27.209038595837,assembly,Emergency Assembly Area,3 NO'LU AFET VE ACİL DURUM TOPLANMA ALANI,38.434340219728,27.209038595837,,,,,,,2026-09-20T07:31:27.118Z,COMPLETE_FOR_MAPPABLE_ROWS,compact-proximity-endpoint,Afet toplanma alanları,https://acikveri.bizizmir.com/dataset/afet-ve-acil-durum-toplanma-alanlari,CC BY 4.0,İzmir Büyükşehir Belediyesi Açık Veri Portalı
assembly:kaggle:1879:38.429585207989:27.188816672646,assembly,Emergency Assembly Area,3 NO'LU AFET VE ACİL DURUM TOPLANMA ALANI,38.429585207989,27.188816672646,,,,,,,2026-09-20T07:31:27.118Z,COMPLETE_FOR_MAPPABLE_ROWS,compact-proximity-endpoint,Afet toplanma alanları,https://acikveri.bizizmir.com/dataset/afet-ve-acil-durum-toplanma-alanlari,CC BY 4.0,İzmir Büyükşehir Belediyesi Açık Veri Portalı
assembly:kaggle:1880:38.389393327678:27.104097162814,assembly,Emergency Assembly Area,3 NO'LU AFET VE ACİL DURUM TOPLANMA ALANI,38.389393327678,27.104097162814,,,,,,,2026-09-20T07:31:27.118Z,COMPLETE_FOR_MAPPABLE_ROWS,compact-proximity-endpoint,Afet toplanma alanları,https://acikveri.bizizmir.com/dataset/afet-ve-acil-durum-toplanma-alanlari,CC BY 4.0,İzmir Büyükşehir Belediyesi Açık Veri Portalı
assembly:kaggle:1881:38.503221724368:27.275074139284,assembly,Emergency Assembly Area,3 NO'LU AFET VE ACİL DURUM TOPLANMA ALANI,38.503221724368,27.275074139284,,,,,,,2026-09-20T07:31:27.118Z,COMPLETE_FOR_MAPPABLE_ROWS,compact-proximity-endpoint,Afet toplanma alanları,https://acikveri.bizizmir.com/dataset/afet-ve-acil-durum-toplanma-alanlari,CC BY 4.0,İzmir Büyükşehir Belediyesi Açık Veri Portalı
assembly:kaggle:1882:37.945013930985:27.367698563858,assembly,Emergency Assembly Area,3 NO'LU AFET VE ACİL DURUM TOPLANMA ALANI,37.945013930985,27.367698563858,,,,,,,2026-09-20T07:31:27.118Z,COMPLETE_FOR_MAPPABLE_ROWS,compact-proximity-endpoint,Afet toplanma alanları,https://acikveri.bizizmir.com/dataset/afet-ve-acil-durum-toplanma-alanlari,CC BY 4.0,İzmir Büyükşehir Belediyesi Açık Veri Portalı
assembly:kaggle:1883:38.079798870824:28.058171888067,assembly,Emergency Assembly Area,3 NO'LU AFET VE ACİL DURUM TOPLANMA ALANI,38.079798870824,28.058171888067,,,,,,,2026-09-20T07:31:27.118Z,COMPLETE_FOR_MAPPABLE_ROWS,compact-proximity-endpoint,Afet toplanma alanları,https://acikveri.bizizmir.com/dataset/afet-ve-acil-durum-toplanma-alanlari,CC BY 4.0,İzmir Büyükşehir Belediyesi Açık Veri Portalı
assembly:kaggle:1884:38.690709378356:26.733700472628,assembly,Emergency Assembly Area,3 NO'LU AFET VE ACİL DURUM TOPLANMA ALANI,38.690709378356,26.733700472628,,,,,,,2026-09-20T07:31:27.118Z,COMPLETE_FOR_MAPPABLE_ROWS,compact-proximity-endpoint,Afet toplanma alanları,https://acikveri.bizizmir.com/dataset/afet-ve-acil-durum-toplanma-alanlari,CC BY 4.0,İzmir Büyükşehir Belediyesi Açık Veri Portalı
assembly:kaggle:1885:38.747709224774:26.857299761996,assembly,Emergency Assembly Area,3 NO'LU AFET VE ACİL DURUM TOPLANMA ALANI,38.747709224774,26.857299761996,,,,,,,2026-09-20T07:31:27.118Z,COMPLETE_FOR_MAPPABLE_ROWS,compact-proximity-endpoint,Afet toplanma alanları,https://acikveri.bizizmir.com/dataset/afet-ve-acil-durum-toplanma-alanlari,CC BY 4.0,İzmir Büyükşehir Belediyesi Açık Veri Portalı
assembly:kaggle:1886:38.78484414677:26.958449198654,assembly,Emergency Assembly Area,3 NO'LU AFET VE ACİL DURUM TOPLANMA ALANI,38.78484414677,26.958449198654,,,,,,,2026-09-20T07:31:27.118Z,COMPLETE_FOR_MAPPABLE_ROWS,compact-proximity-endpoint,Afet toplanma alanları,https://acikveri.bizizmir.com/dataset/afet-ve-acil-durum-toplanma-alanlari,CC BY 4.0,İzmir Büyükşehir Belediyesi Açık Veri Portalı
assembly:kaggle:1887:38.66070965782:26.847899962792,assembly,Emergency Assembly Area,3 NO'LU AFET VE ACİL DURUM TOPLANMA ALANI,38.66070965782,26.847899962792,,,,,,,2026-09-20T07:31:27.118Z,COMPLETE_FOR_MAPPABLE_ROWS,compact-proximity-endpoint,Afet toplanma alanları,https://acikveri.bizizmir.com/dataset/afet-ve-acil-durum-toplanma-alanlari,CC BY 4.0,İzmir Büyükşehir Belediyesi Açık Veri Portalı
assembly:kaggle:1888:38.307704790441:27.140904116256,assembly,Emergency Assembly Area,3 NO'LU AFET VE ACİL DURUM TOPLANMA ALANI,38.307704790441,27.140904116256,,,,,,,2026-09-20T07:31:27.118Z,COMPLETE_FOR_MAPPABLE_ROWS,compact-proximity-endpoint,Afet toplanma alanları,https://acikveri.bizizmir.com/dataset/afet-ve-acil-durum-toplanma-alanlari,CC BY 4.0,İzmir Büyükşehir Belediyesi Açık Veri Portalı
assembly:kaggle:1889:38.226978030463:27.980503057105,assembly,Emergency Assembly Area,3 NO'LU AFET VE ACİL DURUM TOPLANMA ALANI,38.226978030463,27.980503057105,,,,,,,2026-09-20T07:31:27.118Z,COMPLETE_FOR_MAPPABLE_ROWS,compact-proximity-endpoint,Afet toplanma alanları,https://acikveri.bizizmir.com/dataset/afet-ve-acil-durum-toplanma-alanlari,CC BY 4.0,İzmir Büyükşehir Belediyesi Açık Veri Portalı
assembly:kaggle:1890:38.658909670081:26.85129995002,assembly,Emergency Assembly Area,3 NO'LU AFET VE ACİL DURUM TOPLANMA ALANI,38.658909670081,26.85129995002,,,,,,,2026-09-20T07:31:27.118Z,COMPLETE_FOR_MAPPABLE_ROWS,compact-proximity-endpoint,Afet toplanma alanları,https://acikveri.bizizmir.com/dataset/afet-ve-acil-durum-toplanma-alanlari,CC BY 4.0,İzmir Büyükşehir Belediyesi Açık Veri Portalı
assembly:kaggle:1891:38.48312927121:27.194480233794,assembly,Emergency Assembly Area,3 NO'LU AFET VE ACİL DURUM TOPLANMA ALANI,38.48312927121,27.194480233794,,,,,,,2026-09-20T07:31:27.118Z,COMPLETE_FOR_MAPPABLE_ROWS,compact-proximity-endpoint,Afet toplanma alanları,https://acikveri.bizizmir.com/dataset/afet-ve-acil-durum-toplanma-alanlari,CC BY 4.0,İzmir Büyükşehir Belediyesi Açık Veri Portalı
assembly:kaggle:1892:38.29117691394:27.176138967759,assembly,Emergency Assembly Area,3 NO'LU AFET VE ACİL DURUM TOPLANMA ALANI,38.29117691394,27.176138967759,,,,,,,2026-09-20T07:31:27.118Z,COMPLETE_FOR_MAPPABLE_ROWS,compact-proximity-endpoint,Afet toplanma alanları,https://acikveri.bizizmir.com/dataset/afet-ve-acil-durum-toplanma-alanlari,CC BY 4.0,İzmir Büyükşehir Belediyesi Açık Veri Portalı
assembly:kaggle:1893:38.229637999676:27.961666145599,assembly,Emergency Assembly Area,3 NO'LU AFET VE ACİL DURUM TOPLANMA ALANI,38.229637999676,27.961666145599,,,,,,,2026-09-20T07:31:27.118Z,COMPLETE_FOR_MAPPABLE_ROWS,compact-proximity-endpoint,Afet toplanma alanları,https://acikveri.bizizmir.com/dataset/afet-ve-acil-durum-toplanma-alanlari,CC BY 4.0,İzmir Büyükşehir Belediyesi Açık Veri Portalı
assembly:kaggle:1894:37.942696048983:27.37030028294,assembly,Emergency Assembly Area,3 NO'LU AFET VE ACİL DURUM TOPLANMA ALANI,37.942696048983,27.37030028294,,,,,,,2026-09-20T07:31:27.118Z,COMPLETE_FOR_MAPPABLE_ROWS,compact-proximity-endpoint,Afet toplanma alanları,https://acikveri.bizizmir.com/dataset/afet-ve-acil-durum-toplanma-alanlari,CC BY 4.0,İzmir Büyükşehir Belediyesi Açık Veri Portalı
assembly:kaggle:1895:38.383900309065:27.058888398215,assembly,Emergency Assembly Area,3 NO'LU AFET VE ACİL DURUM TOPLANMA ALANI,38.383900309065,27.058888398215,,,,,,,2026-09-20T07:31:27.118Z,COMPLETE_FOR_MAPPABLE_ROWS,compact-proximity-endpoint,Afet toplanma alanları,https://acikveri.bizizmir.com/dataset/afet-ve-acil-durum-toplanma-alanlari,CC BY 4.0,İzmir Büyükşehir Belediyesi Açık Veri Portalı
assembly:kaggle:1896:38.396573381085:27.010238148136,assembly,Emergency Assembly Area,3 NO'LU AFET VE ACİL DURUM TOPLANMA ALANI,38.396573381085,27.010238148136,,,,,,,2026-09-20T07:31:27.118Z,COMPLETE_FOR_MAPPABLE_ROWS,compact-proximity-endpoint,Afet toplanma alanları,https://acikveri.bizizmir.com/dataset/afet-ve-acil-durum-toplanma-alanlari,CC BY 4.0,İzmir Büyükşehir Belediyesi Açık Veri Portalı
assembly:kaggle:1897:38.22883502194:27.98163904852,assembly,Emergency Assembly Area,3 NO'LU AFET VE ACİL DURUM TOPLANMA ALANI,38.22883502194,27.98163904852,,,,,,,2026-09-20T07:31:27.118Z,COMPLETE_FOR_MAPPABLE_ROWS,compact-proximity-endpoint,Afet toplanma alanları,https://acikveri.bizizmir.com/dataset/afet-ve-acil-durum-toplanma-alanlari,CC BY 4.0,İzmir Büyükşehir Belediyesi Açık Veri Portalı
assembly:kaggle:1898:38.482072976566:27.080590639425,assembly,Emergency Assembly Area,3 NO'LU AFET VE ACİL DURUM TOPLANMA ALANI,38.482072976566,27.080590639425,,,,,,,2026-09-20T07:31:27.118Z,COMPLETE_FOR_MAPPABLE_ROWS,compact-proximity-endpoint,Afet toplanma alanları,https://acikveri.bizizmir.com/dataset/afet-ve-acil-durum-toplanma-alanlari,CC BY 4.0,İzmir Büyükşehir Belediyesi Açık Veri Portalı
assembly:kaggle:1899:38.396196257125:26.98972490028,assembly,Emergency Assembly Area,3 NO'LU AFET VE ACİL DURUM TOPLANMA ALANI,38.396196257125,26.98972490028,,,,,,,2026-09-20T07:31:27.118Z,COMPLETE_FOR_MAPPABLE_ROWS,compact-proximity-endpoint,Afet toplanma alanları,https://acikveri.bizizmir.com/dataset/afet-ve-acil-durum-toplanma-alanlari,CC BY 4.0,İzmir Büyükşehir Belediyesi Açık Veri Portalı
assembly:kaggle:1900:38.394128932512:26.997721364723,assembly,Emergency Assembly Area,3 NO'LU AFET VE ACİL DURUM TOPLANMA ALANI,38.394128932512,26.997721364723,,,,,,,2026-09-20T07:31:27.118Z,COMPLETE_FOR_MAPPABLE_ROWS,compact-proximity-endpoint,Afet toplanma alanları,https://acikveri.bizizmir.com/dataset/afet-ve-acil-durum-toplanma-alanlari,CC BY 4.0,İzmir Büyükşehir Belediyesi Açık Veri Portalı
assembly:kaggle:1901:38.394388095509:27.021829888767,assembly,Emergency Assembly Area,3 NO'LU AFET VE ACİL DURUM TOPLANMA ALANI,38.394388095509,27.021829888767,,,,,,,2026-09-20T07:31:27.118Z,COMPLETE_FOR_MAPPABLE_ROWS,compact-proximity-endpoint,Afet toplanma alanları,https://acikveri.bizizmir.com/dataset/afet-ve-acil-durum-toplanma-alanlari,CC BY 4.0,İzmir Büyükşehir Belediyesi Açık Veri Portalı
assembly:kaggle:1902:38.408627710787:27.013006092587,assembly,Emergency Assembly Area,3 NO'LU AFET VE ACİL DURUM TOPLANMA ALANI,38.408627710787,27.013006092587,,,,,,,2026-09-20T07:31:27.118Z,COMPLETE_FOR_MAPPABLE_ROWS,compact-proximity-endpoint,Afet toplanma alanları,https://acikveri.bizizmir.com/dataset/afet-ve-acil-durum-toplanma-alanlari,CC BY 4.0,İzmir Büyükşehir Belediyesi Açık Veri Portalı
assembly:kaggle:1903:38.405443915074:26.996785757353,assembly,Emergency Assembly Area,3 NO'LU AFET VE ACİL DURUM TOPLANMA ALANI,38.405443915074,26.996785757353,,,,,,,2026-09-20T07:31:27.118Z,COMPLETE_FOR_MAPPABLE_ROWS,compact-proximity-endpoint,Afet toplanma alanları,https://acikveri.bizizmir.com/dataset/afet-ve-acil-durum-toplanma-alanlari,CC BY 4.0,İzmir Büyükşehir Belediyesi Açık Veri Portalı
assembly:kaggle:1904:38.890325726398:27.062106506302,assembly,Emergency Assembly Area,3 NO'LU AFET VE ACİL DURUM TOPLANMA ALANI,38.890325726398,27.062106506302,,,,,,,2026-09-20T07:31:27.118Z,COMPLETE_FOR_MAPPABLE_ROWS,compact-proximity-endpoint,Afet toplanma alanları,https://acikveri.bizizmir.com/dataset/afet-ve-acil-durum-toplanma-alanlari,CC BY 4.0,İzmir Büyükşehir Belediyesi Açık Veri Portalı
assembly:kaggle:1905:38.390289271529:27.055277404996,assembly,Emergency Assembly Area,3 NO'LU AFET VE ACİL DURUM TOPLANMA ALANI,38.390289271529,27.055277404996,,,,,,,2026-09-20T07:31:27.118Z,COMPLETE_FOR_MAPPABLE_ROWS,compact-proximity-endpoint,Afet toplanma alanları,https://acikveri.bizizmir.com/dataset/afet-ve-acil-durum-toplanma-alanlari,CC BY 4.0,İzmir Büyükşehir Belediyesi Açık Veri Portalı
assembly:kaggle:1906:38.301669263021:27.169868535373,assembly,Emergency Assembly Area,3 NO'LU AFET VE ACİL DURUM TOPLANMA ALANI,38.301669263021,27.169868535373,,,,,,,2026-09-20T07:31:27.118Z,COMPLETE_FOR_MAPPABLE_ROWS,compact-proximity-endpoint,Afet toplanma alanları,https://acikveri.bizizmir.com/dataset/afet-ve-acil-durum-toplanma-alanlari,CC BY 4.0,İzmir Büyükşehir Belediyesi Açık Veri Portalı
assembly:kaggle:1907:38.315916907121:27.136555390516,assembly,Emergency Assembly Area,3 NO'LU AFET VE ACİL DURUM TOPLANMA ALANI,38.315916907121,27.136555390516,,,,,,,2026-09-20T07:31:27.118Z,COMPLETE_FOR_MAPPABLE_ROWS,compact-proximity-endpoint,Afet toplanma alanları,https://acikveri.bizizmir.com/dataset/afet-ve-acil-durum-toplanma-alanlari,CC BY 4.0,İzmir Büyükşehir Belediyesi Açık Veri Portalı
assembly:kaggle:1908:38.819270001568:26.984550010071,assembly,Emergency Assembly Area,3 NO'LU AFET VE ACİL DURUM TOPLANMA ALANI,38.819270001568,26.984550010071,,,,,,,2026-09-20T07:31:27.118Z,COMPLETE_FOR_MAPPABLE_ROWS,compact-proximity-endpoint,Afet toplanma alanları,https://acikveri.bizizmir.com/dataset/afet-ve-acil-durum-toplanma-alanlari,CC BY 4.0,İzmir Büyükşehir Belediyesi Açık Veri Portalı
assembly:kaggle:1909:38.225822041195:27.985340035083,assembly,Emergency Assembly Area,3 NO'LU AFET VE ACİL DURUM TOPLANMA ALANI,38.225822041195,27.985340035083,,,,,,,2026-09-20T07:31:27.118Z,COMPLETE_FOR_MAPPABLE_ROWS,compact-proximity-endpoint,Afet toplanma alanları,https://acikveri.bizizmir.com/dataset/afet-ve-acil-durum-toplanma-alanlari,CC BY 4.0,İzmir Büyükşehir Belediyesi Açık Veri Portalı
assembly:kaggle:1910:38.475518814352:27.098104013828,assembly,Emergency Assembly Area,3 NO'LU AFET VE ACİL DURUM TOPLANMA ALANI,38.475518814352,27.098104013828,,,,,,,2026-09-20T07:31:27.118Z,COMPLETE_FOR_MAPPABLE_ROWS,compact-proximity-endpoint,Afet toplanma alanları,https://acikveri.bizizmir.com/dataset/afet-ve-acil-durum-toplanma-alanlari,CC BY 4.0,İzmir Büyükşehir Belediyesi Açık Veri Portalı
assembly:kaggle:1911:38.231407000604:27.972955088232,assembly,Emergency Assembly Area,3 NO'LU AFET VE ACİL DURUM TOPLANMA ALANI,38.231407000604,27.972955088232,,,,,,,2026-09-20T07:31:27.118Z,COMPLETE_FOR_MAPPABLE_ROWS,compact-proximity-endpoint,Afet toplanma alanları,https://acikveri.bizizmir.com/dataset/afet-ve-acil-durum-toplanma-alanlari,CC BY 4.0,İzmir Büyükşehir Belediyesi Açık Veri Portalı
assembly:kaggle:1912:39.107533775558:27.186556525217,assembly,Emergency Assembly Area,3 NO'LU AFET VE ACİL DURUM TOPLANMA ALANI,39.107533775558,27.186556525217,,,,,,,2026-09-20T07:31:27.118Z,COMPLETE_FOR_MAPPABLE_ROWS,compact-proximity-endpoint,Afet toplanma alanları,https://acikveri.bizizmir.com/dataset/afet-ve-acil-durum-toplanma-alanlari,CC BY 4.0,İzmir Büyükşehir Belediyesi Açık Veri Portalı
assembly:kaggle:1913:38.324728698127:27.137125106774,assembly,Emergency Assembly Area,3 NO'LU AFET VE ACİL DURUM TOPLANMA ALANI,38.324728698127,27.137125106774,,,,,,,2026-09-20T07:31:27.118Z,COMPLETE_FOR_MAPPABLE_ROWS,compact-proximity-endpoint,Afet toplanma alanları,https://acikveri.bizizmir.com/dataset/afet-ve-acil-durum-toplanma-alanlari,CC BY 4.0,İzmir Büyükşehir Belediyesi Açık Veri Portalı
assembly:kaggle:1914:38.382980308454:27.054161423415,assembly,Emergency Assembly Area,3 NO'LU AFET VE ACİL DURUM TOPLANMA ALANI,38.382980308454,27.054161423415,,,,,,,2026-09-20T07:31:27.118Z,COMPLETE_FOR_MAPPABLE_ROWS,compact-proximity-endpoint,Afet toplanma alanları,https://acikveri.bizizmir.com/dataset/afet-ve-acil-durum-toplanma-alanlari,CC BY 4.0,İzmir Büyükşehir Belediyesi Açık Veri Portalı
assembly:kaggle:1915:38.234657977971:27.96616511607,assembly,Emergency Assembly Area,3 NO'LU AFET VE ACİL DURUM TOPLANMA ALANI,38.234657977971,27.96616511607,,,,,,,2026-09-20T07:31:27.118Z,COMPLETE_FOR_MAPPABLE_ROWS,compact-proximity-endpoint,Afet toplanma alanları,https://acikveri.bizizmir.com/dataset/afet-ve-acil-durum-toplanma-alanlari,CC BY 4.0,İzmir Büyükşehir Belediyesi Açık Veri Portalı
assembly:kaggle:1916:38.49112091279:27.210064463433,assembly,Emergency Assembly Area,3 NO'LU AFET VE ACİL DURUM TOPLANMA ALANI,38.49112091279,27.210064463433,,,,,,,2026-09-20T07:31:27.118Z,COMPLETE_FOR_MAPPABLE_ROWS,compact-proximity-endpoint,Afet toplanma alanları,https://acikveri.bizizmir.com/dataset/afet-ve-acil-durum-toplanma-alanlari,CC BY 4.0,İzmir Büyükşehir Belediyesi Açık Veri Portalı
assembly:kaggle:1917:38.667309518429:26.752700421352,assembly,Emergency Assembly Area,3 NO'LU AFET VE ACİL DURUM TOPLANMA ALANI,38.667309518429,26.752700421352,,,,,,,2026-09-20T07:31:27.118Z,COMPLETE_FOR_MAPPABLE_ROWS,compact-proximity-endpoint,Afet toplanma alanları,https://acikveri.bizizmir.com/dataset/afet-ve-acil-durum-toplanma-alanlari,CC BY 4.0,İzmir Büyükşehir Belediyesi Açık Veri Portalı
assembly:kaggle:1918:38.702373638555:27.026116011795,assembly,Emergency Assembly Area,3 NO'LU AFET VE ACİL DURUM TOPLANMA ALANI,38.702373638555,27.026116011795,,,,,,,2026-09-20T07:31:27.118Z,COMPLETE_FOR_MAPPABLE_ROWS,compact-proximity-endpoint,Afet toplanma alanları,https://acikveri.bizizmir.com/dataset/afet-ve-acil-durum-toplanma-alanlari,CC BY 4.0,İzmir Büyükşehir Belediyesi Açık Veri Portalı
assembly:kaggle:1919:38.231282030128:28.003973935527,assembly,Emergency Assembly Area,3 NO'LU AFET VE ACİL DURUM TOPLANMA ALANI,38.231282030128,28.003973935527,,,,,,,2026-09-20T07:31:27.118Z,COMPLETE_FOR_MAPPABLE_ROWS,compact-proximity-endpoint,Afet toplanma alanları,https://acikveri.bizizmir.com/dataset/afet-ve-acil-durum-toplanma-alanlari,CC BY 4.0,İzmir Büyükşehir Belediyesi Açık Veri Portalı
assembly:kaggle:1920:38.242482952231:27.983174021807,assembly,Emergency Assembly Area,3 NO'LU AFET VE ACİL DURUM TOPLANMA ALANI,38.242482952231,27.983174021807,,,,,,,2026-09-20T07:31:27.118Z,COMPLETE_FOR_MAPPABLE_ROWS,compact-proximity-endpoint,Afet toplanma alanları,https://acikveri.bizizmir.com/dataset/afet-ve-acil-durum-toplanma-alanlari,CC BY 4.0,İzmir Büyükşehir Belediyesi Açık Veri Portalı
assembly:kaggle:1921:38.234967991973:27.983830028905,assembly,Emergency Assembly Area,3 NO'LU AFET VE ACİL DURUM TOPLANMA ALANI,38.234967991973,27.983830028905,,,,,,,2026-09-20T07:31:27.118Z,COMPLETE_FOR_MAPPABLE_ROWS,compact-proximity-endpoint,Afet toplanma alanları,https://acikveri.bizizmir.com/dataset/afet-ve-acil-durum-toplanma-alanlari,CC BY 4.0,İzmir Büyükşehir Belediyesi Açık Veri Portalı
assembly:kaggle:1922:38.662009642647:26.839999999451,assembly,Emergency Assembly Area,3 NO'LU AFET VE ACİL DURUM TOPLANMA ALANI,38.662009642647,26.839999999451,,,,,,,2026-09-20T07:31:27.118Z,COMPLETE_FOR_MAPPABLE_ROWS,compact-proximity-endpoint,Afet toplanma alanları,https://acikveri.bizizmir.com/dataset/afet-ve-acil-durum-toplanma-alanlari,CC BY 4.0,İzmir Büyükşehir Belediyesi Açık Veri Portalı
assembly:kaggle:1923:38.341375617571:27.142439052279,assembly,Emergency Assembly Area,3 NO'LU AFET VE ACİL DURUM TOPLANMA ALANI,38.341375617571,27.142439052279,,,,,,,2026-09-20T07:31:27.118Z,COMPLETE_FOR_MAPPABLE_ROWS,compact-proximity-endpoint,Afet toplanma alanları,https://acikveri.bizizmir.com/dataset/afet-ve-acil-durum-toplanma-alanlari,CC BY 4.0,İzmir Büyükşehir Belediyesi Açık Veri Portalı
assembly:kaggle:1924:37.946380593999:27.377398694347,assembly,Emergency Assembly Area,3 NO'LU AFET VE ACİL DURUM TOPLANMA ALANI,37.946380593999,27.377398694347,,,,,,,2026-09-20T07:31:27.118Z,COMPLETE_FOR_MAPPABLE_ROWS,compact-proximity-endpoint,Afet toplanma alanları,https://acikveri.bizizmir.com/dataset/afet-ve-acil-durum-toplanma-alanlari,CC BY 4.0,İzmir Büyükşehir Belediyesi Açık Veri Portalı
assembly:kaggle:1925:38.066539796966:26.89563776541,assembly,Emergency Assembly Area,3 NO'LU AFET VE ACİL DURUM TOPLANMA ALANI,38.066539796966,26.89563776541,,,,,,,2026-09-20T07:31:27.118Z,COMPLETE_FOR_MAPPABLE_ROWS,compact-proximity-endpoint,Afet toplanma alanları,https://acikveri.bizizmir.com/dataset/afet-ve-acil-durum-toplanma-alanlari,CC BY 4.0,İzmir Büyükşehir Belediyesi Açık Veri Portalı
assembly:kaggle:1926:38.390289282336:27.064999357138,assembly,Emergency Assembly Area,3 NO'LU AFET VE ACİL DURUM TOPLANMA ALANI,38.390289282336,27.064999357138,,,,,,,2026-09-20T07:31:27.118Z,COMPLETE_FOR_MAPPABLE_ROWS,compact-proximity-endpoint,Afet toplanma alanları,https://acikveri.bizizmir.com/dataset/afet-ve-acil-durum-toplanma-alanlari,CC BY 4.0,İzmir Büyükşehir Belediyesi Açık Veri Portalı
assembly:kaggle:1927:38.397716588202:27.131675400636,assembly,Emergency Assembly Area,3 NO'LU AFET VE ACİL DURUM TOPLANMA ALANI,38.397716588202,27.131675400636,,,,,,,2026-09-20T07:31:27.118Z,COMPLETE_FOR_MAPPABLE_ROWS,compact-proximity-endpoint,Afet toplanma alanları,https://acikveri.bizizmir.com/dataset/afet-ve-acil-durum-toplanma-alanlari,CC BY 4.0,İzmir Büyükşehir Belediyesi Açık Veri Portalı
assembly:kaggle:1928:38.392911243248:27.008615686324,assembly,Emergency Assembly Area,3 NO'LU AFET VE ACİL DURUM TOPLANMA ALANI,38.392911243248,27.008615686324,,,,,,,2026-09-20T07:31:27.118Z,COMPLETE_FOR_MAPPABLE_ROWS,compact-proximity-endpoint,Afet toplanma alanları,https://acikveri.bizizmir.com/dataset/afet-ve-acil-durum-toplanma-alanlari,CC BY 4.0,İzmir Büyükşehir Belediyesi Açık Veri Portalı
assembly:kaggle:1929:38.380412989242:26.926252633829,assembly,Emergency Assembly Area,3 NO'LU AFET VE ACİL DURUM TOPLANMA ALANI,38.380412989242,26.926252633829,,,,,,,2026-09-20T07:31:27.118Z,COMPLETE_FOR_MAPPABLE_ROWS,compact-proximity-endpoint,Afet toplanma alanları,https://acikveri.bizizmir.com/dataset/afet-ve-acil-durum-toplanma-alanlari,CC BY 4.0,İzmir Büyükşehir Belediyesi Açık Veri Portalı
assembly:kaggle:1930:38.415802183428:27.469370473181,assembly,Emergency Assembly Area,3 NO'LU AFET VE ACİL DURUM TOPLANMA ALANI,38.415802183428,27.469370473181,,,,,,,2026-09-20T07:31:27.118Z,COMPLETE_FOR_MAPPABLE_ROWS,compact-proximity-endpoint,Afet toplanma alanları,https://acikveri.bizizmir.com/dataset/afet-ve-acil-durum-toplanma-alanlari,CC BY 4.0,İzmir Büyükşehir Belediyesi Açık Veri Portalı
assembly:kaggle:1931:38.389733268403:27.049166436465,assembly,Emergency Assembly Area,3 NO'LU AFET VE ACİL DURUM TOPLANMA ALANI,38.389733268403,27.049166436465,,,,,,,2026-09-20T07:31:27.118Z,COMPLETE_FOR_MAPPABLE_ROWS,compact-proximity-endpoint,Afet toplanma alanları,https://acikveri.bizizmir.com/dataset/afet-ve-acil-durum-toplanma-alanlari,CC BY 4.0,İzmir Büyükşehir Belediyesi Açık Veri Portalı
assembly:kaggle:1932:38.2489925962:27.136967311096,assembly,Emergency Assembly Area,3 NOLU TOPLANMA ALANI,38.2489925962,27.136967311096,,,,,,,2026-09-20T07:31:27.118Z,COMPLETE_FOR_MAPPABLE_ROWS,compact-proximity-endpoint,Afet toplanma alanları,https://acikveri.bizizmir.com/dataset/afet-ve-acil-durum-toplanma-alanlari,CC BY 4.0,İzmir Büyükşehir Belediyesi Açık Veri Portalı
assembly:kaggle:1933:38.786761382496:26.972094498936,assembly,Emergency Assembly Area,3 NOLU TOPLANMA ALANI,38.786761382496,26.972094498936,,,,,,,2026-09-20T07:31:27.118Z,COMPLETE_FOR_MAPPABLE_ROWS,compact-proximity-endpoint,Afet toplanma alanları,https://acikveri.bizizmir.com/dataset/afet-ve-acil-durum-toplanma-alanlari,CC BY 4.0,İzmir Büyükşehir Belediyesi Açık Veri Portalı
assembly:kaggle:1934:38.784934070135:26.976681057094,assembly,Emergency Assembly Area,3 NOLU TOPLANMA ALANI,38.784934070135,26.976681057094,,,,,,,2026-09-20T07:31:27.118Z,COMPLETE_FOR_MAPPABLE_ROWS,compact-proximity-endpoint,Afet toplanma alanları,https://acikveri.bizizmir.com/dataset/afet-ve-acil-durum-toplanma-alanlari,CC BY 4.0,İzmir Büyükşehir Belediyesi Açık Veri Portalı
assembly:kaggle:1935:38.800523293346:26.96728261525,assembly,Emergency Assembly Area,3 NOLU TOPLANMA ALANI,38.800523293346,26.96728261525,,,,,,,2026-09-20T07:31:27.118Z,COMPLETE_FOR_MAPPABLE_ROWS,compact-proximity-endpoint,Afet toplanma alanları,https://acikveri.bizizmir.com/dataset/afet-ve-acil-durum-toplanma-alanlari,CC BY 4.0,İzmir Büyükşehir Belediyesi Açık Veri Portalı
assembly:kaggle:1936:38.795182324007:26.96972878732,assembly,Emergency Assembly Area,3 NOLU TOPLANMA ALANI,38.795182324007,26.96972878732,,,,,,,2026-09-20T07:31:27.118Z,COMPLETE_FOR_MAPPABLE_ROWS,compact-proximity-endpoint,Afet toplanma alanları,https://acikveri.bizizmir.com/dataset/afet-ve-acil-durum-toplanma-alanlari,CC BY 4.0,İzmir Büyükşehir Belediyesi Açık Veri Portalı
assembly:kaggle:1937:38.88521882094:27.068068659964,assembly,Emergency Assembly Area,3 NOLU TOPLANMA ALANI,38.88521882094,27.068068659964,,,,,,,2026-09-20T07:31:27.118Z,COMPLETE_FOR_MAPPABLE_ROWS,compact-proximity-endpoint,Afet toplanma alanları,https://acikveri.bizizmir.com/dataset/afet-ve-acil-durum-toplanma-alanlari,CC BY 4.0,İzmir Büyükşehir Belediyesi Açık Veri Portalı
assembly:kaggle:1938:38.804076765074:26.979778959583,assembly,Emergency Assembly Area,3 NOLU TOPLANMA ALANI,38.804076765074,26.979778959583,,,,,,,2026-09-20T07:31:27.118Z,COMPLETE_FOR_MAPPABLE_ROWS,compact-proximity-endpoint,Afet toplanma alanları,https://acikveri.bizizmir.com/dataset/afet-ve-acil-durum-toplanma-alanlari,CC BY 4.0,İzmir Büyükşehir Belediyesi Açık Veri Portalı
assembly:kaggle:1939:38.883166452843:27.071212197198,assembly,Emergency Assembly Area,4 MOLU TOPLANMA ALANI,38.883166452843,27.071212197198,,,,,,,2026-09-20T07:31:27.118Z,COMPLETE_FOR_MAPPABLE_ROWS,compact-proximity-endpoint,Afet toplanma alanları,https://acikveri.bizizmir.com/dataset/afet-ve-acil-durum-toplanma-alanlari,CC BY 4.0,İzmir Büyükşehir Belediyesi Açık Veri Portalı
assembly:kaggle:1940:38.335102994049:26.30590764936,assembly,Emergency Assembly Area,4 NO LU AFET VE ACİL DURUM TOPLANMA ALANI,38.335102994049,26.30590764936,,,,,,,2026-09-20T07:31:27.118Z,COMPLETE_FOR_MAPPABLE_ROWS,compact-proximity-endpoint,Afet toplanma alanları,https://acikveri.bizizmir.com/dataset/afet-ve-acil-durum-toplanma-alanlari,CC BY 4.0,İzmir Büyükşehir Belediyesi Açık Veri Portalı
assembly:kaggle:1941:38.473576533378:27.127817963142,assembly,Emergency Assembly Area,4 NO LU AFET VE ACİL DURUM TOPLANMA ALANI,38.473576533378,27.127817963142,,,,,,,2026-09-20T07:31:27.118Z,COMPLETE_FOR_MAPPABLE_ROWS,compact-proximity-endpoint,Afet toplanma alanları,https://acikveri.bizizmir.com/dataset/afet-ve-acil-durum-toplanma-alanlari,CC BY 4.0,İzmir Büyükşehir Belediyesi Açık Veri Portalı
assembly:kaggle:1942:38.477809812716:27.175325005885,assembly,Emergency Assembly Area,4 NO LU AFET VE ACİL DURUM TOPLANMA ALANI,38.477809812716,27.175325005885,,,,,,,2026-09-20T07:31:27.118Z,COMPLETE_FOR_MAPPABLE_ROWS,compact-proximity-endpoint,Afet toplanma alanları,https://acikveri.bizizmir.com/dataset/afet-ve-acil-durum-toplanma-alanlari,CC BY 4.0,İzmir Büyükşehir Belediyesi Açık Veri Portalı
assembly:kaggle:1943:38.480027070752:27.128654797244,assembly,Emergency Assembly Area,4 NO LU AFET VE ACİL DURUM TOPLANMA ALANI,38.480027070752,27.128654797244,,,,,,,2026-09-20T07:31:27.118Z,COMPLETE_FOR_MAPPABLE_ROWS,compact-proximity-endpoint,Afet toplanma alanları,https://acikveri.bizizmir.com/dataset/afet-ve-acil-durum-toplanma-alanlari,CC BY 4.0,İzmir Büyükşehir Belediyesi Açık Veri Portalı
assembly:kaggle:1944:38.464302929485:27.178994272334,assembly,Emergency Assembly Area,4 NO LU AFET VE ACİL DURUM TOPLANMA ALANI,38.464302929485,27.178994272334,,,,,,,2026-09-20T07:31:27.118Z,COMPLETE_FOR_MAPPABLE_ROWS,compact-proximity-endpoint,Afet toplanma alanları,https://acikveri.bizizmir.com/dataset/afet-ve-acil-durum-toplanma-alanlari,CC BY 4.0,İzmir Büyükşehir Belediyesi Açık Veri Portalı
assembly:kaggle:1945:38.474399669214:27.11674585799,assembly,Emergency Assembly Area,4 NO LU AFET VE ACİL DURUM TOPLANMA ALANI,38.474399669214,27.11674585799,,,,,,,2026-09-20T07:31:27.118Z,COMPLETE_FOR_MAPPABLE_ROWS,compact-proximity-endpoint,Afet toplanma alanları,https://acikveri.bizizmir.com/dataset/afet-ve-acil-durum-toplanma-alanlari,CC BY 4.0,İzmir Büyükşehir Belediyesi Açık Veri Portalı
assembly:kaggle:1946:39.088280939197:27.30458435435,assembly,Emergency Assembly Area,4 NO LU AFET VE ACİL DURUM TOPLANMA ALANI,39.088280939197,27.30458435435,,,,,,,2026-09-20T07:31:27.118Z,COMPLETE_FOR_MAPPABLE_ROWS,compact-proximity-endpoint,Afet toplanma alanları,https://acikveri.bizizmir.com/dataset/afet-ve-acil-durum-toplanma-alanlari,CC BY 4.0,İzmir Büyükşehir Belediyesi Açık Veri Portalı
assembly:kaggle:1947:38.254429026681:27.145102401033,assembly,Emergency Assembly Area,4 NO LU AFET VE ACİL DURUM TOPLANMA ALANI,38.254429026681,27.145102401033,,,,,,,2026-09-20T07:31:27.118Z,COMPLETE_FOR_MAPPABLE_ROWS,compact-proximity-endpoint,Afet toplanma alanları,https://acikveri.bizizmir.com/dataset/afet-ve-acil-durum-toplanma-alanlari,CC BY 4.0,İzmir Büyükşehir Belediyesi Açık Veri Portalı
assembly:kaggle:1948:38.605751579854:27.08413818001,assembly,Emergency Assembly Area,4 NO LU AFET VE ACİL DURUM TOPLANMA ALANI,38.605751579854,27.08413818001,,,,,,,2026-09-20T07:31:27.118Z,COMPLETE_FOR_MAPPABLE_ROWS,compact-proximity-endpoint,Afet toplanma alanları,https://acikveri.bizizmir.com/dataset/afet-ve-acil-durum-toplanma-alanlari,CC BY 4.0,İzmir Büyükşehir Belediyesi Açık Veri Portalı
assembly:kaggle:1949:38.364732512139:26.286472404043,assembly,Emergency Assembly Area,4 NO LU AFET VE ACİL DURUM TOPLANMA ALANI,38.364732512139,26.286472404043,,,,,,,2026-09-20T07:31:27.118Z,COMPLETE_FOR_MAPPABLE_ROWS,compact-proximity-endpoint,Afet toplanma alanları,https://acikveri.bizizmir.com/dataset/afet-ve-acil-durum-toplanma-alanlari,CC BY 4.0,İzmir Büyükşehir Belediyesi Açık Veri Portalı
assembly:kaggle:1950:38.316981901754:26.306245640253,assembly,Emergency Assembly Area,4 NO LU AFET VE ACİL DURUM TOPLANMA ALANI,38.316981901754,26.306245640253,,,,,,,2026-09-20T07:31:27.118Z,COMPLETE_FOR_MAPPABLE_ROWS,compact-proximity-endpoint,Afet toplanma alanları,https://acikveri.bizizmir.com/dataset/afet-ve-acil-durum-toplanma-alanlari,CC BY 4.0,İzmir Büyükşehir Belediyesi Açık Veri Portalı
assembly:kaggle:1951:38.350830082254:26.309088703567,assembly,Emergency Assembly Area,4 NO LU AFET VE ACİL DURUM TOPLANMA ALANI,38.350830082254,26.309088703567,,,,,,,2026-09-20T07:31:27.118Z,COMPLETE_FOR_MAPPABLE_ROWS,compact-proximity-endpoint,Afet toplanma alanları,https://acikveri.bizizmir.com/dataset/afet-ve-acil-durum-toplanma-alanlari,CC BY 4.0,İzmir Büyükşehir Belediyesi Açık Veri Portalı
assembly:kaggle:1952:38.469987760429:27.135247651254,assembly,Emergency Assembly Area,4 NO LU AFET VE ACİL DURUM TOPLANMA ALANI,38.469987760429,27.135247651254,,,,,,,2026-09-20T07:31:27.118Z,COMPLETE_FOR_MAPPABLE_ROWS,compact-proximity-endpoint,Afet toplanma alanları,https://acikveri.bizizmir.com/dataset/afet-ve-acil-durum-toplanma-alanlari,CC BY 4.0,İzmir Büyükşehir Belediyesi Açık Veri Portalı
assembly:kaggle:1953:38.357410019565:26.885975312465,assembly,Emergency Assembly Area,4 NO LU AFET VE ACİL DURUM TOPLANMA ALANI,38.357410019565,26.885975312465,,,,,,,2026-09-20T07:31:27.118Z,COMPLETE_FOR_MAPPABLE_ROWS,compact-proximity-endpoint,Afet toplanma alanları,https://acikveri.bizizmir.com/dataset/afet-ve-acil-durum-toplanma-alanlari,CC BY 4.0,İzmir Büyükşehir Belediyesi Açık Veri Portalı
assembly:kaggle:1954:38.362783640471:26.885009712664,assembly,Emergency Assembly Area,4 NO LU AFET VE ACİL DURUM TOPLANMA ALANI,38.362783640471,26.885009712664,,,,,,,2026-09-20T07:31:27.118Z,COMPLETE_FOR_MAPPABLE_ROWS,compact-proximity-endpoint,Afet toplanma alanları,https://acikveri.bizizmir.com/dataset/afet-ve-acil-durum-toplanma-alanlari,CC BY 4.0,İzmir Büyükşehir Belediyesi Açık Veri Portalı
assembly:kaggle:1955:38.146906069756:27.365847267929,assembly,Emergency Assembly Area,4 NO LU AFET VE ACİL DURUM TOPLANMA ALANI,38.146906069756,27.365847267929,,,,,,,2026-09-20T07:31:27.118Z,COMPLETE_FOR_MAPPABLE_ROWS,compact-proximity-endpoint,Afet toplanma alanları,https://acikveri.bizizmir.com/dataset/afet-ve-acil-durum-toplanma-alanlari,CC BY 4.0,İzmir Büyükşehir Belediyesi Açık Veri Portalı
assembly:kaggle:1956:38.401035484799:27.114407107907,assembly,Emergency Assembly Area,4 NO LU AFET VE ACİL DURUM TOPLANMA ALANI,38.401035484799,27.114407107907,,,,,,,2026-09-20T07:31:27.118Z,COMPLETE_FOR_MAPPABLE_ROWS,compact-proximity-endpoint,Afet toplanma alanları,https://acikveri.bizizmir.com/dataset/afet-ve-acil-durum-toplanma-alanlari,CC BY 4.0,İzmir Büyükşehir Belediyesi Açık Veri Portalı
assembly:kaggle:1957:38.431903211345:27.412345350129,assembly,Emergency Assembly Area,4 NO LU AFET VE ACİL DURUM TOPLANMA ALANI,38.431903211345,27.412345350129,,,,,,,2026-09-20T07:31:27.118Z,COMPLETE_FOR_MAPPABLE_ROWS,compact-proximity-endpoint,Afet toplanma alanları,https://acikveri.bizizmir.com/dataset/afet-ve-acil-durum-toplanma-alanlari,CC BY 4.0,İzmir Büyükşehir Belediyesi Açık Veri Portalı
assembly:kaggle:1958:38.429423634622:27.171140862142,assembly,Emergency Assembly Area,4 NO LU AFET VE ACİL DURUM TOPLANMA ALANI,38.429423634622,27.171140862142,,,,,,,2026-09-20T07:31:27.118Z,COMPLETE_FOR_MAPPABLE_ROWS,compact-proximity-endpoint,Afet toplanma alanları,https://acikveri.bizizmir.com/dataset/afet-ve-acil-durum-toplanma-alanlari,CC BY 4.0,İzmir Büyükşehir Belediyesi Açık Veri Portalı
assembly:kaggle:1959:38.354524190555:26.791513753998,assembly,Emergency Assembly Area,4 NO LU AFET VE ACİL DURUM TOPLANMA ALANI,38.354524190555,26.791513753998,,,,,,,2026-09-20T07:31:27.118Z,COMPLETE_FOR_MAPPABLE_ROWS,compact-proximity-endpoint,Afet toplanma alanları,https://acikveri.bizizmir.com/dataset/afet-ve-acil-durum-toplanma-alanlari,CC BY 4.0,İzmir Büyükşehir Belediyesi Açık Veri Portalı
assembly:kaggle:1960:38.45849160452:27.19699717948,assembly,Emergency Assembly Area,4 NO LU AFET VE ACİL DURUM TOPLANMA ALANI,38.45849160452,27.19699717948,,,,,,,2026-09-20T07:31:27.118Z,COMPLETE_FOR_MAPPABLE_ROWS,compact-proximity-endpoint,Afet toplanma alanları,https://acikveri.bizizmir.com/dataset/afet-ve-acil-durum-toplanma-alanlari,CC BY 4.0,İzmir Büyükşehir Belediyesi Açık Veri Portalı
assembly:kaggle:1961:38.436844551575:27.161205996939,assembly,Emergency Assembly Area,4 NO LU AFET VE ACİL DURUM TOPLANMA ALANI,38.436844551575,27.161205996939,,,,,,,2026-09-20T07:31:27.118Z,COMPLETE_FOR_MAPPABLE_ROWS,compact-proximity-endpoint,Afet toplanma alanları,https://acikveri.bizizmir.com/dataset/afet-ve-acil-durum-toplanma-alanlari,CC BY 4.0,İzmir Büyükşehir Belediyesi Açık Veri Portalı
assembly:kaggle:1962:38.392277972138:27.023357310346,assembly,Emergency Assembly Area,4 NO LU AFET VE ACİL DURUM TOPLANMA ALANI,38.392277972138,27.023357310346,,,,,,,2026-09-20T07:31:27.118Z,COMPLETE_FOR_MAPPABLE_ROWS,compact-proximity-endpoint,Afet toplanma alanları,https://acikveri.bizizmir.com/dataset/afet-ve-acil-durum-toplanma-alanlari,CC BY 4.0,İzmir Büyükşehir Belediyesi Açık Veri Portalı
assembly:kaggle:1963:38.468335020112:27.101757758887,assembly,Emergency Assembly Area,4 NO LU AFET VE ACİL DURUM TOPLANMA ALANI,38.468335020112,27.101757758887,,,,,,,2026-09-20T07:31:27.118Z,COMPLETE_FOR_MAPPABLE_ROWS,compact-proximity-endpoint,Afet toplanma alanları,https://acikveri.bizizmir.com/dataset/afet-ve-acil-durum-toplanma-alanlari,CC BY 4.0,İzmir Büyükşehir Belediyesi Açık Veri Portalı
assembly:kaggle:1964:38.395486425768:27.51205871554,assembly,Emergency Assembly Area,4 NO LU AFET VE ACİL DURUM TOPLANMA ALANI,38.395486425768,27.51205871554,,,,,,,2026-09-20T07:31:27.118Z,COMPLETE_FOR_MAPPABLE_ROWS,compact-proximity-endpoint,Afet toplanma alanları,https://acikveri.bizizmir.com/dataset/afet-ve-acil-durum-toplanma-alanlari,CC BY 4.0,İzmir Büyükşehir Belediyesi Açık Veri Portalı
assembly:kaggle:1965:38.605533415215:26.91809148797,assembly,Emergency Assembly Area,4 NO LU AFET VE ACİL DURUM TOPLANMA ALANI,38.605533415215,26.91809148797,,,,,,,2026-09-20T07:31:27.118Z,COMPLETE_FOR_MAPPABLE_ROWS,compact-proximity-endpoint,Afet toplanma alanları,https://acikveri.bizizmir.com/dataset/afet-ve-acil-durum-toplanma-alanlari,CC BY 4.0,İzmir Büyükşehir Belediyesi Açık Veri Portalı
assembly:kaggle:1966:38.418875325491:27.466590096787,assembly,Emergency Assembly Area,4 NO LU AFET VE ACİL DURUM TOPLANMA ALANI,38.418875325491,27.466590096787,,,,,,,2026-09-20T07:31:27.118Z,COMPLETE_FOR_MAPPABLE_ROWS,compact-proximity-endpoint,Afet toplanma alanları,https://acikveri.bizizmir.com/dataset/afet-ve-acil-durum-toplanma-alanlari,CC BY 4.0,İzmir Büyükşehir Belediyesi Açık Veri Portalı
assembly:kaggle:1967:38.483670180938:27.361380865166,assembly,Emergency Assembly Area,4 NO LU AFET VE ACİL DURUM TOPLANMA ALANI,38.483670180938,27.361380865166,,,,,,,2026-09-20T07:31:27.118Z,COMPLETE_FOR_MAPPABLE_ROWS,compact-proximity-endpoint,Afet toplanma alanları,https://acikveri.bizizmir.com/dataset/afet-ve-acil-durum-toplanma-alanlari,CC BY 4.0,İzmir Büyükşehir Belediyesi Açık Veri Portalı
assembly:kaggle:1968:38.365275704818:26.82329238809,assembly,Emergency Assembly Area,4 NO LU AFET VE ACİL DURUM TOPLANMA ALANI,38.365275704818,26.82329238809,,,,,,,2026-09-20T07:31:27.118Z,COMPLETE_FOR_MAPPABLE_ROWS,compact-proximity-endpoint,Afet toplanma alanları,https://acikveri.bizizmir.com/dataset/afet-ve-acil-durum-toplanma-alanlari,CC BY 4.0,İzmir Büyükşehir Belediyesi Açık Veri Portalı
assembly:kaggle:1969:38.463866440964:27.517637573417,assembly,Emergency Assembly Area,4 NO LU AFET VE ACİL DURUM TOPLANMA ALANI,38.463866440964,27.517637573417,,,,,,,2026-09-20T07:31:27.118Z,COMPLETE_FOR_MAPPABLE_ROWS,compact-proximity-endpoint,Afet toplanma alanları,https://acikveri.bizizmir.com/dataset/afet-ve-acil-durum-toplanma-alanlari,CC BY 4.0,İzmir Büyükşehir Belediyesi Açık Veri Portalı
assembly:kaggle:1970:38.413697287127:27.639495169409,assembly,Emergency Assembly Area,4 NO LU AFET VE ACİL DURUM TOPLANMA ALANI,38.413697287127,27.639495169409,,,,,,,2026-09-20T07:31:27.118Z,COMPLETE_FOR_MAPPABLE_ROWS,compact-proximity-endpoint,Afet toplanma alanları,https://acikveri.bizizmir.com/dataset/afet-ve-acil-durum-toplanma-alanlari,CC BY 4.0,İzmir Büyükşehir Belediyesi Açık Veri Portalı
assembly:kaggle:1971:38.386950782786:27.110625235943,assembly,Emergency Assembly Area,4 NO LU AFET VE ACİL DURUM TOPLANMA ALANI,38.386950782786,27.110625235943,,,,,,,2026-09-20T07:31:27.118Z,COMPLETE_FOR_MAPPABLE_ROWS,compact-proximity-endpoint,Afet toplanma alanları,https://acikveri.bizizmir.com/dataset/afet-ve-acil-durum-toplanma-alanlari,CC BY 4.0,İzmir Büyükşehir Belediyesi Açık Veri Portalı
assembly:kaggle:1972:38.429331430299:27.412645760218,assembly,Emergency Assembly Area,4 NO LU AFET VE ACİL DURUM TOPLANMA ALANI,38.429331430299,27.412645760218,,,,,,,2026-09-20T07:31:27.118Z,COMPLETE_FOR_MAPPABLE_ROWS,compact-proximity-endpoint,Afet toplanma alanları,https://acikveri.bizizmir.com/dataset/afet-ve-acil-durum-toplanma-alanlari,CC BY 4.0,İzmir Büyükşehir Belediyesi Açık Veri Portalı
assembly:kaggle:1973:38.474198061773:27.096618661985,assembly,Emergency Assembly Area,4 NO LU AFET VE ACİL DURUM TOPLANMA ALANI,38.474198061773,27.096618661985,,,,,,,2026-09-20T07:31:27.118Z,COMPLETE_FOR_MAPPABLE_ROWS,compact-proximity-endpoint,Afet toplanma alanları,https://acikveri.bizizmir.com/dataset/afet-ve-acil-durum-toplanma-alanlari,CC BY 4.0,İzmir Büyükşehir Belediyesi Açık Veri Portalı
assembly:kaggle:1974:38.463849211524:27.098227997029,assembly,Emergency Assembly Area,4 NO LU AFET VE ACİL DURUM TOPLANMA ALANI,38.463849211524,27.098227997029,,,,,,,2026-09-20T07:31:27.118Z,COMPLETE_FOR_MAPPABLE_ROWS,compact-proximity-endpoint,Afet toplanma alanları,https://acikveri.bizizmir.com/dataset/afet-ve-acil-durum-toplanma-alanlari,CC BY 4.0,İzmir Büyükşehir Belediyesi Açık Veri Portalı
assembly:kaggle:1975:38.311670572661:26.699139015735,assembly,Emergency Assembly Area,4 NO LU AFET VE ACİL DURUM TOPLANMA ALANI,38.311670572661,26.699139015735,,,,,,,2026-09-20T07:31:27.118Z,COMPLETE_FOR_MAPPABLE_ROWS,compact-proximity-endpoint,Afet toplanma alanları,https://acikveri.bizizmir.com/dataset/afet-ve-acil-durum-toplanma-alanlari,CC BY 4.0,İzmir Büyükşehir Belediyesi Açık Veri Portalı
assembly:kaggle:1976:38.393343779709:27.002615889854,assembly,Emergency Assembly Area,4 NO LU AFET VE ACİL DURUM TOPLANMA ALANI,38.393343779709,27.002615889854,,,,,,,2026-09-20T07:31:27.118Z,COMPLETE_FOR_MAPPABLE_ROWS,compact-proximity-endpoint,Afet toplanma alanları,https://acikveri.bizizmir.com/dataset/afet-ve-acil-durum-toplanma-alanlari,CC BY 4.0,İzmir Büyükşehir Belediyesi Açık Veri Portalı
assembly:kaggle:1977:38.372779312658:27.190903374614,assembly,Emergency Assembly Area,4 NO LU AFET VE ACİL DURUM TOPLANMA ALANI,38.372779312658,27.190903374614,,,,,,,2026-09-20T07:31:27.118Z,COMPLETE_FOR_MAPPABLE_ROWS,compact-proximity-endpoint,Afet toplanma alanları,https://acikveri.bizizmir.com/dataset/afet-ve-acil-durum-toplanma-alanlari,CC BY 4.0,İzmir Büyükşehir Belediyesi Açık Veri Portalı
assembly:kaggle:1978:38.320113757611:26.773001301279,assembly,Emergency Assembly Area,4 NO LU AFET VE ACİL DURUM TOPLANMA ALANI,38.320113757611,26.773001301279,,,,,,,2026-09-20T07:31:27.118Z,COMPLETE_FOR_MAPPABLE_ROWS,compact-proximity-endpoint,Afet toplanma alanları,https://acikveri.bizizmir.com/dataset/afet-ve-acil-durum-toplanma-alanlari,CC BY 4.0,İzmir Büyükşehir Belediyesi Açık Veri Portalı
assembly:kaggle:1979:38.507997817755:27.039477107236,assembly,Emergency Assembly Area,4 NO LU AFET VE ACİL DURUM TOPLANMA ALANI,38.507997817755,27.039477107236,,,,,,,2026-09-20T07:31:27.118Z,COMPLETE_FOR_MAPPABLE_ROWS,compact-proximity-endpoint,Afet toplanma alanları,https://acikveri.bizizmir.com/dataset/afet-ve-acil-durum-toplanma-alanlari,CC BY 4.0,İzmir Büyükşehir Belediyesi Açık Veri Portalı
assembly:kaggle:1980:38.390264049853:27.075424095044,assembly,Emergency Assembly Area,4 NO LU AFET VE ACİL DURUM TOPLANMA ALANI,38.390264049853,27.075424095044,,,,,,,2026-09-20T07:31:27.118Z,COMPLETE_FOR_MAPPABLE_ROWS,compact-proximity-endpoint,Afet toplanma alanları,https://acikveri.bizizmir.com/dataset/afet-ve-acil-durum-toplanma-alanlari,CC BY 4.0,İzmir Büyükşehir Belediyesi Açık Veri Portalı
assembly:kaggle:1981:38.47930472508:27.082413744971,assembly,Emergency Assembly Area,4 NO LU AFET VE ACİL DURUM TOPLANMA ALANI,38.47930472508,27.082413744971,,,,,,,2026-09-20T07:31:27.118Z,COMPLETE_FOR_MAPPABLE_ROWS,compact-proximity-endpoint,Afet toplanma alanları,https://acikveri.bizizmir.com/dataset/afet-ve-acil-durum-toplanma-alanlari,CC BY 4.0,İzmir Büyükşehir Belediyesi Açık Veri Portalı
assembly:kaggle:1982:38.17525031759:27.352801023344,assembly,Emergency Assembly Area,4 NO LU AFET VE ACİL DURUM TOPLANMA ALANI,38.17525031759,27.352801023344,,,,,,,2026-09-20T07:31:27.118Z,COMPLETE_FOR_MAPPABLE_ROWS,compact-proximity-endpoint,Afet toplanma alanları,https://acikveri.bizizmir.com/dataset/afet-ve-acil-durum-toplanma-alanlari,CC BY 4.0,İzmir Büyükşehir Belediyesi Açık Veri Portalı
assembly:kaggle:1983:38.466621378835:27.105609394788,assembly,Emergency Assembly Area,4 NO LU AFET VE ACİL DURUM TOPLANMA ALANI,38.466621378835,27.105609394788,,,,,,,2026-09-20T07:31:27.118Z,COMPLETE_FOR_MAPPABLE_ROWS,compact-proximity-endpoint,Afet toplanma alanları,https://acikveri.bizizmir.com/dataset/afet-ve-acil-durum-toplanma-alanlari,CC BY 4.0,İzmir Büyükşehir Belediyesi Açık Veri Portalı
assembly:kaggle:1984:38.400245556665:27.531434889625,assembly,Emergency Assembly Area,4 NO LU AFET VE ACİL DURUM TOPLANMA ALANI,38.400245556665,27.531434889625,,,,,,,2026-09-20T07:31:27.118Z,COMPLETE_FOR_MAPPABLE_ROWS,compact-proximity-endpoint,Afet toplanma alanları,https://acikveri.bizizmir.com/dataset/afet-ve-acil-durum-toplanma-alanlari,CC BY 4.0,İzmir Büyükşehir Belediyesi Açık Veri Portalı
assembly:kaggle:1985:38.458724999181:27.452192006036,assembly,Emergency Assembly Area,4 NO LU AFET VE ACİL DURUM TOPLANMA ALANI,38.458724999181,27.452192006036,,,,,,,2026-09-20T07:31:27.118Z,COMPLETE_FOR_MAPPABLE_ROWS,compact-proximity-endpoint,Afet toplanma alanları,https://acikveri.bizizmir.com/dataset/afet-ve-acil-durum-toplanma-alanlari,CC BY 4.0,İzmir Büyükşehir Belediyesi Açık Veri Portalı
assembly:kaggle:1986:38.385336519043:27.49946850521,assembly,Emergency Assembly Area,4 NO LU AFET VE ACİL DURUM TOPLANMA ALANI,38.385336519043,27.49946850521,,,,,,,2026-09-20T07:31:27.118Z,COMPLETE_FOR_MAPPABLE_ROWS,compact-proximity-endpoint,Afet toplanma alanları,https://acikveri.bizizmir.com/dataset/afet-ve-acil-durum-toplanma-alanlari,CC BY 4.0,İzmir Büyükşehir Belediyesi Açık Veri Portalı
assembly:kaggle:1987:38.368817423493:27.108463416992,assembly,Emergency Assembly Area,4 NO LU AFET VE ACİL DURUM TOPLANMA ALANI,38.368817423493,27.108463416992,,,,,,,2026-09-20T07:31:27.118Z,COMPLETE_FOR_MAPPABLE_ROWS,compact-proximity-endpoint,Afet toplanma alanları,https://acikveri.bizizmir.com/dataset/afet-ve-acil-durum-toplanma-alanlari,CC BY 4.0,İzmir Büyükşehir Belediyesi Açık Veri Portalı
assembly:kaggle:1988:38.372270350709:27.114120161681,assembly,Emergency Assembly Area,4 NO LU AFET VE ACİL DURUM TOPLANMA ALANI,38.372270350709,27.114120161681,,,,,,,2026-09-20T07:31:27.118Z,COMPLETE_FOR_MAPPABLE_ROWS,compact-proximity-endpoint,Afet toplanma alanları,https://acikveri.bizizmir.com/dataset/afet-ve-acil-durum-toplanma-alanlari,CC BY 4.0,İzmir Büyükşehir Belediyesi Açık Veri Portalı
assembly:kaggle:1989:38.327402389292:26.387902381986,assembly,Emergency Assembly Area,4 NO LU AFET VE ACİL DURUM TOPLANMA ALANI,38.327402389292,26.387902381986,,,,,,,2026-09-20T07:31:27.118Z,COMPLETE_FOR_MAPPABLE_ROWS,compact-proximity-endpoint,Afet toplanma alanları,https://acikveri.bizizmir.com/dataset/afet-ve-acil-durum-toplanma-alanlari,CC BY 4.0,İzmir Büyükşehir Belediyesi Açık Veri Portalı
assembly:kaggle:1990:38.242843876298:27.262571855889,assembly,Emergency Assembly Area,4 NO LU AFET VE ACİL DURUM TOPLANMA ALANI,38.242843876298,27.262571855889,,,,,,,2026-09-20T07:31:27.118Z,COMPLETE_FOR_MAPPABLE_ROWS,compact-proximity-endpoint,Afet toplanma alanları,https://acikveri.bizizmir.com/dataset/afet-ve-acil-durum-toplanma-alanlari,CC BY 4.0,İzmir Büyükşehir Belediyesi Açık Veri Portalı
assembly:kaggle:1991:38.329532163043:26.765635975612,assembly,Emergency Assembly Area,4 NO LU AFET VE ACİL DURUM TOPLANMA ALANI,38.329532163043,26.765635975612,,,,,,,2026-09-20T07:31:27.118Z,COMPLETE_FOR_MAPPABLE_ROWS,compact-proximity-endpoint,Afet toplanma alanları,https://acikveri.bizizmir.com/dataset/afet-ve-acil-durum-toplanma-alanlari,CC BY 4.0,İzmir Büyükşehir Belediyesi Açık Veri Portalı
assembly:kaggle:1992:38.498888151276:27.065333489338,assembly,Emergency Assembly Area,4 NO LU AFET VE ACİL DURUM TOPLANMA ALANI,38.498888151276,27.065333489338,,,,,,,2026-09-20T07:31:27.118Z,COMPLETE_FOR_MAPPABLE_ROWS,compact-proximity-endpoint,Afet toplanma alanları,https://acikveri.bizizmir.com/dataset/afet-ve-acil-durum-toplanma-alanlari,CC BY 4.0,İzmir Büyükşehir Belediyesi Açık Veri Portalı
assembly:kaggle:1993:38.452436041744:27.106939787976,assembly,Emergency Assembly Area,4 NO LU AFET VE ACİL DURUM TOPLANMA ALANI,38.452436041744,27.106939787976,,,,,,,2026-09-20T07:31:27.118Z,COMPLETE_FOR_MAPPABLE_ROWS,compact-proximity-endpoint,Afet toplanma alanları,https://acikveri.bizizmir.com/dataset/afet-ve-acil-durum-toplanma-alanlari,CC BY 4.0,İzmir Büyükşehir Belediyesi Açık Veri Portalı
assembly:kaggle:1994:38.365831246282:27.145348976006,assembly,Emergency Assembly Area,4 NO LU AFET VE ACİL DURUM TOPLANMA ALANI,38.365831246282,27.145348976006,,,,,,,2026-09-20T07:31:27.118Z,COMPLETE_FOR_MAPPABLE_ROWS,compact-proximity-endpoint,Afet toplanma alanları,https://acikveri.bizizmir.com/dataset/afet-ve-acil-durum-toplanma-alanlari,CC BY 4.0,İzmir Büyükşehir Belediyesi Açık Veri Portalı
assembly:kaggle:1995:38.462958727988:27.089044160584,assembly,Emergency Assembly Area,4 NO LU AFET VE ACİL DURUM TOPLANMA ALANI,38.462958727988,27.089044160584,,,,,,,2026-09-20T07:31:27.118Z,COMPLETE_FOR_MAPPABLE_ROWS,compact-proximity-endpoint,Afet toplanma alanları,https://acikveri.bizizmir.com/dataset/afet-ve-acil-durum-toplanma-alanlari,CC BY 4.0,İzmir Büyükşehir Belediyesi Açık Veri Portalı
assembly:kaggle:1996:38.095436824237:27.72922046804,assembly,Emergency Assembly Area,4 NO LU AFET VE ACİL DURUM TOPLANMA ALANI,38.095436824237,27.72922046804,,,,,,,2026-09-20T07:31:27.118Z,COMPLETE_FOR_MAPPABLE_ROWS,compact-proximity-endpoint,Afet toplanma alanları,https://acikveri.bizizmir.com/dataset/afet-ve-acil-durum-toplanma-alanlari,CC BY 4.0,İzmir Büyükşehir Belediyesi Açık Veri Portalı
assembly:kaggle:1997:38.461077340829:27.484614384088,assembly,Emergency Assembly Area,4 NO LU AFET VE ACİL DURUM TOPLANMA ALANI,38.461077340829,27.484614384088,,,,,,,2026-09-20T07:31:27.118Z,COMPLETE_FOR_MAPPABLE_ROWS,compact-proximity-endpoint,Afet toplanma alanları,https://acikveri.bizizmir.com/dataset/afet-ve-acil-durum-toplanma-alanlari,CC BY 4.0,İzmir Büyükşehir Belediyesi Açık Veri Portalı
assembly:kaggle:1998:38.36963307436:26.847024446873,assembly,Emergency Assembly Area,4 NO LU AFET VE ACİL DURUM TOPLANMA ALANI,38.36963307436,26.847024446873,,,,,,,2026-09-20T07:31:27.118Z,COMPLETE_FOR_MAPPABLE_ROWS,compact-proximity-endpoint,Afet toplanma alanları,https://acikveri.bizizmir.com/dataset/afet-ve-acil-durum-toplanma-alanlari,CC BY 4.0,İzmir Büyükşehir Belediyesi Açık Veri Portalı
assembly:kaggle:1999:38.483898785026:27.118902327164,assembly,Emergency Assembly Area,4 NO LU AFET VE ACİL DURUM TOPLANMA ALANI,38.483898785026,27.118902327164,,,,,,,2026-09-20T07:31:27.118Z,COMPLETE_FOR_MAPPABLE_ROWS,compact-proximity-endpoint,Afet toplanma alanları,https://acikveri.bizizmir.com/dataset/afet-ve-acil-durum-toplanma-alanlari,CC BY 4.0,İzmir Büyükşehir Belediyesi Açık Veri Portalı
assembly:kaggle:2000:38.403002226552:26.483136277009,assembly,Emergency Assembly Area,4 NO LU AFET VE ACİL DURUM TOPLANMA ALANI,38.403002226552,26.483136277009,,,,,,,2026-09-20T07:31:27.118Z,COMPLETE_FOR_MAPPABLE_ROWS,compact-proximity-endpoint,Afet toplanma alanları,https://acikveri.bizizmir.com/dataset/afet-ve-acil-durum-toplanma-alanlari,CC BY 4.0,İzmir Büyükşehir Belediyesi Açık Veri Portalı
assembly:kaggle:2001:38.504410771304:27.058668223572,assembly,Emergency Assembly Area,4 NO LU AFET VE ACİL DURUM TOPLANMA ALANI,38.504410771304,27.058668223572,,,,,,,2026-09-20T07:31:27.118Z,COMPLETE_FOR_MAPPABLE_ROWS,compact-proximity-endpoint,Afet toplanma alanları,https://acikveri.bizizmir.com/dataset/afet-ve-acil-durum-toplanma-alanlari,CC BY 4.0,İzmir Büyükşehir Belediyesi Açık Veri Portalı
assembly:kaggle:2002:38.463840825722:27.112336346258,assembly,Emergency Assembly Area,4 NO LU AFET VE ACİL DURUM TOPLANMA ALANI,38.463840825722,27.112336346258,,,,,,,2026-09-20T07:31:27.118Z,COMPLETE_FOR_MAPPABLE_ROWS,compact-proximity-endpoint,Afet toplanma alanları,https://acikveri.bizizmir.com/dataset/afet-ve-acil-durum-toplanma-alanlari,CC BY 4.0,İzmir Büyükşehir Belediyesi Açık Veri Portalı
assembly:kaggle:2003:38.383073474597:26.756323297375,assembly,Emergency Assembly Area,4 NO LU AFET VE ACİL DURUM TOPLANMA ALANI,38.383073474597,26.756323297375,,,,,,,2026-09-20T07:31:27.118Z,COMPLETE_FOR_MAPPABLE_ROWS,compact-proximity-endpoint,Afet toplanma alanları,https://acikveri.bizizmir.com/dataset/afet-ve-acil-durum-toplanma-alanlari,CC BY 4.0,İzmir Büyükşehir Belediyesi Açık Veri Portalı
assembly:kaggle:2004:38.396746884071:26.72881467505,assembly,Emergency Assembly Area,4 NO LU AFET VE ACİL DURUM TOPLANMA ALANI,38.396746884071,26.72881467505,,,,,,,2026-09-20T07:31:27.118Z,COMPLETE_FOR_MAPPABLE_ROWS,compact-proximity-endpoint,Afet toplanma alanları,https://acikveri.bizizmir.com/dataset/afet-ve-acil-durum-toplanma-alanlari,CC BY 4.0,İzmir Büyükşehir Belediyesi Açık Veri Portalı
assembly:kaggle:2005:38.364466957352:26.706696007079,assembly,Emergency Assembly Area,4 NO LU AFET VE ACİL DURUM TOPLANMA ALANI,38.364466957352,26.706696007079,,,,,,,2026-09-20T07:31:27.118Z,COMPLETE_FOR_MAPPABLE_ROWS,compact-proximity-endpoint,Afet toplanma alanları,https://acikveri.bizizmir.com/dataset/afet-ve-acil-durum-toplanma-alanlari,CC BY 4.0,İzmir Büyükşehir Belediyesi Açık Veri Portalı
assembly:kaggle:2006:38.327857313787:26.772019603979,assembly,Emergency Assembly Area,4 NO LU AFET VE ACİL DURUM TOPLANMA ALANI,38.327857313787,26.772019603979,,,,,,,2026-09-20T07:31:27.118Z,COMPLETE_FOR_MAPPABLE_ROWS,compact-proximity-endpoint,Afet toplanma alanları,https://acikveri.bizizmir.com/dataset/afet-ve-acil-durum-toplanma-alanlari,CC BY 4.0,İzmir Büyükşehir Belediyesi Açık Veri Portalı
assembly:kaggle:2007:38.469385002569:27.077864758067,assembly,Emergency Assembly Area,4 NO LU AFET VE ACİL DURUM TOPLANMA ALANI,38.469385002569,27.077864758067,,,,,,,2026-09-20T07:31:27.118Z,COMPLETE_FOR_MAPPABLE_ROWS,compact-proximity-endpoint,Afet toplanma alanları,https://acikveri.bizizmir.com/dataset/afet-ve-acil-durum-toplanma-alanlari,CC BY 4.0,İzmir Büyükşehir Belediyesi Açık Veri Portalı
assembly:kaggle:2008:38.556058605779:27.045581701817,assembly,Emergency Assembly Area,4 NO LU AFET VE ACİL DURUM TOPLANMA ALANI,38.556058605779,27.045581701817,,,,,,,2026-09-20T07:31:27.118Z,COMPLETE_FOR_MAPPABLE_ROWS,compact-proximity-endpoint,Afet toplanma alanları,https://acikveri.bizizmir.com/dataset/afet-ve-acil-durum-toplanma-alanlari,CC BY 4.0,İzmir Büyükşehir Belediyesi Açık Veri Portalı
assembly:kaggle:2009:38.611339345474:27.071207304621,assembly,Emergency Assembly Area,4 NO LU AFET VE ACİL DURUM TOPLANMA ALANI,38.611339345474,27.071207304621,,,,,,,2026-09-20T07:31:27.118Z,COMPLETE_FOR_MAPPABLE_ROWS,compact-proximity-endpoint,Afet toplanma alanları,https://acikveri.bizizmir.com/dataset/afet-ve-acil-durum-toplanma-alanlari,CC BY 4.0,İzmir Büyükşehir Belediyesi Açık Veri Portalı
assembly:kaggle:2010:38.151040283954:27.355783663798,assembly,Emergency Assembly Area,4 NO LU AFET VE ACİL DURUM TOPLANMA ALANI,38.151040283954,27.355783663798,,,,,,,2026-09-20T07:31:27.118Z,COMPLETE_FOR_MAPPABLE_ROWS,compact-proximity-endpoint,Afet toplanma alanları,https://acikveri.bizizmir.com/dataset/afet-ve-acil-durum-toplanma-alanlari,CC BY 4.0,İzmir Büyükşehir Belediyesi Açık Veri Portalı
assembly:kaggle:2011:38.392904510473:27.091855220904,assembly,Emergency Assembly Area,4 NO LU AFET VE ACİL DURUM TOPLANMA ALANI,38.392904510473,27.091855220904,,,,,,,2026-09-20T07:31:27.118Z,COMPLETE_FOR_MAPPABLE_ROWS,compact-proximity-endpoint,Afet toplanma alanları,https://acikveri.bizizmir.com/dataset/afet-ve-acil-durum-toplanma-alanlari,CC BY 4.0,İzmir Büyükşehir Belediyesi Açık Veri Portalı
assembly:kaggle:2012:38.502611939799:27.074238372642,assembly,Emergency Assembly Area,4 NO LU AFET VE ACİL DURUM TOPLANMA ALANI,38.502611939799,27.074238372642,,,,,,,2026-09-20T07:31:27.118Z,COMPLETE_FOR_MAPPABLE_ROWS,compact-proximity-endpoint,Afet toplanma alanları,https://acikveri.bizizmir.com/dataset/afet-ve-acil-durum-toplanma-alanlari,CC BY 4.0,İzmir Büyükşehir Belediyesi Açık Veri Portalı
assembly:kaggle:2013:38.427196617384:27.415896584852,assembly,Emergency Assembly Area,4 NO LU AFET VE ACİL DURUM TOPLANMA ALANI,38.427196617384,27.415896584852,,,,,,,2026-09-20T07:31:27.118Z,COMPLETE_FOR_MAPPABLE_ROWS,compact-proximity-endpoint,Afet toplanma alanları,https://acikveri.bizizmir.com/dataset/afet-ve-acil-durum-toplanma-alanlari,CC BY 4.0,İzmir Büyükşehir Belediyesi Açık Veri Portalı
assembly:kaggle:2014:38.426532637162:27.426775571631,assembly,Emergency Assembly Area,4 NO LU AFET VE ACİL DURUM TOPLANMA ALANI,38.426532637162,27.426775571631,,,,,,,2026-09-20T07:31:27.118Z,COMPLETE_FOR_MAPPABLE_ROWS,compact-proximity-endpoint,Afet toplanma alanları,https://acikveri.bizizmir.com/dataset/afet-ve-acil-durum-toplanma-alanlari,CC BY 4.0,İzmir Büyükşehir Belediyesi Açık Veri Portalı
assembly:kaggle:2015:38.324835225957:26.31811702296,assembly,Emergency Assembly Area,4 NO LU AFET VE ACİL DURUM TOPLANMA ALANI,38.324835225957,26.31811702296,,,,,,,2026-09-20T07:31:27.118Z,COMPLETE_FOR_MAPPABLE_ROWS,compact-proximity-endpoint,Afet toplanma alanları,https://acikveri.bizizmir.com/dataset/afet-ve-acil-durum-toplanma-alanlari,CC BY 4.0,İzmir Büyükşehir Belediyesi Açık Veri Portalı
assembly:kaggle:2016:38.499433945352:27.08386209622,assembly,Emergency Assembly Area,4 NO LU AFET VE ACİL DURUM TOPLANMA ALANI,38.499433945352,27.08386209622,,,,,,,2026-09-20T07:31:27.118Z,COMPLETE_FOR_MAPPABLE_ROWS,compact-proximity-endpoint,Afet toplanma alanları,https://acikveri.bizizmir.com/dataset/afet-ve-acil-durum-toplanma-alanlari,CC BY 4.0,İzmir Büyükşehir Belediyesi Açık Veri Portalı
assembly:kaggle:2017:38.484822543655:27.071985358737,assembly,Emergency Assembly Area,4 NO LU AFET VE ACİL DURUM TOPLANMA ALANI,38.484822543655,27.071985358737,,,,,,,2026-09-20T07:31:27.118Z,COMPLETE_FOR_MAPPABLE_ROWS,compact-proximity-endpoint,Afet toplanma alanları,https://acikveri.bizizmir.com/dataset/afet-ve-acil-durum-toplanma-alanlari,CC BY 4.0,İzmir Büyükşehir Belediyesi Açık Veri Portalı
assembly:kaggle:2018:38.518785245886:27.056804072865,assembly,Emergency Assembly Area,4 NO LU AFET VE ACİL DURUM TOPLANMA ALANI,38.518785245886,27.056804072865,,,,,,,2026-09-20T07:31:27.118Z,COMPLETE_FOR_MAPPABLE_ROWS,compact-proximity-endpoint,Afet toplanma alanları,https://acikveri.bizizmir.com/dataset/afet-ve-acil-durum-toplanma-alanlari,CC BY 4.0,İzmir Büyükşehir Belediyesi Açık Veri Portalı
assembly:kaggle:2019:38.497024079175:27.054797827882,assembly,Emergency Assembly Area,4 NO LU AFET VE ACİL DURUM TOPLANMA ALANI,38.497024079175,27.054797827882,,,,,,,2026-09-20T07:31:27.118Z,COMPLETE_FOR_MAPPABLE_ROWS,compact-proximity-endpoint,Afet toplanma alanları,https://acikveri.bizizmir.com/dataset/afet-ve-acil-durum-toplanma-alanlari,CC BY 4.0,İzmir Büyükşehir Belediyesi Açık Veri Portalı
assembly:kaggle:2020:38.355230536202:26.459286282529,assembly,Emergency Assembly Area,4 NO LU AFET VE ACİL DURUM TOPLANMA ALANI,38.355230536202,26.459286282529,,,,,,,2026-09-20T07:31:27.118Z,COMPLETE_FOR_MAPPABLE_ROWS,compact-proximity-endpoint,Afet toplanma alanları,https://acikveri.bizizmir.com/dataset/afet-ve-acil-durum-toplanma-alanlari,CC BY 4.0,İzmir Büyükşehir Belediyesi Açık Veri Portalı
assembly:kaggle:2021:38.378565975152:27.152193917769,assembly,Emergency Assembly Area,4 NO LU AFET VE ACİL DURUM TOPLANMA ALANI,38.378565975152,27.152193917769,,,,,,,2026-09-20T07:31:27.118Z,COMPLETE_FOR_MAPPABLE_ROWS,compact-proximity-endpoint,Afet toplanma alanları,https://acikveri.bizizmir.com/dataset/afet-ve-acil-durum-toplanma-alanlari,CC BY 4.0,İzmir Büyükşehir Belediyesi Açık Veri Portalı
assembly:kaggle:2022:38.380870444829:27.16230042698,assembly,Emergency Assembly Area,4 NO LU AFET VE ACİL DURUM TOPLANMA ALANI,38.380870444829,27.16230042698,,,,,,,2026-09-20T07:31:27.118Z,COMPLETE_FOR_MAPPABLE_ROWS,compact-proximity-endpoint,Afet toplanma alanları,https://acikveri.bizizmir.com/dataset/afet-ve-acil-durum-toplanma-alanlari,CC BY 4.0,İzmir Büyükşehir Belediyesi Açık Veri Portalı
assembly:kaggle:2023:38.381564032451:26.918118702202,assembly,Emergency Assembly Area,4 NO LU AFET VE ACİL DURUM TOPLANMA ALANI,38.381564032451,26.918118702202,,,,,,,2026-09-20T07:31:27.118Z,COMPLETE_FOR_MAPPABLE_ROWS,compact-proximity-endpoint,Afet toplanma alanları,https://acikveri.bizizmir.com/dataset/afet-ve-acil-durum-toplanma-alanlari,CC BY 4.0,İzmir Büyükşehir Belediyesi Açık Veri Portalı
assembly:kaggle:2024:38.37084468812:27.17824341455,assembly,Emergency Assembly Area,4 NO LU AFET VE ACİL DURUM TOPLANMA ALANI,38.37084468812,27.17824341455,,,,,,,2026-09-20T07:31:27.118Z,COMPLETE_FOR_MAPPABLE_ROWS,compact-proximity-endpoint,Afet toplanma alanları,https://acikveri.bizizmir.com/dataset/afet-ve-acil-durum-toplanma-alanlari,CC BY 4.0,İzmir Büyükşehir Belediyesi Açık Veri Portalı
assembly:kaggle:2025:38.481723609949:27.137795717251,assembly,Emergency Assembly Area,4 NO LU AFET VE ACİL DURUM TOPLANMA ALANI,38.481723609949,27.137795717251,,,,,,,2026-09-20T07:31:27.118Z,COMPLETE_FOR_MAPPABLE_ROWS,compact-proximity-endpoint,Afet toplanma alanları,https://acikveri.bizizmir.com/dataset/afet-ve-acil-durum-toplanma-alanlari,CC BY 4.0,İzmir Büyükşehir Belediyesi Açık Veri Portalı
assembly:kaggle:2026:38.376559748575:26.890556469044,assembly,Emergency Assembly Area,4 NO LU AFET VE ACİL DURUM TOPLANMA ALANI,38.376559748575,26.890556469044,,,,,,,2026-09-20T07:31:27.118Z,COMPLETE_FOR_MAPPABLE_ROWS,compact-proximity-endpoint,Afet toplanma alanları,https://acikveri.bizizmir.com/dataset/afet-ve-acil-durum-toplanma-alanlari,CC BY 4.0,İzmir Büyükşehir Belediyesi Açık Veri Portalı
assembly:kaggle:2027:38.33922926637:26.865891063864,assembly,Emergency Assembly Area,4 NO LU AFET VE ACİL DURUM TOPLANMA ALANI,38.33922926637,26.865891063864,,,,,,,2026-09-20T07:31:27.118Z,COMPLETE_FOR_MAPPABLE_ROWS,compact-proximity-endpoint,Afet toplanma alanları,https://acikveri.bizizmir.com/dataset/afet-ve-acil-durum-toplanma-alanlari,CC BY 4.0,İzmir Büyükşehir Belediyesi Açık Veri Portalı
assembly:kaggle:2028:38.369246460698:27.148299385425,assembly,Emergency Assembly Area,4 NO LU AFET VE ACİL DURUM TOPLANMA ALANI,38.369246460698,27.148299385425,,,,,,,2026-09-20T07:31:27.118Z,COMPLETE_FOR_MAPPABLE_ROWS,compact-proximity-endpoint,Afet toplanma alanları,https://acikveri.bizizmir.com/dataset/afet-ve-acil-durum-toplanma-alanlari,CC BY 4.0,İzmir Büyükşehir Belediyesi Açık Veri Portalı
assembly:kaggle:2029:38.396024121107:27.068563028837,assembly,Emergency Assembly Area,4 NO LU AFET VE ACİL DURUM TOPLANMA ALANI,38.396024121107,27.068563028837,,,,,,,2026-09-20T07:31:27.118Z,COMPLETE_FOR_MAPPABLE_ROWS,compact-proximity-endpoint,Afet toplanma alanları,https://acikveri.bizizmir.com/dataset/afet-ve-acil-durum-toplanma-alanlari,CC BY 4.0,İzmir Büyükşehir Belediyesi Açık Veri Portalı
assembly:kaggle:2030:38.464126436227:27.101983070492,assembly,Emergency Assembly Area,4 NO LU AFET VE ACİL DURUM TOPLANMA ALANI,38.464126436227,27.101983070492,,,,,,,2026-09-20T07:31:27.118Z,COMPLETE_FOR_MAPPABLE_ROWS,compact-proximity-endpoint,Afet toplanma alanları,https://acikveri.bizizmir.com/dataset/afet-ve-acil-durum-toplanma-alanlari,CC BY 4.0,İzmir Büyükşehir Belediyesi Açık Veri Portalı
assembly:kaggle:2031:38.601446226354:27.090342106203,assembly,Emergency Assembly Area,4 NO LU AFET VE ACİL DURUM TOPLANMA ALANI,38.601446226354,27.090342106203,,,,,,,2026-09-20T07:31:27.118Z,COMPLETE_FOR_MAPPABLE_ROWS,compact-proximity-endpoint,Afet toplanma alanları,https://acikveri.bizizmir.com/dataset/afet-ve-acil-durum-toplanma-alanlari,CC BY 4.0,İzmir Büyükşehir Belediyesi Açık Veri Portalı
assembly:kaggle:2032:38.460186535309:27.191890276068,assembly,Emergency Assembly Area,4 NO LU AFET VE ACİL DURUM TOPLANMA ALANI,38.460186535309,27.191890276068,,,,,,,2026-09-20T07:31:27.118Z,COMPLETE_FOR_MAPPABLE_ROWS,compact-proximity-endpoint,Afet toplanma alanları,https://acikveri.bizizmir.com/dataset/afet-ve-acil-durum-toplanma-alanlari,CC BY 4.0,İzmir Büyükşehir Belediyesi Açık Veri Portalı
assembly:kaggle:2033:38.383872867328:27.169402875939,assembly,Emergency Assembly Area,4 NO LU AFET VE ACİL DURUM TOPLANMA ALANI,38.383872867328,27.169402875939,,,,,,,2026-09-20T07:31:27.118Z,COMPLETE_FOR_MAPPABLE_ROWS,compact-proximity-endpoint,Afet toplanma alanları,https://acikveri.bizizmir.com/dataset/afet-ve-acil-durum-toplanma-alanlari,CC BY 4.0,İzmir Büyükşehir Belediyesi Açık Veri Portalı
assembly:kaggle:2034:38.491935338479:26.949430461676,assembly,Emergency Assembly Area,4 NO LU AFET VE ACİL DURUM TOPLANMA ALANI,38.491935338479,26.949430461676,,,,,,,2026-09-20T07:31:27.118Z,COMPLETE_FOR_MAPPABLE_ROWS,compact-proximity-endpoint,Afet toplanma alanları,https://acikveri.bizizmir.com/dataset/afet-ve-acil-durum-toplanma-alanlari,CC BY 4.0,İzmir Büyükşehir Belediyesi Açık Veri Portalı
assembly:kaggle:2035:38.464638889846:27.119170579468,assembly,Emergency Assembly Area,4 NO LU AFET VE ACİL DURUM TOPLANMA ALANI,38.464638889846,27.119170579468,,,,,,,2026-09-20T07:31:27.118Z,COMPLETE_FOR_MAPPABLE_ROWS,compact-proximity-endpoint,Afet toplanma alanları,https://acikveri.bizizmir.com/dataset/afet-ve-acil-durum-toplanma-alanlari,CC BY 4.0,İzmir Büyükşehir Belediyesi Açık Veri Portalı
assembly:kaggle:2036:38.494857716168:27.091361523188,assembly,Emergency Assembly Area,4 NO LU AFET VE ACİL DURUM TOPLANMA ALANI,38.494857716168,27.091361523188,,,,,,,2026-09-20T07:31:27.118Z,COMPLETE_FOR_MAPPABLE_ROWS,compact-proximity-endpoint,Afet toplanma alanları,https://acikveri.bizizmir.com/dataset/afet-ve-acil-durum-toplanma-alanlari,CC BY 4.0,İzmir Büyükşehir Belediyesi Açık Veri Portalı
assembly:kaggle:2037:38.417631407124:27.632231777188,assembly,Emergency Assembly Area,4 NO LU AFET VE ACİL DURUM TOPLANMA ALANI,38.417631407124,27.632231777188,,,,,,,2026-09-20T07:31:27.118Z,COMPLETE_FOR_MAPPABLE_ROWS,compact-proximity-endpoint,Afet toplanma alanları,https://acikveri.bizizmir.com/dataset/afet-ve-acil-durum-toplanma-alanlari,CC BY 4.0,İzmir Büyükşehir Belediyesi Açık Veri Portalı
assembly:kaggle:2038:38.479439390615:27.356984753335,assembly,Emergency Assembly Area,4 NO LU AFET VE ACİL DURUM TOPLANMA ALANI,38.479439390615,27.356984753335,,,,,,,2026-09-20T07:31:27.118Z,COMPLETE_FOR_MAPPABLE_ROWS,compact-proximity-endpoint,Afet toplanma alanları,https://acikveri.bizizmir.com/dataset/afet-ve-acil-durum-toplanma-alanlari,CC BY 4.0,İzmir Büyükşehir Belediyesi Açık Veri Portalı
assembly:kaggle:2039:38.163509031643:27.352393348583,assembly,Emergency Assembly Area,4 NO LU AFET VE ACİL DURUM TOPLANMA ALANI,38.163509031643,27.352393348583,,,,,,,2026-09-20T07:31:27.118Z,COMPLETE_FOR_MAPPABLE_ROWS,compact-proximity-endpoint,Afet toplanma alanları,https://acikveri.bizizmir.com/dataset/afet-ve-acil-durum-toplanma-alanlari,CC BY 4.0,İzmir Büyükşehir Belediyesi Açık Veri Portalı
assembly:kaggle:2040:38.352993030135:26.871947437349,assembly,Emergency Assembly Area,4 NO LU AFET VE ACİL DURUM TOPLANMA ALANI,38.352993030135,26.871947437349,,,,,,,2026-09-20T07:31:27.118Z,COMPLETE_FOR_MAPPABLE_ROWS,compact-proximity-endpoint,Afet toplanma alanları,https://acikveri.bizizmir.com/dataset/afet-ve-acil-durum-toplanma-alanlari,CC BY 4.0,İzmir Büyükşehir Belediyesi Açık Veri Portalı
assembly:kaggle:2041:38.363412335247:26.766408387733,assembly,Emergency Assembly Area,4 NO LU AFET VE ACİL DURUM TOPLANMA ALANI,38.363412335247,26.766408387733,,,,,,,2026-09-20T07:31:27.118Z,COMPLETE_FOR_MAPPABLE_ROWS,compact-proximity-endpoint,Afet toplanma alanları,https://acikveri.bizizmir.com/dataset/afet-ve-acil-durum-toplanma-alanlari,CC BY 4.0,İzmir Büyükşehir Belediyesi Açık Veri Portalı
assembly:kaggle:2042:39.082013833634:26.88815733083,assembly,Emergency Assembly Area,4 NO LU AFET VE ACİL DURUM TOPLANMA ALANI,39.082013833634,26.88815733083,,,,,,,2026-09-20T07:31:27.118Z,COMPLETE_FOR_MAPPABLE_ROWS,compact-proximity-endpoint,Afet toplanma alanları,https://acikveri.bizizmir.com/dataset/afet-ve-acil-durum-toplanma-alanlari,CC BY 4.0,İzmir Büyükşehir Belediyesi Açık Veri Portalı
assembly:kaggle:2043:38.427028520212:27.417162581488,assembly,Emergency Assembly Area,4 NO LU AFET VE ACİL DURUM TOPLANMA ALANI,38.427028520212,27.417162581488,,,,,,,2026-09-20T07:31:27.118Z,COMPLETE_FOR_MAPPABLE_ROWS,compact-proximity-endpoint,Afet toplanma alanları,https://acikveri.bizizmir.com/dataset/afet-ve-acil-durum-toplanma-alanlari,CC BY 4.0,İzmir Büyükşehir Belediyesi Açık Veri Portalı
assembly:kaggle:2044:38.379945250954:27.109815224735,assembly,Emergency Assembly Area,4 NO LU AFET VE ACİL DURUM TOPLANMA ALANI,38.379945250954,27.109815224735,,,,,,,2026-09-20T07:31:27.118Z,COMPLETE_FOR_MAPPABLE_ROWS,compact-proximity-endpoint,Afet toplanma alanları,https://acikveri.bizizmir.com/dataset/afet-ve-acil-durum-toplanma-alanlari,CC BY 4.0,İzmir Büyükşehir Belediyesi Açık Veri Portalı
assembly:kaggle:2045:38.395288305738:27.007779113058,assembly,Emergency Assembly Area,4 NO LU AFET VE ACİL DURUM TOPLANMA ALANI,38.395288305738,27.007779113058,,,,,,,2026-09-20T07:31:27.118Z,COMPLETE_FOR_MAPPABLE_ROWS,compact-proximity-endpoint,Afet toplanma alanları,https://acikveri.bizizmir.com/dataset/afet-ve-acil-durum-toplanma-alanlari,CC BY 4.0,İzmir Büyükşehir Belediyesi Açık Veri Portalı
assembly:kaggle:2046:38.389755217495:27.006153712038,assembly,Emergency Assembly Area,4 NO LU AFET VE ACİL DURUM TOPLANMA ALANI,38.389755217495,27.006153712038,,,,,,,2026-09-20T07:31:27.118Z,COMPLETE_FOR_MAPPABLE_ROWS,compact-proximity-endpoint,Afet toplanma alanları,https://acikveri.bizizmir.com/dataset/afet-ve-acil-durum-toplanma-alanlari,CC BY 4.0,İzmir Büyükşehir Belediyesi Açık Veri Portalı
assembly:kaggle:2047:38.49081025145:27.108827988407,assembly,Emergency Assembly Area,4 NO LU AFET VE ACİL DURUM TOPLANMA ALANI,38.49081025145,27.108827988407,,,,,,,2026-09-20T07:31:27.118Z,COMPLETE_FOR_MAPPABLE_ROWS,compact-proximity-endpoint,Afet toplanma alanları,https://acikveri.bizizmir.com/dataset/afet-ve-acil-durum-toplanma-alanlari,CC BY 4.0,İzmir Büyükşehir Belediyesi Açık Veri Portalı
assembly:kaggle:2048:39.091749262694:27.342371127235,assembly,Emergency Assembly Area,4 NO LU AFET VE ACİL DURUM TOPLANMA ALANI,39.091749262694,27.342371127235,,,,,,,2026-09-20T07:31:27.118Z,COMPLETE_FOR_MAPPABLE_ROWS,compact-proximity-endpoint,Afet toplanma alanları,https://acikveri.bizizmir.com/dataset/afet-ve-acil-durum-toplanma-alanlari,CC BY 4.0,İzmir Büyükşehir Belediyesi Açık Veri Portalı
assembly:kaggle:2049:38.367277804508:26.863981291459,assembly,Emergency Assembly Area,4 NO LU AFET VE ACİL DURUM TOPLANMA ALANI,38.367277804508,26.863981291459,,,,,,,2026-09-20T07:31:27.118Z,COMPLETE_FOR_MAPPABLE_ROWS,compact-proximity-endpoint,Afet toplanma alanları,https://acikveri.bizizmir.com/dataset/afet-ve-acil-durum-toplanma-alanlari,CC BY 4.0,İzmir Büyükşehir Belediyesi Açık Veri Portalı
assembly:kaggle:2050:38.408812900535:27.583158338024,assembly,Emergency Assembly Area,4 NO LU AFET VE ACİL DURUM TOPLANMA ALANI,38.408812900535,27.583158338024,,,,,,,2026-09-20T07:31:27.118Z,COMPLETE_FOR_MAPPABLE_ROWS,compact-proximity-endpoint,Afet toplanma alanları,https://acikveri.bizizmir.com/dataset/afet-ve-acil-durum-toplanma-alanlari,CC BY 4.0,İzmir Büyükşehir Belediyesi Açık Veri Portalı
assembly:kaggle:2051:38.413814970241:27.631695344018,assembly,Emergency Assembly Area,4 NO LU AFET VE ACİL DURUM TOPLANMA ALANI,38.413814970241,27.631695344018,,,,,,,2026-09-20T07:31:27.118Z,COMPLETE_FOR_MAPPABLE_ROWS,compact-proximity-endpoint,Afet toplanma alanları,https://acikveri.bizizmir.com/dataset/afet-ve-acil-durum-toplanma-alanlari,CC BY 4.0,İzmir Büyükşehir Belediyesi Açık Veri Portalı
assembly:kaggle:2052:38.49107893021:27.070107811045,assembly,Emergency Assembly Area,4 NO LU AFET VE ACİL DURUM TOPLANMA ALANI,38.49107893021,27.070107811045,,,,,,,2026-09-20T07:31:27.118Z,COMPLETE_FOR_MAPPABLE_ROWS,compact-proximity-endpoint,Afet toplanma alanları,https://acikveri.bizizmir.com/dataset/afet-ve-acil-durum-toplanma-alanlari,CC BY 4.0,İzmir Büyükşehir Belediyesi Açık Veri Portalı
assembly:kaggle:2053:38.360733308758:27.091619242317,assembly,Emergency Assembly Area,4 NO LU AFET VE ACİL DURUM TOPLANMA ALANI,38.360733308758,27.091619242317,,,,,,,2026-09-20T07:31:27.118Z,COMPLETE_FOR_MAPPABLE_ROWS,compact-proximity-endpoint,Afet toplanma alanları,https://acikveri.bizizmir.com/dataset/afet-ve-acil-durum-toplanma-alanlari,CC BY 4.0,İzmir Büyükşehir Belediyesi Açık Veri Portalı
assembly:kaggle:2054:38.215714860786:27.645498231097,assembly,Emergency Assembly Area,4 NO LU AFET VE ACİL DURUM TOPLANMA ALANI,38.215714860786,27.645498231097,,,,,,,2026-09-20T07:31:27.118Z,COMPLETE_FOR_MAPPABLE_ROWS,compact-proximity-endpoint,Afet toplanma alanları,https://acikveri.bizizmir.com/dataset/afet-ve-acil-durum-toplanma-alanlari,CC BY 4.0,İzmir Büyükşehir Belediyesi Açık Veri Portalı
assembly:kaggle:2055:38.468385509072:27.186096719619,assembly,Emergency Assembly Area,4 NO LU AFET VE ACİL DURUM TOPLANMA ALANI,38.468385509072,27.186096719619,,,,,,,2026-09-20T07:31:27.118Z,COMPLETE_FOR_MAPPABLE_ROWS,compact-proximity-endpoint,Afet toplanma alanları,https://acikveri.bizizmir.com/dataset/afet-ve-acil-durum-toplanma-alanlari,CC BY 4.0,İzmir Büyükşehir Belediyesi Açık Veri Portalı
assembly:kaggle:2056:38.377590375518:27.183843827695,assembly,Emergency Assembly Area,4 NO LU AFET VE ACİL DURUM TOPLANMA ALANI,38.377590375518,27.183843827695,,,,,,,2026-09-20T07:31:27.118Z,COMPLETE_FOR_MAPPABLE_ROWS,compact-proximity-endpoint,Afet toplanma alanları,https://acikveri.bizizmir.com/dataset/afet-ve-acil-durum-toplanma-alanlari,CC BY 4.0,İzmir Büyükşehir Belediyesi Açık Veri Portalı
assembly:kaggle:2057:38.49260732146:27.134169370217,assembly,Emergency Assembly Area,4 NO LU AFET VE ACİL DURUM TOPLANMA ALANI,38.49260732146,27.134169370217,,,,,,,2026-09-20T07:31:27.118Z,COMPLETE_FOR_MAPPABLE_ROWS,compact-proximity-endpoint,Afet toplanma alanları,https://acikveri.bizizmir.com/dataset/afet-ve-acil-durum-toplanma-alanlari,CC BY 4.0,İzmir Büyükşehir Belediyesi Açık Veri Portalı
assembly:kaggle:2058:38.289661253438:26.313138934372,assembly,Emergency Assembly Area,4 NO LU AFET VE ACİL DURUM TOPLANMA ALANI,38.289661253438,26.313138934372,,,,,,,2026-09-20T07:31:27.118Z,COMPLETE_FOR_MAPPABLE_ROWS,compact-proximity-endpoint,Afet toplanma alanları,https://acikveri.bizizmir.com/dataset/afet-ve-acil-durum-toplanma-alanlari,CC BY 4.0,İzmir Büyükşehir Belediyesi Açık Veri Portalı
assembly:kaggle:2059:38.325887427862:26.411017546002,assembly,Emergency Assembly Area,4 NO LU AFET VE ACİL DURUM TOPLANMA ALANI,38.325887427862,26.411017546002,,,,,,,2026-09-20T07:31:27.118Z,COMPLETE_FOR_MAPPABLE_ROWS,compact-proximity-endpoint,Afet toplanma alanları,https://acikveri.bizizmir.com/dataset/afet-ve-acil-durum-toplanma-alanlari,CC BY 4.0,İzmir Büyükşehir Belediyesi Açık Veri Portalı
assembly:kaggle:2060:38.272766909256:26.257735535289,assembly,Emergency Assembly Area,4 NO LU AFET VE ACİL DURUM TOPLANMA ALANI,38.272766909256,26.257735535289,,,,,,,2026-09-20T07:31:27.118Z,COMPLETE_FOR_MAPPABLE_ROWS,compact-proximity-endpoint,Afet toplanma alanları,https://acikveri.bizizmir.com/dataset/afet-ve-acil-durum-toplanma-alanlari,CC BY 4.0,İzmir Büyükşehir Belediyesi Açık Veri Portalı
assembly:kaggle:2061:38.463605674213:27.176344264181,assembly,Emergency Assembly Area,4 NO LU AFET VE ACİL DURUM TOPLANMA ALANI,38.463605674213,27.176344264181,,,,,,,2026-09-20T07:31:27.118Z,COMPLETE_FOR_MAPPABLE_ROWS,compact-proximity-endpoint,Afet toplanma alanları,https://acikveri.bizizmir.com/dataset/afet-ve-acil-durum-toplanma-alanlari,CC BY 4.0,İzmir Büyükşehir Belediyesi Açık Veri Portalı
assembly:kaggle:2062:38.292970649609:26.364787285291,assembly,Emergency Assembly Area,4 NO LU AFET VE ACİL DURUM TOPLANMA ALANI,38.292970649609,26.364787285291,,,,,,,2026-09-20T07:31:27.118Z,COMPLETE_FOR_MAPPABLE_ROWS,compact-proximity-endpoint,Afet toplanma alanları,https://acikveri.bizizmir.com/dataset/afet-ve-acil-durum-toplanma-alanlari,CC BY 4.0,İzmir Büyükşehir Belediyesi Açık Veri Portalı
assembly:kaggle:2063:38.391954322641:27.114975748763,assembly,Emergency Assembly Area,4 NO LU AFET VE ACİL DURUM TOPLANMA ALANI,38.391954322641,27.114975748763,,,,,,,2026-09-20T07:31:27.118Z,COMPLETE_FOR_MAPPABLE_ROWS,compact-proximity-endpoint,Afet toplanma alanları,https://acikveri.bizizmir.com/dataset/afet-ve-acil-durum-toplanma-alanlari,CC BY 4.0,İzmir Büyükşehir Belediyesi Açık Veri Portalı
assembly:kaggle:2064:38.49013002073:27.080654206094,assembly,Emergency Assembly Area,4 NO LU AFET VE ACİL DURUM TOPLANMA ALANI,38.49013002073,27.080654206094,,,,,,,2026-09-20T07:31:27.118Z,COMPLETE_FOR_MAPPABLE_ROWS,compact-proximity-endpoint,Afet toplanma alanları,https://acikveri.bizizmir.com/dataset/afet-ve-acil-durum-toplanma-alanlari,CC BY 4.0,İzmir Büyükşehir Belediyesi Açık Veri Portalı
assembly:kaggle:2065:38.256257220201:27.141014731981,assembly,Emergency Assembly Area,4 NO LU AFET VE ACİL DURUM TOPLANMA ALANI,38.256257220201,27.141014731981,,,,,,,2026-09-20T07:31:27.118Z,COMPLETE_FOR_MAPPABLE_ROWS,compact-proximity-endpoint,Afet toplanma alanları,https://acikveri.bizizmir.com/dataset/afet-ve-acil-durum-toplanma-alanlari,CC BY 4.0,İzmir Büyükşehir Belediyesi Açık Veri Portalı
assembly:kaggle:2066:38.461859070269:27.216350481102,assembly,Emergency Assembly Area,4 NO'LU AFET VE ACİL DURUM TOPLANMA ALANI,38.461859070269,27.216350481102,,,,,,,2026-09-20T07:31:27.118Z,COMPLETE_FOR_MAPPABLE_ROWS,compact-proximity-endpoint,Afet toplanma alanları,https://acikveri.bizizmir.com/dataset/afet-ve-acil-durum-toplanma-alanlari,CC BY 4.0,İzmir Büyükşehir Belediyesi Açık Veri Portalı
assembly:kaggle:2067:38.673109494017:26.756600391053,assembly,Emergency Assembly Area,4 NO'LU AFET VE ACİL DURUM TOPLANMA ALANI,38.673109494017,26.756600391053,,,,,,,2026-09-20T07:31:27.118Z,COMPLETE_FOR_MAPPABLE_ROWS,compact-proximity-endpoint,Afet toplanma alanları,https://acikveri.bizizmir.com/dataset/afet-ve-acil-durum-toplanma-alanlari,CC BY 4.0,İzmir Büyükşehir Belediyesi Açık Veri Portalı
assembly:kaggle:2068:39.090308073005:27.390296574112,assembly,Emergency Assembly Area,4 NO'LU AFET VE ACİL DURUM TOPLANMA ALANI,39.090308073005,27.390296574112,,,,,,,2026-09-20T07:31:27.118Z,COMPLETE_FOR_MAPPABLE_ROWS,compact-proximity-endpoint,Afet toplanma alanları,https://acikveri.bizizmir.com/dataset/afet-ve-acil-durum-toplanma-alanlari,CC BY 4.0,İzmir Büyükşehir Belediyesi Açık Veri Portalı
assembly:kaggle:2069:38.310127772038:27.13457214445,assembly,Emergency Assembly Area,4 NO'LU AFET VE ACİL DURUM TOPLANMA ALANI,38.310127772038,27.13457214445,,,,,,,2026-09-20T07:31:27.118Z,COMPLETE_FOR_MAPPABLE_ROWS,compact-proximity-endpoint,Afet toplanma alanları,https://acikveri.bizizmir.com/dataset/afet-ve-acil-durum-toplanma-alanlari,CC BY 4.0,İzmir Büyükşehir Belediyesi Açık Veri Portalı
assembly:kaggle:2070:37.94701392458:27.372198537335,assembly,Emergency Assembly Area,4 NO'LU AFET VE ACİL DURUM TOPLANMA ALANI,37.94701392458,27.372198537335,,,,,,,2026-09-20T07:31:27.118Z,COMPLETE_FOR_MAPPABLE_ROWS,compact-proximity-endpoint,Afet toplanma alanları,https://acikveri.bizizmir.com/dataset/afet-ve-acil-durum-toplanma-alanlari,CC BY 4.0,İzmir Büyükşehir Belediyesi Açık Veri Portalı
assembly:kaggle:2071:38.31829873029:27.135510125939,assembly,Emergency Assembly Area,4 NO'LU AFET VE ACİL DURUM TOPLANMA ALANI,38.31829873029,27.135510125939,,,,,,,2026-09-20T07:31:27.118Z,COMPLETE_FOR_MAPPABLE_ROWS,compact-proximity-endpoint,Afet toplanma alanları,https://acikveri.bizizmir.com/dataset/afet-ve-acil-durum-toplanma-alanlari,CC BY 4.0,İzmir Büyükşehir Belediyesi Açık Veri Portalı
assembly:kaggle:2072:37.942533779038:27.370161097579,assembly,Emergency Assembly Area,4 NO'LU AFET VE ACİL DURUM TOPLANMA ALANI,37.942533779038,27.370161097579,,,,,,,2026-09-20T07:31:27.118Z,COMPLETE_FOR_MAPPABLE_ROWS,compact-proximity-endpoint,Afet toplanma alanları,https://acikveri.bizizmir.com/dataset/afet-ve-acil-durum-toplanma-alanlari,CC BY 4.0,İzmir Büyükşehir Belediyesi Açık Veri Portalı
assembly:kaggle:2073:38.233479992511:27.975563071586,assembly,Emergency Assembly Area,4 NO'LU AFET VE ACİL DURUM TOPLANMA ALANI,38.233479992511,27.975563071586,,,,,,,2026-09-20T07:31:27.118Z,COMPLETE_FOR_MAPPABLE_ROWS,compact-proximity-endpoint,Afet toplanma alanları,https://acikveri.bizizmir.com/dataset/afet-ve-acil-durum-toplanma-alanlari,CC BY 4.0,İzmir Büyükşehir Belediyesi Açık Veri Portalı
assembly:kaggle:2074:37.956400752477:27.372111643004,assembly,Emergency Assembly Area,4 NO'LU AFET VE ACİL DURUM TOPLANMA ALANI,37.956400752477,27.372111643004,,,,,,,2026-09-20T07:31:27.118Z,COMPLETE_FOR_MAPPABLE_ROWS,compact-proximity-endpoint,Afet toplanma alanları,https://acikveri.bizizmir.com/dataset/afet-ve-acil-durum-toplanma-alanlari,CC BY 4.0,İzmir Büyükşehir Belediyesi Açık Veri Portalı
assembly:kaggle:2075:38.789628161879:26.960427094736,assembly,Emergency Assembly Area,4 NO'LU AFET VE ACİL DURUM TOPLANMA ALANI,38.789628161879,26.960427094736,,,,,,,2026-09-20T07:31:27.118Z,COMPLETE_FOR_MAPPABLE_ROWS,compact-proximity-endpoint,Afet toplanma alanları,https://acikveri.bizizmir.com/dataset/afet-ve-acil-durum-toplanma-alanlari,CC BY 4.0,İzmir Büyükşehir Belediyesi Açık Veri Portalı
assembly:kaggle:2076:38.658909574984:26.764500377755,assembly,Emergency Assembly Area,4 NO'LU AFET VE ACİL DURUM TOPLANMA ALANI,38.658909574984,26.764500377755,,,,,,,2026-09-20T07:31:27.118Z,COMPLETE_FOR_MAPPABLE_ROWS,compact-proximity-endpoint,Afet toplanma alanları,https://acikveri.bizizmir.com/dataset/afet-ve-acil-durum-toplanma-alanlari,CC BY 4.0,İzmir Büyükşehir Belediyesi Açık Veri Portalı
assembly:kaggle:2077:38.394509732894:26.999129632592,assembly,Emergency Assembly Area,4 NO'LU AFET VE ACİL DURUM TOPLANMA ALANI,38.394509732894,26.999129632592,,,,,,,2026-09-20T07:31:27.118Z,COMPLETE_FOR_MAPPABLE_ROWS,compact-proximity-endpoint,Afet toplanma alanları,https://acikveri.bizizmir.com/dataset/afet-ve-acil-durum-toplanma-alanlari,CC BY 4.0,İzmir Büyükşehir Belediyesi Açık Veri Portalı
assembly:kaggle:2078:38.392141659205:27.008991245571,assembly,Emergency Assembly Area,4 NO'LU AFET VE ACİL DURUM TOPLANMA ALANI,38.392141659205,27.008991245571,,,,,,,2026-09-20T07:31:27.118Z,COMPLETE_FOR_MAPPABLE_ROWS,compact-proximity-endpoint,Afet toplanma alanları,https://acikveri.bizizmir.com/dataset/afet-ve-acil-durum-toplanma-alanlari,CC BY 4.0,İzmir Büyükşehir Belediyesi Açık Veri Portalı
assembly:kaggle:2079:38.489643846853:27.213000941305,assembly,Emergency Assembly Area,4 NO'LU AFET VE ACİL DURUM TOPLANMA ALANI,38.489643846853,27.213000941305,,,,,,,2026-09-20T07:31:27.118Z,COMPLETE_FOR_MAPPABLE_ROWS,compact-proximity-endpoint,Afet toplanma alanları,https://acikveri.bizizmir.com/dataset/afet-ve-acil-durum-toplanma-alanlari,CC BY 4.0,İzmir Büyükşehir Belediyesi Açık Veri Portalı
assembly:kaggle:2080:38.234665988782:27.978113057507,assembly,Emergency Assembly Area,4 NO'LU AFET VE ACİL DURUM TOPLANMA ALANI,38.234665988782,27.978113057507,,,,,,,2026-09-20T07:31:27.118Z,COMPLETE_FOR_MAPPABLE_ROWS,compact-proximity-endpoint,Afet toplanma alanları,https://acikveri.bizizmir.com/dataset/afet-ve-acil-durum-toplanma-alanlari,CC BY 4.0,İzmir Büyükşehir Belediyesi Açık Veri Portalı
assembly:kaggle:2081:37.94288193826:27.379356600992,assembly,Emergency Assembly Area,4 NO'LU AFET VE ACİL DURUM TOPLANMA ALANI,37.94288193826,27.379356600992,,,,,,,2026-09-20T07:31:27.118Z,COMPLETE_FOR_MAPPABLE_ROWS,compact-proximity-endpoint,Afet toplanma alanları,https://acikveri.bizizmir.com/dataset/afet-ve-acil-durum-toplanma-alanlari,CC BY 4.0,İzmir Büyükşehir Belediyesi Açık Veri Portalı
assembly:kaggle:2082:38.915975314477:27.059922948093,assembly,Emergency Assembly Area,4 NO'LU AFET VE ACİL DURUM TOPLANMA ALANI,38.915975314477,27.059922948093,,,,,,,2026-09-20T07:31:27.118Z,COMPLETE_FOR_MAPPABLE_ROWS,compact-proximity-endpoint,Afet toplanma alanları,https://acikveri.bizizmir.com/dataset/afet-ve-acil-durum-toplanma-alanlari,CC BY 4.0,İzmir Büyükşehir Belediyesi Açık Veri Portalı
assembly:kaggle:2083:38.251902911289:27.991933965018,assembly,Emergency Assembly Area,4 NO'LU AFET VE ACİL DURUM TOPLANMA ALANI,38.251902911289,27.991933965018,,,,,,,2026-09-20T07:31:27.118Z,COMPLETE_FOR_MAPPABLE_ROWS,compact-proximity-endpoint,Afet toplanma alanları,https://acikveri.bizizmir.com/dataset/afet-ve-acil-durum-toplanma-alanlari,CC BY 4.0,İzmir Büyükşehir Belediyesi Açık Veri Portalı
assembly:kaggle:2084:38.458618603627:27.194933162178,assembly,Emergency Assembly Area,4 NO'LU AFET VE ACİL DURUM TOPLANMA ALANI,38.458618603627,27.194933162178,,,,,,,2026-09-20T07:31:27.118Z,COMPLETE_FOR_MAPPABLE_ROWS,compact-proximity-endpoint,Afet toplanma alanları,https://acikveri.bizizmir.com/dataset/afet-ve-acil-durum-toplanma-alanlari,CC BY 4.0,İzmir Büyükşehir Belediyesi Açık Veri Portalı
assembly:kaggle:2085:38.220621048895:27.96400914766,assembly,Emergency Assembly Area,4 NO'LU AFET VE ACİL DURUM TOPLANMA ALANI,38.220621048895,27.96400914766,,,,,,,2026-09-20T07:31:27.118Z,COMPLETE_FOR_MAPPABLE_ROWS,compact-proximity-endpoint,Afet toplanma alanları,https://acikveri.bizizmir.com/dataset/afet-ve-acil-durum-toplanma-alanlari,CC BY 4.0,İzmir Büyükşehir Belediyesi Açık Veri Portalı
assembly:kaggle:2086:38.436182234198:27.247044372021,assembly,Emergency Assembly Area,4 NO'LU AFET VE ACİL DURUM TOPLANMA ALANI,38.436182234198,27.247044372021,,,,,,,2026-09-20T07:31:27.118Z,COMPLETE_FOR_MAPPABLE_ROWS,compact-proximity-endpoint,Afet toplanma alanları,https://acikveri.bizizmir.com/dataset/afet-ve-acil-durum-toplanma-alanlari,CC BY 4.0,İzmir Büyükşehir Belediyesi Açık Veri Portalı
assembly:kaggle:2087:38.821212992975:26.985880999902,assembly,Emergency Assembly Area,4 NO'LU AFET VE ACİL DURUM TOPLANMA ALANI,38.821212992975,26.985880999902,,,,,,,2026-09-20T07:31:27.118Z,COMPLETE_FOR_MAPPABLE_ROWS,compact-proximity-endpoint,Afet toplanma alanları,https://acikveri.bizizmir.com/dataset/afet-ve-acil-durum-toplanma-alanlari,CC BY 4.0,İzmir Büyükşehir Belediyesi Açık Veri Portalı
assembly:kaggle:2088:38.234014004353:27.992184989573,assembly,Emergency Assembly Area,4 NO'LU AFET VE ACİL DURUM TOPLANMA ALANI,38.234014004353,27.992184989573,,,,,,,2026-09-20T07:31:27.118Z,COMPLETE_FOR_MAPPABLE_ROWS,compact-proximity-endpoint,Afet toplanma alanları,https://acikveri.bizizmir.com/dataset/afet-ve-acil-durum-toplanma-alanlari,CC BY 4.0,İzmir Büyükşehir Belediyesi Açık Veri Portalı
assembly:kaggle:2089:39.089008069195:27.381096621315,assembly,Emergency Assembly Area,4 NO'LU AFET VE ACİL DURUM TOPLANMA ALANI,39.089008069195,27.381096621315,,,,,,,2026-09-20T07:31:27.118Z,COMPLETE_FOR_MAPPABLE_ROWS,compact-proximity-endpoint,Afet toplanma alanları,https://acikveri.bizizmir.com/dataset/afet-ve-acil-durum-toplanma-alanlari,CC BY 4.0,İzmir Büyükşehir Belediyesi Açık Veri Portalı
assembly:kaggle:2090:38.657809665415:26.841300000502,assembly,Emergency Assembly Area,4 NO'LU AFET VE ACİL DURUM TOPLANMA ALANI,38.657809665415,26.841300000502,,,,,,,2026-09-20T07:31:27.118Z,COMPLETE_FOR_MAPPABLE_ROWS,compact-proximity-endpoint,Afet toplanma alanları,https://acikveri.bizizmir.com/dataset/afet-ve-acil-durum-toplanma-alanlari,CC BY 4.0,İzmir Büyükşehir Belediyesi Açık Veri Portalı
assembly:kaggle:2091:38.749409220183:26.860899741144,assembly,Emergency Assembly Area,4 NO'LU AFET VE ACİL DURUM TOPLANMA ALANI,38.749409220183,26.860899741144,,,,,,,2026-09-20T07:31:27.118Z,COMPLETE_FOR_MAPPABLE_ROWS,compact-proximity-endpoint,Afet toplanma alanları,https://acikveri.bizizmir.com/dataset/afet-ve-acil-durum-toplanma-alanlari,CC BY 4.0,İzmir Büyükşehir Belediyesi Açık Veri Portalı
assembly:kaggle:2092:38.343201609657:27.14379304264,assembly,Emergency Assembly Area,4 NO'LU AFET VE ACİL DURUM TOPLANMA ALANI,38.343201609657,27.14379304264,,,,,,,2026-09-20T07:31:27.118Z,COMPLETE_FOR_MAPPABLE_ROWS,compact-proximity-endpoint,Afet toplanma alanları,https://acikveri.bizizmir.com/dataset/afet-ve-acil-durum-toplanma-alanlari,CC BY 4.0,İzmir Büyükşehir Belediyesi Açık Veri Portalı
assembly:kaggle:2093:38.38890028313:27.059443386392,assembly,Emergency Assembly Area,4 NO'LU AFET VE ACİL DURUM TOPLANMA ALANI,38.38890028313,27.059443386392,,,,,,,2026-09-20T07:31:27.118Z,COMPLETE_FOR_MAPPABLE_ROWS,compact-proximity-endpoint,Afet toplanma alanları,https://acikveri.bizizmir.com/dataset/afet-ve-acil-durum-toplanma-alanlari,CC BY 4.0,İzmir Büyükşehir Belediyesi Açık Veri Portalı
assembly:kaggle:2094:38.391122267714:27.055277403587,assembly,Emergency Assembly Area,4 NO'LU AFET VE ACİL DURUM TOPLANMA ALANI,38.391122267714,27.055277403587,,,,,,,2026-09-20T07:31:27.118Z,COMPLETE_FOR_MAPPABLE_ROWS,compact-proximity-endpoint,Afet toplanma alanları,https://acikveri.bizizmir.com/dataset/afet-ve-acil-durum-toplanma-alanlari,CC BY 4.0,İzmir Büyükşehir Belediyesi Açık Veri Portalı
assembly:kaggle:2095:38.379029971069:26.927932643927,assembly,Emergency Assembly Area,4 NO'LU AFET VE ACİL DURUM TOPLANMA ALANI,38.379029971069,26.927932643927,,,,,,,2026-09-20T07:31:27.118Z,COMPLETE_FOR_MAPPABLE_ROWS,compact-proximity-endpoint,Afet toplanma alanları,https://acikveri.bizizmir.com/dataset/afet-ve-acil-durum-toplanma-alanlari,CC BY 4.0,İzmir Büyükşehir Belediyesi Açık Veri Portalı
assembly:kaggle:2096:38.479068953931:27.189825584644,assembly,Emergency Assembly Area,4 NO'LU AFET VE ACİL DURUM TOPLANMA ALANI,38.479068953931,27.189825584644,,,,,,,2026-09-20T07:31:27.118Z,COMPLETE_FOR_MAPPABLE_ROWS,compact-proximity-endpoint,Afet toplanma alanları,https://acikveri.bizizmir.com/dataset/afet-ve-acil-durum-toplanma-alanlari,CC BY 4.0,İzmir Büyükşehir Belediyesi Açık Veri Portalı
assembly:kaggle:2097:38.395644577817:26.990297348948,assembly,Emergency Assembly Area,4 NO'LU AFET VE ACİL DURUM TOPLANMA ALANI,38.395644577817,26.990297348948,,,,,,,2026-09-20T07:31:27.118Z,COMPLETE_FOR_MAPPABLE_ROWS,compact-proximity-endpoint,Afet toplanma alanları,https://acikveri.bizizmir.com/dataset/afet-ve-acil-durum-toplanma-alanlari,CC BY 4.0,İzmir Büyükşehir Belediyesi Açık Veri Portalı
assembly:kaggle:2098:38.224474044118:27.981281057519,assembly,Emergency Assembly Area,4 NO'LU AFET VE ACİL DURUM TOPLANMA ALANI,38.224474044118,27.981281057519,,,,,,,2026-09-20T07:31:27.118Z,COMPLETE_FOR_MAPPABLE_ROWS,compact-proximity-endpoint,Afet toplanma alanları,https://acikveri.bizizmir.com/dataset/afet-ve-acil-durum-toplanma-alanlari,CC BY 4.0,İzmir Büyükşehir Belediyesi Açık Veri Portalı
assembly:kaggle:2099:38.38890027102:27.047777445464,assembly,Emergency Assembly Area,4 NO'LU AFET VE ACİL DURUM TOPLANMA ALANI,38.38890027102,27.047777445464,,,,,,,2026-09-20T07:31:27.118Z,COMPLETE_FOR_MAPPABLE_ROWS,compact-proximity-endpoint,Afet toplanma alanları,https://acikveri.bizizmir.com/dataset/afet-ve-acil-durum-toplanma-alanlari,CC BY 4.0,İzmir Büyükşehir Belediyesi Açık Veri Portalı
assembly:kaggle:2100:38.363749343133:27.082512258128,assembly,Emergency Assembly Area,4 NO'LU AFET VE ACİL DURUM TOPLANMA ALANI,38.363749343133,27.082512258128,,,,,,,2026-09-20T07:31:27.118Z,COMPLETE_FOR_MAPPABLE_ROWS,compact-proximity-endpoint,Afet toplanma alanları,https://acikveri.bizizmir.com/dataset/afet-ve-acil-durum-toplanma-alanlari,CC BY 4.0,İzmir Büyükşehir Belediyesi Açık Veri Portalı
assembly:kaggle:2101:38.796877673586:26.962167674154,assembly,Emergency Assembly Area,4 NOLU TOPLANAMA ALANI,38.796877673586,26.962167674154,,,,,,,2026-09-20T07:31:27.118Z,COMPLETE_FOR_MAPPABLE_ROWS,compact-proximity-endpoint,Afet toplanma alanları,https://acikveri.bizizmir.com/dataset/afet-ve-acil-durum-toplanma-alanlari,CC BY 4.0,İzmir Büyükşehir Belediyesi Açık Veri Portalı
assembly:kaggle:2102:38.242479297657:27.127732522823,assembly,Emergency Assembly Area,4 NOLU TOPLANMA ALANI,38.242479297657,27.127732522823,,,,,,,2026-09-20T07:31:27.118Z,COMPLETE_FOR_MAPPABLE_ROWS,compact-proximity-endpoint,Afet toplanma alanları,https://acikveri.bizizmir.com/dataset/afet-ve-acil-durum-toplanma-alanlari,CC BY 4.0,İzmir Büyükşehir Belediyesi Açık Veri Portalı
assembly:kaggle:2103:38.792849325822:26.982512136972,assembly,Emergency Assembly Area,4 NOLU TOPLANMA ALANI,38.792849325822,26.982512136972,,,,,,,2026-09-20T07:31:27.118Z,COMPLETE_FOR_MAPPABLE_ROWS,compact-proximity-endpoint,Afet toplanma alanları,https://acikveri.bizizmir.com/dataset/afet-ve-acil-durum-toplanma-alanlari,CC BY 4.0,İzmir Büyükşehir Belediyesi Açık Veri Portalı
assembly:kaggle:2104:38.781967197347:26.980524648999,assembly,Emergency Assembly Area,4 NOLU TOPLANMA ALANI,38.781967197347,26.980524648999,,,,,,,2026-09-20T07:31:27.118Z,COMPLETE_FOR_MAPPABLE_ROWS,compact-proximity-endpoint,Afet toplanma alanları,https://acikveri.bizizmir.com/dataset/afet-ve-acil-durum-toplanma-alanlari,CC BY 4.0,İzmir Büyükşehir Belediyesi Açık Veri Portalı
assembly:kaggle:2105:38.802960562259:26.963154711487,assembly,Emergency Assembly Area,4 NOLU TOPLANMA ALANI,38.802960562259,26.963154711487,,,,,,,2026-09-20T07:31:27.118Z,COMPLETE_FOR_MAPPABLE_ROWS,compact-proximity-endpoint,Afet toplanma alanları,https://acikveri.bizizmir.com/dataset/afet-ve-acil-durum-toplanma-alanlari,CC BY 4.0,İzmir Büyükşehir Belediyesi Açık Veri Portalı
assembly:kaggle:2106:38.80083476267:26.978459324927,assembly,Emergency Assembly Area,4 NOLU TOPLANMA ALANI,38.80083476267,26.978459324927,,,,,,,2026-09-20T07:31:27.118Z,COMPLETE_FOR_MAPPABLE_ROWS,compact-proximity-endpoint,Afet toplanma alanları,https://acikveri.bizizmir.com/dataset/afet-ve-acil-durum-toplanma-alanlari,CC BY 4.0,İzmir Büyükşehir Belediyesi Açık Veri Portalı
assembly:kaggle:2107:38.017246717166:27.10272276769,assembly,Emergency Assembly Area,4 NOLU TOPLANMA ALANI,38.017246717166,27.10272276769,,,,,,,2026-09-20T07:31:27.118Z,COMPLETE_FOR_MAPPABLE_ROWS,compact-proximity-endpoint,Afet toplanma alanları,https://acikveri.bizizmir.com/dataset/afet-ve-acil-durum-toplanma-alanlari,CC BY 4.0,İzmir Büyükşehir Belediyesi Açık Veri Portalı
assembly:kaggle:2108:38.408569048695:27.535281145021,assembly,Emergency Assembly Area,5 NO LU AFET VE ACİL DURUM TOPLANMA ALANI,38.408569048695,27.535281145021,,,,,,,2026-09-20T07:31:27.118Z,COMPLETE_FOR_MAPPABLE_ROWS,compact-proximity-endpoint,Afet toplanma alanları,https://acikveri.bizizmir.com/dataset/afet-ve-acil-durum-toplanma-alanlari,CC BY 4.0,İzmir Büyükşehir Belediyesi Açık Veri Portalı
assembly:kaggle:2109:38.462488392379:27.192083390289,assembly,Emergency Assembly Area,5 NO LU AFET VE ACİL DURUM TOPLANMA ALANI,38.462488392379,27.192083390289,,,,,,,2026-09-20T07:31:27.118Z,COMPLETE_FOR_MAPPABLE_ROWS,compact-proximity-endpoint,Afet toplanma alanları,https://acikveri.bizizmir.com/dataset/afet-ve-acil-durum-toplanma-alanlari,CC BY 4.0,İzmir Büyükşehir Belediyesi Açık Veri Portalı
assembly:kaggle:2110:38.362720549149:26.886605619143,assembly,Emergency Assembly Area,5 NO LU AFET VE ACİL DURUM TOPLANMA ALANI,38.362720549149,26.886605619143,,,,,,,2026-09-20T07:31:27.118Z,COMPLETE_FOR_MAPPABLE_ROWS,compact-proximity-endpoint,Afet toplanma alanları,https://acikveri.bizizmir.com/dataset/afet-ve-acil-durum-toplanma-alanlari,CC BY 4.0,İzmir Büyükşehir Belediyesi Açık Veri Portalı
assembly:kaggle:2111:38.46114423457:27.175990218498,assembly,Emergency Assembly Area,5 NO LU AFET VE ACİL DURUM TOPLANMA ALANI,38.46114423457,27.175990218498,,,,,,,2026-09-20T07:31:27.118Z,COMPLETE_FOR_MAPPABLE_ROWS,compact-proximity-endpoint,Afet toplanma alanları,https://acikveri.bizizmir.com/dataset/afet-ve-acil-durum-toplanma-alanlari,CC BY 4.0,İzmir Büyükşehir Belediyesi Açık Veri Portalı
assembly:kaggle:2112:38.218665114105:27.645111990371,assembly,Emergency Assembly Area,5 NO LU AFET VE ACİL DURUM TOPLANMA ALANI,38.218665114105,27.645111990371,,,,,,,2026-09-20T07:31:27.118Z,COMPLETE_FOR_MAPPABLE_ROWS,compact-proximity-endpoint,Afet toplanma alanları,https://acikveri.bizizmir.com/dataset/afet-ve-acil-durum-toplanma-alanlari,CC BY 4.0,İzmir Büyükşehir Belediyesi Açık Veri Portalı
assembly:kaggle:2113:38.503216440018:27.056798735227,assembly,Emergency Assembly Area,5 NO LU AFET VE ACİL DURUM TOPLANMA ALANI,38.503216440018,27.056798735227,,,,,,,2026-09-20T07:31:27.118Z,COMPLETE_FOR_MAPPABLE_ROWS,compact-proximity-endpoint,Afet toplanma alanları,https://acikveri.bizizmir.com/dataset/afet-ve-acil-durum-toplanma-alanlari,CC BY 4.0,İzmir Büyükşehir Belediyesi Açık Veri Portalı
assembly:kaggle:2114:38.481320472734:27.13294630814,assembly,Emergency Assembly Area,5 NO LU AFET VE ACİL DURUM TOPLANMA ALANI,38.481320472734,27.13294630814,,,,,,,2026-09-20T07:31:27.118Z,COMPLETE_FOR_MAPPABLE_ROWS,compact-proximity-endpoint,Afet toplanma alanları,https://acikveri.bizizmir.com/dataset/afet-ve-acil-durum-toplanma-alanlari,CC BY 4.0,İzmir Büyükşehir Belediyesi Açık Veri Portalı
assembly:kaggle:2115:38.321636763741:26.315241715359,assembly,Emergency Assembly Area,5 NO LU AFET VE ACİL DURUM TOPLANMA ALANI,38.321636763741,26.315241715359,,,,,,,2026-09-20T07:31:27.118Z,COMPLETE_FOR_MAPPABLE_ROWS,compact-proximity-endpoint,Afet toplanma alanları,https://acikveri.bizizmir.com/dataset/afet-ve-acil-durum-toplanma-alanlari,CC BY 4.0,İzmir Büyükşehir Belediyesi Açık Veri Portalı
assembly:kaggle:2116:38.455431369698:27.189567502605,assembly,Emergency Assembly Area,5 NO LU AFET VE ACİL DURUM TOPLANMA ALANI,38.455431369698,27.189567502605,,,,,,,2026-09-20T07:31:27.118Z,COMPLETE_FOR_MAPPABLE_ROWS,compact-proximity-endpoint,Afet toplanma alanları,https://acikveri.bizizmir.com/dataset/afet-ve-acil-durum-toplanma-alanlari,CC BY 4.0,İzmir Büyükşehir Belediyesi Açık Veri Portalı
assembly:kaggle:2117:38.474097306225:27.132581541782,assembly,Emergency Assembly Area,5 NO LU AFET VE ACİL DURUM TOPLANMA ALANI,38.474097306225,27.132581541782,,,,,,,2026-09-20T07:31:27.118Z,COMPLETE_FOR_MAPPABLE_ROWS,compact-proximity-endpoint,Afet toplanma alanları,https://acikveri.bizizmir.com/dataset/afet-ve-acil-durum-toplanma-alanlari,CC BY 4.0,İzmir Büyükşehir Belediyesi Açık Veri Portalı
assembly:kaggle:2118:38.398478728329:26.483511792768,assembly,Emergency Assembly Area,5 NO LU AFET VE ACİL DURUM TOPLANMA ALANI,38.398478728329,26.483511792768,,,,,,,2026-09-20T07:31:27.118Z,COMPLETE_FOR_MAPPABLE_ROWS,compact-proximity-endpoint,Afet toplanma alanları,https://acikveri.bizizmir.com/dataset/afet-ve-acil-durum-toplanma-alanlari,CC BY 4.0,İzmir Büyükşehir Belediyesi Açık Veri Portalı
assembly:kaggle:2119:38.318842194038:26.305687740062,assembly,Emergency Assembly Area,5 NO LU AFET VE ACİL DURUM TOPLANMA ALANI,38.318842194038,26.305687740062,,,,,,,2026-09-20T07:31:27.118Z,COMPLETE_FOR_MAPPABLE_ROWS,compact-proximity-endpoint,Afet toplanma alanları,https://acikveri.bizizmir.com/dataset/afet-ve-acil-durum-toplanma-alanlari,CC BY 4.0,İzmir Büyükşehir Belediyesi Açık Veri Portalı
assembly:kaggle:2120:38.474903703785:27.185023830377,assembly,Emergency Assembly Area,5 NO LU AFET VE ACİL DURUM TOPLANMA ALANI,38.474903703785,27.185023830377,,,,,,,2026-09-20T07:31:27.118Z,COMPLETE_FOR_MAPPABLE_ROWS,compact-proximity-endpoint,Afet toplanma alanları,https://acikveri.bizizmir.com/dataset/afet-ve-acil-durum-toplanma-alanlari,CC BY 4.0,İzmir Büyükşehir Belediyesi Açık Veri Portalı
assembly:kaggle:2121:38.379516108117:26.911879918821,assembly,Emergency Assembly Area,5 NO LU AFET VE ACİL DURUM TOPLANMA ALANI,38.379516108117,26.911879918821,,,,,,,2026-09-20T07:31:27.118Z,COMPLETE_FOR_MAPPABLE_ROWS,compact-proximity-endpoint,Afet toplanma alanları,https://acikveri.bizizmir.com/dataset/afet-ve-acil-durum-toplanma-alanlari,CC BY 4.0,İzmir Büyükşehir Belediyesi Açık Veri Portalı
assembly:kaggle:2122:38.356248995637:26.870477588474,assembly,Emergency Assembly Area,5 NO LU AFET VE ACİL DURUM TOPLANMA ALANI,38.356248995637,26.870477588474,,,,,,,2026-09-20T07:31:27.118Z,COMPLETE_FOR_MAPPABLE_ROWS,compact-proximity-endpoint,Afet toplanma alanları,https://acikveri.bizizmir.com/dataset/afet-ve-acil-durum-toplanma-alanlari,CC BY 4.0,İzmir Büyükşehir Belediyesi Açık Veri Portalı
assembly:kaggle:2123:38.292873816606:26.367303184876,assembly,Emergency Assembly Area,5 NO LU AFET VE ACİL DURUM TOPLANMA ALANI,38.292873816606,26.367303184876,,,,,,,2026-09-20T07:31:27.118Z,COMPLETE_FOR_MAPPABLE_ROWS,compact-proximity-endpoint,Afet toplanma alanları,https://acikveri.bizizmir.com/dataset/afet-ve-acil-durum-toplanma-alanlari,CC BY 4.0,İzmir Büyükşehir Belediyesi Açık Veri Portalı
assembly:kaggle:2124:38.33598241865:26.304003288843,assembly,Emergency Assembly Area,5 NO LU AFET VE ACİL DURUM TOPLANMA ALANI,38.33598241865,26.304003288843,,,,,,,2026-09-20T07:31:27.118Z,COMPLETE_FOR_MAPPABLE_ROWS,compact-proximity-endpoint,Afet toplanma alanları,https://acikveri.bizizmir.com/dataset/afet-ve-acil-durum-toplanma-alanlari,CC BY 4.0,İzmir Büyükşehir Belediyesi Açık Veri Portalı
assembly:kaggle:2125:38.255086174658:27.147473460784,assembly,Emergency Assembly Area,5 NO LU AFET VE ACİL DURUM TOPLANMA ALANI,38.255086174658,27.147473460784,,,,,,,2026-09-20T07:31:27.118Z,COMPLETE_FOR_MAPPABLE_ROWS,compact-proximity-endpoint,Afet toplanma alanları,https://acikveri.bizizmir.com/dataset/afet-ve-acil-durum-toplanma-alanlari,CC BY 4.0,İzmir Büyükşehir Belediyesi Açık Veri Portalı
assembly:kaggle:2126:38.098814102491:27.733254485068,assembly,Emergency Assembly Area,5 NO LU AFET VE ACİL DURUM TOPLANMA ALANI,38.098814102491,27.733254485068,,,,,,,2026-09-20T07:31:27.118Z,COMPLETE_FOR_MAPPABLE_ROWS,compact-proximity-endpoint,Afet toplanma alanları,https://acikveri.bizizmir.com/dataset/afet-ve-acil-durum-toplanma-alanlari,CC BY 4.0,İzmir Büyükşehir Belediyesi Açık Veri Portalı
assembly:kaggle:2127:37.957383758052:27.372156094792,assembly,Emergency Assembly Area,5 NO LU AFET VE ACİL DURUM TOPLANMA ALANI,37.957383758052,27.372156094792,,,,,,,2026-09-20T07:31:27.118Z,COMPLETE_FOR_MAPPABLE_ROWS,compact-proximity-endpoint,Afet toplanma alanları,https://acikveri.bizizmir.com/dataset/afet-ve-acil-durum-toplanma-alanlari,CC BY 4.0,İzmir Büyükşehir Belediyesi Açık Veri Portalı
assembly:kaggle:2128:38.473324483741:27.067221798909,assembly,Emergency Assembly Area,5 NO LU AFET VE ACİL DURUM TOPLANMA ALANI,38.473324483741,27.067221798909,,,,,,,2026-09-20T07:31:27.118Z,COMPLETE_FOR_MAPPABLE_ROWS,compact-proximity-endpoint,Afet toplanma alanları,https://acikveri.bizizmir.com/dataset/afet-ve-acil-durum-toplanma-alanlari,CC BY 4.0,İzmir Büyükşehir Belediyesi Açık Veri Portalı
assembly:kaggle:2129:38.39780716365:27.51319596281,assembly,Emergency Assembly Area,5 NO LU AFET VE ACİL DURUM TOPLANMA ALANI,38.39780716365,27.51319596281,,,,,,,2026-09-20T07:31:27.118Z,COMPLETE_FOR_MAPPABLE_ROWS,compact-proximity-endpoint,Afet toplanma alanları,https://acikveri.bizizmir.com/dataset/afet-ve-acil-durum-toplanma-alanlari,CC BY 4.0,İzmir Büyükşehir Belediyesi Açık Veri Portalı
assembly:kaggle:2130:38.497309596012:27.080203584935,assembly,Emergency Assembly Area,5 NO LU AFET VE ACİL DURUM TOPLANMA ALANI,38.497309596012,27.080203584935,,,,,,,2026-09-20T07:31:27.118Z,COMPLETE_FOR_MAPPABLE_ROWS,compact-proximity-endpoint,Afet toplanma alanları,https://acikveri.bizizmir.com/dataset/afet-ve-acil-durum-toplanma-alanlari,CC BY 4.0,İzmir Büyükşehir Belediyesi Açık Veri Portalı
assembly:kaggle:2131:38.483705867987:27.355590004563,assembly,Emergency Assembly Area,5 NO LU AFET VE ACİL DURUM TOPLANMA ALANI,38.483705867987,27.355590004563,,,,,,,2026-09-20T07:31:27.118Z,COMPLETE_FOR_MAPPABLE_ROWS,compact-proximity-endpoint,Afet toplanma alanları,https://acikveri.bizizmir.com/dataset/afet-ve-acil-durum-toplanma-alanlari,CC BY 4.0,İzmir Büyükşehir Belediyesi Açık Veri Portalı
assembly:kaggle:2132:38.09436449632:27.717965977077,assembly,Emergency Assembly Area,5 NO LU AFET VE ACİL DURUM TOPLANMA ALANI,38.09436449632,27.717965977077,,,,,,,2026-09-20T07:31:27.118Z,COMPLETE_FOR_MAPPABLE_ROWS,compact-proximity-endpoint,Afet toplanma alanları,https://acikveri.bizizmir.com/dataset/afet-ve-acil-durum-toplanma-alanlari,CC BY 4.0,İzmir Büyükşehir Belediyesi Açık Veri Portalı
assembly:kaggle:2133:38.385647275883:27.10291124356,assembly,Emergency Assembly Area,5 NO LU AFET VE ACİL DURUM TOPLANMA ALANI,38.385647275883,27.10291124356,,,,,,,2026-09-20T07:31:27.118Z,COMPLETE_FOR_MAPPABLE_ROWS,compact-proximity-endpoint,Afet toplanma alanları,https://acikveri.bizizmir.com/dataset/afet-ve-acil-durum-toplanma-alanlari,CC BY 4.0,İzmir Büyükşehir Belediyesi Açık Veri Portalı
assembly:kaggle:2134:38.369246454775:27.142623859516,assembly,Emergency Assembly Area,5 NO LU AFET VE ACİL DURUM TOPLANMA ALANI,38.369246454775,27.142623859516,,,,,,,2026-09-20T07:31:27.118Z,COMPLETE_FOR_MAPPABLE_ROWS,compact-proximity-endpoint,Afet toplanma alanları,https://acikveri.bizizmir.com/dataset/afet-ve-acil-durum-toplanma-alanlari,CC BY 4.0,İzmir Büyükşehir Belediyesi Açık Veri Portalı
assembly:kaggle:2135:38.466402981096:27.116037771927,assembly,Emergency Assembly Area,5 NO LU AFET VE ACİL DURUM TOPLANMA ALANI,38.466402981096,27.116037771927,,,,,,,2026-09-20T07:31:27.118Z,COMPLETE_FOR_MAPPABLE_ROWS,compact-proximity-endpoint,Afet toplanma alanları,https://acikveri.bizizmir.com/dataset/afet-ve-acil-durum-toplanma-alanlari,CC BY 4.0,İzmir Büyükşehir Belediyesi Açık Veri Portalı
assembly:kaggle:2136:37.947614728105:27.374798072753,assembly,Emergency Assembly Area,5 NO LU AFET VE ACİL DURUM TOPLANMA ALANI,37.947614728105,27.374798072753,,,,,,,2026-09-20T07:31:27.118Z,COMPLETE_FOR_MAPPABLE_ROWS,compact-proximity-endpoint,Afet toplanma alanları,https://acikveri.bizizmir.com/dataset/afet-ve-acil-durum-toplanma-alanlari,CC BY 4.0,İzmir Büyükşehir Belediyesi Açık Veri Portalı
assembly:kaggle:2137:38.426188033807:27.428814040911,assembly,Emergency Assembly Area,5 NO LU AFET VE ACİL DURUM TOPLANMA ALANI,38.426188033807,27.428814040911,,,,,,,2026-09-20T07:31:27.118Z,COMPLETE_FOR_MAPPABLE_ROWS,compact-proximity-endpoint,Afet toplanma alanları,https://acikveri.bizizmir.com/dataset/afet-ve-acil-durum-toplanma-alanlari,CC BY 4.0,İzmir Büyükşehir Belediyesi Açık Veri Portalı
assembly:kaggle:2138:38.380786679359:27.494753212483,assembly,Emergency Assembly Area,5 NO LU AFET VE ACİL DURUM TOPLANMA ALANI,38.380786679359,27.494753212483,,,,,,,2026-09-20T07:31:27.118Z,COMPLETE_FOR_MAPPABLE_ROWS,compact-proximity-endpoint,Afet toplanma alanları,https://acikveri.bizizmir.com/dataset/afet-ve-acil-durum-toplanma-alanlari,CC BY 4.0,İzmir Büyükşehir Belediyesi Açık Veri Portalı
assembly:kaggle:2139:38.231449575053:26.331356515786,assembly,Emergency Assembly Area,5 NO LU AFET VE ACİL DURUM TOPLANMA ALANI,38.231449575053,26.331356515786,,,,,,,2026-09-20T07:31:27.118Z,COMPLETE_FOR_MAPPABLE_ROWS,compact-proximity-endpoint,Afet toplanma alanları,https://acikveri.bizizmir.com/dataset/afet-ve-acil-durum-toplanma-alanlari,CC BY 4.0,İzmir Büyükşehir Belediyesi Açık Veri Portalı
assembly:kaggle:2140:39.091299615805:27.354988178523,assembly,Emergency Assembly Area,5 NO LU AFET VE ACİL DURUM TOPLANMA ALANI,39.091299615805,27.354988178523,,,,,,,2026-09-20T07:31:27.118Z,COMPLETE_FOR_MAPPABLE_ROWS,compact-proximity-endpoint,Afet toplanma alanları,https://acikveri.bizizmir.com/dataset/afet-ve-acil-durum-toplanma-alanlari,CC BY 4.0,İzmir Büyükşehir Belediyesi Açık Veri Portalı
assembly:kaggle:2141:38.463009134702:27.091168459466,assembly,Emergency Assembly Area,5 NO LU AFET VE ACİL DURUM TOPLANMA ALANI,38.463009134702,27.091168459466,,,,,,,2026-09-20T07:31:27.118Z,COMPLETE_FOR_MAPPABLE_ROWS,compact-proximity-endpoint,Afet toplanma alanları,https://acikveri.bizizmir.com/dataset/afet-ve-acil-durum-toplanma-alanlari,CC BY 4.0,İzmir Büyükşehir Belediyesi Açık Veri Portalı
assembly:kaggle:2142:38.471308606616:27.10601708055,assembly,Emergency Assembly Area,5 NO LU AFET VE ACİL DURUM TOPLANMA ALANI,38.471308606616,27.10601708055,,,,,,,2026-09-20T07:31:27.118Z,COMPLETE_FOR_MAPPABLE_ROWS,compact-proximity-endpoint,Afet toplanma alanları,https://acikveri.bizizmir.com/dataset/afet-ve-acil-durum-toplanma-alanlari,CC BY 4.0,İzmir Büyükşehir Belediyesi Açık Veri Portalı
assembly:kaggle:2143:38.358683912094:26.292888227372,assembly,Emergency Assembly Area,5 NO LU AFET VE ACİL DURUM TOPLANMA ALANI,38.358683912094,26.292888227372,,,,,,,2026-09-20T07:31:27.118Z,COMPLETE_FOR_MAPPABLE_ROWS,compact-proximity-endpoint,Afet toplanma alanları,https://acikveri.bizizmir.com/dataset/afet-ve-acil-durum-toplanma-alanlari,CC BY 4.0,İzmir Büyükşehir Belediyesi Açık Veri Portalı
assembly:kaggle:2144:38.51544005413:27.048883554721,assembly,Emergency Assembly Area,5 NO LU AFET VE ACİL DURUM TOPLANMA ALANI,38.51544005413,27.048883554721,,,,,,,2026-09-20T07:31:27.118Z,COMPLETE_FOR_MAPPABLE_ROWS,compact-proximity-endpoint,Afet toplanma alanları,https://acikveri.bizizmir.com/dataset/afet-ve-acil-durum-toplanma-alanlari,CC BY 4.0,İzmir Büyükşehir Belediyesi Açık Veri Portalı
assembly:kaggle:2145:38.453045179517:27.104300506409,assembly,Emergency Assembly Area,5 NO LU AFET VE ACİL DURUM TOPLANMA ALANI,38.453045179517,27.104300506409,,,,,,,2026-09-20T07:31:27.118Z,COMPLETE_FOR_MAPPABLE_ROWS,compact-proximity-endpoint,Afet toplanma alanları,https://acikveri.bizizmir.com/dataset/afet-ve-acil-durum-toplanma-alanlari,CC BY 4.0,İzmir Büyükşehir Belediyesi Açık Veri Portalı
assembly:kaggle:2146:37.940725494818:27.369967449876,assembly,Emergency Assembly Area,5 NO LU AFET VE ACİL DURUM TOPLANMA ALANI,37.940725494818,27.369967449876,,,,,,,2026-09-20T07:31:27.118Z,COMPLETE_FOR_MAPPABLE_ROWS,compact-proximity-endpoint,Afet toplanma alanları,https://acikveri.bizizmir.com/dataset/afet-ve-acil-durum-toplanma-alanlari,CC BY 4.0,İzmir Büyükşehir Belediyesi Açık Veri Portalı
assembly:kaggle:2147:38.385916009393:26.752310727719,assembly,Emergency Assembly Area,5 NO LU AFET VE ACİL DURUM TOPLANMA ALANI,38.385916009393,26.752310727719,,,,,,,2026-09-20T07:31:27.118Z,COMPLETE_FOR_MAPPABLE_ROWS,compact-proximity-endpoint,Afet toplanma alanları,https://acikveri.bizizmir.com/dataset/afet-ve-acil-durum-toplanma-alanlari,CC BY 4.0,İzmir Büyükşehir Belediyesi Açık Veri Portalı
assembly:kaggle:2148:38.331753598995:26.390488010357,assembly,Emergency Assembly Area,5 NO LU AFET VE ACİL DURUM TOPLANMA ALANI,38.331753598995,26.390488010357,,,,,,,2026-09-20T07:31:27.118Z,COMPLETE_FOR_MAPPABLE_ROWS,compact-proximity-endpoint,Afet toplanma alanları,https://acikveri.bizizmir.com/dataset/afet-ve-acil-durum-toplanma-alanlari,CC BY 4.0,İzmir Büyükşehir Belediyesi Açık Veri Portalı
assembly:kaggle:2149:38.323716302762:26.777314265322,assembly,Emergency Assembly Area,5 NO LU AFET VE ACİL DURUM TOPLANMA ALANI,38.323716302762,26.777314265322,,,,,,,2026-09-20T07:31:27.118Z,COMPLETE_FOR_MAPPABLE_ROWS,compact-proximity-endpoint,Afet toplanma alanları,https://acikveri.bizizmir.com/dataset/afet-ve-acil-durum-toplanma-alanlari,CC BY 4.0,İzmir Büyükşehir Belediyesi Açık Veri Portalı
assembly:kaggle:2150:38.391256368984:27.112797807101,assembly,Emergency Assembly Area,5 NO LU AFET VE ACİL DURUM TOPLANMA ALANI,38.391256368984,27.112797807101,,,,,,,2026-09-20T07:31:27.118Z,COMPLETE_FOR_MAPPABLE_ROWS,compact-proximity-endpoint,Afet toplanma alanları,https://acikveri.bizizmir.com/dataset/afet-ve-acil-durum-toplanma-alanlari,CC BY 4.0,İzmir Büyükşehir Belediyesi Açık Veri Portalı
assembly:kaggle:2151:38.391907950375:26.998997610449,assembly,Emergency Assembly Area,5 NO LU AFET VE ACİL DURUM TOPLANMA ALANI,38.391907950375,26.998997610449,,,,,,,2026-09-20T07:31:27.118Z,COMPLETE_FOR_MAPPABLE_ROWS,compact-proximity-endpoint,Afet toplanma alanları,https://acikveri.bizizmir.com/dataset/afet-ve-acil-durum-toplanma-alanlari,CC BY 4.0,İzmir Büyükşehir Belediyesi Açık Veri Portalı
assembly:kaggle:2152:38.417253138833:27.636201427476,assembly,Emergency Assembly Area,5 NO LU AFET VE ACİL DURUM TOPLANMA ALANI,38.417253138833,27.636201427476,,,,,,,2026-09-20T07:31:27.118Z,COMPLETE_FOR_MAPPABLE_ROWS,compact-proximity-endpoint,Afet toplanma alanları,https://acikveri.bizizmir.com/dataset/afet-ve-acil-durum-toplanma-alanlari,CC BY 4.0,İzmir Büyükşehir Belediyesi Açık Veri Portalı
assembly:kaggle:2153:38.289391692796:26.235398179123,assembly,Emergency Assembly Area,5 NO LU AFET VE ACİL DURUM TOPLANMA ALANI,38.289391692796,26.235398179123,,,,,,,2026-09-20T07:31:27.118Z,COMPLETE_FOR_MAPPABLE_ROWS,compact-proximity-endpoint,Afet toplanma alanları,https://acikveri.bizizmir.com/dataset/afet-ve-acil-durum-toplanma-alanlari,CC BY 4.0,İzmir Büyükşehir Belediyesi Açık Veri Portalı
assembly:kaggle:2154:38.376261162892:26.889081261993,assembly,Emergency Assembly Area,5 NO LU AFET VE ACİL DURUM TOPLANMA ALANI,38.376261162892,26.889081261993,,,,,,,2026-09-20T07:31:27.118Z,COMPLETE_FOR_MAPPABLE_ROWS,compact-proximity-endpoint,Afet toplanma alanları,https://acikveri.bizizmir.com/dataset/afet-ve-acil-durum-toplanma-alanlari,CC BY 4.0,İzmir Büyükşehir Belediyesi Açık Veri Portalı
assembly:kaggle:2155:38.338945255326:26.866333626629,assembly,Emergency Assembly Area,5 NO LU AFET VE ACİL DURUM TOPLANMA ALANI,38.338945255326,26.866333626629,,,,,,,2026-09-20T07:31:27.118Z,COMPLETE_FOR_MAPPABLE_ROWS,compact-proximity-endpoint,Afet toplanma alanları,https://acikveri.bizizmir.com/dataset/afet-ve-acil-durum-toplanma-alanlari,CC BY 4.0,İzmir Büyükşehir Belediyesi Açık Veri Portalı
assembly:kaggle:2156:38.48973536415:27.10996524121,assembly,Emergency Assembly Area,5 NO LU AFET VE ACİL DURUM TOPLANMA ALANI,38.48973536415,27.10996524121,,,,,,,2026-09-20T07:31:27.118Z,COMPLETE_FOR_MAPPABLE_ROWS,compact-proximity-endpoint,Afet toplanma alanları,https://acikveri.bizizmir.com/dataset/afet-ve-acil-durum-toplanma-alanlari,CC BY 4.0,İzmir Büyükşehir Belediyesi Açık Veri Portalı
assembly:kaggle:2157:38.311266495659:26.703130123403,assembly,Emergency Assembly Area,5 NO LU AFET VE ACİL DURUM TOPLANMA ALANI,38.311266495659,26.703130123403,,,,,,,2026-09-20T07:31:27.118Z,COMPLETE_FOR_MAPPABLE_ROWS,compact-proximity-endpoint,Afet toplanma alanları,https://acikveri.bizizmir.com/dataset/afet-ve-acil-durum-toplanma-alanlari,CC BY 4.0,İzmir Büyükşehir Belediyesi Açık Veri Portalı
assembly:kaggle:2158:38.350409816188:26.68033675548,assembly,Emergency Assembly Area,5 NO LU AFET VE ACİL DURUM TOPLANMA ALANI,38.350409816188,26.68033675548,,,,,,,2026-09-20T07:31:27.118Z,COMPLETE_FOR_MAPPABLE_ROWS,compact-proximity-endpoint,Afet toplanma alanları,https://acikveri.bizizmir.com/dataset/afet-ve-acil-durum-toplanma-alanlari,CC BY 4.0,İzmir Büyükşehir Belediyesi Açık Veri Portalı
assembly:kaggle:2159:38.375655857898:27.150348572084,assembly,Emergency Assembly Area,5 NO LU AFET VE ACİL DURUM TOPLANMA ALANI,38.375655857898,27.150348572084,,,,,,,2026-09-20T07:31:27.118Z,COMPLETE_FOR_MAPPABLE_ROWS,compact-proximity-endpoint,Afet toplanma alanları,https://acikveri.bizizmir.com/dataset/afet-ve-acil-durum-toplanma-alanlari,CC BY 4.0,İzmir Büyükşehir Belediyesi Açık Veri Portalı
assembly:kaggle:2160:38.352740547071:26.801920675941,assembly,Emergency Assembly Area,5 NO LU AFET VE ACİL DURUM TOPLANMA ALANI,38.352740547071,26.801920675941,,,,,,,2026-09-20T07:31:27.118Z,COMPLETE_FOR_MAPPABLE_ROWS,compact-proximity-endpoint,Afet toplanma alanları,https://acikveri.bizizmir.com/dataset/afet-ve-acil-durum-toplanma-alanlari,CC BY 4.0,İzmir Büyükşehir Belediyesi Açık Veri Portalı
assembly:kaggle:2161:38.333622357991:26.770270802255,assembly,Emergency Assembly Area,5 NO LU AFET VE ACİL DURUM TOPLANMA ALANI,38.333622357991,26.770270802255,,,,,,,2026-09-20T07:31:27.118Z,COMPLETE_FOR_MAPPABLE_ROWS,compact-proximity-endpoint,Afet toplanma alanları,https://acikveri.bizizmir.com/dataset/afet-ve-acil-durum-toplanma-alanlari,CC BY 4.0,İzmir Büyükşehir Belediyesi Açık Veri Portalı
assembly:kaggle:2162:38.15070280396:27.354710786146,assembly,Emergency Assembly Area,5 NO LU AFET VE ACİL DURUM TOPLANMA ALANI,38.15070280396,27.354710786146,,,,,,,2026-09-20T07:31:27.118Z,COMPLETE_FOR_MAPPABLE_ROWS,compact-proximity-endpoint,Afet toplanma alanları,https://acikveri.bizizmir.com/dataset/afet-ve-acil-durum-toplanma-alanlari,CC BY 4.0,İzmir Büyükşehir Belediyesi Açık Veri Portalı
assembly:kaggle:2163:38.492220993185:27.085031545875,assembly,Emergency Assembly Area,5 NO LU AFET VE ACİL DURUM TOPLANMA ALANI,38.492220993185,27.085031545875,,,,,,,2026-09-20T07:31:27.118Z,COMPLETE_FOR_MAPPABLE_ROWS,compact-proximity-endpoint,Afet toplanma alanları,https://acikveri.bizizmir.com/dataset/afet-ve-acil-durum-toplanma-alanlari,CC BY 4.0,İzmir Büyükşehir Belediyesi Açık Veri Portalı
assembly:kaggle:2164:38.37753991379:27.186139787229,assembly,Emergency Assembly Area,5 NO LU AFET VE ACİL DURUM TOPLANMA ALANI,38.37753991379,27.186139787229,,,,,,,2026-09-20T07:31:27.118Z,COMPLETE_FOR_MAPPABLE_ROWS,compact-proximity-endpoint,Afet toplanma alanları,https://acikveri.bizizmir.com/dataset/afet-ve-acil-durum-toplanma-alanlari,CC BY 4.0,İzmir Büyükşehir Belediyesi Açık Veri Portalı
assembly:kaggle:2165:38.491801171205:27.128933725599,assembly,Emergency Assembly Area,5 NO LU AFET VE ACİL DURUM TOPLANMA ALANI,38.491801171205,27.128933725599,,,,,,,2026-09-20T07:31:27.118Z,COMPLETE_FOR_MAPPABLE_ROWS,compact-proximity-endpoint,Afet toplanma alanları,https://acikveri.bizizmir.com/dataset/afet-ve-acil-durum-toplanma-alanlari,CC BY 4.0,İzmir Büyükşehir Belediyesi Açık Veri Portalı
assembly:kaggle:2166:38.38529403901:27.077543038042,assembly,Emergency Assembly Area,5 NO LU AFET VE ACİL DURUM TOPLANMA ALANI,38.38529403901,27.077543038042,,,,,,,2026-09-20T07:31:27.118Z,COMPLETE_FOR_MAPPABLE_ROWS,compact-proximity-endpoint,Afet toplanma alanları,https://acikveri.bizizmir.com/dataset/afet-ve-acil-durum-toplanma-alanlari,CC BY 4.0,İzmir Büyükşehir Belediyesi Açık Veri Portalı
assembly:kaggle:2167:38.299340390739:26.283495290938,assembly,Emergency Assembly Area,5 NO LU AFET VE ACİL DURUM TOPLANMA ALANI,38.299340390739,26.283495290938,,,,,,,2026-09-20T07:31:27.118Z,COMPLETE_FOR_MAPPABLE_ROWS,compact-proximity-endpoint,Afet toplanma alanları,https://acikveri.bizizmir.com/dataset/afet-ve-acil-durum-toplanma-alanlari,CC BY 4.0,İzmir Büyükşehir Belediyesi Açık Veri Portalı
assembly:kaggle:2168:38.357148745211:26.464865245729,assembly,Emergency Assembly Area,5 NO LU AFET VE ACİL DURUM TOPLANMA ALANI,38.357148745211,26.464865245729,,,,,,,2026-09-20T07:31:27.118Z,COMPLETE_FOR_MAPPABLE_ROWS,compact-proximity-endpoint,Afet toplanma alanları,https://acikveri.bizizmir.com/dataset/afet-ve-acil-durum-toplanma-alanlari,CC BY 4.0,İzmir Büyükşehir Belediyesi Açık Veri Portalı
assembly:kaggle:2169:38.318801021641:27.131117325371,assembly,Emergency Assembly Area,5 NO LU AFET VE ACİL DURUM TOPLANMA ALANI,38.318801021641,27.131117325371,,,,,,,2026-09-20T07:31:27.118Z,COMPLETE_FOR_MAPPABLE_ROWS,compact-proximity-endpoint,Afet toplanma alanları,https://acikveri.bizizmir.com/dataset/afet-ve-acil-durum-toplanma-alanlari,CC BY 4.0,İzmir Büyükşehir Belediyesi Açık Veri Portalı
assembly:kaggle:2170:38.369936238232:27.172642991632,assembly,Emergency Assembly Area,5 NO LU AFET VE ACİL DURUM TOPLANMA ALANI,38.369936238232,27.172642991632,,,,,,,2026-09-20T07:31:27.118Z,COMPLETE_FOR_MAPPABLE_ROWS,compact-proximity-endpoint,Afet toplanma alanları,https://acikveri.bizizmir.com/dataset/afet-ve-acil-durum-toplanma-alanlari,CC BY 4.0,İzmir Büyükşehir Belediyesi Açık Veri Portalı
assembly:kaggle:2171:38.37108859372:27.152762555821,assembly,Emergency Assembly Area,5 NO LU AFET VE ACİL DURUM TOPLANMA ALANI,38.37108859372,27.152762555821,,,,,,,2026-09-20T07:31:27.118Z,COMPLETE_FOR_MAPPABLE_ROWS,compact-proximity-endpoint,Afet toplanma alanları,https://acikveri.bizizmir.com/dataset/afet-ve-acil-durum-toplanma-alanlari,CC BY 4.0,İzmir Büyükşehir Belediyesi Açık Veri Portalı
assembly:kaggle:2172:38.453125005398:27.111762374603,assembly,Emergency Assembly Area,5 NO LU AFET VE ACİL DURUM TOPLANMA ALANI,38.453125005398,27.111762374603,,,,,,,2026-09-20T07:31:27.118Z,COMPLETE_FOR_MAPPABLE_ROWS,compact-proximity-endpoint,Afet toplanma alanları,https://acikveri.bizizmir.com/dataset/afet-ve-acil-durum-toplanma-alanlari,CC BY 4.0,İzmir Büyükşehir Belediyesi Açık Veri Portalı
assembly:kaggle:2173:38.46077490227:27.48151376632,assembly,Emergency Assembly Area,5 NO LU AFET VE ACİL DURUM TOPLANMA ALANI,38.46077490227,27.48151376632,,,,,,,2026-09-20T07:31:27.118Z,COMPLETE_FOR_MAPPABLE_ROWS,compact-proximity-endpoint,Afet toplanma alanları,https://acikveri.bizizmir.com/dataset/afet-ve-acil-durum-toplanma-alanlari,CC BY 4.0,İzmir Büyükşehir Belediyesi Açık Veri Portalı
assembly:kaggle:2174:38.363214648087:26.769010117785,assembly,Emergency Assembly Area,5 NO LU AFET VE ACİL DURUM TOPLANMA ALANI,38.363214648087,26.769010117785,,,,,,,2026-09-20T07:31:27.118Z,COMPLETE_FOR_MAPPABLE_ROWS,compact-proximity-endpoint,Afet toplanma alanları,https://acikveri.bizizmir.com/dataset/afet-ve-acil-durum-toplanma-alanlari,CC BY 4.0,İzmir Büyükşehir Belediyesi Açık Veri Portalı
assembly:kaggle:2175:38.475004399466:27.092842129101,assembly,Emergency Assembly Area,5 NO LU AFET VE ACİL DURUM TOPLANMA ALANI,38.475004399466,27.092842129101,,,,,,,2026-09-20T07:31:27.118Z,COMPLETE_FOR_MAPPABLE_ROWS,compact-proximity-endpoint,Afet toplanma alanları,https://acikveri.bizizmir.com/dataset/afet-ve-acil-durum-toplanma-alanlari,CC BY 4.0,İzmir Büyükşehir Belediyesi Açık Veri Portalı
assembly:kaggle:2176:38.472618976795:27.122217540196,assembly,Emergency Assembly Area,5 NO LU AFET VE ACİL DURUM TOPLANMA ALANI,38.472618976795,27.122217540196,,,,,,,2026-09-20T07:31:27.118Z,COMPLETE_FOR_MAPPABLE_ROWS,compact-proximity-endpoint,Afet toplanma alanları,https://acikveri.bizizmir.com/dataset/afet-ve-acil-durum-toplanma-alanlari,CC BY 4.0,İzmir Büyükşehir Belediyesi Açık Veri Portalı
assembly:kaggle:2177:38.484377425266:27.060333901475,assembly,Emergency Assembly Area,5 NO LU AFET VE ACİL DURUM TOPLANMA ALANI,38.484377425266,27.060333901475,,,,,,,2026-09-20T07:31:27.118Z,COMPLETE_FOR_MAPPABLE_ROWS,compact-proximity-endpoint,Afet toplanma alanları,https://acikveri.bizizmir.com/dataset/afet-ve-acil-durum-toplanma-alanlari,CC BY 4.0,İzmir Büyükşehir Belediyesi Açık Veri Portalı
assembly:kaggle:2178:38.35523876846:26.303482906461,assembly,Emergency Assembly Area,5 NO LU AFET VE ACİL DURUM TOPLANMA ALANI,38.35523876846,26.303482906461,,,,,,,2026-09-20T07:31:27.118Z,COMPLETE_FOR_MAPPABLE_ROWS,compact-proximity-endpoint,Afet toplanma alanları,https://acikveri.bizizmir.com/dataset/afet-ve-acil-durum-toplanma-alanlari,CC BY 4.0,İzmir Büyükşehir Belediyesi Açık Veri Portalı
assembly:kaggle:2179:38.312916940066:27.129363179371,assembly,Emergency Assembly Area,5 NO LU AFET VE ACİL DURUM TOPLANMA ALANI,38.312916940066,27.129363179371,,,,,,,2026-09-20T07:31:27.118Z,COMPLETE_FOR_MAPPABLE_ROWS,compact-proximity-endpoint,Afet toplanma alanları,https://acikveri.bizizmir.com/dataset/afet-ve-acil-durum-toplanma-alanlari,CC BY 4.0,İzmir Büyükşehir Belediyesi Açık Veri Portalı
assembly:kaggle:2180:38.179956419451:27.349711126519,assembly,Emergency Assembly Area,5 NO LU AFET VE ACİL DURUM TOPLANMA ALANI,38.179956419451,27.349711126519,,,,,,,2026-09-20T07:31:27.118Z,COMPLETE_FOR_MAPPABLE_ROWS,compact-proximity-endpoint,Afet toplanma alanları,https://acikveri.bizizmir.com/dataset/afet-ve-acil-durum-toplanma-alanlari,CC BY 4.0,İzmir Büyükşehir Belediyesi Açık Veri Portalı
assembly:kaggle:2181:38.403910953696:27.119320885427,assembly,Emergency Assembly Area,5 NO LU AFET VE ACİL DURUM TOPLANMA ALANI,38.403910953696,27.119320885427,,,,,,,2026-09-20T07:31:27.118Z,COMPLETE_FOR_MAPPABLE_ROWS,compact-proximity-endpoint,Afet toplanma alanları,https://acikveri.bizizmir.com/dataset/afet-ve-acil-durum-toplanma-alanlari,CC BY 4.0,İzmir Büyükşehir Belediyesi Açık Veri Portalı
assembly:kaggle:2182:38.464605260809:27.093678991888,assembly,Emergency Assembly Area,5 NO LU AFET VE ACİL DURUM TOPLANMA ALANI,38.464605260809,27.093678991888,,,,,,,2026-09-20T07:31:27.118Z,COMPLETE_FOR_MAPPABLE_ROWS,compact-proximity-endpoint,Afet toplanma alanları,https://acikveri.bizizmir.com/dataset/afet-ve-acil-durum-toplanma-alanlari,CC BY 4.0,İzmir Büyükşehir Belediyesi Açık Veri Portalı
assembly:kaggle:2183:38.606707178181:26.914599267044,assembly,Emergency Assembly Area,5 NO LU AFET VE ACİL DURUM TOPLANMA ALANI,38.606707178181,26.914599267044,,,,,,,2026-09-20T07:31:27.118Z,COMPLETE_FOR_MAPPABLE_ROWS,compact-proximity-endpoint,Afet toplanma alanları,https://acikveri.bizizmir.com/dataset/afet-ve-acil-durum-toplanma-alanlari,CC BY 4.0,İzmir Büyükşehir Belediyesi Açık Veri Portalı
assembly:kaggle:2184:38.554485484943:27.047013997047,assembly,Emergency Assembly Area,5 NO LU AFET VE ACİL DURUM TOPLANMA ALANI,38.554485484943,27.047013997047,,,,,,,2026-09-20T07:31:27.118Z,COMPLETE_FOR_MAPPABLE_ROWS,compact-proximity-endpoint,Afet toplanma alanları,https://acikveri.bizizmir.com/dataset/afet-ve-acil-durum-toplanma-alanlari,CC BY 4.0,İzmir Büyükşehir Belediyesi Açık Veri Portalı
assembly:kaggle:2185:38.482328290726:27.12521085408,assembly,Emergency Assembly Area,5 NO LU AFET VE ACİL DURUM TOPLANMA ALANI,38.482328290726,27.12521085408,,,,,,,2026-09-20T07:31:27.118Z,COMPLETE_FOR_MAPPABLE_ROWS,compact-proximity-endpoint,Afet toplanma alanları,https://acikveri.bizizmir.com/dataset/afet-ve-acil-durum-toplanma-alanlari,CC BY 4.0,İzmir Büyükşehir Belediyesi Açık Veri Portalı
assembly:kaggle:2186:38.424851618852:27.425949458081,assembly,Emergency Assembly Area,5 NO LU AFET VE ACİL DURUM TOPLANMA ALANI,38.424851618852,27.425949458081,,,,,,,2026-09-20T07:31:27.118Z,COMPLETE_FOR_MAPPABLE_ROWS,compact-proximity-endpoint,Afet toplanma alanları,https://acikveri.bizizmir.com/dataset/afet-ve-acil-durum-toplanma-alanlari,CC BY 4.0,İzmir Büyükşehir Belediyesi Açık Veri Portalı
assembly:kaggle:2187:38.433588269836:27.415395003893,assembly,Emergency Assembly Area,5 NO LU AFET VE ACİL DURUM TOPLANMA ALANI,38.433588269836,27.415395003893,,,,,,,2026-09-20T07:31:27.118Z,COMPLETE_FOR_MAPPABLE_ROWS,compact-proximity-endpoint,Afet toplanma alanları,https://acikveri.bizizmir.com/dataset/afet-ve-acil-durum-toplanma-alanlari,CC BY 4.0,İzmir Büyükşehir Belediyesi Açık Veri Portalı
assembly:kaggle:2188:38.393980843605:27.093507451577,assembly,Emergency Assembly Area,5 NO LU AFET VE ACİL DURUM TOPLANMA ALANI,38.393980843605,27.093507451577,,,,,,,2026-09-20T07:31:27.118Z,COMPLETE_FOR_MAPPABLE_ROWS,compact-proximity-endpoint,Afet toplanma alanları,https://acikveri.bizizmir.com/dataset/afet-ve-acil-durum-toplanma-alanlari,CC BY 4.0,İzmir Büyükşehir Belediyesi Açık Veri Portalı
assembly:kaggle:2189:38.371265266675:27.18446610767,assembly,Emergency Assembly Area,5 NO LU AFET VE ACİL DURUM TOPLANMA ALANI,38.371265266675,27.18446610767,,,,,,,2026-09-20T07:31:27.118Z,COMPLETE_FOR_MAPPABLE_ROWS,compact-proximity-endpoint,Afet toplanma alanları,https://acikveri.bizizmir.com/dataset/afet-ve-acil-durum-toplanma-alanlari,CC BY 4.0,İzmir Büyükşehir Belediyesi Açık Veri Portalı
assembly:kaggle:2190:38.479997911779:27.35817832951,assembly,Emergency Assembly Area,5 NO LU AFET VE ACİL DURUM TOPLANMA ALANI,38.479997911779,27.35817832951,,,,,,,2026-09-20T07:31:27.118Z,COMPLETE_FOR_MAPPABLE_ROWS,compact-proximity-endpoint,Afet toplanma alanları,https://acikveri.bizizmir.com/dataset/afet-ve-acil-durum-toplanma-alanlari,CC BY 4.0,İzmir Büyükşehir Belediyesi Açık Veri Portalı
assembly:kaggle:2191:38.509374670254:27.042878129002,assembly,Emergency Assembly Area,5 NO LU AFET VE ACİL DURUM TOPLANMA ALANI,38.509374670254,27.042878129002,,,,,,,2026-09-20T07:31:27.118Z,COMPLETE_FOR_MAPPABLE_ROWS,compact-proximity-endpoint,Afet toplanma alanları,https://acikveri.bizizmir.com/dataset/afet-ve-acil-durum-toplanma-alanlari,CC BY 4.0,İzmir Büyükşehir Belediyesi Açık Veri Portalı
assembly:kaggle:2192:38.67051003981:26.75771752334,assembly,Emergency Assembly Area,5 NO LU AFET VE ACİL DURUM TOPLANMA ALANI,38.67051003981,26.75771752334,,,,,,,2026-09-20T07:31:27.118Z,COMPLETE_FOR_MAPPABLE_ROWS,compact-proximity-endpoint,Afet toplanma alanları,https://acikveri.bizizmir.com/dataset/afet-ve-acil-durum-toplanma-alanlari,CC BY 4.0,İzmir Büyükşehir Belediyesi Açık Veri Portalı
assembly:kaggle:2193:38.381424752125:26.927173686983,assembly,Emergency Assembly Area,5 NO'LU AFET VE ACİL DURUM TOPLANMA ALANI,38.381424752125,26.927173686983,,,,,,,2026-09-20T07:31:27.118Z,COMPLETE_FOR_MAPPABLE_ROWS,compact-proximity-endpoint,Afet toplanma alanları,https://acikveri.bizizmir.com/dataset/afet-ve-acil-durum-toplanma-alanlari,CC BY 4.0,İzmir Büyükşehir Belediyesi Açık Veri Portalı
assembly:kaggle:2194:38.223809044693:27.977787074757,assembly,Emergency Assembly Area,5 NO'LU AFET VE ACİL DURUM TOPLANMA ALANI,38.223809044693,27.977787074757,,,,,,,2026-09-20T07:31:27.118Z,COMPLETE_FOR_MAPPABLE_ROWS,compact-proximity-endpoint,Afet toplanma alanları,https://acikveri.bizizmir.com/dataset/afet-ve-acil-durum-toplanma-alanlari,CC BY 4.0,İzmir Büyükşehir Belediyesi Açık Veri Portalı
assembly:kaggle:2195:38.736909259142:26.83789987593,assembly,Emergency Assembly Area,5 NO'LU AFET VE ACİL DURUM TOPLANMA ALANI,38.736909259142,26.83789987593,,,,,,,2026-09-20T07:31:27.118Z,COMPLETE_FOR_MAPPABLE_ROWS,compact-proximity-endpoint,Afet toplanma alanları,https://acikveri.bizizmir.com/dataset/afet-ve-acil-durum-toplanma-alanlari,CC BY 4.0,İzmir Büyükşehir Belediyesi Açık Veri Portalı
assembly:kaggle:2196:38.429582081631:27.265356824247,assembly,Emergency Assembly Area,5 NO'LU AFET VE ACİL DURUM TOPLANMA ALANI,38.429582081631,27.265356824247,,,,,,,2026-09-20T07:31:27.118Z,COMPLETE_FOR_MAPPABLE_ROWS,compact-proximity-endpoint,Afet toplanma alanları,https://acikveri.bizizmir.com/dataset/afet-ve-acil-durum-toplanma-alanlari,CC BY 4.0,İzmir Büyükşehir Belediyesi Açık Veri Portalı
assembly:kaggle:2197:38.395068304974:27.009039992619,assembly,Emergency Assembly Area,5 NO'LU AFET VE ACİL DURUM TOPLANMA ALANI,38.395068304974,27.009039992619,,,,,,,2026-09-20T07:31:27.118Z,COMPLETE_FOR_MAPPABLE_ROWS,compact-proximity-endpoint,Afet toplanma alanları,https://acikveri.bizizmir.com/dataset/afet-ve-acil-durum-toplanma-alanlari,CC BY 4.0,İzmir Büyükşehir Belediyesi Açık Veri Portalı
assembly:kaggle:2198:38.393551539909:27.004317144354,assembly,Emergency Assembly Area,5 NO'LU AFET VE ACİL DURUM TOPLANMA ALANI,38.393551539909,27.004317144354,,,,,,,2026-09-20T07:31:27.118Z,COMPLETE_FOR_MAPPABLE_ROWS,compact-proximity-endpoint,Afet toplanma alanları,https://acikveri.bizizmir.com/dataset/afet-ve-acil-durum-toplanma-alanlari,CC BY 4.0,İzmir Büyükşehir Belediyesi Açık Veri Portalı
assembly:kaggle:2199:38.393945960152:27.009905311025,assembly,Emergency Assembly Area,5 NO'LU AFET VE ACİL DURUM TOPLANMA ALANI,38.393945960152,27.009905311025,,,,,,,2026-09-20T07:31:27.118Z,COMPLETE_FOR_MAPPABLE_ROWS,compact-proximity-endpoint,Afet toplanma alanları,https://acikveri.bizizmir.com/dataset/afet-ve-acil-durum-toplanma-alanlari,CC BY 4.0,İzmir Büyükşehir Belediyesi Açık Veri Portalı
assembly:kaggle:2200:38.82138670801:26.985031796436,assembly,Emergency Assembly Area,5 NO'LU AFET VE ACİL DURUM TOPLANMA ALANI,38.82138670801,26.985031796436,,,,,,,2026-09-20T07:31:27.118Z,COMPLETE_FOR_MAPPABLE_ROWS,compact-proximity-endpoint,Afet toplanma alanları,https://acikveri.bizizmir.com/dataset/afet-ve-acil-durum-toplanma-alanlari,CC BY 4.0,İzmir Büyükşehir Belediyesi Açık Veri Portalı
assembly:kaggle:2201:38.391884508023:27.0247085708,assembly,Emergency Assembly Area,5 NO'LU AFET VE ACİL DURUM TOPLANMA ALANI,38.391884508023,27.0247085708,,,,,,,2026-09-20T07:31:27.118Z,COMPLETE_FOR_MAPPABLE_ROWS,compact-proximity-endpoint,Afet toplanma alanları,https://acikveri.bizizmir.com/dataset/afet-ve-acil-durum-toplanma-alanlari,CC BY 4.0,İzmir Büyükşehir Belediyesi Açık Veri Portalı
assembly:kaggle:2202:38.665809529637:26.755400410638,assembly,Emergency Assembly Area,5 NO'LU AFET VE ACİL DURUM TOPLANMA ALANI,38.665809529637,26.755400410638,,,,,,,2026-09-20T07:31:27.118Z,COMPLETE_FOR_MAPPABLE_ROWS,compact-proximity-endpoint,Afet toplanma alanları,https://acikveri.bizizmir.com/dataset/afet-ve-acil-durum-toplanma-alanlari,CC BY 4.0,İzmir Büyükşehir Belediyesi Açık Veri Portalı
assembly:kaggle:2203:38.24226195447:27.984191016351,assembly,Emergency Assembly Area,5 NO'LU AFET VE ACİL DURUM TOPLANMA ALANI,38.24226195447,27.984191016351,,,,,,,2026-09-20T07:31:27.118Z,COMPLETE_FOR_MAPPABLE_ROWS,compact-proximity-endpoint,Afet toplanma alanları,https://acikveri.bizizmir.com/dataset/afet-ve-acil-durum-toplanma-alanlari,CC BY 4.0,İzmir Büyükşehir Belediyesi Açık Veri Portalı
assembly:kaggle:2204:37.944813929605:27.364698579392,assembly,Emergency Assembly Area,5 NO'LU AFET VE ACİL DURUM TOPLANMA ALANI,37.944813929605,27.364698579392,,,,,,,2026-09-20T07:31:27.118Z,COMPLETE_FOR_MAPPABLE_ROWS,compact-proximity-endpoint,Afet toplanma alanları,https://acikveri.bizizmir.com/dataset/afet-ve-acil-durum-toplanma-alanlari,CC BY 4.0,İzmir Büyükşehir Belediyesi Açık Veri Portalı
assembly:kaggle:2205:38.663309639462:26.843699979593,assembly,Emergency Assembly Area,5 NO'LU AFET VE ACİL DURUM TOPLANMA ALANI,38.663309639462,26.843699979593,,,,,,,2026-09-20T07:31:27.118Z,COMPLETE_FOR_MAPPABLE_ROWS,compact-proximity-endpoint,Afet toplanma alanları,https://acikveri.bizizmir.com/dataset/afet-ve-acil-durum-toplanma-alanlari,CC BY 4.0,İzmir Büyükşehir Belediyesi Açık Veri Portalı
assembly:kaggle:2206:38.34419660624:27.146173029458,assembly,Emergency Assembly Area,5 NO'LU AFET VE ACİL DURUM TOPLANMA ALANI,38.34419660624,27.146173029458,,,,,,,2026-09-20T07:31:27.118Z,COMPLETE_FOR_MAPPABLE_ROWS,compact-proximity-endpoint,Afet toplanma alanları,https://acikveri.bizizmir.com/dataset/afet-ve-acil-durum-toplanma-alanlari,CC BY 4.0,İzmir Büyükşehir Belediyesi Açık Veri Portalı
assembly:kaggle:2207:38.395618416191:26.988115477915,assembly,Emergency Assembly Area,5 NO'LU AFET VE ACİL DURUM TOPLANMA ALANI,38.395618416191,26.988115477915,,,,,,,2026-09-20T07:31:27.118Z,COMPLETE_FOR_MAPPABLE_ROWS,compact-proximity-endpoint,Afet toplanma alanları,https://acikveri.bizizmir.com/dataset/afet-ve-acil-durum-toplanma-alanlari,CC BY 4.0,İzmir Büyükşehir Belediyesi Açık Veri Portalı
assembly:kaggle:2208:38.78956412935:26.964429161478,assembly,Emergency Assembly Area,5 NO'LU AFET VE ACİL DURUM TOPLANMA ALANI,38.78956412935,26.964429161478,,,,,,,2026-09-20T07:31:27.118Z,COMPLETE_FOR_MAPPABLE_ROWS,compact-proximity-endpoint,Afet toplanma alanları,https://acikveri.bizizmir.com/dataset/afet-ve-acil-durum-toplanma-alanlari,CC BY 4.0,İzmir Büyükşehir Belediyesi Açık Veri Portalı
assembly:kaggle:2209:38.487635909283:27.201027816546,assembly,Emergency Assembly Area,5 NO'LU AFET VE ACİL DURUM TOPLANMA ALANI,38.487635909283,27.201027816546,,,,,,,2026-09-20T07:31:27.118Z,COMPLETE_FOR_MAPPABLE_ROWS,compact-proximity-endpoint,Afet toplanma alanları,https://acikveri.bizizmir.com/dataset/afet-ve-acil-durum-toplanma-alanlari,CC BY 4.0,İzmir Büyükşehir Belediyesi Açık Veri Portalı
assembly:kaggle:2210:38.36960061954:27.086404011337,assembly,Emergency Assembly Area,5 NO'LU AFET VE ACİL DURUM TOPLANMA ALANI,38.36960061954,27.086404011337,,,,,,,2026-09-20T07:31:27.118Z,COMPLETE_FOR_MAPPABLE_ROWS,compact-proximity-endpoint,Afet toplanma alanları,https://acikveri.bizizmir.com/dataset/afet-ve-acil-durum-toplanma-alanlari,CC BY 4.0,İzmir Büyükşehir Belediyesi Açık Veri Portalı
assembly:kaggle:2211:38.795583685032:26.960775616782,assembly,Emergency Assembly Area,5 NOLU TOPLANMA ALANI,38.795583685032,26.960775616782,,,,,,,2026-09-20T07:31:27.118Z,COMPLETE_FOR_MAPPABLE_ROWS,compact-proximity-endpoint,Afet toplanma alanları,https://acikveri.bizizmir.com/dataset/afet-ve-acil-durum-toplanma-alanlari,CC BY 4.0,İzmir Büyükşehir Belediyesi Açık Veri Portalı
assembly:kaggle:2212:38.795955813701:26.98539280987,assembly,Emergency Assembly Area,5 NOLU TOPLANMA ALANI,38.795955813701,26.98539280987,,,,,,,2026-09-20T07:31:27.118Z,COMPLETE_FOR_MAPPABLE_ROWS,compact-proximity-endpoint,Afet toplanma alanları,https://acikveri.bizizmir.com/dataset/afet-ve-acil-durum-toplanma-alanlari,CC BY 4.0,İzmir Büyükşehir Belediyesi Açık Veri Portalı
assembly:kaggle:2213:38.791122511698:26.981034250087,assembly,Emergency Assembly Area,5 NOLU TOPLANMA ALANI,38.791122511698,26.981034250087,,,,,,,2026-09-20T07:31:27.118Z,COMPLETE_FOR_MAPPABLE_ROWS,compact-proximity-endpoint,Afet toplanma alanları,https://acikveri.bizizmir.com/dataset/afet-ve-acil-durum-toplanma-alanlari,CC BY 4.0,İzmir Büyükşehir Belediyesi Açık Veri Portalı
assembly:kaggle:2214:38.49505909903:26.954698288531,assembly,Emergency Assembly Area,6 NO LU AFET VE ACİL DURUM TOPLANMA ALANI,38.49505909903,26.954698288531,,,,,,,2026-09-20T07:31:27.118Z,COMPLETE_FOR_MAPPABLE_ROWS,compact-proximity-endpoint,Afet toplanma alanları,https://acikveri.bizizmir.com/dataset/afet-ve-acil-durum-toplanma-alanlari,CC BY 4.0,İzmir Büyükşehir Belediyesi Açık Veri Portalı
assembly:kaggle:2215:38.453469560805:27.186955047319,assembly,Emergency Assembly Area,6 NO LU AFET VE ACİL DURUM TOPLANMA ALANI,38.453469560805,27.186955047319,,,,,,,2026-09-20T07:31:27.118Z,COMPLETE_FOR_MAPPABLE_ROWS,compact-proximity-endpoint,Afet toplanma alanları,https://acikveri.bizizmir.com/dataset/afet-ve-acil-durum-toplanma-alanlari,CC BY 4.0,İzmir Büyükşehir Belediyesi Açık Veri Portalı
assembly:kaggle:2216:38.340817606675:26.865966162558,assembly,Emergency Assembly Area,6 NO LU AFET VE ACİL DURUM TOPLANMA ALANI,38.340817606675,26.865966162558,,,,,,,2026-09-20T07:31:27.118Z,COMPLETE_FOR_MAPPABLE_ROWS,compact-proximity-endpoint,Afet toplanma alanları,https://acikveri.bizizmir.com/dataset/afet-ve-acil-durum-toplanma-alanlari,CC BY 4.0,İzmir Büyükşehir Belediyesi Açık Veri Portalı
assembly:kaggle:2217:38.363988707797:26.885567607237,assembly,Emergency Assembly Area,6 NO LU AFET VE ACİL DURUM TOPLANMA ALANI,38.363988707797,26.885567607237,,,,,,,2026-09-20T07:31:27.118Z,COMPLETE_FOR_MAPPABLE_ROWS,compact-proximity-endpoint,Afet toplanma alanları,https://acikveri.bizizmir.com/dataset/afet-ve-acil-durum-toplanma-alanlari,CC BY 4.0,İzmir Büyükşehir Belediyesi Açık Veri Portalı
assembly:kaggle:2218:38.46107702496:27.174166325553,assembly,Emergency Assembly Area,6 NO LU AFET VE ACİL DURUM TOPLANMA ALANI,38.46107702496,27.174166325553,,,,,,,2026-09-20T07:31:27.118Z,COMPLETE_FOR_MAPPABLE_ROWS,compact-proximity-endpoint,Afet toplanma alanları,https://acikveri.bizizmir.com/dataset/afet-ve-acil-durum-toplanma-alanlari,CC BY 4.0,İzmir Büyükşehir Belediyesi Açık Veri Portalı
assembly:kaggle:2219:38.379760012212:26.913006440545,assembly,Emergency Assembly Area,6 NO LU AFET VE ACİL DURUM TOPLANMA ALANI,38.379760012212,26.913006440545,,,,,,,2026-09-20T07:31:27.118Z,COMPLETE_FOR_MAPPABLE_ROWS,compact-proximity-endpoint,Afet toplanma alanları,https://acikveri.bizizmir.com/dataset/afet-ve-acil-durum-toplanma-alanlari,CC BY 4.0,İzmir Büyükşehir Belediyesi Açık Veri Portalı
assembly:kaggle:2220:38.365822549168:26.877494195336,assembly,Emergency Assembly Area,6 NO LU AFET VE ACİL DURUM TOPLANMA ALANI,38.365822549168,26.877494195336,,,,,,,2026-09-20T07:31:27.118Z,COMPLETE_FOR_MAPPABLE_ROWS,compact-proximity-endpoint,Afet toplanma alanları,https://acikveri.bizizmir.com/dataset/afet-ve-acil-durum-toplanma-alanlari,CC BY 4.0,İzmir Büyükşehir Belediyesi Açık Veri Portalı
assembly:kaggle:2221:38.241191258512:26.314104616045,assembly,Emergency Assembly Area,6 NO LU AFET VE ACİL DURUM TOPLANMA ALANI,38.241191258512,26.314104616045,,,,,,,2026-09-20T07:31:27.118Z,COMPLETE_FOR_MAPPABLE_ROWS,compact-proximity-endpoint,Afet toplanma alanları,https://acikveri.bizizmir.com/dataset/afet-ve-acil-durum-toplanma-alanlari,CC BY 4.0,İzmir Büyükşehir Belediyesi Açık Veri Portalı
assembly:kaggle:2222:38.473912575341:27.187448536943,assembly,Emergency Assembly Area,6 NO LU AFET VE ACİL DURUM TOPLANMA ALANI,38.473912575341,27.187448536943,,,,,,,2026-09-20T07:31:27.118Z,COMPLETE_FOR_MAPPABLE_ROWS,compact-proximity-endpoint,Afet toplanma alanları,https://acikveri.bizizmir.com/dataset/afet-ve-acil-durum-toplanma-alanlari,CC BY 4.0,İzmir Büyükşehir Belediyesi Açık Veri Portalı
assembly:kaggle:2223:39.086861158057:27.360642255461,assembly,Emergency Assembly Area,6 NO LU AFET VE ACİL DURUM TOPLANMA ALANI,39.086861158057,27.360642255461,,,,,,,2026-09-20T07:31:27.118Z,COMPLETE_FOR_MAPPABLE_ROWS,compact-proximity-endpoint,Afet toplanma alanları,https://acikveri.bizizmir.com/dataset/afet-ve-acil-durum-toplanma-alanlari,CC BY 4.0,İzmir Büyükşehir Belediyesi Açık Veri Portalı
assembly:kaggle:2224:38.480707363715:27.125403974922,assembly,Emergency Assembly Area,6 NO LU AFET VE ACİL DURUM TOPLANMA ALANI,38.480707363715,27.125403974922,,,,,,,2026-09-20T07:31:27.118Z,COMPLETE_FOR_MAPPABLE_ROWS,compact-proximity-endpoint,Afet toplanma alanları,https://acikveri.bizizmir.com/dataset/afet-ve-acil-durum-toplanma-alanlari,CC BY 4.0,İzmir Büyükşehir Belediyesi Açık Veri Portalı
assembly:kaggle:2225:38.470099037569:27.11442844824,assembly,Emergency Assembly Area,6 NO LU AFET VE ACİL DURUM TOPLANMA ALANI,38.470099037569,27.11442844824,,,,,,,2026-09-20T07:31:27.118Z,COMPLETE_FOR_MAPPABLE_ROWS,compact-proximity-endpoint,Afet toplanma alanları,https://acikveri.bizizmir.com/dataset/afet-ve-acil-durum-toplanma-alanlari,CC BY 4.0,İzmir Büyükşehir Belediyesi Açık Veri Portalı
assembly:kaggle:2226:38.253316921112:27.145456452705,assembly,Emergency Assembly Area,6 NO LU AFET VE ACİL DURUM TOPLANMA ALANI,38.253316921112,27.145456452705,,,,,,,2026-09-20T07:31:27.118Z,COMPLETE_FOR_MAPPABLE_ROWS,compact-proximity-endpoint,Afet toplanma alanları,https://acikveri.bizizmir.com/dataset/afet-ve-acil-durum-toplanma-alanlari,CC BY 4.0,İzmir Büyükşehir Belediyesi Açık Veri Portalı
assembly:kaggle:2227:38.407413119978:27.590394904274,assembly,Emergency Assembly Area,6 NO LU AFET VE ACİL DURUM TOPLANMA ALANI,38.407413119978,27.590394904274,,,,,,,2026-09-20T07:31:27.118Z,COMPLETE_FOR_MAPPABLE_ROWS,compact-proximity-endpoint,Afet toplanma alanları,https://acikveri.bizizmir.com/dataset/afet-ve-acil-durum-toplanma-alanlari,CC BY 4.0,İzmir Büyükşehir Belediyesi Açık Veri Portalı
assembly:kaggle:2228:38.392324318171:27.114922104223,assembly,Emergency Assembly Area,6 NO LU AFET VE ACİL DURUM TOPLANMA ALANI,38.392324318171,27.114922104223,,,,,,,2026-09-20T07:31:27.118Z,COMPLETE_FOR_MAPPABLE_ROWS,compact-proximity-endpoint,Afet toplanma alanları,https://acikveri.bizizmir.com/dataset/afet-ve-acil-durum-toplanma-alanlari,CC BY 4.0,İzmir Büyükşehir Belediyesi Açık Veri Portalı
assembly:kaggle:2229:38.407560191071:27.534256547867,assembly,Emergency Assembly Area,6 NO LU AFET VE ACİL DURUM TOPLANMA ALANI,38.407560191071,27.534256547867,,,,,,,2026-09-20T07:31:27.118Z,COMPLETE_FOR_MAPPABLE_ROWS,compact-proximity-endpoint,Afet toplanma alanları,https://acikveri.bizizmir.com/dataset/afet-ve-acil-durum-toplanma-alanlari,CC BY 4.0,İzmir Büyükşehir Belediyesi Açık Veri Portalı
assembly:kaggle:2230:38.327529066697:26.768033861984,assembly,Emergency Assembly Area,6 NO LU AFET VE ACİL DURUM TOPLANMA ALANI,38.327529066697,26.768033861984,,,,,,,2026-09-20T07:31:27.118Z,COMPLETE_FOR_MAPPABLE_ROWS,compact-proximity-endpoint,Afet toplanma alanları,https://acikveri.bizizmir.com/dataset/afet-ve-acil-durum-toplanma-alanlari,CC BY 4.0,İzmir Büyükşehir Belediyesi Açık Veri Portalı
assembly:kaggle:2231:38.464437347849:27.187663128537,assembly,Emergency Assembly Area,6 NO LU AFET VE ACİL DURUM TOPLANMA ALANI,38.464437347849,27.187663128537,,,,,,,2026-09-20T07:31:27.118Z,COMPLETE_FOR_MAPPABLE_ROWS,compact-proximity-endpoint,Afet toplanma alanları,https://acikveri.bizizmir.com/dataset/afet-ve-acil-durum-toplanma-alanlari,CC BY 4.0,İzmir Büyükşehir Belediyesi Açık Veri Portalı
assembly:kaggle:2232:38.425154205327:27.426389337684,assembly,Emergency Assembly Area,6 NO LU AFET VE ACİL DURUM TOPLANMA ALANI,38.425154205327,27.426389337684,,,,,,,2026-09-20T07:31:27.118Z,COMPLETE_FOR_MAPPABLE_ROWS,compact-proximity-endpoint,Afet toplanma alanları,https://acikveri.bizizmir.com/dataset/afet-ve-acil-durum-toplanma-alanlari,CC BY 4.0,İzmir Büyükşehir Belediyesi Açık Veri Portalı
assembly:kaggle:2233:38.386580750198:27.101570144169,assembly,Emergency Assembly Area,6 NO LU AFET VE ACİL DURUM TOPLANMA ALANI,38.386580750198,27.101570144169,,,,,,,2026-09-20T07:31:27.118Z,COMPLETE_FOR_MAPPABLE_ROWS,compact-proximity-endpoint,Afet toplanma alanları,https://acikveri.bizizmir.com/dataset/afet-ve-acil-durum-toplanma-alanlari,CC BY 4.0,İzmir Büyükşehir Belediyesi Açık Veri Portalı
assembly:kaggle:2234:38.471925960524:27.080418204002,assembly,Emergency Assembly Area,6 NO LU AFET VE ACİL DURUM TOPLANMA ALANI,38.471925960524,27.080418204002,,,,,,,2026-09-20T07:31:27.118Z,COMPLETE_FOR_MAPPABLE_ROWS,compact-proximity-endpoint,Afet toplanma alanları,https://acikveri.bizizmir.com/dataset/afet-ve-acil-durum-toplanma-alanlari,CC BY 4.0,İzmir Büyükşehir Belediyesi Açık Veri Portalı
assembly:kaggle:2235:38.367193985176:27.145134398062,assembly,Emergency Assembly Area,6 NO LU AFET VE ACİL DURUM TOPLANMA ALANI,38.367193985176,27.145134398062,,,,,,,2026-09-20T07:31:27.118Z,COMPLETE_FOR_MAPPABLE_ROWS,compact-proximity-endpoint,Afet toplanma alanları,https://acikveri.bizizmir.com/dataset/afet-ve-acil-durum-toplanma-alanlari,CC BY 4.0,İzmir Büyükşehir Belediyesi Açık Veri Portalı
assembly:kaggle:2236:38.391680908344:27.000682029682,assembly,Emergency Assembly Area,6 NO LU AFET VE ACİL DURUM TOPLANMA ALANI,38.391680908344,27.000682029682,,,,,,,2026-09-20T07:31:27.118Z,COMPLETE_FOR_MAPPABLE_ROWS,compact-proximity-endpoint,Afet toplanma alanları,https://acikveri.bizizmir.com/dataset/afet-ve-acil-durum-toplanma-alanlari,CC BY 4.0,İzmir Büyükşehir Belediyesi Açık Veri Portalı
assembly:kaggle:2237:38.488819963097:27.05913227019,assembly,Emergency Assembly Area,6 NO LU AFET VE ACİL DURUM TOPLANMA ALANI,38.488819963097,27.05913227019,,,,,,,2026-09-20T07:31:27.118Z,COMPLETE_FOR_MAPPABLE_ROWS,compact-proximity-endpoint,Afet toplanma alanları,https://acikveri.bizizmir.com/dataset/afet-ve-acil-durum-toplanma-alanlari,CC BY 4.0,İzmir Büyükşehir Belediyesi Açık Veri Portalı
assembly:kaggle:2238:38.376631554931:27.187255582128,assembly,Emergency Assembly Area,6 NO LU AFET VE ACİL DURUM TOPLANMA ALANI,38.376631554931,27.187255582128,,,,,,,2026-09-20T07:31:27.118Z,COMPLETE_FOR_MAPPABLE_ROWS,compact-proximity-endpoint,Afet toplanma alanları,https://acikveri.bizizmir.com/dataset/afet-ve-acil-durum-toplanma-alanlari,CC BY 4.0,İzmir Büyükşehir Belediyesi Açık Veri Portalı
assembly:kaggle:2239:38.094685349448:27.718641889872,assembly,Emergency Assembly Area,6 NO LU AFET VE ACİL DURUM TOPLANMA ALANI,38.094685349448,27.718641889872,,,,,,,2026-09-20T07:31:27.118Z,COMPLETE_FOR_MAPPABLE_ROWS,compact-proximity-endpoint,Afet toplanma alanları,https://acikveri.bizizmir.com/dataset/afet-ve-acil-durum-toplanma-alanlari,CC BY 4.0,İzmir Büyükşehir Belediyesi Açık Veri Portalı
assembly:kaggle:2240:38.458157559736:27.107433302245,assembly,Emergency Assembly Area,6 NO LU AFET VE ACİL DURUM TOPLANMA ALANI,38.458157559736,27.107433302245,,,,,,,2026-09-20T07:31:27.118Z,COMPLETE_FOR_MAPPABLE_ROWS,compact-proximity-endpoint,Afet toplanma alanları,https://acikveri.bizizmir.com/dataset/afet-ve-acil-durum-toplanma-alanlari,CC BY 4.0,İzmir Büyükşehir Belediyesi Açık Veri Portalı
assembly:kaggle:2241:38.472820569591:27.124234551002,assembly,Emergency Assembly Area,6 NO LU AFET VE ACİL DURUM TOPLANMA ALANI,38.472820569591,27.124234551002,,,,,,,2026-09-20T07:31:27.118Z,COMPLETE_FOR_MAPPABLE_ROWS,compact-proximity-endpoint,Afet toplanma alanları,https://acikveri.bizizmir.com/dataset/afet-ve-acil-durum-toplanma-alanlari,CC BY 4.0,İzmir Büyükşehir Belediyesi Açık Veri Portalı
assembly:kaggle:2242:38.458959876601:27.10404300556,assembly,Emergency Assembly Area,6 NO LU AFET VE ACİL DURUM TOPLANMA ALANI,38.458959876601,27.10404300556,,,,,,,2026-09-20T07:31:27.118Z,COMPLETE_FOR_MAPPABLE_ROWS,compact-proximity-endpoint,Afet toplanma alanları,https://acikveri.bizizmir.com/dataset/afet-ve-acil-durum-toplanma-alanlari,CC BY 4.0,İzmir Büyükşehir Belediyesi Açık Veri Portalı
assembly:kaggle:2243:38.334278265833:26.311985506074,assembly,Emergency Assembly Area,6 NO LU AFET VE ACİL DURUM TOPLANMA ALANI,38.334278265833,26.311985506074,,,,,,,2026-09-20T07:31:27.118Z,COMPLETE_FOR_MAPPABLE_ROWS,compact-proximity-endpoint,Afet toplanma alanları,https://acikveri.bizizmir.com/dataset/afet-ve-acil-durum-toplanma-alanlari,CC BY 4.0,İzmir Büyükşehir Belediyesi Açık Veri Portalı
assembly:kaggle:2244:38.489512823781:27.107250859555,assembly,Emergency Assembly Area,6 NO LU AFET VE ACİL DURUM TOPLANMA ALANI,38.489512823781,27.107250859555,,,,,,,2026-09-20T07:31:27.118Z,COMPLETE_FOR_MAPPABLE_ROWS,compact-proximity-endpoint,Afet toplanma alanları,https://acikveri.bizizmir.com/dataset/afet-ve-acil-durum-toplanma-alanlari,CC BY 4.0,İzmir Büyükşehir Belediyesi Açık Veri Portalı
assembly:kaggle:2245:38.466856608321:27.125457642355,assembly,Emergency Assembly Area,6 NO LU AFET VE ACİL DURUM TOPLANMA ALANI,38.466856608321,27.125457642355,,,,,,,2026-09-20T07:31:27.118Z,COMPLETE_FOR_MAPPABLE_ROWS,compact-proximity-endpoint,Afet toplanma alanları,https://acikveri.bizizmir.com/dataset/afet-ve-acil-durum-toplanma-alanlari,CC BY 4.0,İzmir Büyükşehir Belediyesi Açık Veri Portalı
assembly:kaggle:2246:38.178505823544:27.34874553848,assembly,Emergency Assembly Area,6 NO LU AFET VE ACİL DURUM TOPLANMA ALANI,38.178505823544,27.34874553848,,,,,,,2026-09-20T07:31:27.118Z,COMPLETE_FOR_MAPPABLE_ROWS,compact-proximity-endpoint,Afet toplanma alanları,https://acikveri.bizizmir.com/dataset/afet-ve-acil-durum-toplanma-alanlari,CC BY 4.0,İzmir Büyükşehir Belediyesi Açık Veri Portalı
assembly:kaggle:2247:38.661911027304:26.758999628448,assembly,Emergency Assembly Area,6 NO LU AFET VE ACİL DURUM TOPLANMA ALANI,38.661911027304,26.758999628448,,,,,,,2026-09-20T07:31:27.118Z,COMPLETE_FOR_MAPPABLE_ROWS,compact-proximity-endpoint,Afet toplanma alanları,https://acikveri.bizizmir.com/dataset/afet-ve-acil-durum-toplanma-alanlari,CC BY 4.0,İzmir Büyükşehir Belediyesi Açık Veri Portalı
assembly:kaggle:2248:38.465663721169:27.091747809202,assembly,Emergency Assembly Area,6 NO LU AFET VE ACİL DURUM TOPLANMA ALANI,38.465663721169,27.091747809202,,,,,,,2026-09-20T07:31:27.118Z,COMPLETE_FOR_MAPPABLE_ROWS,compact-proximity-endpoint,Afet toplanma alanları,https://acikveri.bizizmir.com/dataset/afet-ve-acil-durum-toplanma-alanlari,CC BY 4.0,İzmir Büyükşehir Belediyesi Açık Veri Portalı
assembly:kaggle:2249:38.392391189919:26.74374914786,assembly,Emergency Assembly Area,6 NO LU AFET VE ACİL DURUM TOPLANMA ALANI,38.392391189919,26.74374914786,,,,,,,2026-09-20T07:31:27.118Z,COMPLETE_FOR_MAPPABLE_ROWS,compact-proximity-endpoint,Afet toplanma alanları,https://acikveri.bizizmir.com/dataset/afet-ve-acil-durum-toplanma-alanlari,CC BY 4.0,İzmir Büyükşehir Belediyesi Açık Veri Portalı
assembly:kaggle:2250:38.306568884145:26.7034949104,assembly,Emergency Assembly Area,6 NO LU AFET VE ACİL DURUM TOPLANMA ALANI,38.306568884145,26.7034949104,,,,,,,2026-09-20T07:31:27.118Z,COMPLETE_FOR_MAPPABLE_ROWS,compact-proximity-endpoint,Afet toplanma alanları,https://acikveri.bizizmir.com/dataset/afet-ve-acil-durum-toplanma-alanlari,CC BY 4.0,İzmir Büyükşehir Belediyesi Açık Veri Portalı
assembly:kaggle:2251:38.464420447259:27.092670486632,assembly,Emergency Assembly Area,6 NO LU AFET VE ACİL DURUM TOPLANMA ALANI,38.464420447259,27.092670486632,,,,,,,2026-09-20T07:31:27.118Z,COMPLETE_FOR_MAPPABLE_ROWS,compact-proximity-endpoint,Afet toplanma alanları,https://acikveri.bizizmir.com/dataset/afet-ve-acil-durum-toplanma-alanlari,CC BY 4.0,İzmir Büyükşehir Belediyesi Açık Veri Portalı
assembly:kaggle:2252:38.319334616173:26.305381968838,assembly,Emergency Assembly Area,6 NO LU AFET VE ACİL DURUM TOPLANMA ALANI,38.319334616173,26.305381968838,,,,,,,2026-09-20T07:31:27.118Z,COMPLETE_FOR_MAPPABLE_ROWS,compact-proximity-endpoint,Afet toplanma alanları,https://acikveri.bizizmir.com/dataset/afet-ve-acil-durum-toplanma-alanlari,CC BY 4.0,İzmir Büyükşehir Belediyesi Açık Veri Portalı
assembly:kaggle:2253:38.293139063975:26.368536994321,assembly,Emergency Assembly Area,6 NO LU AFET VE ACİL DURUM TOPLANMA ALANI,38.293139063975,26.368536994321,,,,,,,2026-09-20T07:31:27.118Z,COMPLETE_FOR_MAPPABLE_ROWS,compact-proximity-endpoint,Afet toplanma alanları,https://acikveri.bizizmir.com/dataset/afet-ve-acil-durum-toplanma-alanlari,CC BY 4.0,İzmir Büyükşehir Belediyesi Açık Veri Portalı
assembly:kaggle:2254:38.554263144254:27.043924107958,assembly,Emergency Assembly Area,6 NO LU AFET VE ACİL DURUM TOPLANMA ALANI,38.554263144254,27.043924107958,,,,,,,2026-09-20T07:31:27.118Z,COMPLETE_FOR_MAPPABLE_ROWS,compact-proximity-endpoint,Afet toplanma alanları,https://acikveri.bizizmir.com/dataset/afet-ve-acil-durum-toplanma-alanlari,CC BY 4.0,İzmir Büyükşehir Belediyesi Açık Veri Portalı
assembly:kaggle:2255:38.480363024724:27.132796106806,assembly,Emergency Assembly Area,6 NO LU AFET VE ACİL DURUM TOPLANMA ALANI,38.480363024724,27.132796106806,,,,,,,2026-09-20T07:31:27.118Z,COMPLETE_FOR_MAPPABLE_ROWS,compact-proximity-endpoint,Afet toplanma alanları,https://acikveri.bizizmir.com/dataset/afet-ve-acil-durum-toplanma-alanlari,CC BY 4.0,İzmir Büyükşehir Belediyesi Açık Veri Portalı
assembly:kaggle:2256:38.509580353012:27.040271034435,assembly,Emergency Assembly Area,6 NO LU AFET VE ACİL DURUM TOPLANMA ALANI,38.509580353012,27.040271034435,,,,,,,2026-09-20T07:31:27.118Z,COMPLETE_FOR_MAPPABLE_ROWS,compact-proximity-endpoint,Afet toplanma alanları,https://acikveri.bizizmir.com/dataset/afet-ve-acil-durum-toplanma-alanlari,CC BY 4.0,İzmir Büyükşehir Belediyesi Açık Veri Portalı
assembly:kaggle:2257:38.284591612865:26.240612376429,assembly,Emergency Assembly Area,6 NO LU AFET VE ACİL DURUM TOPLANMA ALANI,38.284591612865,26.240612376429,,,,,,,2026-09-20T07:31:27.118Z,COMPLETE_FOR_MAPPABLE_ROWS,compact-proximity-endpoint,Afet toplanma alanları,https://acikveri.bizizmir.com/dataset/afet-ve-acil-durum-toplanma-alanlari,CC BY 4.0,İzmir Büyükşehir Belediyesi Açık Veri Portalı
assembly:kaggle:2258:38.36609969247:26.471045007714,assembly,Emergency Assembly Area,6 NO LU AFET VE ACİL DURUM TOPLANMA ALANI,38.36609969247,26.471045007714,,,,,,,2026-09-20T07:31:27.118Z,COMPLETE_FOR_MAPPABLE_ROWS,compact-proximity-endpoint,Afet toplanma alanları,https://acikveri.bizizmir.com/dataset/afet-ve-acil-durum-toplanma-alanlari,CC BY 4.0,İzmir Büyükşehir Belediyesi Açık Veri Portalı
assembly:kaggle:2259:38.416332670454:27.638363278684,assembly,Emergency Assembly Area,6 NO LU AFET VE ACİL DURUM TOPLANMA ALANI,38.416332670454,27.638363278684,,,,,,,2026-09-20T07:31:27.118Z,COMPLETE_FOR_MAPPABLE_ROWS,compact-proximity-endpoint,Afet toplanma alanları,https://acikveri.bizizmir.com/dataset/afet-ve-acil-durum-toplanma-alanlari,CC BY 4.0,İzmir Büyükşehir Belediyesi Açık Veri Portalı
assembly:kaggle:2260:38.375462127545:26.887740165597,assembly,Emergency Assembly Area,6 NO LU AFET VE ACİL DURUM TOPLANMA ALANI,38.375462127545,26.887740165597,,,,,,,2026-09-20T07:31:27.118Z,COMPLETE_FOR_MAPPABLE_ROWS,compact-proximity-endpoint,Afet toplanma alanları,https://acikveri.bizizmir.com/dataset/afet-ve-acil-durum-toplanma-alanlari,CC BY 4.0,İzmir Büyükşehir Belediyesi Açık Veri Portalı
assembly:kaggle:2261:38.434710213594:27.41140121269,assembly,Emergency Assembly Area,6 NO LU AFET VE ACİL DURUM TOPLANMA ALANI,38.434710213594,27.41140121269,,,,,,,2026-09-20T07:31:27.118Z,COMPLETE_FOR_MAPPABLE_ROWS,compact-proximity-endpoint,Afet toplanma alanları,https://acikveri.bizizmir.com/dataset/afet-ve-acil-durum-toplanma-alanlari,CC BY 4.0,İzmir Büyükşehir Belediyesi Açık Veri Portalı
assembly:kaggle:2262:38.429566505737:27.163609256511,assembly,Emergency Assembly Area,6 NO LU AFET VE ACİL DURUM TOPLANMA ALANI,38.429566505737,27.163609256511,,,,,,,2026-09-20T07:31:27.118Z,COMPLETE_FOR_MAPPABLE_ROWS,compact-proximity-endpoint,Afet toplanma alanları,https://acikveri.bizizmir.com/dataset/afet-ve-acil-durum-toplanma-alanlari,CC BY 4.0,İzmir Büyükşehir Belediyesi Açık Veri Portalı
assembly:kaggle:2263:38.392034091416:27.004520250991,assembly,Emergency Assembly Area,6 NO LU AFET VE ACİL DURUM TOPLANMA ALANI,38.392034091416,27.004520250991,,,,,,,2026-09-20T07:31:27.118Z,COMPLETE_FOR_MAPPABLE_ROWS,compact-proximity-endpoint,Afet toplanma alanları,https://acikveri.bizizmir.com/dataset/afet-ve-acil-durum-toplanma-alanlari,CC BY 4.0,İzmir Büyükşehir Belediyesi Açık Veri Portalı
assembly:kaggle:2264:38.342676652457:26.30359021806,assembly,Emergency Assembly Area,6 NO LU AFET VE ACİL DURUM TOPLANMA ALANI,38.342676652457,26.30359021806,,,,,,,2026-09-20T07:31:27.118Z,COMPLETE_FOR_MAPPABLE_ROWS,compact-proximity-endpoint,Afet toplanma alanları,https://acikveri.bizizmir.com/dataset/afet-ve-acil-durum-toplanma-alanlari,CC BY 4.0,İzmir Büyükşehir Belediyesi Açık Veri Portalı
assembly:kaggle:2265:38.373384910808:27.182513465713,assembly,Emergency Assembly Area,6 NO LU AFET VE ACİL DURUM TOPLANMA ALANI,38.373384910808,27.182513465713,,,,,,,2026-09-20T07:31:27.118Z,COMPLETE_FOR_MAPPABLE_ROWS,compact-proximity-endpoint,Afet toplanma alanları,https://acikveri.bizizmir.com/dataset/afet-ve-acil-durum-toplanma-alanlari,CC BY 4.0,İzmir Büyükşehir Belediyesi Açık Veri Portalı
assembly:kaggle:2266:38.477994550766:27.136915963391,assembly,Emergency Assembly Area,6 NO LU AFET VE ACİL DURUM TOPLANMA ALANI,38.477994550766,27.136915963391,,,,,,,2026-09-20T07:31:27.118Z,COMPLETE_FOR_MAPPABLE_ROWS,compact-proximity-endpoint,Afet toplanma alanları,https://acikveri.bizizmir.com/dataset/afet-ve-acil-durum-toplanma-alanlari,CC BY 4.0,İzmir Büyükşehir Belediyesi Açık Veri Portalı
assembly:kaggle:2267:38.326266069249:26.31768786897,assembly,Emergency Assembly Area,6 NO LU AFET VE ACİL DURUM TOPLANMA ALANI,38.326266069249,26.31768786897,,,,,,,2026-09-20T07:31:27.118Z,COMPLETE_FOR_MAPPABLE_ROWS,compact-proximity-endpoint,Afet toplanma alanları,https://acikveri.bizizmir.com/dataset/afet-ve-acil-durum-toplanma-alanlari,CC BY 4.0,İzmir Büyükşehir Belediyesi Açık Veri Portalı
assembly:kaggle:2268:38.674609482448:26.753800402683,assembly,Emergency Assembly Area,6 NO'LU AFET VE ACİL DURUM TOPLANMA ALANI,38.674609482448,26.753800402683,,,,,,,2026-09-20T07:31:27.118Z,COMPLETE_FOR_MAPPABLE_ROWS,compact-proximity-endpoint,Afet toplanma alanları,https://acikveri.bizizmir.com/dataset/afet-ve-acil-durum-toplanma-alanlari,CC BY 4.0,İzmir Büyükşehir Belediyesi Açık Veri Portalı
assembly:kaggle:2269:38.221306060288:27.98069006502,assembly,Emergency Assembly Area,6 NO'LU AFET VE ACİL DURUM TOPLANMA ALANI,38.221306060288,27.98069006502,,,,,,,2026-09-20T07:31:27.118Z,COMPLETE_FOR_MAPPABLE_ROWS,compact-proximity-endpoint,Afet toplanma alanları,https://acikveri.bizizmir.com/dataset/afet-ve-acil-durum-toplanma-alanlari,CC BY 4.0,İzmir Büyükşehir Belediyesi Açık Veri Portalı
assembly:kaggle:2270:38.429432827189:27.265452963444,assembly,Emergency Assembly Area,6 NO'LU AFET VE ACİL DURUM TOPLANMA ALANI,38.429432827189,27.265452963444,,,,,,,2026-09-20T07:31:27.118Z,COMPLETE_FOR_MAPPABLE_ROWS,compact-proximity-endpoint,Afet toplanma alanları,https://acikveri.bizizmir.com/dataset/afet-ve-acil-durum-toplanma-alanlari,CC BY 4.0,İzmir Büyükşehir Belediyesi Açık Veri Portalı
assembly:kaggle:2271:38.650409678002:26.818500126244,assembly,Emergency Assembly Area,6 NO'LU AFET VE ACİL DURUM TOPLANMA ALANI,38.650409678002,26.818500126244,,,,,,,2026-09-20T07:31:27.118Z,COMPLETE_FOR_MAPPABLE_ROWS,compact-proximity-endpoint,Afet toplanma alanları,https://acikveri.bizizmir.com/dataset/afet-ve-acil-durum-toplanma-alanlari,CC BY 4.0,İzmir Büyükşehir Belediyesi Açık Veri Portalı
assembly:kaggle:2272:38.303087522436:27.131287966636,assembly,Emergency Assembly Area,6 NO'LU AFET VE ACİL DURUM TOPLANMA ALANI,38.303087522436,27.131287966636,,,,,,,2026-09-20T07:31:27.118Z,COMPLETE_FOR_MAPPABLE_ROWS,compact-proximity-endpoint,Afet toplanma alanları,https://acikveri.bizizmir.com/dataset/afet-ve-acil-durum-toplanma-alanlari,CC BY 4.0,İzmir Büyükşehir Belediyesi Açık Veri Portalı
assembly:kaggle:2273:37.940013966848:27.37719852257,assembly,Emergency Assembly Area,6 NO'LU AFET VE ACİL DURUM TOPLANMA ALANI,37.940013966848,27.37719852257,,,,,,,2026-09-20T07:31:27.118Z,COMPLETE_FOR_MAPPABLE_ROWS,compact-proximity-endpoint,Afet toplanma alanları,https://acikveri.bizizmir.com/dataset/afet-ve-acil-durum-toplanma-alanlari,CC BY 4.0,İzmir Büyükşehir Belediyesi Açık Veri Portalı
assembly:kaggle:2274:38.395011176262:26.98805473337,assembly,Emergency Assembly Area,6 NO'LU AFET VE ACİL DURUM TOPLANMA ALANI,38.395011176262,26.98805473337,,,,,,,2026-09-20T07:31:27.118Z,COMPLETE_FOR_MAPPABLE_ROWS,compact-proximity-endpoint,Afet toplanma alanları,https://acikveri.bizizmir.com/dataset/afet-ve-acil-durum-toplanma-alanlari,CC BY 4.0,İzmir Büyükşehir Belediyesi Açık Veri Portalı
assembly:kaggle:2275:38.392523232494:27.020890481953,assembly,Emergency Assembly Area,6 NO'LU AFET VE ACİL DURUM TOPLANMA ALANI,38.392523232494,27.020890481953,,,,,,,2026-09-20T07:31:27.118Z,COMPLETE_FOR_MAPPABLE_ROWS,compact-proximity-endpoint,Afet toplanma alanları,https://acikveri.bizizmir.com/dataset/afet-ve-acil-durum-toplanma-alanlari,CC BY 4.0,İzmir Büyükşehir Belediyesi Açık Veri Portalı
assembly:kaggle:2276:38.792338118352:26.966467146633,assembly,Emergency Assembly Area,6 NO'LU AFET VE ACİL DURUM TOPLANMA ALANI,38.792338118352,26.966467146633,,,,,,,2026-09-20T07:31:27.118Z,COMPLETE_FOR_MAPPABLE_ROWS,compact-proximity-endpoint,Afet toplanma alanları,https://acikveri.bizizmir.com/dataset/afet-ve-acil-durum-toplanma-alanlari,CC BY 4.0,İzmir Büyükşehir Belediyesi Açık Veri Portalı
assembly:kaggle:2277:38.728009300464:26.834599907845,assembly,Emergency Assembly Area,6 NO'LU AFET VE ACİL DURUM TOPLANMA ALANI,38.728009300464,26.834599907845,,,,,,,2026-09-20T07:31:27.118Z,COMPLETE_FOR_MAPPABLE_ROWS,compact-proximity-endpoint,Afet toplanma alanları,https://acikveri.bizizmir.com/dataset/afet-ve-acil-durum-toplanma-alanlari,CC BY 4.0,İzmir Büyükşehir Belediyesi Açık Veri Portalı
assembly:kaggle:2278:38.382725700404:26.934774245673,assembly,Emergency Assembly Area,6 NO'LU AFET VE ACİL DURUM TOPLANMA ALANI,38.382725700404,26.934774245673,,,,,,,2026-09-20T07:31:27.118Z,COMPLETE_FOR_MAPPABLE_ROWS,compact-proximity-endpoint,Afet toplanma alanları,https://acikveri.bizizmir.com/dataset/afet-ve-acil-durum-toplanma-alanlari,CC BY 4.0,İzmir Büyükşehir Belediyesi Açık Veri Portalı
assembly:kaggle:2279:38.319800719195:27.13236313938,assembly,Emergency Assembly Area,6 NO'LU AFET VE ACİL DURUM TOPLANMA ALANI,38.319800719195,27.13236313938,,,,,,,2026-09-20T07:31:27.118Z,COMPLETE_FOR_MAPPABLE_ROWS,compact-proximity-endpoint,Afet toplanma alanları,https://acikveri.bizizmir.com/dataset/afet-ve-acil-durum-toplanma-alanlari,CC BY 4.0,İzmir Büyükşehir Belediyesi Açık Veri Portalı
assembly:kaggle:2280:38.391892298214:27.010298782585,assembly,Emergency Assembly Area,6 NO'LU AFET VE ACİL DURUM TOPLANMA ALANI,38.391892298214,27.010298782585,,,,,,,2026-09-20T07:31:27.118Z,COMPLETE_FOR_MAPPABLE_ROWS,compact-proximity-endpoint,Afet toplanma alanları,https://acikveri.bizizmir.com/dataset/afet-ve-acil-durum-toplanma-alanlari,CC BY 4.0,İzmir Büyükşehir Belediyesi Açık Veri Portalı
assembly:kaggle:2281:37.942513940592:27.364198584751,assembly,Emergency Assembly Area,6 NO'LU AFET VE ACİL DURUM TOPLANMA ALANI,37.942513940592,27.364198584751,,,,,,,2026-09-20T07:31:27.118Z,COMPLETE_FOR_MAPPABLE_ROWS,compact-proximity-endpoint,Afet toplanma alanları,https://acikveri.bizizmir.com/dataset/afet-ve-acil-durum-toplanma-alanlari,CC BY 4.0,İzmir Büyükşehir Belediyesi Açık Veri Portalı
assembly:kaggle:2282:38.395678984064:27.011766978405,assembly,Emergency Assembly Area,6 NO'LU AFET VE ACİL DURUM TOPLANMA ALANI,38.395678984064,27.011766978405,,,,,,,2026-09-20T07:31:27.118Z,COMPLETE_FOR_MAPPABLE_ROWS,compact-proximity-endpoint,Afet toplanma alanları,https://acikveri.bizizmir.com/dataset/afet-ve-acil-durum-toplanma-alanlari,CC BY 4.0,İzmir Büyükşehir Belediyesi Açık Veri Portalı
assembly:kaggle:2283:38.825327971646:26.985406995177,assembly,Emergency Assembly Area,6 NO'LU AFET VE ACİL DURUM TOPLANMA ALANI,38.825327971646,26.985406995177,,,,,,,2026-09-20T07:31:27.118Z,COMPLETE_FOR_MAPPABLE_ROWS,compact-proximity-endpoint,Afet toplanma alanları,https://acikveri.bizizmir.com/dataset/afet-ve-acil-durum-toplanma-alanlari,CC BY 4.0,İzmir Büyükşehir Belediyesi Açık Veri Portalı
assembly:kaggle:2284:38.371629873008:27.088125504355,assembly,Emergency Assembly Area,6 NO'LU AFET VE ACİL DURUM TOPLANMA ALANI,38.371629873008,27.088125504355,,,,,,,2026-09-20T07:31:27.118Z,COMPLETE_FOR_MAPPABLE_ROWS,compact-proximity-endpoint,Afet toplanma alanları,https://acikveri.bizizmir.com/dataset/afet-ve-acil-durum-toplanma-alanlari,CC BY 4.0,İzmir Büyükşehir Belediyesi Açık Veri Portalı
assembly:kaggle:2285:38.787376059301:26.977855854581,assembly,Emergency Assembly Area,6 NOLU TOPLANMA ALANI,38.787376059301,26.977855854581,,,,,,,2026-09-20T07:31:27.118Z,COMPLETE_FOR_MAPPABLE_ROWS,compact-proximity-endpoint,Afet toplanma alanları,https://acikveri.bizizmir.com/dataset/afet-ve-acil-durum-toplanma-alanlari,CC BY 4.0,İzmir Büyükşehir Belediyesi Açık Veri Portalı
assembly:kaggle:2286:38.681209184528:26.746300737676,assembly,Emergency Assembly Area,7 NO LU AFET VE ACİL DURUM TOPLANMA ALANI,38.681209184528,26.746300737676,,,,,,,2026-09-20T07:31:27.118Z,COMPLETE_FOR_MAPPABLE_ROWS,compact-proximity-endpoint,Afet toplanma alanları,https://acikveri.bizizmir.com/dataset/afet-ve-acil-durum-toplanma-alanlari,CC BY 4.0,İzmir Büyükşehir Belediyesi Açık Veri Portalı
assembly:kaggle:2287:38.27731510779:26.257671153963,assembly,Emergency Assembly Area,7 NO LU AFET VE ACİL DURUM TOPLANMA ALANI,38.27731510779,26.257671153963,,,,,,,2026-09-20T07:31:27.118Z,COMPLETE_FOR_MAPPABLE_ROWS,compact-proximity-endpoint,Afet toplanma alanları,https://acikveri.bizizmir.com/dataset/afet-ve-acil-durum-toplanma-alanlari,CC BY 4.0,İzmir Büyükşehir Belediyesi Açık Veri Portalı
assembly:kaggle:2288:38.4710062228:27.114342616435,assembly,Emergency Assembly Area,7 NO LU AFET VE ACİL DURUM TOPLANMA ALANI,38.4710062228,27.114342616435,,,,,,,2026-09-20T07:31:27.118Z,COMPLETE_FOR_MAPPABLE_ROWS,compact-proximity-endpoint,Afet toplanma alanları,https://acikveri.bizizmir.com/dataset/afet-ve-acil-durum-toplanma-alanlari,CC BY 4.0,İzmir Büyükşehir Belediyesi Açık Veri Portalı
assembly:kaggle:2289:38.253165270859:27.147258888356,assembly,Emergency Assembly Area,7 NO LU AFET VE ACİL DURUM TOPLANMA ALANI,38.253165270859,27.147258888356,,,,,,,2026-09-20T07:31:27.118Z,COMPLETE_FOR_MAPPABLE_ROWS,compact-proximity-endpoint,Afet toplanma alanları,https://acikveri.bizizmir.com/dataset/afet-ve-acil-durum-toplanma-alanlari,CC BY 4.0,İzmir Büyükşehir Belediyesi Açık Veri Portalı
assembly:kaggle:2290:38.378952602595:26.909449850598,assembly,Emergency Assembly Area,7 NO LU AFET VE ACİL DURUM TOPLANMA ALANI,38.378952602595,26.909449850598,,,,,,,2026-09-20T07:31:27.118Z,COMPLETE_FOR_MAPPABLE_ROWS,compact-proximity-endpoint,Afet toplanma alanları,https://acikveri.bizizmir.com/dataset/afet-ve-acil-durum-toplanma-alanlari,CC BY 4.0,İzmir Büyükşehir Belediyesi Açık Veri Portalı
assembly:kaggle:2291:38.319944881988:26.308163404478,assembly,Emergency Assembly Area,7 NO LU AFET VE ACİL DURUM TOPLANMA ALANI,38.319944881988,26.308163404478,,,,,,,2026-09-20T07:31:27.118Z,COMPLETE_FOR_MAPPABLE_ROWS,compact-proximity-endpoint,Afet toplanma alanları,https://acikveri.bizizmir.com/dataset/afet-ve-acil-durum-toplanma-alanlari,CC BY 4.0,İzmir Büyükşehir Belediyesi Açık Veri Portalı
assembly:kaggle:2292:38.361856172515:26.890025420016,assembly,Emergency Assembly Area,7 NO LU AFET VE ACİL DURUM TOPLANMA ALANI,38.361856172515,26.890025420016,,,,,,,2026-09-20T07:31:27.118Z,COMPLETE_FOR_MAPPABLE_ROWS,compact-proximity-endpoint,Afet toplanma alanları,https://acikveri.bizizmir.com/dataset/afet-ve-acil-durum-toplanma-alanlari,CC BY 4.0,İzmir Büyükşehir Belediyesi Açık Veri Portalı
assembly:kaggle:2293:38.344132394819:26.309651977304,assembly,Emergency Assembly Area,7 NO LU AFET VE ACİL DURUM TOPLANMA ALANI,38.344132394819,26.309651977304,,,,,,,2026-09-20T07:31:27.118Z,COMPLETE_FOR_MAPPABLE_ROWS,compact-proximity-endpoint,Afet toplanma alanları,https://acikveri.bizizmir.com/dataset/afet-ve-acil-durum-toplanma-alanlari,CC BY 4.0,İzmir Büyükşehir Belediyesi Açık Veri Portalı
assembly:kaggle:2294:38.315075448759:26.466852830504,assembly,Emergency Assembly Area,7 NO LU AFET VE ACİL DURUM TOPLANMA ALANI,38.315075448759,26.466852830504,,,,,,,2026-09-20T07:31:27.118Z,COMPLETE_FOR_MAPPABLE_ROWS,compact-proximity-endpoint,Afet toplanma alanları,https://acikveri.bizizmir.com/dataset/afet-ve-acil-durum-toplanma-alanlari,CC BY 4.0,İzmir Büyükşehir Belediyesi Açık Veri Portalı
assembly:kaggle:2295:38.363012874541:26.881732069267,assembly,Emergency Assembly Area,7 NO LU AFET VE ACİL DURUM TOPLANMA ALANI,38.363012874541,26.881732069267,,,,,,,2026-09-20T07:31:27.118Z,COMPLETE_FOR_MAPPABLE_ROWS,compact-proximity-endpoint,Afet toplanma alanları,https://acikveri.bizizmir.com/dataset/afet-ve-acil-durum-toplanma-alanlari,CC BY 4.0,İzmir Büyükşehir Belediyesi Açık Veri Portalı
assembly:kaggle:2296:38.426978098271:27.424812203667,assembly,Emergency Assembly Area,7 NO LU AFET VE ACİL DURUM TOPLANMA ALANI,38.426978098271,27.424812203667,,,,,,,2026-09-20T07:31:27.118Z,COMPLETE_FOR_MAPPABLE_ROWS,compact-proximity-endpoint,Afet toplanma alanları,https://acikveri.bizizmir.com/dataset/afet-ve-acil-durum-toplanma-alanlari,CC BY 4.0,İzmir Büyükşehir Belediyesi Açık Veri Portalı
assembly:kaggle:2297:38.391367673271:27.003015540401,assembly,Emergency Assembly Area,7 NO LU AFET VE ACİL DURUM TOPLANMA ALANI,38.391367673271,27.003015540401,,,,,,,2026-09-20T07:31:27.118Z,COMPLETE_FOR_MAPPABLE_ROWS,compact-proximity-endpoint,Afet toplanma alanları,https://acikveri.bizizmir.com/dataset/afet-ve-acil-durum-toplanma-alanlari,CC BY 4.0,İzmir Büyükşehir Belediyesi Açık Veri Portalı
assembly:kaggle:2298:38.09664420596:27.716721434881,assembly,Emergency Assembly Area,7 NO LU AFET VE ACİL DURUM TOPLANMA ALANI,38.09664420596,27.716721434881,,,,,,,2026-09-20T07:31:27.118Z,COMPLETE_FOR_MAPPABLE_ROWS,compact-proximity-endpoint,Afet toplanma alanları,https://acikveri.bizizmir.com/dataset/afet-ve-acil-durum-toplanma-alanlari,CC BY 4.0,İzmir Büyükşehir Belediyesi Açık Veri Portalı
assembly:kaggle:2299:38.452225995634:27.110313990474,assembly,Emergency Assembly Area,7 NO LU AFET VE ACİL DURUM TOPLANMA ALANI,38.452225995634,27.110313990474,,,,,,,2026-09-20T07:31:27.118Z,COMPLETE_FOR_MAPPABLE_ROWS,compact-proximity-endpoint,Afet toplanma alanları,https://acikveri.bizizmir.com/dataset/afet-ve-acil-durum-toplanma-alanlari,CC BY 4.0,İzmir Büyükşehir Belediyesi Açık Veri Portalı
assembly:kaggle:2300:38.492485532781:27.107696098973,assembly,Emergency Assembly Area,7 NO LU AFET VE ACİL DURUM TOPLANMA ALANI,38.492485532781,27.107696098973,,,,,,,2026-09-20T07:31:27.118Z,COMPLETE_FOR_MAPPABLE_ROWS,compact-proximity-endpoint,Afet toplanma alanları,https://acikveri.bizizmir.com/dataset/afet-ve-acil-durum-toplanma-alanlari,CC BY 4.0,İzmir Büyükşehir Belediyesi Açık Veri Portalı
assembly:kaggle:2301:38.460858517134:27.095567264025,assembly,Emergency Assembly Area,7 NO LU AFET VE ACİL DURUM TOPLANMA ALANI,38.460858517134,27.095567264025,,,,,,,2026-09-20T07:31:27.118Z,COMPLETE_FOR_MAPPABLE_ROWS,compact-proximity-endpoint,Afet toplanma alanları,https://acikveri.bizizmir.com/dataset/afet-ve-acil-durum-toplanma-alanlari,CC BY 4.0,İzmir Büyükşehir Belediyesi Açık Veri Portalı
assembly:kaggle:2302:38.404819391008:27.532400472802,assembly,Emergency Assembly Area,7 NO LU AFET VE ACİL DURUM TOPLANMA ALANI,38.404819391008,27.532400472802,,,,,,,2026-09-20T07:31:27.118Z,COMPLETE_FOR_MAPPABLE_ROWS,compact-proximity-endpoint,Afet toplanma alanları,https://acikveri.bizizmir.com/dataset/afet-ve-acil-durum-toplanma-alanlari,CC BY 4.0,İzmir Büyükşehir Belediyesi Açık Veri Portalı
assembly:kaggle:2303:38.435248065162:27.406573259576,assembly,Emergency Assembly Area,7 NO LU AFET VE ACİL DURUM TOPLANMA ALANI,38.435248065162,27.406573259576,,,,,,,2026-09-20T07:31:27.118Z,COMPLETE_FOR_MAPPABLE_ROWS,compact-proximity-endpoint,Afet toplanma alanları,https://acikveri.bizizmir.com/dataset/afet-ve-acil-durum-toplanma-alanlari,CC BY 4.0,İzmir Büyükşehir Belediyesi Açık Veri Portalı
assembly:kaggle:2304:38.452095840794:27.183253619605,assembly,Emergency Assembly Area,7 NO LU AFET VE ACİL DURUM TOPLANMA ALANI,38.452095840794,27.183253619605,,,,,,,2026-09-20T07:31:27.118Z,COMPLETE_FOR_MAPPABLE_ROWS,compact-proximity-endpoint,Afet toplanma alanları,https://acikveri.bizizmir.com/dataset/afet-ve-acil-durum-toplanma-alanlari,CC BY 4.0,İzmir Büyükşehir Belediyesi Açık Veri Portalı
assembly:kaggle:2305:38.461530701269:27.19867086448,assembly,Emergency Assembly Area,7 NO LU AFET VE ACİL DURUM TOPLANMA ALANI,38.461530701269,27.19867086448,,,,,,,2026-09-20T07:31:27.118Z,COMPLETE_FOR_MAPPABLE_ROWS,compact-proximity-endpoint,Afet toplanma alanları,https://acikveri.bizizmir.com/dataset/afet-ve-acil-durum-toplanma-alanlari,CC BY 4.0,İzmir Büyükşehir Belediyesi Açık Veri Portalı
assembly:kaggle:2306:38.370760578286:27.182942621406,assembly,Emergency Assembly Area,7 NO LU AFET VE ACİL DURUM TOPLANMA ALANI,38.370760578286,27.182942621406,,,,,,,2026-09-20T07:31:27.118Z,COMPLETE_FOR_MAPPABLE_ROWS,compact-proximity-endpoint,Afet toplanma alanları,https://acikveri.bizizmir.com/dataset/afet-ve-acil-durum-toplanma-alanlari,CC BY 4.0,İzmir Büyükşehir Belediyesi Açık Veri Portalı
assembly:kaggle:2307:38.324220791831:26.314447780596,assembly,Emergency Assembly Area,7 NO LU AFET VE ACİL DURUM TOPLANMA ALANI,38.324220791831,26.314447780596,,,,,,,2026-09-20T07:31:27.118Z,COMPLETE_FOR_MAPPABLE_ROWS,compact-proximity-endpoint,Afet toplanma alanları,https://acikveri.bizizmir.com/dataset/afet-ve-acil-durum-toplanma-alanlari,CC BY 4.0,İzmir Büyükşehir Belediyesi Açık Veri Portalı
assembly:kaggle:2308:38.458544096915:27.18206271388,assembly,Emergency Assembly Area,7 NO LU AFET VE ACİL DURUM TOPLANMA ALANI,38.458544096915,27.18206271388,,,,,,,2026-09-20T07:31:27.118Z,COMPLETE_FOR_MAPPABLE_ROWS,compact-proximity-endpoint,Afet toplanma alanları,https://acikveri.bizizmir.com/dataset/afet-ve-acil-durum-toplanma-alanlari,CC BY 4.0,İzmir Büyükşehir Belediyesi Açık Veri Portalı
assembly:kaggle:2309:38.341406647857:26.862935280542,assembly,Emergency Assembly Area,7 NO LU AFET VE ACİL DURUM TOPLANMA ALANI,38.341406647857,26.862935280542,,,,,,,2026-09-20T07:31:27.118Z,COMPLETE_FOR_MAPPABLE_ROWS,compact-proximity-endpoint,Afet toplanma alanları,https://acikveri.bizizmir.com/dataset/afet-ve-acil-durum-toplanma-alanlari,CC BY 4.0,İzmir Büyükşehir Belediyesi Açık Veri Portalı
assembly:kaggle:2310:38.375167741209:26.884784386575,assembly,Emergency Assembly Area,7 NO LU AFET VE ACİL DURUM TOPLANMA ALANI,38.375167741209,26.884784386575,,,,,,,2026-09-20T07:31:27.118Z,COMPLETE_FOR_MAPPABLE_ROWS,compact-proximity-endpoint,Afet toplanma alanları,https://acikveri.bizizmir.com/dataset/afet-ve-acil-durum-toplanma-alanlari,CC BY 4.0,İzmir Büyükşehir Belediyesi Açık Veri Portalı
assembly:kaggle:2311:38.243078767742:26.309341033277,assembly,Emergency Assembly Area,7 NO LU AFET VE ACİL DURUM TOPLANMA ALANI,38.243078767742,26.309341033277,,,,,,,2026-09-20T07:31:27.118Z,COMPLETE_FOR_MAPPABLE_ROWS,compact-proximity-endpoint,Afet toplanma alanları,https://acikveri.bizizmir.com/dataset/afet-ve-acil-durum-toplanma-alanlari,CC BY 4.0,İzmir Büyükşehir Belediyesi Açık Veri Portalı
assembly:kaggle:2312:38.492309131752:27.053435280573,assembly,Emergency Assembly Area,7 NO LU AFET VE ACİL DURUM TOPLANMA ALANI,38.492309131752,27.053435280573,,,,,,,2026-09-20T07:31:27.118Z,COMPLETE_FOR_MAPPABLE_ROWS,compact-proximity-endpoint,Afet toplanma alanları,https://acikveri.bizizmir.com/dataset/afet-ve-acil-durum-toplanma-alanlari,CC BY 4.0,İzmir Büyükşehir Belediyesi Açık Veri Portalı
assembly:kaggle:2313:38.47510108798:27.184610771909,assembly,Emergency Assembly Area,7 NO LU AFET VE ACİL DURUM TOPLANMA ALANI,38.47510108798,27.184610771909,,,,,,,2026-09-20T07:31:27.118Z,COMPLETE_FOR_MAPPABLE_ROWS,compact-proximity-endpoint,Afet toplanma alanları,https://acikveri.bizizmir.com/dataset/afet-ve-acil-durum-toplanma-alanlari,CC BY 4.0,İzmir Büyükşehir Belediyesi Açık Veri Portalı
assembly:kaggle:2314:37.948255595451:27.36730670011,assembly,Emergency Assembly Area,7 NO LU AFET VE ACİL DURUM TOPLANMA ALANI,37.948255595451,27.36730670011,,,,,,,2026-09-20T07:31:27.118Z,COMPLETE_FOR_MAPPABLE_ROWS,compact-proximity-endpoint,Afet toplanma alanları,https://acikveri.bizizmir.com/dataset/afet-ve-acil-durum-toplanma-alanlari,CC BY 4.0,İzmir Büyükşehir Belediyesi Açık Veri Portalı
assembly:kaggle:2315:38.391062847648:27.006936910906,assembly,Emergency Assembly Area,7 NO LU AFET VE ACİL DURUM TOPLANMA ALANI,38.391062847648,27.006936910906,,,,,,,2026-09-20T07:31:27.118Z,COMPLETE_FOR_MAPPABLE_ROWS,compact-proximity-endpoint,Afet toplanma alanları,https://acikveri.bizizmir.com/dataset/afet-ve-acil-durum-toplanma-alanlari,CC BY 4.0,İzmir Büyükşehir Belediyesi Açık Veri Portalı
assembly:kaggle:2316:38.552253685135:27.042786860439,assembly,Emergency Assembly Area,7 NO LU AFET VE ACİL DURUM TOPLANMA ALANI,38.552253685135,27.042786860439,,,,,,,2026-09-20T07:31:27.118Z,COMPLETE_FOR_MAPPABLE_ROWS,compact-proximity-endpoint,Afet toplanma alanları,https://acikveri.bizizmir.com/dataset/afet-ve-acil-durum-toplanma-alanlari,CC BY 4.0,İzmir Büyükşehir Belediyesi Açık Veri Portalı
assembly:kaggle:2317:38.476583509441:27.140735412432,assembly,Emergency Assembly Area,7 NO LU AFET VE ACİL DURUM TOPLANMA ALANI,38.476583509441,27.140735412432,,,,,,,2026-09-20T07:31:27.118Z,COMPLETE_FOR_MAPPABLE_ROWS,compact-proximity-endpoint,Afet toplanma alanları,https://acikveri.bizizmir.com/dataset/afet-ve-acil-durum-toplanma-alanlari,CC BY 4.0,İzmir Büyükşehir Belediyesi Açık Veri Portalı
assembly:kaggle:2318:38.466923801862:27.117089191745,assembly,Emergency Assembly Area,7 NO LU AFET VE ACİL DURUM TOPLANMA ALANI,38.466923801862,27.117089191745,,,,,,,2026-09-20T07:31:27.118Z,COMPLETE_FOR_MAPPABLE_ROWS,compact-proximity-endpoint,Afet toplanma alanları,https://acikveri.bizizmir.com/dataset/afet-ve-acil-durum-toplanma-alanlari,CC BY 4.0,İzmir Büyükşehir Belediyesi Açık Veri Portalı
assembly:kaggle:2319:38.466906974144:27.091297198209,assembly,Emergency Assembly Area,7 NO LU AFET VE ACİL DURUM TOPLANMA ALANI,38.466906974144,27.091297198209,,,,,,,2026-09-20T07:31:27.118Z,COMPLETE_FOR_MAPPABLE_ROWS,compact-proximity-endpoint,Afet toplanma alanları,https://acikveri.bizizmir.com/dataset/afet-ve-acil-durum-toplanma-alanlari,CC BY 4.0,İzmir Büyükşehir Belediyesi Açık Veri Portalı
assembly:kaggle:2320:38.374158739776:27.187684737566,assembly,Emergency Assembly Area,7 NO LU AFET VE ACİL DURUM TOPLANMA ALANI,38.374158739776,27.187684737566,,,,,,,2026-09-20T07:31:27.118Z,COMPLETE_FOR_MAPPABLE_ROWS,compact-proximity-endpoint,Afet toplanma alanları,https://acikveri.bizizmir.com/dataset/afet-ve-acil-durum-toplanma-alanlari,CC BY 4.0,İzmir Büyükşehir Belediyesi Açık Veri Portalı
assembly:kaggle:2321:38.27871334069:26.377458003598,assembly,Emergency Assembly Area,7 NO LU AFET VE ACİL DURUM TOPLANMA ALANI,38.27871334069,26.377458003598,,,,,,,2026-09-20T07:31:27.118Z,COMPLETE_FOR_MAPPABLE_ROWS,compact-proximity-endpoint,Afet toplanma alanları,https://acikveri.bizizmir.com/dataset/afet-ve-acil-durum-toplanma-alanlari,CC BY 4.0,İzmir Büyükşehir Belediyesi Açık Veri Portalı
assembly:kaggle:2322:38.476919456673:27.123140208203,assembly,Emergency Assembly Area,7 NO LU AFET VE ACİL DURUM TOPLANMA ALANI,38.476919456673,27.123140208203,,,,,,,2026-09-20T07:31:27.118Z,COMPLETE_FOR_MAPPABLE_ROWS,compact-proximity-endpoint,Afet toplanma alanları,https://acikveri.bizizmir.com/dataset/afet-ve-acil-durum-toplanma-alanlari,CC BY 4.0,İzmir Büyükşehir Belediyesi Açık Veri Portalı
assembly:kaggle:2323:38.485477650385:27.119406577268,assembly,Emergency Assembly Area,7 NO LU AFET VE ACİL DURUM TOPLANMA ALANI,38.485477650385,27.119406577268,,,,,,,2026-09-20T07:31:27.118Z,COMPLETE_FOR_MAPPABLE_ROWS,compact-proximity-endpoint,Afet toplanma alanları,https://acikveri.bizizmir.com/dataset/afet-ve-acil-durum-toplanma-alanlari,CC BY 4.0,İzmir Büyükşehir Belediyesi Açık Veri Portalı
assembly:kaggle:2324:38.815377021249:26.984563016648,assembly,Emergency Assembly Area,7 NO'LU AFET VE ACİL DURUM TOPLANMA ALANI,38.815377021249,26.984563016648,,,,,,,2026-09-20T07:31:27.118Z,COMPLETE_FOR_MAPPABLE_ROWS,compact-proximity-endpoint,Afet toplanma alanları,https://acikveri.bizizmir.com/dataset/afet-ve-acil-durum-toplanma-alanlari,CC BY 4.0,İzmir Büyükşehir Belediyesi Açık Veri Portalı
assembly:kaggle:2325:38.311870257447:27.130465326945,assembly,Emergency Assembly Area,7 NO'LU AFET VE ACİL DURUM TOPLANMA ALANI,38.311870257447,27.130465326945,,,,,,,2026-09-20T07:31:27.118Z,COMPLETE_FOR_MAPPABLE_ROWS,compact-proximity-endpoint,Afet toplanma alanları,https://acikveri.bizizmir.com/dataset/afet-ve-acil-durum-toplanma-alanlari,CC BY 4.0,İzmir Büyükşehir Belediyesi Açık Veri Portalı
assembly:kaggle:2326:38.381722565452:26.937031953189,assembly,Emergency Assembly Area,7 NO'LU AFET VE ACİL DURUM TOPLANMA ALANI,38.381722565452,26.937031953189,,,,,,,2026-09-20T07:31:27.118Z,COMPLETE_FOR_MAPPABLE_ROWS,compact-proximity-endpoint,Afet toplanma alanları,https://acikveri.bizizmir.com/dataset/afet-ve-acil-durum-toplanma-alanlari,CC BY 4.0,İzmir Büyükşehir Belediyesi Açık Veri Portalı
assembly:kaggle:2327:38.394515957985:27.012348986629,assembly,Emergency Assembly Area,7 NO'LU AFET VE ACİL DURUM TOPLANMA ALANI,38.394515957985,27.012348986629,,,,,,,2026-09-20T07:31:27.118Z,COMPLETE_FOR_MAPPABLE_ROWS,compact-proximity-endpoint,Afet toplanma alanları,https://acikveri.bizizmir.com/dataset/afet-ve-acil-durum-toplanma-alanlari,CC BY 4.0,İzmir Büyükşehir Belediyesi Açık Veri Portalı
assembly:kaggle:2328:38.73437382903:26.838007720424,assembly,Emergency Assembly Area,7 NO'LU AFET VE ACİL DURUM TOPLANMA ALANI,38.73437382903,26.838007720424,,,,,,,2026-09-20T07:31:27.118Z,COMPLETE_FOR_MAPPABLE_ROWS,compact-proximity-endpoint,Afet toplanma alanları,https://acikveri.bizizmir.com/dataset/afet-ve-acil-durum-toplanma-alanlari,CC BY 4.0,İzmir Büyükşehir Belediyesi Açık Veri Portalı
assembly:kaggle:2329:38.393777437005:26.988753454697,assembly,Emergency Assembly Area,7 NO'LU AFET VE ACİL DURUM TOPLANMA ALANI,38.393777437005,26.988753454697,,,,,,,2026-09-20T07:31:27.118Z,COMPLETE_FOR_MAPPABLE_ROWS,compact-proximity-endpoint,Afet toplanma alanları,https://acikveri.bizizmir.com/dataset/afet-ve-acil-durum-toplanma-alanlari,CC BY 4.0,İzmir Büyükşehir Belediyesi Açık Veri Portalı
assembly:kaggle:2330:38.390533730418:27.025609268682,assembly,Emergency Assembly Area,7 NO'LU AFET VE ACİL DURUM TOPLANMA ALANI,38.390533730418,27.025609268682,,,,,,,2026-09-20T07:31:27.118Z,COMPLETE_FOR_MAPPABLE_ROWS,compact-proximity-endpoint,Afet toplanma alanları,https://acikveri.bizizmir.com/dataset/afet-ve-acil-durum-toplanma-alanlari,CC BY 4.0,İzmir Büyükşehir Belediyesi Açık Veri Portalı
assembly:kaggle:2331:38.316803735716:27.133535138229,assembly,Emergency Assembly Area,7 NO'LU AFET VE ACİL DURUM TOPLANMA ALANI,38.316803735716,27.133535138229,,,,,,,2026-09-20T07:31:27.118Z,COMPLETE_FOR_MAPPABLE_ROWS,compact-proximity-endpoint,Afet toplanma alanları,https://acikveri.bizizmir.com/dataset/afet-ve-acil-durum-toplanma-alanlari,CC BY 4.0,İzmir Büyükşehir Belediyesi Açık Veri Portalı
assembly:kaggle:2332:38.455078406548:27.099665668845,assembly,Emergency Assembly Area,8 NO LU AFET VE ACİL DURUM TOPLANMA ALANI,38.455078406548,27.099665668845,,,,,,,2026-09-20T07:31:27.118Z,COMPLETE_FOR_MAPPABLE_ROWS,compact-proximity-endpoint,Afet toplanma alanları,https://acikveri.bizizmir.com/dataset/afet-ve-acil-durum-toplanma-alanlari,CC BY 4.0,İzmir Büyükşehir Belediyesi Açık Veri Portalı
assembly:kaggle:2333:38.454011480059:27.188612643333,assembly,Emergency Assembly Area,8 NO LU AFET VE ACİL DURUM TOPLANMA ALANI,38.454011480059,27.188612643333,,,,,,,2026-09-20T07:31:27.118Z,COMPLETE_FOR_MAPPABLE_ROWS,compact-proximity-endpoint,Afet toplanma alanları,https://acikveri.bizizmir.com/dataset/afet-ve-acil-durum-toplanma-alanlari,CC BY 4.0,İzmir Büyükşehir Belediyesi Açık Veri Portalı
assembly:kaggle:2334:38.361885606834:26.881292191164,assembly,Emergency Assembly Area,8 NO LU AFET VE ACİL DURUM TOPLANMA ALANI,38.361885606834,26.881292191164,,,,,,,2026-09-20T07:31:27.118Z,COMPLETE_FOR_MAPPABLE_ROWS,compact-proximity-endpoint,Afet toplanma alanları,https://acikveri.bizizmir.com/dataset/afet-ve-acil-durum-toplanma-alanlari,CC BY 4.0,İzmir Büyükşehir Belediyesi Açık Veri Portalı
assembly:kaggle:2335:38.475928354142:27.12382685198,assembly,Emergency Assembly Area,8 NO LU AFET VE ACİL DURUM TOPLANMA ALANI,38.475928354142,27.12382685198,,,,,,,2026-09-20T07:31:27.118Z,COMPLETE_FOR_MAPPABLE_ROWS,compact-proximity-endpoint,Afet toplanma alanları,https://acikveri.bizizmir.com/dataset/afet-ve-acil-durum-toplanma-alanlari,CC BY 4.0,İzmir Büyükşehir Belediyesi Açık Veri Portalı
assembly:kaggle:2336:38.318181420845:26.309206781881,assembly,Emergency Assembly Area,8 NO LU AFET VE ACİL DURUM TOPLANMA ALANI,38.318181420845,26.309206781881,,,,,,,2026-09-20T07:31:27.118Z,COMPLETE_FOR_MAPPABLE_ROWS,compact-proximity-endpoint,Afet toplanma alanları,https://acikveri.bizizmir.com/dataset/afet-ve-acil-durum-toplanma-alanlari,CC BY 4.0,İzmir Büyükşehir Belediyesi Açık Veri Portalı
assembly:kaggle:2337:38.469259042405:27.115780276287,assembly,Emergency Assembly Area,8 NO LU AFET VE ACİL DURUM TOPLANMA ALANI,38.469259042405,27.115780276287,,,,,,,2026-09-20T07:31:27.118Z,COMPLETE_FOR_MAPPABLE_ROWS,compact-proximity-endpoint,Afet toplanma alanları,https://acikveri.bizizmir.com/dataset/afet-ve-acil-durum-toplanma-alanlari,CC BY 4.0,İzmir Büyükşehir Belediyesi Açık Veri Portalı
assembly:kaggle:2338:38.425843422427:27.424479613239,assembly,Emergency Assembly Area,8 NO LU AFET VE ACİL DURUM TOPLANMA ALANI,38.425843422427,27.424479613239,,,,,,,2026-09-20T07:31:27.118Z,COMPLETE_FOR_MAPPABLE_ROWS,compact-proximity-endpoint,Afet toplanma alanları,https://acikveri.bizizmir.com/dataset/afet-ve-acil-durum-toplanma-alanlari,CC BY 4.0,İzmir Büyükşehir Belediyesi Açık Veri Portalı
assembly:kaggle:2339:38.453196417203:27.107712259033,assembly,Emergency Assembly Area,8 NO LU AFET VE ACİL DURUM TOPLANMA ALANI,38.453196417203,27.107712259033,,,,,,,2026-09-20T07:31:27.118Z,COMPLETE_FOR_MAPPABLE_ROWS,compact-proximity-endpoint,Afet toplanma alanları,https://acikveri.bizizmir.com/dataset/afet-ve-acil-durum-toplanma-alanlari,CC BY 4.0,İzmir Büyükşehir Belediyesi Açık Veri Portalı
assembly:kaggle:2340:38.522327502784:27.032095679978,assembly,Emergency Assembly Area,8 NO LU AFET VE ACİL DURUM TOPLANMA ALANI,38.522327502784,27.032095679978,,,,,,,2026-09-20T07:31:27.118Z,COMPLETE_FOR_MAPPABLE_ROWS,compact-proximity-endpoint,Afet toplanma alanları,https://acikveri.bizizmir.com/dataset/afet-ve-acil-durum-toplanma-alanlari,CC BY 4.0,İzmir Büyükşehir Belediyesi Açık Veri Portalı
assembly:kaggle:2341:38.469040615536:27.090932415958,assembly,Emergency Assembly Area,8 NO LU AFET VE ACİL DURUM TOPLANMA ALANI,38.469040615536,27.090932415958,,,,,,,2026-09-20T07:31:27.118Z,COMPLETE_FOR_MAPPABLE_ROWS,compact-proximity-endpoint,Afet toplanma alanları,https://acikveri.bizizmir.com/dataset/afet-ve-acil-durum-toplanma-alanlari,CC BY 4.0,İzmir Büyükşehir Belediyesi Açık Veri Portalı
assembly:kaggle:2342:38.434306812206:27.404985401258,assembly,Emergency Assembly Area,8 NO LU AFET VE ACİL DURUM TOPLANMA ALANI,38.434306812206,27.404985401258,,,,,,,2026-09-20T07:31:27.118Z,COMPLETE_FOR_MAPPABLE_ROWS,compact-proximity-endpoint,Afet toplanma alanları,https://acikveri.bizizmir.com/dataset/afet-ve-acil-durum-toplanma-alanlari,CC BY 4.0,İzmir Büyükşehir Belediyesi Açık Veri Portalı
assembly:kaggle:2343:38.343617629634:26.866609884589,assembly,Emergency Assembly Area,8 NO LU AFET VE ACİL DURUM TOPLANMA ALANI,38.343617629634,26.866609884589,,,,,,,2026-09-20T07:31:27.118Z,COMPLETE_FOR_MAPPABLE_ROWS,compact-proximity-endpoint,Afet toplanma alanları,https://acikveri.bizizmir.com/dataset/afet-ve-acil-durum-toplanma-alanlari,CC BY 4.0,İzmir Büyükşehir Belediyesi Açık Veri Portalı
assembly:kaggle:2344:38.485200509568:27.117357380236,assembly,Emergency Assembly Area,8 NO LU AFET VE ACİL DURUM TOPLANMA ALANI,38.485200509568,27.117357380236,,,,,,,2026-09-20T07:31:27.118Z,COMPLETE_FOR_MAPPABLE_ROWS,compact-proximity-endpoint,Afet toplanma alanları,https://acikveri.bizizmir.com/dataset/afet-ve-acil-durum-toplanma-alanlari,CC BY 4.0,İzmir Büyükşehir Belediyesi Açık Veri Portalı
assembly:kaggle:2345:38.478263321543:27.140134597752,assembly,Emergency Assembly Area,8 NO LU AFET VE ACİL DURUM TOPLANMA ALANI,38.478263321543,27.140134597752,,,,,,,2026-09-20T07:31:27.118Z,COMPLETE_FOR_MAPPABLE_ROWS,compact-proximity-endpoint,Afet toplanma alanları,https://acikveri.bizizmir.com/dataset/afet-ve-acil-durum-toplanma-alanlari,CC BY 4.0,İzmir Büyükşehir Belediyesi Açık Veri Portalı
assembly:kaggle:2346:38.377943326053:26.903296895674,assembly,Emergency Assembly Area,8 NO LU AFET VE ACİL DURUM TOPLANMA ALANI,38.377943326053,26.903296895674,,,,,,,2026-09-20T07:31:27.118Z,COMPLETE_FOR_MAPPABLE_ROWS,compact-proximity-endpoint,Afet toplanma alanları,https://acikveri.bizizmir.com/dataset/afet-ve-acil-durum-toplanma-alanlari,CC BY 4.0,İzmir Büyükşehir Belediyesi Açık Veri Portalı
assembly:kaggle:2347:38.091139010197:27.722182393384,assembly,Emergency Assembly Area,8 NO LU AFET VE ACİL DURUM TOPLANMA ALANI,38.091139010197,27.722182393384,,,,,,,2026-09-20T07:31:27.118Z,COMPLETE_FOR_MAPPABLE_ROWS,compact-proximity-endpoint,Afet toplanma alanları,https://acikveri.bizizmir.com/dataset/afet-ve-acil-durum-toplanma-alanlari,CC BY 4.0,İzmir Büyükşehir Belediyesi Açık Veri Portalı
assembly:kaggle:2348:38.48552379003:27.071947806797,assembly,Emergency Assembly Area,8 NO LU AFET VE ACİL DURUM TOPLANMA ALANI,38.48552379003,27.071947806797,,,,,,,2026-09-20T07:31:27.118Z,COMPLETE_FOR_MAPPABLE_ROWS,compact-proximity-endpoint,Afet toplanma alanları,https://acikveri.bizizmir.com/dataset/afet-ve-acil-durum-toplanma-alanlari,CC BY 4.0,İzmir Büyükşehir Belediyesi Açık Veri Portalı
assembly:kaggle:2349:38.319978553129:26.309555463909,assembly,Emergency Assembly Area,8 NO LU AFET VE ACİL DURUM TOPLANMA ALANI,38.319978553129,26.309555463909,,,,,,,2026-09-20T07:31:27.118Z,COMPLETE_FOR_MAPPABLE_ROWS,compact-proximity-endpoint,Afet toplanma alanları,https://acikveri.bizizmir.com/dataset/afet-ve-acil-durum-toplanma-alanlari,CC BY 4.0,İzmir Büyükşehir Belediyesi Açık Veri Portalı
assembly:kaggle:2350:38.351461302286:26.471431270978,assembly,Emergency Assembly Area,8 NO LU AFET VE ACİL DURUM TOPLANMA ALANI,38.351461302286,26.471431270978,,,,,,,2026-09-20T07:31:27.118Z,COMPLETE_FOR_MAPPABLE_ROWS,compact-proximity-endpoint,Afet toplanma alanları,https://acikveri.bizizmir.com/dataset/afet-ve-acil-durum-toplanma-alanlari,CC BY 4.0,İzmir Büyükşehir Belediyesi Açık Veri Portalı
assembly:kaggle:2351:38.37612237832:26.883883167188,assembly,Emergency Assembly Area,8 NO LU AFET VE ACİL DURUM TOPLANMA ALANI,38.37612237832,26.883883167188,,,,,,,2026-09-20T07:31:27.118Z,COMPLETE_FOR_MAPPABLE_ROWS,compact-proximity-endpoint,Afet toplanma alanları,https://acikveri.bizizmir.com/dataset/afet-ve-acil-durum-toplanma-alanlari,CC BY 4.0,İzmir Büyükşehir Belediyesi Açık Veri Portalı
assembly:kaggle:2352:38.27721417466:26.372855358898,assembly,Emergency Assembly Area,8 NO LU AFET VE ACİL DURUM TOPLANMA ALANI,38.27721417466,26.372855358898,,,,,,,2026-09-20T07:31:27.118Z,COMPLETE_FOR_MAPPABLE_ROWS,compact-proximity-endpoint,Afet toplanma alanları,https://acikveri.bizizmir.com/dataset/afet-ve-acil-durum-toplanma-alanlari,CC BY 4.0,İzmir Büyükşehir Belediyesi Açık Veri Portalı
assembly:kaggle:2353:38.249650976887:26.305392829111,assembly,Emergency Assembly Area,8 NO LU AFET VE ACİL DURUM TOPLANMA ALANI,38.249650976887,26.305392829111,,,,,,,2026-09-20T07:31:27.118Z,COMPLETE_FOR_MAPPABLE_ROWS,compact-proximity-endpoint,Afet toplanma alanları,https://acikveri.bizizmir.com/dataset/afet-ve-acil-durum-toplanma-alanlari,CC BY 4.0,İzmir Büyükşehir Belediyesi Açık Veri Portalı
assembly:kaggle:2354:38.38901098886:27.001832696195,assembly,Emergency Assembly Area,8 NO LU AFET VE ACİL DURUM TOPLANMA ALANI,38.38901098886,27.001832696195,,,,,,,2026-09-20T07:31:27.118Z,COMPLETE_FOR_MAPPABLE_ROWS,compact-proximity-endpoint,Afet toplanma alanları,https://acikveri.bizizmir.com/dataset/afet-ve-acil-durum-toplanma-alanlari,CC BY 4.0,İzmir Büyükşehir Belediyesi Açık Veri Portalı
assembly:kaggle:2355:38.459497647253:27.194872878816,assembly,Emergency Assembly Area,8 NO LU AFET VE ACİL DURUM TOPLANMA ALANI,38.459497647253,27.194872878816,,,,,,,2026-09-20T07:31:27.118Z,COMPLETE_FOR_MAPPABLE_ROWS,compact-proximity-endpoint,Afet toplanma alanları,https://acikveri.bizizmir.com/dataset/afet-ve-acil-durum-toplanma-alanlari,CC BY 4.0,İzmir Büyükşehir Belediyesi Açık Veri Portalı
assembly:kaggle:2356:38.553873009376:27.049567448431,assembly,Emergency Assembly Area,8 NO LU AFET VE ACİL DURUM TOPLANMA ALANI,38.553873009376,27.049567448431,,,,,,,2026-09-20T07:31:27.118Z,COMPLETE_FOR_MAPPABLE_ROWS,compact-proximity-endpoint,Afet toplanma alanları,https://acikveri.bizizmir.com/dataset/afet-ve-acil-durum-toplanma-alanlari,CC BY 4.0,İzmir Büyükşehir Belediyesi Açık Veri Portalı
assembly:kaggle:2357:38.352731581715:26.315434774708,assembly,Emergency Assembly Area,8 NO LU AFET VE ACİL DURUM TOPLANMA ALANI,38.352731581715,26.315434774708,,,,,,,2026-09-20T07:31:27.118Z,COMPLETE_FOR_MAPPABLE_ROWS,compact-proximity-endpoint,Afet toplanma alanları,https://acikveri.bizizmir.com/dataset/afet-ve-acil-durum-toplanma-alanlari,CC BY 4.0,İzmir Büyükşehir Belediyesi Açık Veri Portalı
assembly:kaggle:2358:38.468956725905:27.196846958948,assembly,Emergency Assembly Area,8 NO LU AFET VE ACİL DURUM TOPLANMA ALANI,38.468956725905,27.196846958948,,,,,,,2026-09-20T07:31:27.118Z,COMPLETE_FOR_MAPPABLE_ROWS,compact-proximity-endpoint,Afet toplanma alanları,https://acikveri.bizizmir.com/dataset/afet-ve-acil-durum-toplanma-alanlari,CC BY 4.0,İzmir Büyükşehir Belediyesi Açık Veri Portalı
assembly:kaggle:2359:38.736909253129:26.833099899748,assembly,Emergency Assembly Area,8 NO'LU AFET VE ACİL DURUM TOPLANMA ALANI,38.736909253129,26.833099899748,,,,,,,2026-09-20T07:31:27.118Z,COMPLETE_FOR_MAPPABLE_ROWS,compact-proximity-endpoint,Afet toplanma alanları,https://acikveri.bizizmir.com/dataset/afet-ve-acil-durum-toplanma-alanlari,CC BY 4.0,İzmir Büyükşehir Belediyesi Açık Veri Portalı
assembly:kaggle:2360:38.395813866916:27.016762262789,assembly,Emergency Assembly Area,8 NO'LU AFET VE ACİL DURUM TOPLANMA ALANI,38.395813866916,27.016762262789,,,,,,,2026-09-20T07:31:27.118Z,COMPLETE_FOR_MAPPABLE_ROWS,compact-proximity-endpoint,Afet toplanma alanları,https://acikveri.bizizmir.com/dataset/afet-ve-acil-durum-toplanma-alanlari,CC BY 4.0,İzmir Büyükşehir Belediyesi Açık Veri Portalı
assembly:kaggle:2361:38.389675014191:27.027676917766,assembly,Emergency Assembly Area,8 NO'LU AFET VE ACİL DURUM TOPLANMA ALANI,38.389675014191,27.027676917766,,,,,,,2026-09-20T07:31:27.118Z,COMPLETE_FOR_MAPPABLE_ROWS,compact-proximity-endpoint,Afet toplanma alanları,https://acikveri.bizizmir.com/dataset/afet-ve-acil-durum-toplanma-alanlari,CC BY 4.0,İzmir Büyükşehir Belediyesi Açık Veri Portalı
assembly:kaggle:2362:38.393336896298:26.988855457371,assembly,Emergency Assembly Area,8 NO'LU AFET VE ACİL DURUM TOPLANMA ALANI,38.393336896298,26.988855457371,,,,,,,2026-09-20T07:31:27.118Z,COMPLETE_FOR_MAPPABLE_ROWS,compact-proximity-endpoint,Afet toplanma alanları,https://acikveri.bizizmir.com/dataset/afet-ve-acil-durum-toplanma-alanlari,CC BY 4.0,İzmir Büyükşehir Belediyesi Açık Veri Portalı
assembly:kaggle:2363:38.470955825809:27.116145052014,assembly,Emergency Assembly Area,9 NO LU AFET VE ACİL DURUM TOPLANMA ALANI,38.470955825809,27.116145052014,,,,,,,2026-09-20T07:31:27.118Z,COMPLETE_FOR_MAPPABLE_ROWS,compact-proximity-endpoint,Afet toplanma alanları,https://acikveri.bizizmir.com/dataset/afet-ve-acil-durum-toplanma-alanlari,CC BY 4.0,İzmir Büyükşehir Belediyesi Açık Veri Portalı
assembly:kaggle:2364:38.356534421272:26.319962313659,assembly,Emergency Assembly Area,9 NO LU AFET VE ACİL DURUM TOPLANMA ALANI,38.356534421272,26.319962313659,,,,,,,2026-09-20T07:31:27.118Z,COMPLETE_FOR_MAPPABLE_ROWS,compact-proximity-endpoint,Afet toplanma alanları,https://acikveri.bizizmir.com/dataset/afet-ve-acil-durum-toplanma-alanlari,CC BY 4.0,İzmir Büyükşehir Belediyesi Açık Veri Portalı
assembly:kaggle:2365:38.459648758153:27.090052671801,assembly,Emergency Assembly Area,9 NO LU AFET VE ACİL DURUM TOPLANMA ALANI,38.459648758153,27.090052671801,,,,,,,2026-09-20T07:31:27.118Z,COMPLETE_FOR_MAPPABLE_ROWS,compact-proximity-endpoint,Afet toplanma alanları,https://acikveri.bizizmir.com/dataset/afet-ve-acil-durum-toplanma-alanlari,CC BY 4.0,İzmir Büyükşehir Belediyesi Açık Veri Portalı
assembly:kaggle:2366:38.343655494882:26.866078809801,assembly,Emergency Assembly Area,9 NO LU AFET VE ACİL DURUM TOPLANMA ALANI,38.343655494882,26.866078809801,,,,,,,2026-09-20T07:31:27.118Z,COMPLETE_FOR_MAPPABLE_ROWS,compact-proximity-endpoint,Afet toplanma alanları,https://acikveri.bizizmir.com/dataset/afet-ve-acil-durum-toplanma-alanlari,CC BY 4.0,İzmir Büyükşehir Belediyesi Açık Veri Portalı
assembly:kaggle:2367:38.432710019326:27.405865164038,assembly,Emergency Assembly Area,9 NO LU AFET VE ACİL DURUM TOPLANMA ALANI,38.432710019326,27.405865164038,,,,,,,2026-09-20T07:31:27.118Z,COMPLETE_FOR_MAPPABLE_ROWS,compact-proximity-endpoint,Afet toplanma alanları,https://acikveri.bizizmir.com/dataset/afet-ve-acil-durum-toplanma-alanlari,CC BY 4.0,İzmir Büyükşehir Belediyesi Açık Veri Portalı
assembly:kaggle:2368:38.374557937682:26.879173234477,assembly,Emergency Assembly Area,9 NO LU AFET VE ACİL DURUM TOPLANMA ALANI,38.374557937682,26.879173234477,,,,,,,2026-09-20T07:31:27.118Z,COMPLETE_FOR_MAPPABLE_ROWS,compact-proximity-endpoint,Afet toplanma alanları,https://acikveri.bizizmir.com/dataset/afet-ve-acil-durum-toplanma-alanlari,CC BY 4.0,İzmir Büyükşehir Belediyesi Açık Veri Portalı
assembly:kaggle:2369:38.286916056195:26.369797637863,assembly,Emergency Assembly Area,9 NO LU AFET VE ACİL DURUM TOPLANMA ALANI,38.286916056195,26.369797637863,,,,,,,2026-09-20T07:31:27.118Z,COMPLETE_FOR_MAPPABLE_ROWS,compact-proximity-endpoint,Afet toplanma alanları,https://acikveri.bizizmir.com/dataset/afet-ve-acil-durum-toplanma-alanlari,CC BY 4.0,İzmir Büyükşehir Belediyesi Açık Veri Portalı
assembly:kaggle:2370:38.390835797747:27.003729005349,assembly,Emergency Assembly Area,9 NO LU AFET VE ACİL DURUM TOPLANMA ALANI,38.390835797747,27.003729005349,,,,,,,2026-09-20T07:31:27.118Z,COMPLETE_FOR_MAPPABLE_ROWS,compact-proximity-endpoint,Afet toplanma alanları,https://acikveri.bizizmir.com/dataset/afet-ve-acil-durum-toplanma-alanlari,CC BY 4.0,İzmir Büyükşehir Belediyesi Açık Veri Portalı
assembly:kaggle:2371:38.314953197349:26.302190164406,assembly,Emergency Assembly Area,9 NO LU AFET VE ACİL DURUM TOPLANMA ALANI,38.314953197349,26.302190164406,,,,,,,2026-09-20T07:31:27.118Z,COMPLETE_FOR_MAPPABLE_ROWS,compact-proximity-endpoint,Afet toplanma alanları,https://acikveri.bizizmir.com/dataset/afet-ve-acil-durum-toplanma-alanlari,CC BY 4.0,İzmir Büyükşehir Belediyesi Açık Veri Portalı
assembly:kaggle:2372:38.492355315328:27.051815234302,assembly,Emergency Assembly Area,9 NO LU AFET VE ACİL DURUM TOPLANMA ALANI,38.492355315328,27.051815234302,,,,,,,2026-09-20T07:31:27.118Z,COMPLETE_FOR_MAPPABLE_ROWS,compact-proximity-endpoint,Afet toplanma alanları,https://acikveri.bizizmir.com/dataset/afet-ve-acil-durum-toplanma-alanlari,CC BY 4.0,İzmir Büyükşehir Belediyesi Açık Veri Portalı
assembly:kaggle:2373:38.457491847285:27.197665047882,assembly,Emergency Assembly Area,9 NO LU AFET VE ACİL DURUM TOPLANMA ALANI,38.457491847285,27.197665047882,,,,,,,2026-09-20T07:31:27.118Z,COMPLETE_FOR_MAPPABLE_ROWS,compact-proximity-endpoint,Afet toplanma alanları,https://acikveri.bizizmir.com/dataset/afet-ve-acil-durum-toplanma-alanlari,CC BY 4.0,İzmir Büyükşehir Belediyesi Açık Veri Portalı
assembly:kaggle:2374:38.459716071764:27.189959095973,assembly,Emergency Assembly Area,9 NO LU AFET VE ACİL DURUM TOPLANMA ALANI,38.459716071764,27.189959095973,,,,,,,2026-09-20T07:31:27.118Z,COMPLETE_FOR_MAPPABLE_ROWS,compact-proximity-endpoint,Afet toplanma alanları,https://acikveri.bizizmir.com/dataset/afet-ve-acil-durum-toplanma-alanlari,CC BY 4.0,İzmir Büyükşehir Belediyesi Açık Veri Portalı
assembly:kaggle:2375:38.459514451225:27.196482196193,assembly,Emergency Assembly Area,9 NO LU AFET VE ACİL DURUM TOPLANMA ALANI,38.459514451225,27.196482196193,,,,,,,2026-09-20T07:31:27.118Z,COMPLETE_FOR_MAPPABLE_ROWS,compact-proximity-endpoint,Afet toplanma alanları,https://acikveri.bizizmir.com/dataset/afet-ve-acil-durum-toplanma-alanlari,CC BY 4.0,İzmir Büyükşehir Belediyesi Açık Veri Portalı
assembly:kaggle:2376:38.471560583974:27.091318647835,assembly,Emergency Assembly Area,9 NO LU AFET VE ACİL DURUM TOPLANMA ALANI,38.471560583974,27.091318647835,,,,,,,2026-09-20T07:31:27.118Z,COMPLETE_FOR_MAPPABLE_ROWS,compact-proximity-endpoint,Afet toplanma alanları,https://acikveri.bizizmir.com/dataset/afet-ve-acil-durum-toplanma-alanlari,CC BY 4.0,İzmir Büyükşehir Belediyesi Açık Veri Portalı
assembly:kaggle:2377:38.379204914535:26.906365325228,assembly,Emergency Assembly Area,9 NO LU AFET VE ACİL DURUM TOPLANMA ALANI,38.379204914535,26.906365325228,,,,,,,2026-09-20T07:31:27.118Z,COMPLETE_FOR_MAPPABLE_ROWS,compact-proximity-endpoint,Afet toplanma alanları,https://acikveri.bizizmir.com/dataset/afet-ve-acil-durum-toplanma-alanlari,CC BY 4.0,İzmir Büyükşehir Belediyesi Açık Veri Portalı
assembly:kaggle:2378:38.427314293236:27.423052682752,assembly,Emergency Assembly Area,9 NO LU AFET VE ACİL DURUM TOPLANMA ALANI,38.427314293236,27.423052682752,,,,,,,2026-09-20T07:31:27.118Z,COMPLETE_FOR_MAPPABLE_ROWS,compact-proximity-endpoint,Afet toplanma alanları,https://acikveri.bizizmir.com/dataset/afet-ve-acil-durum-toplanma-alanlari,CC BY 4.0,İzmir Büyükşehir Belediyesi Açık Veri Portalı
assembly:kaggle:2379:38.504396065069:27.046064586051,assembly,Emergency Assembly Area,9 NO LU AFET VE ACİL DURUM TOPLANMA ALANI,38.504396065069,27.046064586051,,,,,,,2026-09-20T07:31:27.118Z,COMPLETE_FOR_MAPPABLE_ROWS,compact-proximity-endpoint,Afet toplanma alanları,https://acikveri.bizizmir.com/dataset/afet-ve-acil-durum-toplanma-alanlari,CC BY 4.0,İzmir Büyükşehir Belediyesi Açık Veri Portalı
assembly:kaggle:2380:38.359828720164:26.881882277789,assembly,Emergency Assembly Area,9 NO LU AFET VE ACİL DURUM TOPLANMA ALANI,38.359828720164,26.881882277789,,,,,,,2026-09-20T07:31:27.118Z,COMPLETE_FOR_MAPPABLE_ROWS,compact-proximity-endpoint,Afet toplanma alanları,https://acikveri.bizizmir.com/dataset/afet-ve-acil-durum-toplanma-alanlari,CC BY 4.0,İzmir Büyükşehir Belediyesi Açık Veri Portalı
assembly:kaggle:2381:38.393305038933:26.992984117186,assembly,Emergency Assembly Area,9 NO'LU AFET VE ACİL DURUM TOPLANMA ALANI,38.393305038933,26.992984117186,,,,,,,2026-09-20T07:31:27.118Z,COMPLETE_FOR_MAPPABLE_ROWS,compact-proximity-endpoint,Afet toplanma alanları,https://acikveri.bizizmir.com/dataset/afet-ve-acil-durum-toplanma-alanlari,CC BY 4.0,İzmir Büyükşehir Belediyesi Açık Veri Portalı
assembly:kaggle:2382:38.73410927081:26.836299888764,assembly,Emergency Assembly Area,9 NO'LU AFET VE ACİL DURUM TOPLANMA ALANI,38.73410927081,26.836299888764,,,,,,,2026-09-20T07:31:27.118Z,COMPLETE_FOR_MAPPABLE_ROWS,compact-proximity-endpoint,Afet toplanma alanları,https://acikveri.bizizmir.com/dataset/afet-ve-acil-durum-toplanma-alanlari,CC BY 4.0,İzmir Büyükşehir Belediyesi Açık Veri Portalı