record_id,service_type,service_type_label,name,latitude,longitude,district,neighborhood,address,phone,detail,observed_at,retrieved_at,coverage_status,source_transport,source_dataset,source_dataset_url,source_license,source_attribution
market:16:Açık Pazar Alanı:38.492999924537:27.056522484297,market,Street Market,Açık Pazar Alanı,38.492999924537,27.056522484297,ÇİĞLİ,ATAŞEHİR,ESKİ HAVAALANI,,,,2026-09-20T07:31:16.030Z,COMPLETE_FOR_MAPPABLE_ROWS,api,Semt pazarları,https://acikveri.bizizmir.com/dataset/semt-pazar-yerleri,CC BY 4.0,İzmir Büyükşehir Belediyesi Açık Veri Portalı
market:11:Adalet Pazaryeri:38.454410582864:27.179426071047,market,Street Market,Adalet Pazaryeri,38.454410582864,27.179426071047,BAYRAKLI,ADALET,2131/9,,Cumartesi günü kurulmaktadır,,2026-09-20T07:31:16.030Z,COMPLETE_FOR_MAPPABLE_ROWS,api,Semt pazarları,https://acikveri.bizizmir.com/dataset/semt-pazar-yerleri,CC BY 4.0,İzmir Büyükşehir Belediyesi Açık Veri Portalı
market:998:Akıncılar Pazaryeri:38.229056792394:27.973340448725,market,Street Market,Akıncılar Pazaryeri,38.229056792394,27.973340448725,ÖDEMİŞ,AKINCILAR,HÜRRİYET,,Cumartesi Günü Kurulmnaktadır,,2026-09-20T07:31:16.030Z,COMPLETE_FOR_MAPPABLE_ROWS,api,Semt pazarları,https://acikveri.bizizmir.com/dataset/semt-pazar-yerleri,CC BY 4.0,İzmir Büyükşehir Belediyesi Açık Veri Portalı
market:15:Aktepe Pazaryeri:38.35620809603:27.127234565491,market,Street Market,Aktepe Pazaryeri,38.35620809603,27.127234565491,GAZİEMİR,AKTEPE,ALTAN AYDIN 49,,Cuma günü kurulmaktadır,,2026-09-20T07:31:16.030Z,COMPLETE_FOR_MAPPABLE_ROWS,api,Semt pazarları,https://acikveri.bizizmir.com/dataset/semt-pazar-yerleri,CC BY 4.0,İzmir Büyükşehir Belediyesi Açık Veri Portalı
market:1001:Alaçatı Pazaryeri:38.279547927287:26.377459249093,market,Street Market,Alaçatı Pazaryeri,38.279547927287,26.377459249093,ÇEŞME,ALAÇATI,12060,,Cumartesi günü kurulmaktadır,,2026-09-20T07:31:16.030Z,COMPLETE_FOR_MAPPABLE_ROWS,api,Semt pazarları,https://acikveri.bizizmir.com/dataset/semt-pazar-yerleri,CC BY 4.0,İzmir Büyükşehir Belediyesi Açık Veri Portalı
market:7:Alaçık Pazar Alanı:38.268982464642:27.652655933951,market,Street Market,Alaçık Pazar Alanı,38.268982464642,27.652655933951,BAYINDIR,HİSARLIK,HİSARLIK B,,,,2026-09-20T07:31:16.030Z,COMPLETE_FOR_MAPPABLE_ROWS,api,Semt pazarları,https://acikveri.bizizmir.com/dataset/semt-pazar-yerleri,CC BY 4.0,İzmir Büyükşehir Belediyesi Açık Veri Portalı
market:3:Aliağa Belediyesi Kapalı Katlı Pazaryeri:38.79369335386:26.96624085106,market,Street Market,Aliağa Belediyesi Kapalı Katlı Pazaryeri,38.79369335386,26.96624085106,ALİAĞA,ATATÜRK,BEYAZIT 6,,Cumartesi (Kapalı Pazar Yeri),,2026-09-20T07:31:16.030Z,COMPLETE_FOR_MAPPABLE_ROWS,api,Semt pazarları,https://acikveri.bizizmir.com/dataset/semt-pazar-yerleri,CC BY 4.0,İzmir Büyükşehir Belediyesi Açık Veri Portalı
market:11:Alpaslan Kapalı Pazar Yeri:38.46987468904:27.16748725659,market,Street Market,Alpaslan Kapalı Pazar Yeri,38.46987468904,27.16748725659,BAYRAKLI,ALPASLAN,1620/15 2,,Çarşamba ve Cuma Günleri Kurulmaktadır.,,2026-09-20T07:31:16.030Z,COMPLETE_FOR_MAPPABLE_ROWS,api,Semt pazarları,https://acikveri.bizizmir.com/dataset/semt-pazar-yerleri,CC BY 4.0,İzmir Büyükşehir Belediyesi Açık Veri Portalı
market:9:Alpkent Semt Pazarı:38.168985303187:27.357047708611,market,Street Market,Alpkent Semt Pazarı,38.168985303187,27.357047708611,TORBALI,ALPKENT,NACİ TUNCEL,,Pazar Günleri Kurulmaktadır.,,2026-09-20T07:31:16.030Z,COMPLETE_FOR_MAPPABLE_ROWS,api,Semt pazarları,https://acikveri.bizizmir.com/dataset/semt-pazar-yerleri,CC BY 4.0,İzmir Büyükşehir Belediyesi Açık Veri Portalı
market:21:Alsancak Pazaryeri:38.435785135923:27.145022811118,market,Street Market,Alsancak Pazaryeri,38.435785135923,27.145022811118,KONAK,ALSANCAK,1456,,Pazar günü kurulmaktadır,,2026-09-20T07:31:16.030Z,COMPLETE_FOR_MAPPABLE_ROWS,api,Semt pazarları,https://acikveri.bizizmir.com/dataset/semt-pazar-yerleri,CC BY 4.0,İzmir Büyükşehir Belediyesi Açık Veri Portalı
market:21:Alsancak Pazaryeri:38.41915574316:27.141676795861,market,Street Market,Alsancak Pazaryeri,38.41915574316,27.141676795861,KONAK,PAZARYERİ,945,,,,2026-09-20T07:31:16.030Z,COMPLETE_FOR_MAPPABLE_ROWS,api,Semt pazarları,https://acikveri.bizizmir.com/dataset/semt-pazar-yerleri,CC BY 4.0,İzmir Büyükşehir Belediyesi Açık Veri Portalı
market:2:Altındağ Merkez Pazar Yeri:38.417122273435:27.201655389076,market,Street Market,Altındağ Merkez Pazar Yeri,38.417122273435,27.201655389076,BORNOVA,MERKEZ,4505,,Cuma günü kurulmaktadır,,2026-09-20T07:31:16.030Z,COMPLETE_FOR_MAPPABLE_ROWS,api,Semt pazarları,https://acikveri.bizizmir.com/dataset/semt-pazar-yerleri,CC BY 4.0,İzmir Büyükşehir Belediyesi Açık Veri Portalı
market:6:Armutlu Semt Pazaryeri:38.404744463801:27.532573452014,market,Street Market,Armutlu Semt Pazaryeri,38.404744463801,27.532573452014,KEMALPAŞA,ARMUTLU HÜRRİYET,KAZIM DİRİK 38,,Çarşamba Günleri Kurulmaktadır.,,2026-09-20T07:31:16.030Z,COMPLETE_FOR_MAPPABLE_ROWS,api,Semt pazarları,https://acikveri.bizizmir.com/dataset/semt-pazar-yerleri,CC BY 4.0,İzmir Büyükşehir Belediyesi Açık Veri Portalı
market:17:Asarlık Pazaryeri:38.590228616781:27.085297633284,market,Street Market,Asarlık Pazaryeri,38.590228616781,27.085297633284,MENEMEN,GÖLCÜK,ŞAİR MEHMET AKİF ERSOY 1,,Çarşamba günü kurulmaktadır,,2026-09-20T07:31:16.030Z,COMPLETE_FOR_MAPPABLE_ROWS,api,Semt pazarları,https://acikveri.bizizmir.com/dataset/semt-pazar-yerleri,CC BY 4.0,İzmir Büyükşehir Belediyesi Açık Veri Portalı
market:16:Ataşehir Pazaryeri:38.484764842992:27.063254690964,market,Street Market,Ataşehir Pazaryeri,38.484764842992,27.063254690964,ÇİĞLİ,ATAŞEHİR,8265 12,,Cumartesi günü kurulmaktadır,,2026-09-20T07:31:16.030Z,COMPLETE_FOR_MAPPABLE_ROWS,api,Semt pazarları,https://acikveri.bizizmir.com/dataset/semt-pazar-yerleri,CC BY 4.0,İzmir Büyükşehir Belediyesi Açık Veri Portalı
market:2:Atatürk Kapalı Pazaryeri:38.476479439558:27.205913410507,market,Street Market,Atatürk Kapalı Pazaryeri,38.476479439558,27.205913410507,BORNOVA,ATATÜRK,853 29/1,,Cuma günü kurulmaktadır. (Kapalı Pazar Yeri),,2026-09-20T07:31:16.030Z,COMPLETE_FOR_MAPPABLE_ROWS,api,Semt pazarları,https://acikveri.bizizmir.com/dataset/semt-pazar-yerleri,CC BY 4.0,İzmir Büyükşehir Belediyesi Açık Veri Portalı
market:17:Atatürk Mahallesi Mahalle Pazarı:38.59700690884:27.060082198028,market,Street Market,Atatürk Mahallesi Mahalle Pazarı,38.59700690884,27.060082198028,MENEMEN,ATATÜRK,1528,,,,2026-09-20T07:31:16.030Z,COMPLETE_FOR_MAPPABLE_ROWS,api,Semt pazarları,https://acikveri.bizizmir.com/dataset/semt-pazar-yerleri,CC BY 4.0,İzmir Büyükşehir Belediyesi Açık Veri Portalı
market:998:Atatürk Mahallesi Pazaryeri:38.228638352895:27.981529053432,market,Street Market,Atatürk Mahallesi Pazaryeri,38.228638352895,27.981529053432,ÖDEMİŞ,ATATÜRK,YARBAY,,Cumartesi Günü Kurulmnaktadır,,2026-09-20T07:31:16.030Z,COMPLETE_FOR_MAPPABLE_ROWS,api,Semt pazarları,https://acikveri.bizizmir.com/dataset/semt-pazar-yerleri,CC BY 4.0,İzmir Büyükşehir Belediyesi Açık Veri Portalı
market:998:Atatürk Pazaryeri:38.225345955904:27.980667453559,market,Street Market,Atatürk Pazaryeri,38.225345955904,27.980667453559,ÖDEMİŞ,CUMHURİYET,SELVİ,,,,2026-09-20T07:31:16.030Z,COMPLETE_FOR_MAPPABLE_ROWS,api,Semt pazarları,https://acikveri.bizizmir.com/dataset/semt-pazar-yerleri,CC BY 4.0,İzmir Büyükşehir Belediyesi Açık Veri Portalı
market:9:Atatürk Semt Pazarı:38.150371080215:27.373551556026,market,Street Market,Atatürk Semt Pazarı,38.150371080215,27.373551556026,TORBALI,ATATÜRK,1541,,Salı Günleri Kurulmaktadır.,,2026-09-20T07:31:16.030Z,COMPLETE_FOR_MAPPABLE_ROWS,api,Semt pazarları,https://acikveri.bizizmir.com/dataset/semt-pazar-yerleri,CC BY 4.0,İzmir Büyükşehir Belediyesi Açık Veri Portalı
market:999:Ayaskent Mahalle Pazarı:39.18667412744:27.332689782119,market,Street Market,Ayaskent Mahalle Pazarı,39.18667412744,27.332689782119,BERGAMA,AYASKENT,AYASKENT ATATÜRK,,Cumartesi Günleri Kurulmaktadır.,,2026-09-20T07:31:16.030Z,COMPLETE_FOR_MAPPABLE_ROWS,api,Semt pazarları,https://acikveri.bizizmir.com/dataset/semt-pazar-yerleri,CC BY 4.0,İzmir Büyükşehir Belediyesi Açık Veri Portalı
market:9:Ayrancılar Semt Pazarı:38.240871892007:27.279311788369,market,Street Market,Ayrancılar Semt Pazarı,38.240871892007,27.279311788369,TORBALI,AYRANCILAR,67 17,,Pazar Günleri Kurulmaktadır.,,2026-09-20T07:31:16.030Z,COMPLETE_FOR_MAPPABLE_ROWS,api,Semt pazarları,https://acikveri.bizizmir.com/dataset/semt-pazar-yerleri,CC BY 4.0,İzmir Büyükşehir Belediyesi Açık Veri Portalı
market:998:Bademli Pazaryeri:38.079797180578:28.059370990384,market,Street Market,Bademli Pazaryeri,38.079797180578,28.059370990384,ÖDEMİŞ,BADEMLİ,ÇARŞIİÇİ 1,,Cuma günü Kurulmnaktadır,,2026-09-20T07:31:16.030Z,COMPLETE_FOR_MAPPABLE_ROWS,api,Semt pazarları,https://acikveri.bizizmir.com/dataset/semt-pazar-yerleri,CC BY 4.0,İzmir Büyükşehir Belediyesi Açık Veri Portalı
market:998:Bademli Pazaryeri:38.091727397851:28.055239868451,market,Street Market,Bademli Pazaryeri,38.091727397851,28.055239868451,ÖDEMİŞ,BADEMLİ,PAZARYERİ,,,,2026-09-20T07:31:16.030Z,COMPLETE_FOR_MAPPABLE_ROWS,api,Semt pazarları,https://acikveri.bizizmir.com/dataset/semt-pazar-yerleri,CC BY 4.0,İzmir Büyükşehir Belediyesi Açık Veri Portalı
market:4:Bağarası Semt Pazaryeri:38.659090424814:26.851675086083,market,Street Market,Bağarası Semt Pazaryeri,38.659090424814,26.851675086083,FOÇA,KAZIM DİRİK,PAZAR,,Pazar günü kurulmaktadır,,2026-09-20T07:31:16.030Z,COMPLETE_FOR_MAPPABLE_ROWS,api,Semt pazarları,https://acikveri.bizizmir.com/dataset/semt-pazar-yerleri,CC BY 4.0,İzmir Büyükşehir Belediyesi Açık Veri Portalı
market:6:Bağyurdu Gıda/Giyim Pazaryeri:38.416567530838:27.636523128898,market,Street Market,Bağyurdu Gıda/Giyim Pazaryeri,38.416567530838,27.636523128898,KEMALPAŞA,BAĞYURDU 29 EKİM,M. ALİ SEVİNÇ 2,,Cuma Günleri Gıda Pazarı Kurulmaktadır. Cumartesi Günleri Giyim Pazarı Kurulmaktadır.,,2026-09-20T07:31:16.030Z,COMPLETE_FOR_MAPPABLE_ROWS,api,Semt pazarları,https://acikveri.bizizmir.com/dataset/semt-pazar-yerleri,CC BY 4.0,İzmir Büyükşehir Belediyesi Açık Veri Portalı
market:6:Bağyurdu Gıda/Giyim Pazaryeri:38.414914452656:27.635402590348,market,Street Market,Bağyurdu Gıda/Giyim Pazaryeri,38.414914452656,27.635402590348,KEMALPAŞA,BAĞYURDU YENİ,BAĞYURDU İZMİR,,,,2026-09-20T07:31:16.030Z,COMPLETE_FOR_MAPPABLE_ROWS,api,Semt pazarları,https://acikveri.bizizmir.com/dataset/semt-pazar-yerleri,CC BY 4.0,İzmir Büyükşehir Belediyesi Açık Veri Portalı
market:16:Balatçık Mahallesi Pazar Yeri:38.509117092182:27.042453684874,market,Street Market,Balatçık Mahallesi Pazar Yeri,38.509117092182,27.042453684874,ÇİĞLİ,BALATÇIK,8950/4,,,,2026-09-20T07:31:16.030Z,COMPLETE_FOR_MAPPABLE_ROWS,api,Semt pazarları,https://acikveri.bizizmir.com/dataset/semt-pazar-yerleri,CC BY 4.0,İzmir Büyükşehir Belediyesi Açık Veri Portalı
market:14:Balçova Açık Pazaryeri:38.395956971854:27.062581821203,market,Street Market,Balçova Açık Pazaryeri,38.395956971854,27.062581821203,BALÇOVA,EĞİTİM,AŞIK VEYSEL 2,,(Otoyol Altı) Pazar günü kurulmaktadır,,2026-09-20T07:31:16.030Z,COMPLETE_FOR_MAPPABLE_ROWS,api,Semt pazarları,https://acikveri.bizizmir.com/dataset/semt-pazar-yerleri,CC BY 4.0,İzmir Büyükşehir Belediyesi Açık Veri Portalı
market:14:Balçova Kapalı Pazaryeri:38.383884420278:27.055557776377,market,Street Market,Balçova Kapalı Pazaryeri,38.383884420278,27.055557776377,BALÇOVA,TELEFERİK,GAZİLER 23,,Çarşamba - Cumartesi (Kapalı Pazar Yeri),,2026-09-20T07:31:16.030Z,COMPLETE_FOR_MAPPABLE_ROWS,api,Semt pazarları,https://acikveri.bizizmir.com/dataset/semt-pazar-yerleri,CC BY 4.0,İzmir Büyükşehir Belediyesi Açık Veri Portalı
market:8:Barış Pazaryeri:38.393853571156:27.163843475114,market,Street Market,Barış Pazaryeri,38.393853571156,27.163843475114,BUCA,BARIŞ,ADNAN KAHVECİ,,Cumartesi Günleri Kurulmaktadır.,,2026-09-20T07:31:16.030Z,COMPLETE_FOR_MAPPABLE_ROWS,api,Semt pazarları,https://acikveri.bizizmir.com/dataset/semt-pazar-yerleri,CC BY 4.0,İzmir Büyükşehir Belediyesi Açık Veri Portalı
market:9:Barış Yapı Semt Pazarı:38.15823699559:27.350242312172,market,Street Market,Barış Yapı Semt Pazarı,38.15823699559,27.350242312172,TORBALI,CUMHURİYET,3501,,ÇArşamba Günleri Kurulmaktadır.,,2026-09-20T07:31:16.030Z,COMPLETE_FOR_MAPPABLE_ROWS,api,Semt pazarları,https://acikveri.bizizmir.com/dataset/semt-pazar-yerleri,CC BY 4.0,İzmir Büyükşehir Belediyesi Açık Veri Portalı
market:7:Bayındır Pazaryeri:38.223307813089:27.646959135567,market,Street Market,Bayındır Pazaryeri,38.223307813089,27.646959135567,BAYINDIR,CAMİİ,PAMUK PAZARI,,Cuma (Kapalı Pazar Yeri),,2026-09-20T07:31:16.030Z,COMPLETE_FOR_MAPPABLE_ROWS,api,Semt pazarları,https://acikveri.bizizmir.com/dataset/semt-pazar-yerleri,CC BY 4.0,İzmir Büyükşehir Belediyesi Açık Veri Portalı
market:11:Bayraktepe Pazaryeri:38.475381358335:27.156615653949,market,Street Market,Bayraktepe Pazaryeri,38.475381358335,27.156615653949,BAYRAKLI,75. YIL,1620/40,,,,2026-09-20T07:31:16.030Z,COMPLETE_FOR_MAPPABLE_ROWS,api,Semt pazarları,https://acikveri.bizizmir.com/dataset/semt-pazar-yerleri,CC BY 4.0,İzmir Büyükşehir Belediyesi Açık Veri Portalı
market:8:Belenbaşı Organik Köylü Pazarı:38.312304609169:27.281643498919,market,Street Market,Belenbaşı Organik Köylü Pazarı,38.312304609169,27.281643498919,BUCA,BELENBAŞI,HÜRRİYET,,,,2026-09-20T07:31:16.030Z,COMPLETE_FOR_MAPPABLE_ROWS,api,Semt pazarları,https://acikveri.bizizmir.com/dataset/semt-pazar-yerleri,CC BY 4.0,İzmir Büyükşehir Belediyesi Açık Veri Portalı
market:10:Belevi Mahallesi Pazarı:38.014340341896:27.448221266762,market,Street Market,Belevi Mahallesi Pazarı,38.014340341896,27.448221266762,SELÇUK,BELEVİ,DOKTOR TAHSİN KAYAYURT,,Pazar günü kurulmaktadır,,2026-09-20T07:31:16.030Z,COMPLETE_FOR_MAPPABLE_ROWS,api,Semt pazarları,https://acikveri.bizizmir.com/dataset/semt-pazar-yerleri,CC BY 4.0,İzmir Büyükşehir Belediyesi Açık Veri Portalı
market:999:Bergama Atatürk Mahallesi Pazaryeri:39.103701645705:27.190232046551,market,Street Market,Bergama Atatürk Mahallesi Pazaryeri,39.103701645705,27.190232046551,BERGAMA,ATATÜRK,FATİH,,Çarşamba Günleri Kurulmaktadır.,,2026-09-20T07:31:16.030Z,COMPLETE_FOR_MAPPABLE_ROWS,api,Semt pazarları,https://acikveri.bizizmir.com/dataset/semt-pazar-yerleri,CC BY 4.0,İzmir Büyükşehir Belediyesi Açık Veri Portalı
market:999:Bergama Belediyesi Kapalı Pazar Yeri:39.117939638529:27.200631178073,market,Street Market,Bergama Belediyesi Kapalı Pazar Yeri,39.117939638529,27.200631178073,BERGAMA,İSLAMSARAY,ADNAN MENDERES 227,,Pazartesi Günleri Kurulmaktadır.,,2026-09-20T07:31:16.030Z,COMPLETE_FOR_MAPPABLE_ROWS,api,Semt pazarları,https://acikveri.bizizmir.com/dataset/semt-pazar-yerleri,CC BY 4.0,İzmir Büyükşehir Belediyesi Açık Veri Portalı
market:999:Bergama Maltepe Mahallesi Pazaryeri:39.107878025206:27.171740751092,market,Street Market,Bergama Maltepe Mahallesi Pazaryeri,39.107878025206,27.171740751092,BERGAMA,MALTEPE,HOCA AHMET YESEVİ,,Cumartesi Günleri Kurulmaktadır.,,2026-09-20T07:31:16.030Z,COMPLETE_FOR_MAPPABLE_ROWS,api,Semt pazarları,https://acikveri.bizizmir.com/dataset/semt-pazar-yerleri,CC BY 4.0,İzmir Büyükşehir Belediyesi Açık Veri Portalı
market:999:Bergama Şadırvan Pazaryeri:39.12234899487:27.181529918302,market,Street Market,Bergama Şadırvan Pazaryeri,39.12234899487,27.181529918302,BERGAMA,BARBAROS,KINIK,,Cuma Günleri Kurulmaktadır.,,2026-09-20T07:31:16.030Z,COMPLETE_FOR_MAPPABLE_ROWS,api,Semt pazarları,https://acikveri.bizizmir.com/dataset/semt-pazar-yerleri,CC BY 4.0,İzmir Büyükşehir Belediyesi Açık Veri Portalı
market:999:Bergama Zeytindağ Pazarı:38.968595385341:27.07178825252,market,Street Market,Bergama Zeytindağ Pazarı,38.968595385341,27.07178825252,BERGAMA,ZEYTİNDAĞ,Zeytindağ Cumhuriyet Meydanı,,Cuma Günleri Kurulmaktadır.,,2026-09-20T07:31:16.030Z,COMPLETE_FOR_MAPPABLE_ROWS,api,Semt pazarları,https://acikveri.bizizmir.com/dataset/semt-pazar-yerleri,CC BY 4.0,İzmir Büyükşehir Belediyesi Açık Veri Portalı
market:8:Betontaş Pazaryeri:38.395428095446:27.183594294958,market,Street Market,Betontaş Pazaryeri,38.395428095446,27.183594294958,BUCA,İZKENT,YAVUZ SULTAN SELİM 163,,,,2026-09-20T07:31:16.030Z,COMPLETE_FOR_MAPPABLE_ROWS,api,Semt pazarları,https://acikveri.bizizmir.com/dataset/semt-pazar-yerleri,CC BY 4.0,İzmir Büyükşehir Belediyesi Açık Veri Portalı
market:15:Beyaz Evler Pazaryeri:38.339072413743:27.141860133589,market,Street Market,Beyaz Evler Pazaryeri,38.339072413743,27.141860133589,GAZİEMİR,BEYAZEVLER,519 6,,Çarşamba günü kurulmaktadır,,2026-09-20T07:31:16.030Z,COMPLETE_FOR_MAPPABLE_ROWS,api,Semt pazarları,https://acikveri.bizizmir.com/dataset/semt-pazar-yerleri,CC BY 4.0,İzmir Büyükşehir Belediyesi Açık Veri Portalı
market:998:Birgi Pazaryeri:38.25250796991:28.064274118074,market,Street Market,Birgi Pazaryeri,38.25250796991,28.064274118074,ÖDEMİŞ,BİRGİ,BİRGİ CUMHURİYET,,Pazartesi Günü Kurulmnaktadır,,2026-09-20T07:31:16.030Z,COMPLETE_FOR_MAPPABLE_ROWS,api,Semt pazarları,https://acikveri.bizizmir.com/dataset/semt-pazar-yerleri,CC BY 4.0,İzmir Büyükşehir Belediyesi Açık Veri Portalı
market:998:Birgi Pazaryeri:38.260753981513:28.068604019867,market,Street Market,Birgi Pazaryeri,38.260753981513,28.068604019867,ÖDEMİŞ,BİRGİ,İMAM-I BİRGİVİ,,,,2026-09-20T07:31:16.030Z,COMPLETE_FOR_MAPPABLE_ROWS,api,Semt pazarları,https://acikveri.bizizmir.com/dataset/semt-pazar-yerleri,CC BY 4.0,İzmir Büyükşehir Belediyesi Açık Veri Portalı
market:2:Bornova Belediyesi Çamkule Pazaryeri:38.417814713691:27.189540052317,market,Street Market,Bornova Belediyesi Çamkule Pazaryeri,38.417814713691,27.189540052317,BORNOVA,MERİÇ,5746 59,,Salı günleri kurulmaktadır.,,2026-09-20T07:31:16.030Z,COMPLETE_FOR_MAPPABLE_ROWS,api,Semt pazarları,https://acikveri.bizizmir.com/dataset/semt-pazar-yerleri,CC BY 4.0,İzmir Büyükşehir Belediyesi Açık Veri Portalı
market:2:Bornova Beleriyesi Merkez Kapalı Pazaryeri:38.465722525717:27.214492523611,market,Street Market,Bornova Beleriyesi Merkez Kapalı Pazaryeri,38.465722525717,27.214492523611,BORNOVA,ERGENE,554 7A,,Çarşamba-Pazar günü kurulmaktadır. (Kapalı Pazar Yeri),,2026-09-20T07:31:16.030Z,COMPLETE_FOR_MAPPABLE_ROWS,api,Semt pazarları,https://acikveri.bizizmir.com/dataset/semt-pazar-yerleri,CC BY 4.0,İzmir Büyükşehir Belediyesi Açık Veri Portalı
market:2:Bornova Köy Pazarı:38.467675083833:27.219424713132,market,Street Market,Bornova Köy Pazarı,38.467675083833,27.219424713132,BORNOVA,ERZENE,454,,,,2026-09-20T07:31:16.030Z,COMPLETE_FOR_MAPPABLE_ROWS,api,Semt pazarları,https://acikveri.bizizmir.com/dataset/semt-pazar-yerleri,CC BY 4.0,İzmir Büyükşehir Belediyesi Açık Veri Portalı
market:20:Bostanlı Pazaryeri:38.460906640221:27.087330080724,market,Street Market,Bostanlı Pazaryeri,38.460906640221,27.087330080724,KARŞIYAKA,ATAKENT,HASAN ALİ YÜCEL,,,,2026-09-20T07:31:16.030Z,COMPLETE_FOR_MAPPABLE_ROWS,api,Semt pazarları,https://acikveri.bizizmir.com/dataset/semt-pazar-yerleri,CC BY 4.0,İzmir Büyükşehir Belediyesi Açık Veri Portalı
market:998:Bozdağ Pazaryeri:38.338522062272:28.075067298665,market,Street Market,Bozdağ Pazaryeri,38.338522062272,28.075067298665,ÖDEMİŞ,BOZDAĞ,İNÖNÜ,,Cumartesi Günü Kurulmnaktadır,,2026-09-20T07:31:16.030Z,COMPLETE_FOR_MAPPABLE_ROWS,api,Semt pazarları,https://acikveri.bizizmir.com/dataset/semt-pazar-yerleri,CC BY 4.0,İzmir Büyükşehir Belediyesi Açık Veri Portalı
market:19:Bozyaka Kapalı Pazaryeri:38.38662055018:27.123895692516,market,Street Market,Bozyaka Kapalı Pazaryeri,38.38662055018,27.123895692516,KARABAĞLAR,BOZYAKA,3140 25,,Salı - Cuma (Kapalı Pazar Yeri) günü kurulmaktadır,,2026-09-20T07:31:16.030Z,COMPLETE_FOR_MAPPABLE_ROWS,api,Semt pazarları,https://acikveri.bizizmir.com/dataset/semt-pazar-yerleri,CC BY 4.0,İzmir Büyükşehir Belediyesi Açık Veri Portalı
market:999:Bölcek Pazaryeri:39.182615612293:27.426776895897,market,Street Market,Bölcek Pazaryeri,39.182615612293,27.426776895897,BERGAMA,BÖLCEK,SAKARYA,,Salı Günleri Kurulmaktadır.,,2026-09-20T07:31:16.030Z,COMPLETE_FOR_MAPPABLE_ROWS,api,Semt pazarları,https://acikveri.bizizmir.com/dataset/semt-pazar-yerleri,CC BY 4.0,İzmir Büyükşehir Belediyesi Açık Veri Portalı
market:8:Buca Kozağaç Pazaryeri:38.382609665131:27.169564187641,market,Street Market,Buca Kozağaç Pazaryeri,38.382609665131,27.169564187641,BUCA,KOZAĞAÇ,256,,,,2026-09-20T07:31:16.030Z,COMPLETE_FOR_MAPPABLE_ROWS,api,Semt pazarları,https://acikveri.bizizmir.com/dataset/semt-pazar-yerleri,CC BY 4.0,İzmir Büyükşehir Belediyesi Açık Veri Portalı
market:8:Buca Pazaryeri:38.36825960932:27.18426315439,market,Street Market,Buca Pazaryeri,38.36825960932,27.18426315439,BUCA,BUCA KOOP,1409,,,,2026-09-20T07:31:16.030Z,COMPLETE_FOR_MAPPABLE_ROWS,api,Semt pazarları,https://acikveri.bizizmir.com/dataset/semt-pazar-yerleri,CC BY 4.0,İzmir Büyükşehir Belediyesi Açık Veri Portalı
market:12:Camikebir Kapalı Pazaryeri:38.211710847948:26.826085701912,market,Street Market,Camikebir Kapalı Pazaryeri,38.211710847948,26.826085701912,SEFERİHİSAR,NECAT HEPKON,SANAYİ 10 51,,,,2026-09-20T07:31:16.030Z,COMPLETE_FOR_MAPPABLE_ROWS,api,Semt pazarları,https://acikveri.bizizmir.com/dataset/semt-pazar-yerleri,CC BY 4.0,İzmir Büyükşehir Belediyesi Açık Veri Portalı
market:7:Canlı Pazaryeri:38.192908907186:27.555483778593,market,Street Market,Canlı Pazaryeri,38.192908907186,27.555483778593,BAYINDIR,ATATÜRK,İNÖNÜ,,Pazartesi günü kurulmaktadır,,2026-09-20T07:31:16.030Z,COMPLETE_FOR_MAPPABLE_ROWS,api,Semt pazarları,https://acikveri.bizizmir.com/dataset/semt-pazar-yerleri,CC BY 4.0,İzmir Büyükşehir Belediyesi Açık Veri Portalı
market:15:Cumartesi Pazaryeri:38.297246917762:27.176878132591,market,Street Market,Cumartesi Pazaryeri,38.297246917762,27.176878132591,GAZİEMİR,HÜRRİYET,PLEVNE,,Cumartesi günü kurulmaktadır,,2026-09-20T07:31:16.030Z,COMPLETE_FOR_MAPPABLE_ROWS,api,Semt pazarları,https://acikveri.bizizmir.com/dataset/semt-pazar-yerleri,CC BY 4.0,İzmir Büyükşehir Belediyesi Açık Veri Portalı
market:10:Cumartesi Pazaryeri:37.948339533399:27.371775400454,market,Street Market,Cumartesi Pazaryeri,37.948339533399,27.371775400454,SELÇUK,ATATÜRK,1014,,Cumartesi günü kurulmaktadır,,2026-09-20T07:31:16.030Z,COMPLETE_FOR_MAPPABLE_ROWS,api,Semt pazarları,https://acikveri.bizizmir.com/dataset/semt-pazar-yerleri,CC BY 4.0,İzmir Büyükşehir Belediyesi Açık Veri Portalı
market:20:Cumhuriyet Kapalı Pazaryeri:38.482699355132:27.0970576362,market,Street Market,Cumhuriyet Kapalı Pazaryeri,38.482699355132,27.0970576362,KARŞIYAKA,CUMHURİYET,ALİM DAĞHAN 139,,Pazar günü kurulmaktadır,,2026-09-20T07:31:16.030Z,COMPLETE_FOR_MAPPABLE_ROWS,api,Semt pazarları,https://acikveri.bizizmir.com/dataset/semt-pazar-yerleri,CC BY 4.0,İzmir Büyükşehir Belediyesi Açık Veri Portalı
market:2:Çamdibi Kapalı Pazaryeri:38.435247649846:27.192724468021,market,Street Market,Çamdibi Kapalı Pazaryeri,38.435247649846,27.192724468021,BORNOVA,BARBAROS,5229 35,,Çarşamba-Pazar günü kurulmaktadır. (Kapalı Pazar Yeri),,2026-09-20T07:31:16.030Z,COMPLETE_FOR_MAPPABLE_ROWS,api,Semt pazarları,https://acikveri.bizizmir.com/dataset/semt-pazar-yerleri,CC BY 4.0,İzmir Büyükşehir Belediyesi Açık Veri Portalı
market:11:Çamkıran Pazaryeri:38.46258577655:27.189062992724,market,Street Market,Çamkıran Pazaryeri,38.46258577655,27.189062992724,BAYRAKLI,MANAVKUYU,275/4 14,,Pazar Çarşamba ve Pazar günleri kurulmaktadır.,,2026-09-20T07:31:16.030Z,COMPLETE_FOR_MAPPABLE_ROWS,api,Semt pazarları,https://acikveri.bizizmir.com/dataset/semt-pazar-yerleri,CC BY 4.0,İzmir Büyükşehir Belediyesi Açık Veri Portalı
market:1:Çamlı Köyü Üretici Pazarı:38.314189687548:26.858823086542,market,Street Market,Çamlı Köyü Üretici Pazarı,38.314189687548,26.858823086542,GÜZELBAHÇE,ÇAMLI,ÇAMLICA,,,,2026-09-20T07:31:16.030Z,COMPLETE_FOR_MAPPABLE_ROWS,api,Semt pazarları,https://acikveri.bizizmir.com/dataset/semt-pazar-yerleri,CC BY 4.0,İzmir Büyükşehir Belediyesi Açık Veri Portalı
market:10:Çamlık Pazaryeri:37.885431743339:27.38023291845,market,Street Market,Çamlık Pazaryeri,37.885431743339,27.38023291845,SELÇUK,ÇAMLIK,ÇAMLIK ATATÜRK,,Perşembe günü kurulmaktadır,,2026-09-20T07:31:16.030Z,COMPLETE_FOR_MAPPABLE_ROWS,api,Semt pazarları,https://acikveri.bizizmir.com/dataset/semt-pazar-yerleri,CC BY 4.0,İzmir Büyükşehir Belediyesi Açık Veri Portalı
market:8:Çamlıkule Pazaryeri:38.36898435742:27.166473368507,market,Street Market,Çamlıkule Pazaryeri,38.36898435742,27.166473368507,BUCA,ÇAMLIPINAR,254/40 25,,Çarşamba - Pazar Günleri Kurulur,,2026-09-20T07:31:16.030Z,COMPLETE_FOR_MAPPABLE_ROWS,api,Semt pazarları,https://acikveri.bizizmir.com/dataset/semt-pazar-yerleri,CC BY 4.0,İzmir Büyükşehir Belediyesi Açık Veri Portalı
market:8:Çamlıkule Pazaryeri:38.370288273044:27.167052882573,market,Street Market,Çamlıkule Pazaryeri,38.370288273044,27.167052882573,BUCA,ÇAMLIKULE,254/38,,,,2026-09-20T07:31:16.030Z,COMPLETE_FOR_MAPPABLE_ROWS,api,Semt pazarları,https://acikveri.bizizmir.com/dataset/semt-pazar-yerleri,CC BY 4.0,İzmir Büyükşehir Belediyesi Açık Veri Portalı
market:995:Çandarlı Pazaryeri:38.93817201721:26.934284114188,market,Street Market,Çandarlı Pazaryeri,38.93817201721,26.934284114188,DİKİLİ,ÇANDARLI,ÇANDARLI PALMİYE 6,,Cuma günü kurulmaktadır,,2026-09-20T07:31:16.030Z,COMPLETE_FOR_MAPPABLE_ROWS,api,Semt pazarları,https://acikveri.bizizmir.com/dataset/semt-pazar-yerleri,CC BY 4.0,İzmir Büyükşehir Belediyesi Açık Veri Portalı
market:10:Çarşamba Pazarı:37.954390141778:27.375574484991,market,Street Market,Çarşamba Pazarı,37.954390141778,27.375574484991,SELÇUK,ZAFER,RADOVİS,,Çarşamba günü kurulmaktadır,,2026-09-20T07:31:16.030Z,COMPLETE_FOR_MAPPABLE_ROWS,api,Semt pazarları,https://acikveri.bizizmir.com/dataset/semt-pazar-yerleri,CC BY 4.0,İzmir Büyükşehir Belediyesi Açık Veri Portalı
market:10:Çarşamba Ve Cumartesi Pazaryeri:37.953942937239:27.376636638269,market,Street Market,Çarşamba Ve Cumartesi Pazaryeri,37.953942937239,27.376636638269,SELÇUK,ZAFER,RADOVİS,,,,2026-09-20T07:31:16.030Z,COMPLETE_FOR_MAPPABLE_ROWS,api,Semt pazarları,https://acikveri.bizizmir.com/dataset/semt-pazar-yerleri,CC BY 4.0,İzmir Büyükşehir Belediyesi Açık Veri Portalı
market:9:Çaybaşı Semt Pazarı:38.134016428001:27.37849359095,market,Street Market,Çaybaşı Semt Pazarı,38.134016428001,27.37849359095,TORBALI,ÇAYBAŞI,ZİYA GÜLER,,Salı Günleri Kurulmaktadır.,,2026-09-20T07:31:16.030Z,COMPLETE_FOR_MAPPABLE_ROWS,api,Semt pazarları,https://acikveri.bizizmir.com/dataset/semt-pazar-yerleri,CC BY 4.0,İzmir Büyükşehir Belediyesi Açık Veri Portalı
market:998:Çaylı Pazaryeri:38.152783735757:28.144223415544,market,Street Market,Çaylı Pazaryeri,38.152783735757,28.144223415544,ÖDEMİŞ,ÇAYLI,ÇAYLI ULUS,,Pazartesi günü kurulmaktadır,,2026-09-20T07:31:16.030Z,COMPLETE_FOR_MAPPABLE_ROWS,api,Semt pazarları,https://acikveri.bizizmir.com/dataset/semt-pazar-yerleri,CC BY 4.0,İzmir Büyükşehir Belediyesi Açık Veri Portalı
market:1001:Çeşme Belediyesi Antika Pazarı:38.307110346908:26.361332970469,market,Street Market,Çeşme Belediyesi Antika Pazarı,38.307110346908,26.361332970469,ÇEŞME,ILICA,5076,,,,2026-09-20T07:31:16.030Z,COMPLETE_FOR_MAPPABLE_ROWS,api,Semt pazarları,https://acikveri.bizizmir.com/dataset/semt-pazar-yerleri,CC BY 4.0,İzmir Büyükşehir Belediyesi Açık Veri Portalı
market:1001:Çeşme Pazaryeri:38.326153171762:26.312273440888,market,Street Market,Çeşme Pazaryeri,38.326153171762,26.312273440888,ÇEŞME,İSMET İNÖNÜ,2069,,Pazar günü kurulmaktadır,,2026-09-20T07:31:16.030Z,COMPLETE_FOR_MAPPABLE_ROWS,api,Semt pazarları,https://acikveri.bizizmir.com/dataset/semt-pazar-yerleri,CC BY 4.0,İzmir Büyükşehir Belediyesi Açık Veri Portalı
market:1001:Çeşme Üretici Pazaryeri:38.328103366621:26.306574187909,market,Street Market,Çeşme Üretici Pazaryeri,38.328103366621,26.306574187909,ÇEŞME,16 EYLÜL,3006,,Çarşamba günü kurulmaktadır,,2026-09-20T07:31:16.030Z,COMPLETE_FOR_MAPPABLE_ROWS,api,Semt pazarları,https://acikveri.bizizmir.com/dataset/semt-pazar-yerleri,CC BY 4.0,İzmir Büyükşehir Belediyesi Açık Veri Portalı
market:1001:Çeşme Üretici Pazaryeri:38.327206622146:26.306899547326,market,Street Market,Çeşme Üretici Pazaryeri,38.327206622146,26.306899547326,ÇEŞME,16 EYLÜL,3008,,,,2026-09-20T07:31:16.030Z,COMPLETE_FOR_MAPPABLE_ROWS,api,Semt pazarları,https://acikveri.bizizmir.com/dataset/semt-pazar-yerleri,CC BY 4.0,İzmir Büyükşehir Belediyesi Açık Veri Portalı
market:18:Çeşmealtı Kadın Üretici Pazarı:38.394171407711:26.748339645719,market,Street Market,Çeşmealtı Kadın Üretici Pazarı,38.394171407711,26.748339645719,URLA,GÜVENDİK,YALI,,,,2026-09-20T07:31:16.030Z,COMPLETE_FOR_MAPPABLE_ROWS,api,Semt pazarları,https://acikveri.bizizmir.com/dataset/semt-pazar-yerleri,CC BY 4.0,İzmir Büyükşehir Belediyesi Açık Veri Portalı
market:18:Çeşmealtı Pazarı:38.390243320433:26.748473536415,market,Street Market,Çeşmealtı Pazarı,38.390243320433,26.748473536415,URLA,DENİZLİ,MEHMET ALİ AYGÜVEN 114,,Çarşamba günü kurulmaktadır,,2026-09-20T07:31:16.030Z,COMPLETE_FOR_MAPPABLE_ROWS,api,Semt pazarları,https://acikveri.bizizmir.com/dataset/semt-pazar-yerleri,CC BY 4.0,İzmir Büyükşehir Belediyesi Açık Veri Portalı
market:7:Çırpı Pazarı:38.168340710023:27.497513071817,market,Street Market,Çırpı Pazarı,38.168340710023,27.497513071817,BAYINDIR,İBRAHİMÇAVUŞ,MUSLUOĞLU,,Çarşamba (Kapalı Pazar Yeri),,2026-09-20T07:31:16.030Z,COMPLETE_FOR_MAPPABLE_ROWS,api,Semt pazarları,https://acikveri.bizizmir.com/dataset/semt-pazar-yerleri,CC BY 4.0,İzmir Büyükşehir Belediyesi Açık Veri Portalı
market:11:Çiçek Mahallesi Pazaryeri:38.468987750006:27.177934455299,market,Street Market,Çiçek Mahallesi Pazaryeri,38.468987750006,27.177934455299,BAYRAKLI,ÇAY,2120/2,,Pazaryeri Cumartesi günleri 2120/2 sokakta açılmaktadır.,,2026-09-20T07:31:16.030Z,COMPLETE_FOR_MAPPABLE_ROWS,api,Semt pazarları,https://acikveri.bizizmir.com/dataset/semt-pazar-yerleri,CC BY 4.0,İzmir Büyükşehir Belediyesi Açık Veri Portalı
market:1001:Çiftlik Pazaryeri:38.293055799561:26.279441138777,market,Street Market,Çiftlik Pazaryeri,38.293055799561,26.279441138777,ÇEŞME,ÇİFTLİK,113,,Cuma - 5 ve 113 sk boyunca kurulmaktadır.,,2026-09-20T07:31:16.030Z,COMPLETE_FOR_MAPPABLE_ROWS,api,Semt pazarları,https://acikveri.bizizmir.com/dataset/semt-pazar-yerleri,CC BY 4.0,İzmir Büyükşehir Belediyesi Açık Veri Portalı
market:13:Çukuraltı Pazaryeri:38.021594226226:27.095695760053,market,Street Market,Çukuraltı Pazaryeri,38.021594226226,27.095695760053,MENDERES,ÇUKURALTI,ÇETİN YETİŞTİREN,,Cumartesi Günleri Kurulur,,2026-09-20T07:31:16.030Z,COMPLETE_FOR_MAPPABLE_ROWS,api,Semt pazarları,https://acikveri.bizizmir.com/dataset/semt-pazar-yerleri,CC BY 4.0,İzmir Büyükşehir Belediyesi Açık Veri Portalı
market:1001:Dalyan Pazaryeri:38.353384374246:26.307608754,market,Street Market,Dalyan Pazaryeri,38.353384374246,26.307608754,ÇEŞME,DALYAN,4178,,Salı günü 4178 sk. boyunca kurulmaktadır.,,2026-09-20T07:31:16.030Z,COMPLETE_FOR_MAPPABLE_ROWS,api,Semt pazarları,https://acikveri.bizizmir.com/dataset/semt-pazar-yerleri,CC BY 4.0,İzmir Büyükşehir Belediyesi Açık Veri Portalı
market:1001:Dalyan Pazaryeri:38.3554073891:26.307462784917,market,Street Market,Dalyan Pazaryeri,38.3554073891,26.307462784917,ÇEŞME,DALYAN,4218,,,,2026-09-20T07:31:16.030Z,COMPLETE_FOR_MAPPABLE_ROWS,api,Semt pazarları,https://acikveri.bizizmir.com/dataset/semt-pazar-yerleri,CC BY 4.0,İzmir Büyükşehir Belediyesi Açık Veri Portalı
market:995:Dikili Belediyesi Gece Pazarı:39.071515776138:26.890316756492,market,Street Market,Dikili Belediyesi Gece Pazarı,39.071515776138,26.890316756492,DİKİLİ,İSMETPAŞA,7 7,,Salı günü kurulmaktadır,,2026-09-20T07:31:16.030Z,COMPLETE_FOR_MAPPABLE_ROWS,api,Semt pazarları,https://acikveri.bizizmir.com/dataset/semt-pazar-yerleri,CC BY 4.0,İzmir Büyükşehir Belediyesi Açık Veri Portalı
market:995:Dikili Belediyesi Gece Pazarı:39.072660811112:26.888031027525,market,Street Market,Dikili Belediyesi Gece Pazarı,39.072660811112,26.888031027525,DİKİLİ,İSMETPAŞA,ATATÜRK 28,,Yaz sezonu boyunca her akşam hizmet vermektedir.,,2026-09-20T07:31:16.030Z,COMPLETE_FOR_MAPPABLE_ROWS,api,Semt pazarları,https://acikveri.bizizmir.com/dataset/semt-pazar-yerleri,CC BY 4.0,İzmir Büyükşehir Belediyesi Açık Veri Portalı
market:995:Dikili Belediyesi Salihleraltı Pazar Yeri:39.154533627762:26.826605045022,market,Street Market,Dikili Belediyesi Salihleraltı Pazar Yeri,39.154533627762,26.826605045022,DİKİLİ,SALİHLER,RENGİN 1 1,,Perşembe günü kurulmaktadır,,2026-09-20T07:31:16.030Z,COMPLETE_FOR_MAPPABLE_ROWS,api,Semt pazarları,https://acikveri.bizizmir.com/dataset/semt-pazar-yerleri,CC BY 4.0,İzmir Büyükşehir Belediyesi Açık Veri Portalı
market:12:Doğanbey Payamlı Pazaryeri:38.07717145767:26.928346201599,market,Street Market,Doğanbey Payamlı Pazaryeri,38.07717145767,26.928346201599,SEFERİHİSAR,PAYAMLI,MEHMET AKİF ERSOY,,M.Akif Ersoy Cad. Bitişiği Perşembe Günleri Kurulmaktadır.,,2026-09-20T07:31:16.030Z,COMPLETE_FOR_MAPPABLE_ROWS,api,Semt pazarları,https://acikveri.bizizmir.com/dataset/semt-pazar-yerleri,CC BY 4.0,İzmir Büyükşehir Belediyesi Açık Veri Portalı
market:2:Doğanlar Pazaryeri:38.44604884627:27.249793609064,market,Street Market,Doğanlar Pazaryeri,38.44604884627,27.249793609064,BORNOVA,DOĞANLAR,1509/1 19,,Salı günü kurulmaktadır. (Kapalı Pazar Yeri),,2026-09-20T07:31:16.030Z,COMPLETE_FOR_MAPPABLE_ROWS,api,Semt pazarları,https://acikveri.bizizmir.com/dataset/semt-pazar-yerleri,CC BY 4.0,İzmir Büyükşehir Belediyesi Açık Veri Portalı
market:15:Dokuz Eylül Pazaryeri:38.324564802338:27.140074708594,market,Street Market,Dokuz Eylül Pazaryeri,38.324564802338,27.140074708594,GAZİEMİR,DOKUZ EYLÜL,302 12,,Cumartesi günü kurulmaktadır,,2026-09-20T07:31:16.030Z,COMPLETE_FOR_MAPPABLE_ROWS,api,Semt pazarları,https://acikveri.bizizmir.com/dataset/semt-pazar-yerleri,CC BY 4.0,İzmir Büyükşehir Belediyesi Açık Veri Portalı
market:16:Egekent Pazaryeri:38.505862358041:27.064381105742,market,Street Market,Egekent Pazaryeri,38.505862358041,27.064381105742,ÇİĞLİ,EGEKENT,8847/1 6,,Cumartesi günü kurulmaktadır,,2026-09-20T07:31:16.030Z,COMPLETE_FOR_MAPPABLE_ROWS,api,Semt pazarları,https://acikveri.bizizmir.com/dataset/semt-pazar-yerleri,CC BY 4.0,İzmir Büyükşehir Belediyesi Açık Veri Portalı
market:20:Ekopazar İzmir Organik Ürünler Pazarı:38.460211363931:27.088158909061,market,Street Market,Ekopazar İzmir Organik Ürünler Pazarı,38.460211363931,27.088158909061,KARŞIYAKA,ATAKENT,HASAN ALİ YÜCEL 58,,Çarşamba günü kurulmaktadır,,2026-09-20T07:31:16.030Z,COMPLETE_FOR_MAPPABLE_ROWS,api,Semt pazarları,https://acikveri.bizizmir.com/dataset/semt-pazar-yerleri,CC BY 4.0,İzmir Büyükşehir Belediyesi Açık Veri Portalı
market:19:Erişen Halk Pazarı:38.400544992468:27.12647709843,market,Street Market,Erişen Halk Pazarı,38.400544992468,27.12647709843,KARABAĞLAR,BAHAR,HALİDE EDİP ADIVAR,,,,2026-09-20T07:31:16.030Z,COMPLETE_FOR_MAPPABLE_ROWS,api,Semt pazarları,https://acikveri.bizizmir.com/dataset/semt-pazar-yerleri,CC BY 4.0,İzmir Büyükşehir Belediyesi Açık Veri Portalı
market:19:Esendere Pazaryeri:38.390116860138:27.091847184046,market,Street Market,Esendere Pazaryeri,38.390116860138,27.091847184046,KARABAĞLAR,METİN OKTAY,108/28 4A,,Cuma günü kurulmaktadır,,2026-09-20T07:31:16.030Z,COMPLETE_FOR_MAPPABLE_ROWS,api,Semt pazarları,https://acikveri.bizizmir.com/dataset/semt-pazar-yerleri,CC BY 4.0,İzmir Büyükşehir Belediyesi Açık Veri Portalı
market:19:Eski İzmir Pazaryeri:38.365385380881:27.107033077401,market,Street Market,Eski İzmir Pazaryeri,38.365385380881,27.107033077401,KARABAĞLAR,DEVRİM,ESKİİZMİR 651,,Cuma günü kurulmaktadır,,2026-09-20T07:31:16.030Z,COMPLETE_FOR_MAPPABLE_ROWS,api,Semt pazarları,https://acikveri.bizizmir.com/dataset/semt-pazar-yerleri,CC BY 4.0,İzmir Büyükşehir Belediyesi Açık Veri Portalı
market:21:Eşrefpaşa Açık Pazaryeri:38.40410700907:27.141278029055,market,Street Market,Eşrefpaşa Açık Pazaryeri,38.40410700907,27.141278029055,KONAK,2.KADRİYE,691/2 25,,Çarşamba günü kurulmaktadır,,2026-09-20T07:31:16.030Z,COMPLETE_FOR_MAPPABLE_ROWS,api,Semt pazarları,https://acikveri.bizizmir.com/dataset/semt-pazar-yerleri,CC BY 4.0,İzmir Büyükşehir Belediyesi Açık Veri Portalı
market:21:Eşrefpaşa Pazaryeri:38.412215241789:27.13082040135,market,Street Market,Eşrefpaşa Pazaryeri,38.412215241789,27.13082040135,KONAK,NAMIK KEMAL,EŞREFPAŞA,,Pazar günü kurulmaktadır,,2026-09-20T07:31:16.030Z,COMPLETE_FOR_MAPPABLE_ROWS,api,Semt pazarları,https://acikveri.bizizmir.com/dataset/semt-pazar-yerleri,CC BY 4.0,İzmir Büyükşehir Belediyesi Açık Veri Portalı
market:8:Evka 1 Açık Pazaryeri:38.400174973028:27.197043415147,market,Street Market,Evka 1 Açık Pazaryeri,38.400174973028,27.197043415147,BUCA,MURATHAN,YAVUZ SULTAN SELİM 2,,Pazar Günleri Kurulmaktadır. 1023/ Sok. ile 1242 Sok. ve 1243 Sok.,,2026-09-20T07:31:16.030Z,COMPLETE_FOR_MAPPABLE_ROWS,api,Semt pazarları,https://acikveri.bizizmir.com/dataset/semt-pazar-yerleri,CC BY 4.0,İzmir Büyükşehir Belediyesi Açık Veri Portalı
market:16:Evka 2 Kapalı Pazaryeri:38.498159102:27.086201623295,market,Street Market,Evka 2 Kapalı Pazaryeri,38.498159102,27.086201623295,ÇİĞLİ,EVKA-2,6850/1 2,,Cumartesi günü kurulmaktadır,,2026-09-20T07:31:16.030Z,COMPLETE_FOR_MAPPABLE_ROWS,api,Semt pazarları,https://acikveri.bizizmir.com/dataset/semt-pazar-yerleri,CC BY 4.0,İzmir Büyükşehir Belediyesi Açık Veri Portalı
market:2:Evka 3 Pazaryeri:38.46916747351:27.250495182011,market,Street Market,Evka 3 Pazaryeri,38.46916747351,27.250495182011,BORNOVA,EVKA 3,126/12 5/2,,Perşembe günü kurulmaktadır. (Kapalı Pazar Yeri),,2026-09-20T07:31:16.030Z,COMPLETE_FOR_MAPPABLE_ROWS,api,Semt pazarları,https://acikveri.bizizmir.com/dataset/semt-pazar-yerleri,CC BY 4.0,İzmir Büyükşehir Belediyesi Açık Veri Portalı
market:2:Evka 4 Kapalı Pazaryeri:38.490695670078:27.214882901367,market,Street Market,Evka 4 Kapalı Pazaryeri,38.490695670078,27.214882901367,BORNOVA,EVKA 4,SATUK BUĞRA HAN 9,,Cumartesi günü kurulmaktadır. (Kapalı Pazar Yeri),,2026-09-20T07:31:16.030Z,COMPLETE_FOR_MAPPABLE_ROWS,api,Semt pazarları,https://acikveri.bizizmir.com/dataset/semt-pazar-yerleri,CC BY 4.0,İzmir Büyükşehir Belediyesi Açık Veri Portalı
market:16:Evka 5 pazaryeri:38.519542915511:27.054378959359,market,Street Market,Evka 5 pazaryeri,38.519542915511,27.054378959359,ÇİĞLİ,EVKA-5,8929,,Çarşamba günü kurulmaktadır,,2026-09-20T07:31:16.030Z,COMPLETE_FOR_MAPPABLE_ROWS,api,Semt pazarları,https://acikveri.bizizmir.com/dataset/semt-pazar-yerleri,CC BY 4.0,İzmir Büyükşehir Belediyesi Açık Veri Portalı
market:21:Ferahlı Pazaryeri:38.413488659651:27.164499712265,market,Street Market,Ferahlı Pazaryeri,38.413488659651,27.164499712265,KONAK,FERAHLI,3471 1,,Çarşamba günü kurulmaktadır,,2026-09-20T07:31:16.030Z,COMPLETE_FOR_MAPPABLE_ROWS,api,Semt pazarları,https://acikveri.bizizmir.com/dataset/semt-pazar-yerleri,CC BY 4.0,İzmir Büyükşehir Belediyesi Açık Veri Portalı
market:8:Fırat Mahallesi Ova Pazaryeri:38.372503769791:27.146625273551,market,Street Market,Fırat Mahallesi Ova Pazaryeri,38.372503769791,27.146625273551,BUCA,FIRAT,635/3,,,,2026-09-20T07:31:16.030Z,COMPLETE_FOR_MAPPABLE_ROWS,api,Semt pazarları,https://acikveri.bizizmir.com/dataset/semt-pazar-yerleri,CC BY 4.0,İzmir Büyükşehir Belediyesi Açık Veri Portalı
market:4:Foça Semt Pazaryeri:38.667194407332:26.755802252313,market,Street Market,Foça Semt Pazaryeri,38.667194407332,26.755802252313,FOÇA,FEVZİPAŞA,211 5,,Salı günü kurulmaktadır,,2026-09-20T07:31:16.030Z,COMPLETE_FOR_MAPPABLE_ROWS,api,Semt pazarları,https://acikveri.bizizmir.com/dataset/semt-pazar-yerleri,CC BY 4.0,İzmir Büyükşehir Belediyesi Açık Veri Portalı
market:4:Foça Yeryüzü Pazarı:38.665727051095:26.755464421129,market,Street Market,Foça Yeryüzü Pazarı,38.665727051095,26.755464421129,FOÇA,ATATÜRK,214 16,,Pazar günü korulmaktadır,,2026-09-20T07:31:16.030Z,COMPLETE_FOR_MAPPABLE_ROWS,api,Semt pazarları,https://acikveri.bizizmir.com/dataset/semt-pazar-yerleri,CC BY 4.0,İzmir Büyükşehir Belediyesi Açık Veri Portalı
market:11:Fuat Edip Baksi Pazaryeri:38.468915935734:27.156944585798,market,Street Market,Fuat Edip Baksi Pazaryeri,38.468915935734,27.156944585798,BAYRAKLI,FUAT EDİP BAKSI,ZEKİ YAVAŞ 119,,Perşembe Günü Kurulmaktadır.,,2026-09-20T07:31:16.030Z,COMPLETE_FOR_MAPPABLE_ROWS,api,Semt pazarları,https://acikveri.bizizmir.com/dataset/semt-pazar-yerleri,CC BY 4.0,İzmir Büyükşehir Belediyesi Açık Veri Portalı
market:15:Gaziemir Polat Uçar Pazaryeri:38.320800795144:27.130362221281,market,Street Market,Gaziemir Polat Uçar Pazaryeri,38.320800795144,27.130362221281,GAZİEMİR,ATIFBEY,6 23,,Çarşamba günü kurulmaktadır,,2026-09-20T07:31:16.030Z,COMPLETE_FOR_MAPPABLE_ROWS,api,Semt pazarları,https://acikveri.bizizmir.com/dataset/semt-pazar-yerleri,CC BY 4.0,İzmir Büyükşehir Belediyesi Açık Veri Portalı
market:8:Gediz Pazaryeri:38.359195852359:27.144726186826,market,Street Market,Gediz Pazaryeri,38.359195852359,27.144726186826,BUCA,İNÖNÜ,682/14 21B,,Pazar Günleri Kurulur,,2026-09-20T07:31:16.030Z,COMPLETE_FOR_MAPPABLE_ROWS,api,Semt pazarları,https://acikveri.bizizmir.com/dataset/semt-pazar-yerleri,CC BY 4.0,İzmir Büyükşehir Belediyesi Açık Veri Portalı
market:4:Gerenköy Pazaryeri:38.646427547545:26.903241456901,market,Street Market,Gerenköy Pazaryeri,38.646427547545,26.903241456901,FOÇA,MAREŞAL FEVZİ ÇAKMAK,64,,,,2026-09-20T07:31:16.030Z,COMPLETE_FOR_MAPPABLE_ROWS,api,Semt pazarları,https://acikveri.bizizmir.com/dataset/semt-pazar-yerleri,CC BY 4.0,İzmir Büyükşehir Belediyesi Açık Veri Portalı
market:4:Gerenköy Semt Pazaryeri:38.649453162483:26.904116885334,market,Street Market,Gerenköy Semt Pazaryeri,38.649453162483,26.904116885334,FOÇA,MAREŞAL FEVZİ ÇAKMAK,ADNAN MENDERES 11,,Salı günü kurulmaktadır,,2026-09-20T07:31:16.030Z,COMPLETE_FOR_MAPPABLE_ROWS,api,Semt pazarları,https://acikveri.bizizmir.com/dataset/semt-pazar-yerleri,CC BY 4.0,İzmir Büyükşehir Belediyesi Açık Veri Portalı
market:11:Girne Pazaryeri:38.478323167992:27.115753701827,market,Street Market,Girne Pazaryeri,38.478323167992,27.115753701827,BAYRAKLI,SOĞUKKUYU,GİRNE 250,,Pazar Cuma ve Pazar günleri kurulmaktadır.,,2026-09-20T07:31:16.030Z,COMPLETE_FOR_MAPPABLE_ROWS,api,Semt pazarları,https://acikveri.bizizmir.com/dataset/semt-pazar-yerleri,CC BY 4.0,İzmir Büyükşehir Belediyesi Açık Veri Portalı
market:995:Giyim Pazaryeri:39.074388007044:26.893820110077,market,Street Market,Giyim Pazaryeri,39.074388007044,26.893820110077,DİKİLİ,İSMETPAŞA,66,,Salı günü kurulmaktadır,,2026-09-20T07:31:16.030Z,COMPLETE_FOR_MAPPABLE_ROWS,api,Semt pazarları,https://acikveri.bizizmir.com/dataset/semt-pazar-yerleri,CC BY 4.0,İzmir Büyükşehir Belediyesi Açık Veri Portalı
market:999:Göçbeyli Mahalle Pazarı:39.223881649453:27.403812890089,market,Street Market,Göçbeyli Mahalle Pazarı,39.223881649453,27.403812890089,BERGAMA,GÖÇBEYLİ,BÜLBÜLLER,,Perşembe Günleri Kurulmaktadır.,,2026-09-20T07:31:16.030Z,COMPLETE_FOR_MAPPABLE_ROWS,api,Semt pazarları,https://acikveri.bizizmir.com/dataset/semt-pazar-yerleri,CC BY 4.0,İzmir Büyükşehir Belediyesi Açık Veri Portalı
market:10:Gökçealan Pazaryeri:37.842043493903:27.388813285806,market,Street Market,Gökçealan Pazaryeri,37.842043493903,27.388813285806,SELÇUK,GÖKÇEALAN,623,,Pazar günü kurulmaktadır,,2026-09-20T07:31:16.030Z,COMPLETE_FOR_MAPPABLE_ROWS,api,Semt pazarları,https://acikveri.bizizmir.com/dataset/semt-pazar-yerleri,CC BY 4.0,İzmir Büyükşehir Belediyesi Açık Veri Portalı
market:998:Gölcük Pazaryeri:38.322314566587:28.026155968372,market,Street Market,Gölcük Pazaryeri,38.322314566587,28.026155968372,ÖDEMİŞ,GÖLCÜK,ÖRSELLİ,,Cuma Günü Kurulmnaktadır,,2026-09-20T07:31:16.030Z,COMPLETE_FOR_MAPPABLE_ROWS,api,Semt pazarları,https://acikveri.bizizmir.com/dataset/semt-pazar-yerleri,CC BY 4.0,İzmir Büyükşehir Belediyesi Açık Veri Portalı
market:18:Gülbahçe Pazarı:38.338594395792:26.641622360362,market,Street Market,Gülbahçe Pazarı,38.338594395792,26.641622360362,URLA,GÜLBAHÇE,GÜLBAHÇE,,,,2026-09-20T07:31:16.030Z,COMPLETE_FOR_MAPPABLE_ROWS,api,Semt pazarları,https://acikveri.bizizmir.com/dataset/semt-pazar-yerleri,CC BY 4.0,İzmir Büyükşehir Belediyesi Açık Veri Portalı
market:21:Gültepe Pazaryeri:38.417131264506:27.171716433134,market,Street Market,Gültepe Pazaryeri,38.417131264506,27.171716433134,KONAK,HUZUR,YENİ PLEVNE 81,,Çarşamba günü kurulmaktadır.,,2026-09-20T07:31:16.030Z,COMPLETE_FOR_MAPPABLE_ROWS,api,Semt pazarları,https://acikveri.bizizmir.com/dataset/semt-pazar-yerleri,CC BY 4.0,İzmir Büyükşehir Belediyesi Açık Veri Portalı
market:21:Gültepe Pazaryeri:38.415841185204:27.172217363392,market,Street Market,Gültepe Pazaryeri,38.415841185204,27.172217363392,KONAK,ZEYBEK,2389,,,,2026-09-20T07:31:16.030Z,COMPLETE_FOR_MAPPABLE_ROWS,api,Semt pazarları,https://acikveri.bizizmir.com/dataset/semt-pazar-yerleri,CC BY 4.0,İzmir Büyükşehir Belediyesi Açık Veri Portalı
market:13:Gümüldür Gece Pazarı:38.058379632194:27.01193221107,market,Street Market,Gümüldür Gece Pazarı,38.058379632194,27.01193221107,MENDERES,GÜMÜLDÜR FEVZİ ÇAKMAK,DENİZ,,,,2026-09-20T07:31:16.030Z,COMPLETE_FOR_MAPPABLE_ROWS,api,Semt pazarları,https://acikveri.bizizmir.com/dataset/semt-pazar-yerleri,CC BY 4.0,İzmir Büyükşehir Belediyesi Açık Veri Portalı
market:13:Gümüldür Pazaryeri:38.069759502447:27.016475692085,market,Street Market,Gümüldür Pazaryeri,38.069759502447,27.016475692085,MENDERES,GÜMÜLDÜR FEVZİ ÇAKMAK,GAZİ MUSTAFA KEMAL PAŞA 104,,Cuma Günleri Kurulmaktadır.,,2026-09-20T07:31:16.030Z,COMPLETE_FOR_MAPPABLE_ROWS,api,Semt pazarları,https://acikveri.bizizmir.com/dataset/semt-pazar-yerleri,CC BY 4.0,İzmir Büyükşehir Belediyesi Açık Veri Portalı
market:11:Gümüşpala Kapalı Pazaryeri:38.468991870584:27.140537397542,market,Street Market,Gümüşpala Kapalı Pazaryeri,38.468991870584,27.140537397542,BAYRAKLI,GÜMÜŞPALA,7037,,Cumartesi günü kurulmaktadır,,2026-09-20T07:31:16.030Z,COMPLETE_FOR_MAPPABLE_ROWS,api,Semt pazarları,https://acikveri.bizizmir.com/dataset/semt-pazar-yerleri,CC BY 4.0,İzmir Büyükşehir Belediyesi Açık Veri Portalı
market:19:Günaltay Pazaryeri:38.378410185339:27.116917204431,market,Street Market,Günaltay Pazaryeri,38.378410185339,27.116917204431,KARABAĞLAR,GÜNALTAY,4765 43,,Cuma günü kurulmaktadır,,2026-09-20T07:31:16.030Z,COMPLETE_FOR_MAPPABLE_ROWS,api,Semt pazarları,https://acikveri.bizizmir.com/dataset/semt-pazar-yerleri,CC BY 4.0,İzmir Büyükşehir Belediyesi Açık Veri Portalı
market:21:Gürçeşme Pazaryeri:38.414730252229:27.160061847735,market,Street Market,Gürçeşme Pazaryeri,38.414730252229,27.160061847735,KONAK,KÜÇÜKADA,2232,,,,2026-09-20T07:31:16.030Z,COMPLETE_FOR_MAPPABLE_ROWS,api,Semt pazarları,https://acikveri.bizizmir.com/dataset/semt-pazar-yerleri,CC BY 4.0,İzmir Büyükşehir Belediyesi Açık Veri Portalı
market:1:Güzelbahçe Belediyesi Kapalı Pazar Yeri:38.375604800635:26.892462235931,market,Street Market,Güzelbahçe Belediyesi Kapalı Pazar Yeri,38.375604800635,26.892462235931,GÜZELBAHÇE,YALI,İSTİKBAL 49,,Salı (Kapalı Pazar Yeri),,2026-09-20T07:31:16.030Z,COMPLETE_FOR_MAPPABLE_ROWS,api,Semt pazarları,https://acikveri.bizizmir.com/dataset/semt-pazar-yerleri,CC BY 4.0,İzmir Büyükşehir Belediyesi Açık Veri Portalı
market:1:Güzelbahçe Kahramandere Pazaryeri:38.360745876231:26.883978544641,market,Street Market,Güzelbahçe Kahramandere Pazaryeri,38.360745876231,26.883978544641,GÜZELBAHÇE,KAHRAMANDERE,ŞEHİT KEMAL,,Cumartesi günleri pazar kurulmaktadır.,,2026-09-20T07:31:16.030Z,COMPLETE_FOR_MAPPABLE_ROWS,api,Semt pazarları,https://acikveri.bizizmir.com/dataset/semt-pazar-yerleri,CC BY 4.0,İzmir Büyükşehir Belediyesi Açık Veri Portalı
market:16:Güzeltepe Pazaryeri:38.50292532099:27.07536143891,market,Street Market,Güzeltepe Pazaryeri,38.50292532099,27.07536143891,ÇİĞLİ,YAKAKENT,8087/1,,cuma günü kurulmaktadır,,2026-09-20T07:31:16.030Z,COMPLETE_FOR_MAPPABLE_ROWS,api,Semt pazarları,https://acikveri.bizizmir.com/dataset/semt-pazar-yerleri,CC BY 4.0,İzmir Büyükşehir Belediyesi Açık Veri Portalı
market:16:Harmandalı Kapalı Pazaryeri:38.523231765453:27.049759536087,market,Street Market,Harmandalı Kapalı Pazaryeri,38.523231765453,27.049759536087,ÇİĞLİ,UĞUR MUMCU,8986/2,,,,2026-09-20T07:31:16.030Z,COMPLETE_FOR_MAPPABLE_ROWS,api,Semt pazarları,https://acikveri.bizizmir.com/dataset/semt-pazar-yerleri,CC BY 4.0,İzmir Büyükşehir Belediyesi Açık Veri Portalı
market:16:Harmandalı Pazaryeri:38.529283535176:27.047601654708,market,Street Market,Harmandalı Pazaryeri,38.529283535176,27.047601654708,ÇİĞLİ,İNÖNÜ,9 EYLÜL,,,,2026-09-20T07:31:16.030Z,COMPLETE_FOR_MAPPABLE_ROWS,api,Semt pazarları,https://acikveri.bizizmir.com/dataset/semt-pazar-yerleri,CC BY 4.0,İzmir Büyükşehir Belediyesi Açık Veri Portalı
market:21:Hatay Pazaryeri:38.403541776553:27.110225762381,market,Street Market,Hatay Pazaryeri,38.403541776553,27.110225762381,KONAK,MURAT REİS,255 11/2,,Pazartesi-Salı-Perşembe (Kapalı Pazar Yeri),,2026-09-20T07:31:16.030Z,COMPLETE_FOR_MAPPABLE_ROWS,api,Semt pazarları,https://acikveri.bizizmir.com/dataset/semt-pazar-yerleri,CC BY 4.0,İzmir Büyükşehir Belediyesi Açık Veri Portalı
market:3:Helvacı Kapalı Pazaryeri:38.702715796809:27.018063250986,market,Street Market,Helvacı Kapalı Pazaryeri,38.702715796809,27.018063250986,ALİAĞA,B.HAYRETTİN PAŞA,TALAT BİLGİN 44,,Cuma günü kurulmaktadır,,2026-09-20T07:31:16.030Z,COMPLETE_FOR_MAPPABLE_ROWS,api,Semt pazarları,https://acikveri.bizizmir.com/dataset/semt-pazar-yerleri,CC BY 4.0,İzmir Büyükşehir Belediyesi Açık Veri Portalı
market:3:Helvacı Pazaryeri:38.701007963866:27.027694938333,market,Street Market,Helvacı Pazaryeri,38.701007963866,27.027694938333,ALİAĞA,FATİH,YAVUZ SELİM,,Cuma günleri Mimar Sinan Mah. Yavuz Selim Cad. ve Fatih Mah. Namık Kemal Cad üzerinde kurulmaktadır.,,2026-09-20T07:31:16.030Z,COMPLETE_FOR_MAPPABLE_ROWS,api,Semt pazarları,https://acikveri.bizizmir.com/dataset/semt-pazar-yerleri,CC BY 4.0,İzmir Büyükşehir Belediyesi Açık Veri Portalı
market:1001:Ilıca Pazaryeri:38.307614646814:26.355441535185,market,Street Market,Ilıca Pazaryeri,38.307614646814,26.355441535185,ÇEŞME,ILICA,5101/1,,"Perşembe - 5101/1 , 5103 , 5151 sokakları üzerinde kurulmaktadır.",,2026-09-20T07:31:16.030Z,COMPLETE_FOR_MAPPABLE_ROWS,api,Semt pazarları,https://acikveri.bizizmir.com/dataset/semt-pazar-yerleri,CC BY 4.0,İzmir Büyükşehir Belediyesi Açık Veri Portalı
market:15:Irmak Pazaryeri:38.328838186715:27.121708261451,market,Street Market,Irmak Pazaryeri,38.328838186715,27.121708261451,GAZİEMİR,IRMAK,38/30,,,,2026-09-20T07:31:16.030Z,COMPLETE_FOR_MAPPABLE_ROWS,api,Semt pazarları,https://acikveri.bizizmir.com/dataset/semt-pazar-yerleri,CC BY 4.0,İzmir Büyükşehir Belediyesi Açık Veri Portalı
market:15:Irmak Pazaryeri:38.32534524418:27.12235212455,market,Street Market,Irmak Pazaryeri,38.32534524418,27.12235212455,GAZİEMİR,IRMAK,93,,Pazartesi günü kurulmaktadır,,2026-09-20T07:31:16.030Z,COMPLETE_FOR_MAPPABLE_ROWS,api,Semt pazarları,https://acikveri.bizizmir.com/dataset/semt-pazar-yerleri,CC BY 4.0,İzmir Büyükşehir Belediyesi Açık Veri Portalı
market:2:Işıkkent Kapalı Pazaryeri:38.426178997292:27.231110049867,market,Street Market,Işıkkent Kapalı Pazaryeri,38.426178997292,27.231110049867,BORNOVA,EGEMENLİK,6082 3,,Cuma günü kurulmaktadır. (Kapalı Pazar Yeri),,2026-09-20T07:31:16.030Z,COMPLETE_FOR_MAPPABLE_ROWS,api,Semt pazarları,https://acikveri.bizizmir.com/dataset/semt-pazar-yerleri,CC BY 4.0,İzmir Büyükşehir Belediyesi Açık Veri Portalı
market:2:İnönü Pazaryeri:38.481767918856:27.21383792247,market,Street Market,İnönü Pazaryeri,38.481767918856,27.21383792247,BORNOVA,İNÖNÜ,756 7,,Çarşamba günü kurulmaktadır,,2026-09-20T07:31:16.030Z,COMPLETE_FOR_MAPPABLE_ROWS,api,Semt pazarları,https://acikveri.bizizmir.com/dataset/semt-pazar-yerleri,CC BY 4.0,İzmir Büyükşehir Belediyesi Açık Veri Portalı
market:18:İskele Pazarı:38.363523731147:26.771880785692,market,Street Market,İskele Pazarı,38.363523731147,26.771880785692,URLA,İSKELE,İSKELE,,,,2026-09-20T07:31:16.030Z,COMPLETE_FOR_MAPPABLE_ROWS,api,Semt pazarları,https://acikveri.bizizmir.com/dataset/semt-pazar-yerleri,CC BY 4.0,İzmir Büyükşehir Belediyesi Açık Veri Portalı
market:10:Kadın El Emeği Pazarı:37.948700609567:27.367779936309,market,Street Market,Kadın El Emeği Pazarı,37.948700609567,27.367779936309,SELÇUK,ATATÜRK,UĞUR MUMCU SEVGİ YOLU,,Pazar günü kurulmaktadır,,2026-09-20T07:31:16.030Z,COMPLETE_FOR_MAPPABLE_ROWS,api,Semt pazarları,https://acikveri.bizizmir.com/dataset/semt-pazar-yerleri,CC BY 4.0,İzmir Büyükşehir Belediyesi Açık Veri Portalı
market:21:Kahramanlar Pazaryeri:38.427417609088:27.152592788059,market,Street Market,Kahramanlar Pazaryeri,38.427417609088,27.152592788059,KONAK,KAHRAMANLAR,1422,,,,2026-09-20T07:31:16.030Z,COMPLETE_FOR_MAPPABLE_ROWS,api,Semt pazarları,https://acikveri.bizizmir.com/dataset/semt-pazar-yerleri,CC BY 4.0,İzmir Büyükşehir Belediyesi Açık Veri Portalı
market:2:Kandere Pazaryeri:38.423265602204:27.196706625246,market,Street Market,Kandere Pazaryeri,38.423265602204,27.196706625246,BORNOVA,SERİNTEPE,4310,,Pazar günü kurulmaktadır. (Kapalı Pazar Yeri),,2026-09-20T07:31:16.030Z,COMPLETE_FOR_MAPPABLE_ROWS,api,Semt pazarları,https://acikveri.bizizmir.com/dataset/semt-pazar-yerleri,CC BY 4.0,İzmir Büyükşehir Belediyesi Açık Veri Portalı
market:9:Karakuyu Semt Pazarı:38.240207763294:27.389317915056,market,Street Market,Karakuyu Semt Pazarı,38.240207763294,27.389317915056,TORBALI,KARAKUYU,FATİH,,Cumartesi Günleri Kurulmaktadır.,,2026-09-20T07:31:16.030Z,COMPLETE_FOR_MAPPABLE_ROWS,api,Semt pazarları,https://acikveri.bizizmir.com/dataset/semt-pazar-yerleri,CC BY 4.0,İzmir Büyükşehir Belediyesi Açık Veri Portalı
market:20:Karşıyaka Çok Katlı Pazaryeri:38.467366533582:27.120525371211,market,Street Market,Karşıyaka Çok Katlı Pazaryeri,38.467366533582,27.120525371211,KARŞIYAKA,BAHÇELİEVLER,1851/10 3,,Pazar-Salı (Kapalı Pazar Yeri),,2026-09-20T07:31:16.030Z,COMPLETE_FOR_MAPPABLE_ROWS,api,Semt pazarları,https://acikveri.bizizmir.com/dataset/semt-pazar-yerleri,CC BY 4.0,İzmir Büyükşehir Belediyesi Açık Veri Portalı
market:20:Karşıyaka Halk Pazarı:38.463876909108:27.115853189864,market,Street Market,Karşıyaka Halk Pazarı,38.463876909108,27.115853189864,KARŞIYAKA,BAHÇELİEVLER,ORHAN ŞAİK GÖKYAY,,,,2026-09-20T07:31:16.030Z,COMPLETE_FOR_MAPPABLE_ROWS,api,Semt pazarları,https://acikveri.bizizmir.com/dataset/semt-pazar-yerleri,CC BY 4.0,İzmir Büyükşehir Belediyesi Açık Veri Portalı
market:998:Kaymakçı Pazaryeri:38.16477527894:28.115748939547,market,Street Market,Kaymakçı Pazaryeri,38.16477527894,28.115748939547,ÖDEMİŞ,KAYMAKÇI,KOCAKABAK,,Cuma günü kurulmaktadır,,2026-09-20T07:31:16.030Z,COMPLETE_FOR_MAPPABLE_ROWS,api,Semt pazarları,https://acikveri.bizizmir.com/dataset/semt-pazar-yerleri,CC BY 4.0,İzmir Büyükşehir Belediyesi Açık Veri Portalı
market:6:Kemalpaşa Kapalı Pazaryeri:38.430348322944:27.417020917251,market,Street Market,Kemalpaşa Kapalı Pazaryeri,38.430348322944,27.417020917251,KEMALPAŞA,MEHMET AKİF ERSOY,KEMALPAŞA STADI 38,,Cuma Günleri Kurulmaktadır.,,2026-09-20T07:31:16.030Z,COMPLETE_FOR_MAPPABLE_ROWS,api,Semt pazarları,https://acikveri.bizizmir.com/dataset/semt-pazar-yerleri,CC BY 4.0,İzmir Büyükşehir Belediyesi Açık Veri Portalı
market:6:Kemalpaşa Salı Pazaryeri:38.425944378265:27.416744540684,market,Street Market,Kemalpaşa Salı Pazaryeri,38.425944378265,27.416744540684,KEMALPAŞA,SOĞUKPINAR,315,,Salı Günleri Kurulmaktadır.,,2026-09-20T07:31:16.030Z,COMPLETE_FOR_MAPPABLE_ROWS,api,Semt pazarları,https://acikveri.bizizmir.com/dataset/semt-pazar-yerleri,CC BY 4.0,İzmir Büyükşehir Belediyesi Açık Veri Portalı
market:996:Kınık Merkez Pazaryeri:39.086449563538:27.382319053675,market,Street Market,Kınık Merkez Pazaryeri,39.086449563538,27.382319053675,KINIK,AŞAĞI,CUMHURİYET,,Cuma,,2026-09-20T07:31:16.030Z,COMPLETE_FOR_MAPPABLE_ROWS,api,Semt pazarları,https://acikveri.bizizmir.com/dataset/semt-pazar-yerleri,CC BY 4.0,İzmir Büyükşehir Belediyesi Açık Veri Portalı
market:994:Kiraz Belediyesi Pazaryeri:38.231597648882:28.204727263113,market,Street Market,Kiraz Belediyesi Pazaryeri,38.231597648882,28.204727263113,KİRAZ,İSTİKLAL,FATİH SULTAN MEHMET,,"Çarşamba - Fatih Sultan Mehmet Cd. , Kültürpark Cd. , Çolak İbrahim Cd. kapsamaktadır.Cumhuriyet ve İstklal mh. olmak üzere iki ayrı mahallede kurulmaktadır.",,2026-09-20T07:31:16.030Z,COMPLETE_FOR_MAPPABLE_ROWS,api,Semt pazarları,https://acikveri.bizizmir.com/dataset/semt-pazar-yerleri,CC BY 4.0,İzmir Büyükşehir Belediyesi Açık Veri Portalı
market:994:Kiraz Belediyesi Pazaryeri:38.229728469686:28.205157591761,market,Street Market,Kiraz Belediyesi Pazaryeri,38.229728469686,28.205157591761,KİRAZ,CUMHURİYET,CAMİ,,"Çarşamba - Cami sk., Ali Kaptan Cd., Hasan Tahsin Cd., İnönü Cd. Ambarönü Sk, Kurtuluş Cd. , 1 Eylül Sk. , Özçınar Sk. , Bahçe Sk. kapsamaktadır.Cumhuriyet ve İstklal mh. olmak üzere iki ayrı mahallede kurulmaktadır.",,2026-09-20T07:31:16.030Z,COMPLETE_FOR_MAPPABLE_ROWS,api,Semt pazarları,https://acikveri.bizizmir.com/dataset/semt-pazar-yerleri,CC BY 4.0,İzmir Büyükşehir Belediyesi Açık Veri Portalı
market:994:Kiraz Belediyesi Pazaryeri:38.232709049115:28.209675109676,market,Street Market,Kiraz Belediyesi Pazaryeri,38.232709049115,28.209675109676,KİRAZ,İSTİKLAL,BAĞLAR,,,,2026-09-20T07:31:16.030Z,COMPLETE_FOR_MAPPABLE_ROWS,api,Semt pazarları,https://acikveri.bizizmir.com/dataset/semt-pazar-yerleri,CC BY 4.0,İzmir Büyükşehir Belediyesi Açık Veri Portalı
market:994:Kiraz Merkez Pazaryeri:38.230363603362:28.204948394493,market,Street Market,Kiraz Merkez Pazaryeri,38.230363603362,28.204948394493,KİRAZ,CUMHURİYET,İNÖNÜ,,Çarşamba Günü Kurulmaktadır,,2026-09-20T07:31:16.030Z,COMPLETE_FOR_MAPPABLE_ROWS,api,Semt pazarları,https://acikveri.bizizmir.com/dataset/semt-pazar-yerleri,CC BY 4.0,İzmir Büyükşehir Belediyesi Açık Veri Portalı
market:16:Komşuyolu Pazaryeri:38.502613614177:27.053252102942,market,Street Market,Komşuyolu Pazaryeri,38.502613614177,27.053252102942,ÇİĞLİ,KÜÇÜK ÇİĞLİ,ANADOLU 1000,,Perşembe günü kurulmaktadır,,2026-09-20T07:31:16.030Z,COMPLETE_FOR_MAPPABLE_ROWS,api,Semt pazarları,https://acikveri.bizizmir.com/dataset/semt-pazar-yerleri,CC BY 4.0,İzmir Büyükşehir Belediyesi Açık Veri Portalı
market:998:Konaklı Pazaryeri:38.11006084012:27.997516554417,market,Street Market,Konaklı Pazaryeri,38.11006084012,27.997516554417,ÖDEMİŞ,KONAKLI,DİNDAR,,Cuma günü kurulmaktadır,,2026-09-20T07:31:16.030Z,COMPLETE_FOR_MAPPABLE_ROWS,api,Semt pazarları,https://acikveri.bizizmir.com/dataset/semt-pazar-yerleri,CC BY 4.0,İzmir Büyükşehir Belediyesi Açık Veri Portalı
market:19:Kooparatif Evleri Pazaryeri:38.384764899225:27.112071192034,market,Street Market,Kooparatif Evleri Pazaryeri,38.384764899225,27.112071192034,KARABAĞLAR,REFET BELE,9131/14,,,,2026-09-20T07:31:16.030Z,COMPLETE_FOR_MAPPABLE_ROWS,api,Semt pazarları,https://acikveri.bizizmir.com/dataset/semt-pazar-yerleri,CC BY 4.0,İzmir Büyükşehir Belediyesi Açık Veri Portalı
market:17:Koyundere Kapalı Pazaryeri:38.580235749312:27.072077853258,market,Street Market,Koyundere Kapalı Pazaryeri,38.580235749312,27.072077853258,MENEMEN,KEMAL ATATÜRK,7511/2,,,,2026-09-20T07:31:16.030Z,COMPLETE_FOR_MAPPABLE_ROWS,api,Semt pazarları,https://acikveri.bizizmir.com/dataset/semt-pazar-yerleri,CC BY 4.0,İzmir Büyükşehir Belediyesi Açık Veri Portalı
market:17:Koyundere Pazaryeri:38.577192970963:27.064755909296,market,Street Market,Koyundere Pazaryeri,38.577192970963,27.064755909296,MENEMEN,ULUS,7501/1,,Pazartesi günleri kurulmaktadır,,2026-09-20T07:31:16.030Z,COMPLETE_FOR_MAPPABLE_ROWS,api,Semt pazarları,https://acikveri.bizizmir.com/dataset/semt-pazar-yerleri,CC BY 4.0,İzmir Büyükşehir Belediyesi Açık Veri Portalı
market:999:Kozak Pazaryeri:39.122267368797:27.178662950281,market,Street Market,Kozak Pazaryeri,39.122267368797,27.178662950281,BERGAMA,BARBAROS,YONCA ALTI,,Cuma günü kurulmaktadır,,2026-09-20T07:31:16.030Z,COMPLETE_FOR_MAPPABLE_ROWS,api,Semt pazarları,https://acikveri.bizizmir.com/dataset/semt-pazar-yerleri,CC BY 4.0,İzmir Büyükşehir Belediyesi Açık Veri Portalı
market:4:Kozbeyli Köy Pazaryeri:38.715913382852:26.894336496982,market,Street Market,Kozbeyli Köy Pazaryeri,38.715913382852,26.894336496982,FOÇA,KOZBEYLİ,KOZBEYLİ KÖYÜ KÜME EVLER,,Pazar günü kurulmaktadır,,2026-09-20T07:31:16.030Z,COMPLETE_FOR_MAPPABLE_ROWS,api,Semt pazarları,https://acikveri.bizizmir.com/dataset/semt-pazar-yerleri,CC BY 4.0,İzmir Büyükşehir Belediyesi Açık Veri Portalı
market:8:Kuruçeşme Pazaryeri:38.371266193134:27.191327693235,market,Street Market,Kuruçeşme Pazaryeri,38.371266193134,27.191327693235,BUCA,KURUÇEŞME,203/37 15,,203/37 Sok. ile 203/40 Sok Pazar Günleri Kurulmaktadır.,,2026-09-20T07:31:16.030Z,COMPLETE_FOR_MAPPABLE_ROWS,api,Semt pazarları,https://acikveri.bizizmir.com/dataset/semt-pazar-yerleri,CC BY 4.0,İzmir Büyükşehir Belediyesi Açık Veri Portalı
market:16:Küçükçiğli yeni Pazaryeri:38.503535457618:27.051462360947,market,Street Market,Küçükçiğli yeni Pazaryeri,38.503535457618,27.051462360947,ÇİĞLİ,KÜÇÜK ÇİĞLİ,ANADOLU,,,,2026-09-20T07:31:16.030Z,COMPLETE_FOR_MAPPABLE_ROWS,api,Semt pazarları,https://acikveri.bizizmir.com/dataset/semt-pazar-yerleri,CC BY 4.0,İzmir Büyükşehir Belediyesi Açık Veri Portalı
market:21:Levent Pazaryeri:38.415431997947:27.164606981113,market,Street Market,Levent Pazaryeri,38.415431997947,27.164606981113,KONAK,LEVENT,VATAN 1/1,,Cumartesi günü kurulmaktadır,,2026-09-20T07:31:16.030Z,COMPLETE_FOR_MAPPABLE_ROWS,api,Semt pazarları,https://acikveri.bizizmir.com/dataset/semt-pazar-yerleri,CC BY 4.0,İzmir Büyükşehir Belediyesi Açık Veri Portalı
market:21:Levent Pazaryeri:38.413302348928:27.165549256374,market,Street Market,Levent Pazaryeri,38.413302348928,27.165549256374,KONAK,LEVENT,3471,,,,2026-09-20T07:31:16.030Z,COMPLETE_FOR_MAPPABLE_ROWS,api,Semt pazarları,https://acikveri.bizizmir.com/dataset/semt-pazar-yerleri,CC BY 4.0,İzmir Büyükşehir Belediyesi Açık Veri Portalı
market:19:Limontepe Pazaryeri:38.378975701699:27.100784601627,market,Street Market,Limontepe Pazaryeri,38.378975701699,27.100784601627,KARABAĞLAR,BAHRİYE ÜÇOK,9677,,Çarşamba günü kurulmaktadır,,2026-09-20T07:31:16.030Z,COMPLETE_FOR_MAPPABLE_ROWS,api,Semt pazarları,https://acikveri.bizizmir.com/dataset/semt-pazar-yerleri,CC BY 4.0,İzmir Büyükşehir Belediyesi Açık Veri Portalı
market:18:Malgaca Pazarı:38.322319421749:26.767081243849,market,Street Market,Malgaca Pazarı,38.322319421749,26.767081243849,URLA,CAMİATİK,ARA,,,,2026-09-20T07:31:16.030Z,COMPLETE_FOR_MAPPABLE_ROWS,api,Semt pazarları,https://acikveri.bizizmir.com/dataset/semt-pazar-yerleri,CC BY 4.0,İzmir Büyükşehir Belediyesi Açık Veri Portalı
market:16:Maltepe Pazaryeri:38.491315620997:27.076820344911,market,Street Market,Maltepe Pazaryeri,38.491315620997,27.076820344911,ÇİĞLİ,MALTEPE,8090/2,,Salı günü kurulmaktadır,,2026-09-20T07:31:16.030Z,COMPLETE_FOR_MAPPABLE_ROWS,api,Semt pazarları,https://acikveri.bizizmir.com/dataset/semt-pazar-yerleri,CC BY 4.0,İzmir Büyükşehir Belediyesi Açık Veri Portalı
market:13:Menderes Pazaryeri:38.256336455338:27.14104960612,market,Street Market,Menderes Pazaryeri,38.256336455338,27.14104960612,MENDERES,GÖLCÜKLER,CUMAOVASI 50,,Perşembe ve Pazar Günleri Kurulur,,2026-09-20T07:31:16.030Z,COMPLETE_FOR_MAPPABLE_ROWS,api,Semt pazarları,https://acikveri.bizizmir.com/dataset/semt-pazar-yerleri,CC BY 4.0,İzmir Büyükşehir Belediyesi Açık Veri Portalı
market:17:Menemen Kapalı Pazaryeri:38.611877283376:27.070769134839,market,Street Market,Menemen Kapalı Pazaryeri,38.611877283376,27.070769134839,MENEMEN,MERMERLİ,PAZAR 2,,Perşembe günü kurulmaktadır,,2026-09-20T07:31:16.030Z,COMPLETE_FOR_MAPPABLE_ROWS,api,Semt pazarları,https://acikveri.bizizmir.com/dataset/semt-pazar-yerleri,CC BY 4.0,İzmir Büyükşehir Belediyesi Açık Veri Portalı
market:998:Meşrutiyet Pazaryeri:38.228393155887:27.969206891254,market,Street Market,Meşrutiyet Pazaryeri,38.228393155887,27.969206891254,ÖDEMİŞ,MEŞRUTİYET,İSMETPAŞA,,Cumartesi Günü Kurulmnaktadır,,2026-09-20T07:31:16.030Z,COMPLETE_FOR_MAPPABLE_ROWS,api,Semt pazarları,https://acikveri.bizizmir.com/dataset/semt-pazar-yerleri,CC BY 4.0,İzmir Büyükşehir Belediyesi Açık Veri Portalı
market:2:Mevlana Kapalı Pazaryeri:38.447559019535:27.233256831828,market,Street Market,Mevlana Kapalı Pazaryeri,38.447559019535,27.233256831828,BORNOVA,MEVLANA,1702 26,,Pazar günü kurulmaktadır. (Kapalı Pazar Yeri),,2026-09-20T07:31:16.030Z,COMPLETE_FOR_MAPPABLE_ROWS,api,Semt pazarları,https://acikveri.bizizmir.com/dataset/semt-pazar-yerleri,CC BY 4.0,İzmir Büyükşehir Belediyesi Açık Veri Portalı
market:21:Millet Pazaryeri:38.410419637027:27.180882191288,market,Street Market,Millet Pazaryeri,38.410419637027,27.180882191288,KONAK,ATAMER,ARI,,Cumartesi günü kurulmaktadır,,2026-09-20T07:31:16.030Z,COMPLETE_FOR_MAPPABLE_ROWS,api,Semt pazarları,https://acikveri.bizizmir.com/dataset/semt-pazar-yerleri,CC BY 4.0,İzmir Büyükşehir Belediyesi Açık Veri Portalı
market:21:Millet Pazaryeri:38.412211588959:27.180041563165,market,Street Market,Millet Pazaryeri,38.412211588959,27.180041563165,KONAK,MİLLET,2580,,,,2026-09-20T07:31:16.030Z,COMPLETE_FOR_MAPPABLE_ROWS,api,Semt pazarları,https://acikveri.bizizmir.com/dataset/semt-pazar-yerleri,CC BY 4.0,İzmir Büyükşehir Belediyesi Açık Veri Portalı
market:20:M.Kemal Mahallesi Pazaryeri:38.492786046005:27.095754873231,market,Street Market,M.Kemal Mahallesi Pazaryeri,38.492786046005,27.095754873231,KARŞIYAKA,MUSTAFA KEMAL,6753/7 5,,Cuma günü kurulmaktadır,,2026-09-20T07:31:16.030Z,COMPLETE_FOR_MAPPABLE_ROWS,api,Semt pazarları,https://acikveri.bizizmir.com/dataset/semt-pazar-yerleri,CC BY 4.0,İzmir Büyükşehir Belediyesi Açık Veri Portalı
market:1000:Mordoğan Halk Pazarı:38.518236193858:26.620845488108,market,Street Market,Mordoğan Halk Pazarı,38.518236193858,26.620845488108,KARABURUN,MORDOĞAN,126,,Salı Günleri Kurulmaktadır.,,2026-09-20T07:31:16.030Z,COMPLETE_FOR_MAPPABLE_ROWS,api,Semt pazarları,https://acikveri.bizizmir.com/dataset/semt-pazar-yerleri,CC BY 4.0,İzmir Büyükşehir Belediyesi Açık Veri Portalı
market:2:Naldöken Pazaryeri:38.459916198398:27.26709304003,market,Street Market,Naldöken Pazaryeri,38.459916198398,27.26709304003,BORNOVA,NALDÖKEN,1235/1,,Çarşamba günü kurulmaktadır,,2026-09-20T07:31:16.030Z,COMPLETE_FOR_MAPPABLE_ROWS,api,Semt pazarları,https://acikveri.bizizmir.com/dataset/semt-pazar-yerleri,CC BY 4.0,İzmir Büyükşehir Belediyesi Açık Veri Portalı
market:5:Narlıdere Merkez Pazaryeri:38.390232597175:27.010718427716,market,Street Market,Narlıdere Merkez Pazaryeri,38.390232597175,27.010718427716,NARLIDERE,ÇAMTEPE,CANLAR 17,,Çarşamba - Pazar günü kurulmaktadır,,2026-09-20T07:31:16.030Z,COMPLETE_FOR_MAPPABLE_ROWS,api,Semt pazarları,https://acikveri.bizizmir.com/dataset/semt-pazar-yerleri,CC BY 4.0,İzmir Büyükşehir Belediyesi Açık Veri Portalı
market:17:Oğuzlar Halk Pazarı:38.60837207339:27.071181144478,market,Street Market,Oğuzlar Halk Pazarı,38.60837207339,27.071181144478,MENEMEN,KASIMPAŞA,ADNAN MENDERES,,,,2026-09-20T07:31:16.030Z,COMPLETE_FOR_MAPPABLE_ROWS,api,Semt pazarları,https://acikveri.bizizmir.com/dataset/semt-pazar-yerleri,CC BY 4.0,İzmir Büyükşehir Belediyesi Açık Veri Portalı
market:11:Org. Nafiz Gürman Pazaryeri:38.4742038246:27.13260276776,market,Street Market,Org. Nafiz Gürman Pazaryeri,38.4742038246,27.13260276776,BAYRAKLI,ORG.NAFİZ GÜRMAN,KUBİLAY 101,,Çarşamba Günü Kurulmaktadır.,,2026-09-20T07:31:16.030Z,COMPLETE_FOR_MAPPABLE_ROWS,api,Semt pazarları,https://acikveri.bizizmir.com/dataset/semt-pazar-yerleri,CC BY 4.0,İzmir Büyükşehir Belediyesi Açık Veri Portalı
market:14:Organik Pazaryeri:38.395479073624:27.046019627154,market,Street Market,Organik Pazaryeri,38.395479073624,27.046019627154,BALÇOVA,BAHÇELERARASI,MUSTAFA KEMAL SAHİL,,,,2026-09-20T07:31:16.030Z,COMPLETE_FOR_MAPPABLE_ROWS,api,Semt pazarları,https://acikveri.bizizmir.com/dataset/semt-pazar-yerleri,CC BY 4.0,İzmir Büyükşehir Belediyesi Açık Veri Portalı
market:12:Orhanlı Köy Pazarı:38.16550022855:26.949911866268,market,Street Market,Orhanlı Köy Pazarı,38.16550022855,26.949911866268,SEFERİHİSAR,ORHANLI,ORHANLI,,,,2026-09-20T07:31:16.030Z,COMPLETE_FOR_MAPPABLE_ROWS,api,Semt pazarları,https://acikveri.bizizmir.com/dataset/semt-pazar-yerleri,CC BY 4.0,İzmir Büyükşehir Belediyesi Açık Veri Portalı
market:13:Orta Mahalle Pazaryeri:38.050483584399:27.054876357346,market,Street Market,Orta Mahalle Pazaryeri,38.050483584399,27.054876357346,MENDERES,ORTA,29 EKİM,,Çarşamba Günleri Kurulmaktadır.,,2026-09-20T07:31:16.030Z,COMPLETE_FOR_MAPPABLE_ROWS,api,Semt pazarları,https://acikveri.bizizmir.com/dataset/semt-pazar-yerleri,CC BY 4.0,İzmir Büyükşehir Belediyesi Açık Veri Portalı
market:998:Ovakent Pazaryeri:38.103322147259:28.021517204199,market,Street Market,Ovakent Pazaryeri,38.103322147259,28.021517204199,ÖDEMİŞ,OVAKENT,GAZİ MUSTAFA KEMAL,,Pazar - Pasaj İçi,,2026-09-20T07:31:16.030Z,COMPLETE_FOR_MAPPABLE_ROWS,api,Semt pazarları,https://acikveri.bizizmir.com/dataset/semt-pazar-yerleri,CC BY 4.0,İzmir Büyükşehir Belediyesi Açık Veri Portalı
market:6:Ören Pazaryeri:38.409517401451:27.584443257772,market,Street Market,Ören Pazaryeri,38.409517401451,27.584443257772,KEMALPAŞA,ÖREN 75.YIL CUMHURİYET,ÖREN İZMİR,,,,2026-09-20T07:31:16.030Z,COMPLETE_FOR_MAPPABLE_ROWS,api,Semt pazarları,https://acikveri.bizizmir.com/dataset/semt-pazar-yerleri,CC BY 4.0,İzmir Büyükşehir Belediyesi Açık Veri Portalı
market:6:Ören Semt Pazaryeri:38.409747205635:27.588093916651,market,Street Market,Ören Semt Pazaryeri,38.409747205635,27.588093916651,KEMALPAŞA,ÖREN 75.YIL CUMHURİYET,SADİ BEY 38,,Perşembe Günleri Kurulmaktadır.,,2026-09-20T07:31:16.030Z,COMPLETE_FOR_MAPPABLE_ROWS,api,Semt pazarları,https://acikveri.bizizmir.com/dataset/semt-pazar-yerleri,CC BY 4.0,İzmir Büyükşehir Belediyesi Açık Veri Portalı
market:20:Örnekköy Pazaryeri:38.480581137827:27.109900563496,market,Street Market,Örnekköy Pazaryeri,38.480581137827,27.109900563496,KARŞIYAKA,ÖRNEKKÖY,7517 12,,Pazar günü kurulmaktadır,,2026-09-20T07:31:16.030Z,COMPLETE_FOR_MAPPABLE_ROWS,api,Semt pazarları,https://acikveri.bizizmir.com/dataset/semt-pazar-yerleri,CC BY 4.0,İzmir Büyükşehir Belediyesi Açık Veri Portalı
market:6:Örnekköy Semt Pazaryeri:38.421988553268:27.467661021197,market,Street Market,Örnekköy Semt Pazaryeri,38.421988553268,27.467661021197,KEMALPAŞA,ÖRNEKKÖY,OKUL,,Perşembe günü kurulmaktadır,,2026-09-20T07:31:16.030Z,COMPLETE_FOR_MAPPABLE_ROWS,api,Semt pazarları,https://acikveri.bizizmir.com/dataset/semt-pazar-yerleri,CC BY 4.0,İzmir Büyükşehir Belediyesi Açık Veri Portalı
market:6:Örnekköy Semt Pazaryeri:38.41654699389:27.467570744136,market,Street Market,Örnekköy Semt Pazaryeri,38.41654699389,27.467570744136,KEMALPAŞA,ÖRNEKKÖY,1071,,,,2026-09-20T07:31:16.030Z,COMPLETE_FOR_MAPPABLE_ROWS,api,Semt pazarları,https://acikveri.bizizmir.com/dataset/semt-pazar-yerleri,CC BY 4.0,İzmir Büyükşehir Belediyesi Açık Veri Portalı
market:2:Özkanlar Pazaryeri:38.461183035736:27.20576297174,market,Street Market,Özkanlar Pazaryeri,38.461183035736,27.20576297174,BORNOVA,KAZIMDİRİK,191,,Cumartesi ve Perşembe günü kurulmaktadır,,2026-09-20T07:31:16.030Z,COMPLETE_FOR_MAPPABLE_ROWS,api,Semt pazarları,https://acikveri.bizizmir.com/dataset/semt-pazar-yerleri,CC BY 4.0,İzmir Büyükşehir Belediyesi Açık Veri Portalı
market:21:Pagos (Kadifekale) Üretici Pazarı:38.414032497758:27.144328133795,market,Street Market,Pagos (Kadifekale) Üretici Pazarı,38.414032497758,27.144328133795,KONAK,KADİFEKALE,RAKIM ELKUTLU,,Cumartesi günü kurulmaktadır,,2026-09-20T07:31:16.030Z,COMPLETE_FOR_MAPPABLE_ROWS,api,Semt pazarları,https://acikveri.bizizmir.com/dataset/semt-pazar-yerleri,CC BY 4.0,İzmir Büyükşehir Belediyesi Açık Veri Portalı
market:9:Pancar Semt Pazarı:38.196665976387:27.236110715628,market,Street Market,Pancar Semt Pazarı,38.196665976387,27.236110715628,TORBALI,KAZIM KARABEKİR,29 EKİM CUMHURİYET,,,,2026-09-20T07:31:16.030Z,COMPLETE_FOR_MAPPABLE_ROWS,api,Semt pazarları,https://acikveri.bizizmir.com/dataset/semt-pazar-yerleri,CC BY 4.0,İzmir Büyükşehir Belediyesi Açık Veri Portalı
market:21:Pazar Pazaryeri:38.438437269626:27.144462130042,market,Street Market,Pazar Pazaryeri,38.438437269626,27.144462130042,KONAK,ALSANCAK,1464,,,,2026-09-20T07:31:16.030Z,COMPLETE_FOR_MAPPABLE_ROWS,api,Semt pazarları,https://acikveri.bizizmir.com/dataset/semt-pazar-yerleri,CC BY 4.0,İzmir Büyükşehir Belediyesi Açık Veri Portalı
market:10:Pazartesi Pazaryeri:37.941559112166:27.373011844127,market,Street Market,Pazartesi Pazaryeri,37.941559112166,27.373011844127,SELÇUK,CUMHURİYET,5023,,Pazartesi Günleri Kurulur.,,2026-09-20T07:31:16.030Z,COMPLETE_FOR_MAPPABLE_ROWS,api,Semt pazarları,https://acikveri.bizizmir.com/dataset/semt-pazar-yerleri,CC BY 4.0,İzmir Büyükşehir Belediyesi Açık Veri Portalı
market:19:Pazaryeri:38.362020194397:27.094271347865,market,Street Market,Pazaryeri,38.362020194397,27.094271347865,KARABAĞLAR,YURDOĞLU,3948/6,,,,2026-09-20T07:31:16.030Z,COMPLETE_FOR_MAPPABLE_ROWS,api,Semt pazarları,https://acikveri.bizizmir.com/dataset/semt-pazar-yerleri,CC BY 4.0,İzmir Büyükşehir Belediyesi Açık Veri Portalı
market:13:Pazaryeri:38.243793013757:27.127964613897,market,Street Market,Pazaryeri,38.243793013757,27.127964613897,MENDERES,BARBAROS,416,,,,2026-09-20T07:31:16.030Z,COMPLETE_FOR_MAPPABLE_ROWS,api,Semt pazarları,https://acikveri.bizizmir.com/dataset/semt-pazar-yerleri,CC BY 4.0,İzmir Büyükşehir Belediyesi Açık Veri Portalı
market:11:Pazaryeri:38.46348513625:27.172511710288,market,Street Market,Pazaryeri,38.46348513625,27.172511710288,BAYRAKLI,TEPEKULE,2120/2,,,,2026-09-20T07:31:16.030Z,COMPLETE_FOR_MAPPABLE_ROWS,api,Semt pazarları,https://acikveri.bizizmir.com/dataset/semt-pazar-yerleri,CC BY 4.0,İzmir Büyükşehir Belediyesi Açık Veri Portalı
market:8:Pazaryeri:38.36432879103:27.280743053772,market,Street Market,Pazaryeri,38.36432879103,27.280743053772,BUCA,KAYNAKLAR MERKEZ,ATATÜRK,,,,2026-09-20T07:31:16.030Z,COMPLETE_FOR_MAPPABLE_ROWS,api,Semt pazarları,https://acikveri.bizizmir.com/dataset/semt-pazar-yerleri,CC BY 4.0,İzmir Büyükşehir Belediyesi Açık Veri Portalı
market:18:Pazaryeri:38.358012877697:26.814055178776,market,Street Market,Pazaryeri,38.358012877697,26.814055178776,URLA,KALABAK,MAREŞAL FEVZİ ÇAKMAK,,,,2026-09-20T07:31:16.030Z,COMPLETE_FOR_MAPPABLE_ROWS,api,Semt pazarları,https://acikveri.bizizmir.com/dataset/semt-pazar-yerleri,CC BY 4.0,İzmir Büyükşehir Belediyesi Açık Veri Portalı
market:6:Pazaryeri:38.485849024259:27.390098663417,market,Street Market,Pazaryeri,38.485849024259,27.390098663417,KEMALPAŞA,KUYUCAK,KUYUCAK YOLU,,,,2026-09-20T07:31:16.030Z,COMPLETE_FOR_MAPPABLE_ROWS,api,Semt pazarları,https://acikveri.bizizmir.com/dataset/semt-pazar-yerleri,CC BY 4.0,İzmir Büyükşehir Belediyesi Açık Veri Portalı
market:998:Perşembe Pazarı:38.229303593207:27.961925531538,market,Street Market,Perşembe Pazarı,38.229303593207,27.961925531538,ÖDEMİŞ,TÜRKMEN,YENİ,,Perşembe Günü Kurulmnaktadır,,2026-09-20T07:31:16.030Z,COMPLETE_FOR_MAPPABLE_ROWS,api,Semt pazarları,https://acikveri.bizizmir.com/dataset/semt-pazar-yerleri,CC BY 4.0,İzmir Büyükşehir Belediyesi Açık Veri Portalı
market:2:Pınarbaşı Kapalı Pazaryeri:38.429024357927:27.275285717537,market,Street Market,Pınarbaşı Kapalı Pazaryeri,38.429024357927,27.275285717537,BORNOVA,GÜRPINAR,7064 28,,Pazar günü kurulmaktadır. (Kapalı Pazar Yeri),,2026-09-20T07:31:16.030Z,COMPLETE_FOR_MAPPABLE_ROWS,api,Semt pazarları,https://acikveri.bizizmir.com/dataset/semt-pazar-yerleri,CC BY 4.0,İzmir Büyükşehir Belediyesi Açık Veri Portalı
market:996:Poyracık Pazaryeri:39.091350294645:27.351184571277,market,Street Market,Poyracık Pazaryeri,39.091350294645,27.351184571277,KINIK,POYRACIK,MEHMET AKİF ERSOY,,Çarşamba günü kurulmaktadır,,2026-09-20T07:31:16.030Z,COMPLETE_FOR_MAPPABLE_ROWS,api,Semt pazarları,https://acikveri.bizizmir.com/dataset/semt-pazar-yerleri,CC BY 4.0,İzmir Büyükşehir Belediyesi Açık Veri Portalı
market:1001:Reisdere Pazaryeri:38.315395971309:26.418066966337,market,Street Market,Reisdere Pazaryeri,38.315395971309,26.418066966337,ÇEŞME,REİSDERE,6006,,Çarşamba - 6006 sk boyunca,,2026-09-20T07:31:16.030Z,COMPLETE_FOR_MAPPABLE_ROWS,api,Semt pazarları,https://acikveri.bizizmir.com/dataset/semt-pazar-yerleri,CC BY 4.0,İzmir Büyükşehir Belediyesi Açık Veri Portalı
market:998:Salı Pazarı:38.235044883848:27.980060487676,market,Street Market,Salı Pazarı,38.235044883848,27.980060487676,ÖDEMİŞ,ANAFARTALAR,ÖZEN 6,,Salı Günü Kurulmnaktadır,,2026-09-20T07:31:16.030Z,COMPLETE_FOR_MAPPABLE_ROWS,api,Semt pazarları,https://acikveri.bizizmir.com/dataset/semt-pazar-yerleri,CC BY 4.0,İzmir Büyükşehir Belediyesi Açık Veri Portalı
market:15:Sarnıç Pazaryeri:38.307635863476:27.137982328513,market,Street Market,Sarnıç Pazaryeri,38.307635863476,27.137982328513,GAZİEMİR,SEVGİ,NEVVAR SALİH İŞGÖREN,,,,2026-09-20T07:31:16.030Z,COMPLETE_FOR_MAPPABLE_ROWS,api,Semt pazarları,https://acikveri.bizizmir.com/dataset/semt-pazar-yerleri,CC BY 4.0,İzmir Büyükşehir Belediyesi Açık Veri Portalı
market:16:Sasalı Pazaryeri:38.494421098471:26.949392785177,market,Street Market,Sasalı Pazaryeri,38.494421098471,26.949392785177,ÇİĞLİ,SASALI MERKEZ,17,,Çarşamba günü kurulmaktadır,,2026-09-20T07:31:16.030Z,COMPLETE_FOR_MAPPABLE_ROWS,api,Semt pazarları,https://acikveri.bizizmir.com/dataset/semt-pazar-yerleri,CC BY 4.0,İzmir Büyükşehir Belediyesi Açık Veri Portalı
market:12:Seferi Pazaryeri:38.17799772302:26.81062971647,market,Street Market,Seferi Pazaryeri,38.17799772302,26.81062971647,SEFERİHİSAR,AKARCA,TUZLA,,,,2026-09-20T07:31:16.030Z,COMPLETE_FOR_MAPPABLE_ROWS,api,Semt pazarları,https://acikveri.bizizmir.com/dataset/semt-pazar-yerleri,CC BY 4.0,İzmir Büyükşehir Belediyesi Açık Veri Portalı
market:12:Seferihisar Kapalı Pazaryeri:38.196872868026:26.840189091102,market,Street Market,Seferihisar Kapalı Pazaryeri,38.196872868026,26.840189091102,SEFERİHİSAR,CAMİKEBİR,52/1 10/1,,Cuma (Kapalı Pazar Yeri),,2026-09-20T07:31:16.030Z,COMPLETE_FOR_MAPPABLE_ROWS,api,Semt pazarları,https://acikveri.bizizmir.com/dataset/semt-pazar-yerleri,CC BY 4.0,İzmir Büyükşehir Belediyesi Açık Veri Portalı
market:10:Selçuk Efes Cumartesi Pazarı:37.947954086935:27.370521976034,market,Street Market,Selçuk Efes Cumartesi Pazarı,37.947954086935,27.370521976034,SELÇUK,ATATÜRK,TAHSİN BAŞARAN,,,,2026-09-20T07:31:16.030Z,COMPLETE_FOR_MAPPABLE_ROWS,api,Semt pazarları,https://acikveri.bizizmir.com/dataset/semt-pazar-yerleri,CC BY 4.0,İzmir Büyükşehir Belediyesi Açık Veri Portalı
market:8:Seyhan Pazaryeri:38.3814171299:27.142780573609,market,Street Market,Seyhan Pazaryeri,38.3814171299,27.142780573609,BUCA,SEYHAN,556/6 6,,Cumartesi günleri kurulmaktadır.,,2026-09-20T07:31:16.030Z,COMPLETE_FOR_MAPPABLE_ROWS,api,Semt pazarları,https://acikveri.bizizmir.com/dataset/semt-pazar-yerleri,CC BY 4.0,İzmir Büyükşehir Belediyesi Açık Veri Portalı
market:2:Seyit Şanlı Kapalı Pazaryeri:38.480845617561:27.197952364201,market,Street Market,Seyit Şanlı Kapalı Pazaryeri,38.480845617561,27.197952364201,BORNOVA,ATATÜRK,928 5,,Pazar günleri kurulmaktadır.,,2026-09-20T07:31:16.030Z,COMPLETE_FOR_MAPPABLE_ROWS,api,Semt pazarları,https://acikveri.bizizmir.com/dataset/semt-pazar-yerleri,CC BY 4.0,İzmir Büyükşehir Belediyesi Açık Veri Portalı
market:17:Seyrek Pazaryeri:38.581617791513:26.973967097036,market,Street Market,Seyrek Pazaryeri,38.581617791513,26.973967097036,MENEMEN,GAZİ MUSTAFA KEMAL,KAYNAKLAR,,Cumartesi günü kurulmaktadır,,2026-09-20T07:31:16.030Z,COMPLETE_FOR_MAPPABLE_ROWS,api,Semt pazarları,https://acikveri.bizizmir.com/dataset/semt-pazar-yerleri,CC BY 4.0,İzmir Büyükşehir Belediyesi Açık Veri Portalı
market:17:Seyrek Pazaryeri:38.583202772371:26.970436869654,market,Street Market,Seyrek Pazaryeri,38.583202772371,26.970436869654,MENEMEN,GAZİ MUSTAFA KEMAL,4120,,,,2026-09-20T07:31:16.030Z,COMPLETE_FOR_MAPPABLE_ROWS,api,Semt pazarları,https://acikveri.bizizmir.com/dataset/semt-pazar-yerleri,CC BY 4.0,İzmir Büyükşehir Belediyesi Açık Veri Portalı
market:12:Sığacık Pazaryeri:38.194051797866:26.786043574124,market,Street Market,Sığacık Pazaryeri,38.194051797866,26.786043574124,SEFERİHİSAR,SIĞACIK,128,,,,2026-09-20T07:31:16.030Z,COMPLETE_FOR_MAPPABLE_ROWS,api,Semt pazarları,https://acikveri.bizizmir.com/dataset/semt-pazar-yerleri,CC BY 4.0,İzmir Büyükşehir Belediyesi Açık Veri Portalı
market:9:Subaşı Semt Pazarı:38.105293829342:27.434139602376,market,Street Market,Subaşı Semt Pazarı,38.105293829342,27.434139602376,TORBALI,SUBAŞI,SÜLEYMAN BOZKURT,,Pazartesi Günleri Kurulmaktadır.,,2026-09-20T07:31:16.030Z,COMPLETE_FOR_MAPPABLE_ROWS,api,Semt pazarları,https://acikveri.bizizmir.com/dataset/semt-pazar-yerleri,CC BY 4.0,İzmir Büyükşehir Belediyesi Açık Veri Portalı
market:6:Sütçüler Semt Pazaryeri:38.458996564562:27.450254634645,market,Street Market,Sütçüler Semt Pazaryeri,38.458996564562,27.450254634645,KEMALPAŞA,SÜTÇÜLER,AKEVLER 38A,,Perşembe Günleri Kurulmaktadır.,,2026-09-20T07:31:16.030Z,COMPLETE_FOR_MAPPABLE_ROWS,api,Semt pazarları,https://acikveri.bizizmir.com/dataset/semt-pazar-yerleri,CC BY 4.0,İzmir Büyükşehir Belediyesi Açık Veri Portalı
market:1000:Şehit Fehim Aytekin Kapalı Pazar Alanı:38.634593709403:26.509334853385,market,Street Market,Şehit Fehim Aytekin Kapalı Pazar Alanı,38.634593709403,26.509334853385,KARABURUN,MERKEZ,AŞAĞI ÇEŞME,,,,2026-09-20T07:31:16.030Z,COMPLETE_FOR_MAPPABLE_ROWS,api,Semt pazarları,https://acikveri.bizizmir.com/dataset/semt-pazar-yerleri,CC BY 4.0,İzmir Büyükşehir Belediyesi Açık Veri Portalı
market:11:Şehit Jandarma Çavuş Ali Akdoğan(Osmangazi) Pazaryeri:38.473970289396:27.187458809116,market,Street Market,Şehit Jandarma Çavuş Ali Akdoğan(Osmangazi) Pazaryeri,38.473970289396,27.187458809116,BAYRAKLI,OSMANGAZİ,593 27,,Perşembe günü kurulmaktadır,,2026-09-20T07:31:16.030Z,COMPLETE_FOR_MAPPABLE_ROWS,api,Semt pazarları,https://acikveri.bizizmir.com/dataset/semt-pazar-yerleri,CC BY 4.0,İzmir Büyükşehir Belediyesi Açık Veri Portalı
market:11:Şehit Jandarma Kom. Çavuş Hakan Şakar(Çay Mahallesi) Pazaryeri:38.468405712898:27.180668236994,market,Street Market,Şehit Jandarma Kom. Çavuş Hakan Şakar(Çay Mahallesi) Pazaryeri,38.468405712898,27.180668236994,BAYRAKLI,ÇAY,2108/8 1,,Pazar günü kurulmaktadır,,2026-09-20T07:31:16.030Z,COMPLETE_FOR_MAPPABLE_ROWS,api,Semt pazarları,https://acikveri.bizizmir.com/dataset/semt-pazar-yerleri,CC BY 4.0,İzmir Büyükşehir Belediyesi Açık Veri Portalı
market:11:Şehit Uzman Çavuş Ali Akdoğan Osmangazi Mahallesi Pazaryeri:38.474339861761:27.184632078549,market,Street Market,Şehit Uzman Çavuş Ali Akdoğan Osmangazi Mahallesi Pazaryeri,38.474339861761,27.184632078549,BAYRAKLI,OSMANGAZİ,592,,,,2026-09-20T07:31:16.030Z,COMPLETE_FOR_MAPPABLE_ROWS,api,Semt pazarları,https://acikveri.bizizmir.com/dataset/semt-pazar-yerleri,CC BY 4.0,İzmir Büyükşehir Belediyesi Açık Veri Portalı
market:10:Şirince Köy Pazarı:37.944642688392:27.431942740083,market,Street Market,Şirince Köy Pazarı,37.944642688392,27.431942740083,SELÇUK,ŞİRİNCE,220,,,,2026-09-20T07:31:16.030Z,COMPLETE_FOR_MAPPABLE_ROWS,api,Semt pazarları,https://acikveri.bizizmir.com/dataset/semt-pazar-yerleri,CC BY 4.0,İzmir Büyükşehir Belediyesi Açık Veri Portalı
market:8:Şirinyer Pazaryeri:38.39151913151:27.149187806814,market,Street Market,Şirinyer Pazaryeri,38.39151913151,27.149187806814,BUCA,İNKILAP,504 25,,Çarşamba - Pazar Günleri Kurulmaktadır.,,2026-09-20T07:31:16.030Z,COMPLETE_FOR_MAPPABLE_ROWS,api,Semt pazarları,https://acikveri.bizizmir.com/dataset/semt-pazar-yerleri,CC BY 4.0,İzmir Büyükşehir Belediyesi Açık Veri Portalı
market:9:Tepeköy Mahallesi Hükümet Caddesi Pazaryeri:38.151476829096:27.359022248288,market,Street Market,Tepeköy Mahallesi Hükümet Caddesi Pazaryeri,38.151476829096,27.359022248288,TORBALI,TEPEKÖY,HÜKÜMET,,Perşembe günü kurulmaktadır,,2026-09-20T07:31:16.030Z,COMPLETE_FOR_MAPPABLE_ROWS,api,Semt pazarları,https://acikveri.bizizmir.com/dataset/semt-pazar-yerleri,CC BY 4.0,İzmir Büyükşehir Belediyesi Açık Veri Portalı
market:9:Tepeköy Mahallesi Kapalı Pazar Yeri:38.149781284503:27.360599910565,market,Street Market,Tepeköy Mahallesi Kapalı Pazar Yeri,38.149781284503,27.360599910565,TORBALI,TEPEKÖY,İSMETPAŞA 1/5,,Perşembe (Kapalı Pazar Yeri),,2026-09-20T07:31:16.030Z,COMPLETE_FOR_MAPPABLE_ROWS,api,Semt pazarları,https://acikveri.bizizmir.com/dataset/semt-pazar-yerleri,CC BY 4.0,İzmir Büyükşehir Belediyesi Açık Veri Portalı
market:9:Tepeköy Mahallesi Küçük Esnaf Pazaryeri:38.148939175236:27.361138678449,market,Street Market,Tepeköy Mahallesi Küçük Esnaf Pazaryeri,38.148939175236,27.361138678449,TORBALI,TEPEKÖY,İSMETPAŞA,,Perşembe Günleri Kurulur Tepeköy Mah. Belediye Sarayı Arkası Açık Oto Alanı,,2026-09-20T07:31:16.030Z,COMPLETE_FOR_MAPPABLE_ROWS,api,Semt pazarları,https://acikveri.bizizmir.com/dataset/semt-pazar-yerleri,CC BY 4.0,İzmir Büyükşehir Belediyesi Açık Veri Portalı
market:9:Tepeköy Semt Pazarı:38.148939245751:27.362185804237,market,Street Market,Tepeköy Semt Pazarı,38.148939245751,27.362185804237,TORBALI,TEPEKÖY,ERDİNÇ TEKİRLİ,,1. Hürriyet Cad. üzeri 2. Hürriyet Cad. üzeri Hükumet Cad. üzeri Barış Manço Cad. üzeri Tekel ve İstasyon Sok. üzerine Perşembe günleri kurulmaktadır.,,2026-09-20T07:31:16.030Z,COMPLETE_FOR_MAPPABLE_ROWS,api,Semt pazarları,https://acikveri.bizizmir.com/dataset/semt-pazar-yerleri,CC BY 4.0,İzmir Büyükşehir Belediyesi Açık Veri Portalı
market:11:Tepekule Pazaryeri:38.465121134293:27.171963236827,market,Street Market,Tepekule Pazaryeri,38.465121134293,27.171963236827,BAYRAKLI,TEPEKULE,2073,,,,2026-09-20T07:31:16.030Z,COMPLETE_FOR_MAPPABLE_ROWS,api,Semt pazarları,https://acikveri.bizizmir.com/dataset/semt-pazar-yerleri,CC BY 4.0,İzmir Büyükşehir Belediyesi Açık Veri Portalı
market:997:Tire Salı Pazarı:38.087024088263:27.731434008225,market,Street Market,Tire Salı Pazarı,38.087024088263,27.731434008225,TİRE,CUMHURİYET,29 EKİM,,Salı Günleri Kurulmaktadır.,,2026-09-20T07:31:16.030Z,COMPLETE_FOR_MAPPABLE_ROWS,api,Semt pazarları,https://acikveri.bizizmir.com/dataset/semt-pazar-yerleri,CC BY 4.0,İzmir Büyükşehir Belediyesi Açık Veri Portalı
market:997:Tire Salı Pazarı:38.085916650058:27.735820920796,market,Street Market,Tire Salı Pazarı,38.085916650058,27.735820920796,TİRE,YENİ,FEVZİPAŞA,,,,2026-09-20T07:31:16.030Z,COMPLETE_FOR_MAPPABLE_ROWS,api,Semt pazarları,https://acikveri.bizizmir.com/dataset/semt-pazar-yerleri,CC BY 4.0,İzmir Büyükşehir Belediyesi Açık Veri Portalı
market:9:TOKİ Semt Pazarı:38.227110968914:27.292504218922,market,Street Market,TOKİ Semt Pazarı,38.227110968914,27.292504218922,TORBALI,BAHÇELİEVLER,414,,Cumartesi Günleri Kurulmaktadır.,,2026-09-20T07:31:16.030Z,COMPLETE_FOR_MAPPABLE_ROWS,api,Semt pazarları,https://acikveri.bizizmir.com/dataset/semt-pazar-yerleri,CC BY 4.0,İzmir Büyükşehir Belediyesi Açık Veri Portalı
market:21:Toros Pazaryeri:38.40955187142:27.172221755243,market,Street Market,Toros Pazaryeri,38.40955187142,27.172221755243,KONAK,ULUBATLI,2692 64,,Cuma günü kurulmaktadır,,2026-09-20T07:31:16.030Z,COMPLETE_FOR_MAPPABLE_ROWS,api,Semt pazarları,https://acikveri.bizizmir.com/dataset/semt-pazar-yerleri,CC BY 4.0,İzmir Büyükşehir Belediyesi Açık Veri Portalı
market:6:Trio Pazaryeri:38.466647675473:27.375012584196,market,Street Market,Trio Pazaryeri,38.466647675473,27.375012584196,KEMALPAŞA,KEMALPAŞA OSB,34,,,,2026-09-20T07:31:16.030Z,COMPLETE_FOR_MAPPABLE_ROWS,api,Semt pazarları,https://acikveri.bizizmir.com/dataset/semt-pazar-yerleri,CC BY 4.0,İzmir Büyükşehir Belediyesi Açık Veri Portalı
market:17:Türkelli Kapalı Pazaryeri:38.688717322531:27.029355190437,market,Street Market,Türkelli Kapalı Pazaryeri,38.688717322531,27.029355190437,MENEMEN,FATİH,ÖZGÜRLÜK,,,,2026-09-20T07:31:16.030Z,COMPLETE_FOR_MAPPABLE_ROWS,api,Semt pazarları,https://acikveri.bizizmir.com/dataset/semt-pazar-yerleri,CC BY 4.0,İzmir Büyükşehir Belediyesi Açık Veri Portalı
market:17:Türkelli Pazaryeri:38.685558374467:27.031429580066,market,Street Market,Türkelli Pazaryeri,38.685558374467,27.031429580066,MENEMEN,FATİH,MAREŞAL FEVZİ ÇAKMAK,,Salı günü kurulmaktadır,,2026-09-20T07:31:16.030Z,COMPLETE_FOR_MAPPABLE_ROWS,api,Semt pazarları,https://acikveri.bizizmir.com/dataset/semt-pazar-yerleri,CC BY 4.0,İzmir Büyükşehir Belediyesi Açık Veri Portalı
market:8:Ufuk Pazaryeri:38.399054640773:27.166866750632,market,Street Market,Ufuk Pazaryeri,38.399054640773,27.166866750632,BUCA,UFUK,MEHMETÇİK 30,,Pazar Günleri Kurulur,,2026-09-20T07:31:16.030Z,COMPLETE_FOR_MAPPABLE_ROWS,api,Semt pazarları,https://acikveri.bizizmir.com/dataset/semt-pazar-yerleri,CC BY 4.0,İzmir Büyükşehir Belediyesi Açık Veri Portalı
market:17:Uğur Mumcu Pazaryeri:38.598227633219:27.083390094161,market,Street Market,Uğur Mumcu Pazaryeri,38.598227633219,27.083390094161,MENEMEN,UĞUR MUMCU,1271 38,,Pazar günü kurulmaktadır,,2026-09-20T07:31:16.030Z,COMPLETE_FOR_MAPPABLE_ROWS,api,Semt pazarları,https://acikveri.bizizmir.com/dataset/semt-pazar-yerleri,CC BY 4.0,İzmir Büyükşehir Belediyesi Açık Veri Portalı
market:12:Ulamış Pazaryeri:38.246856280417:26.842458101892,market,Street Market,Ulamış Pazaryeri,38.246856280417,26.842458101892,SEFERİHİSAR,ULAMIŞ,HAMAM,,,,2026-09-20T07:31:16.030Z,COMPLETE_FOR_MAPPABLE_ROWS,api,Semt pazarları,https://acikveri.bizizmir.com/dataset/semt-pazar-yerleri,CC BY 4.0,İzmir Büyükşehir Belediyesi Açık Veri Portalı
market:6:Ulucak Pazaryeri:38.478239325666:27.360111523638,market,Street Market,Ulucak Pazaryeri,38.478239325666,27.360111523638,KEMALPAŞA,ULUCAK İSTİKLAL,9224,,,,2026-09-20T07:31:16.030Z,COMPLETE_FOR_MAPPABLE_ROWS,api,Semt pazarları,https://acikveri.bizizmir.com/dataset/semt-pazar-yerleri,CC BY 4.0,İzmir Büyükşehir Belediyesi Açık Veri Portalı
market:6:Ulucak Semt Pazaryeri:38.478095601621:27.361641999186,market,Street Market,Ulucak Semt Pazaryeri,38.478095601621,27.361641999186,KEMALPAŞA,ULUCAK İSTİKLAL,TURGUT ÖZAL 36,,Salı Günleri Kurulmaktadır.,,2026-09-20T07:31:16.030Z,COMPLETE_FOR_MAPPABLE_ROWS,api,Semt pazarları,https://acikveri.bizizmir.com/dataset/semt-pazar-yerleri,CC BY 4.0,İzmir Büyükşehir Belediyesi Açık Veri Portalı
market:17:Ulukent Pazarı:38.554976798424:27.048526237884,market,Street Market,Ulukent Pazarı,38.554976798424,27.048526237884,MENEMEN,30 AĞUSTOS,4 15,,Salı günü kurulmaktadır,,2026-09-20T07:31:16.030Z,COMPLETE_FOR_MAPPABLE_ROWS,api,Semt pazarları,https://acikveri.bizizmir.com/dataset/semt-pazar-yerleri,CC BY 4.0,İzmir Büyükşehir Belediyesi Açık Veri Portalı
market:18:Urla Çok İşlevli Pazaryeri:38.32538982336:26.754951287231,market,Street Market,Urla Çok İşlevli Pazaryeri,38.32538982336,26.754951287231,URLA,YAKA,TAN 16,,Cuma günü kurulmaktadır,,2026-09-20T07:31:16.030Z,COMPLETE_FOR_MAPPABLE_ROWS,api,Semt pazarları,https://acikveri.bizizmir.com/dataset/semt-pazar-yerleri,CC BY 4.0,İzmir Büyükşehir Belediyesi Açık Veri Portalı
market:18:Urla Kadın Üretici Pazarı:38.324578659065:26.768411736905,market,Street Market,Urla Kadın Üretici Pazarı,38.324578659065,26.768411736905,URLA,HACI İSA,75.YIL CUMHURİYET,,,,2026-09-20T07:31:16.030Z,COMPLETE_FOR_MAPPABLE_ROWS,api,Semt pazarları,https://acikveri.bizizmir.com/dataset/semt-pazar-yerleri,CC BY 4.0,İzmir Büyükşehir Belediyesi Açık Veri Portalı
market:18:Urla Pazaryeri:38.32536725829:26.762133126223,market,Street Market,Urla Pazaryeri,38.32536725829,26.762133126223,URLA,YAKA,SÜMER,,,,2026-09-20T07:31:16.030Z,COMPLETE_FOR_MAPPABLE_ROWS,api,Semt pazarları,https://acikveri.bizizmir.com/dataset/semt-pazar-yerleri,CC BY 4.0,İzmir Büyükşehir Belediyesi Açık Veri Portalı
market:9:Üçpınarlar Semt Pazarı:38.245613677898:27.269994780942,market,Street Market,Üçpınarlar Semt Pazarı,38.245613677898,27.269994780942,TORBALI,İNÖNÜ,AHMET ÖZKAN,,Çarşamba Günleri Kurulmaktadır.,,2026-09-20T07:31:16.030Z,COMPLETE_FOR_MAPPABLE_ROWS,api,Semt pazarları,https://acikveri.bizizmir.com/dataset/semt-pazar-yerleri,CC BY 4.0,İzmir Büyükşehir Belediyesi Açık Veri Portalı
market:12:Ürkmez Gece Pazarı:38.077026814237:26.960288541432,market,Street Market,Ürkmez Gece Pazarı,38.077026814237,26.960288541432,SEFERİHİSAR,MERSİN ALANI,6036,,,,2026-09-20T07:31:16.030Z,COMPLETE_FOR_MAPPABLE_ROWS,api,Semt pazarları,https://acikveri.bizizmir.com/dataset/semt-pazar-yerleri,CC BY 4.0,İzmir Büyükşehir Belediyesi Açık Veri Portalı
market:12:Ürkmez Pazaryeri:38.08030878411:26.958247130189,market,Street Market,Ürkmez Pazaryeri,38.08030878411,26.958247130189,SEFERİHİSAR,MERSİN ALANI,6090 14,,"Cumhuriyet Cad. 6090,6086,6005 sokaklarında Pazar Günleri Kurulmaktadır.",,2026-09-20T07:31:16.030Z,COMPLETE_FOR_MAPPABLE_ROWS,api,Semt pazarları,https://acikveri.bizizmir.com/dataset/semt-pazar-yerleri,CC BY 4.0,İzmir Büyükşehir Belediyesi Açık Veri Portalı
market:19:Vatan Mahallesi Pazaryeri:38.3905659915:27.101018332901,market,Street Market,Vatan Mahallesi Pazaryeri,38.3905659915,27.101018332901,KARABAĞLAR,VATAN,9242 4-10,,Salı - Perşembe günü kurulmaktadır,,2026-09-20T07:31:16.030Z,COMPLETE_FOR_MAPPABLE_ROWS,api,Semt pazarları,https://acikveri.bizizmir.com/dataset/semt-pazar-yerleri,CC BY 4.0,İzmir Büyükşehir Belediyesi Açık Veri Portalı
market:20:Yalı Mahallesi Pazaryeri:38.469858517339:27.09351035607,market,Street Market,Yalı Mahallesi Pazaryeri,38.469858517339,27.09351035607,KARŞIYAKA,YALI,6418,,,,2026-09-20T07:31:16.030Z,COMPLETE_FOR_MAPPABLE_ROWS,api,Semt pazarları,https://acikveri.bizizmir.com/dataset/semt-pazar-yerleri,CC BY 4.0,İzmir Büyükşehir Belediyesi Açık Veri Portalı
market:11:Yamanlar Pazaryeri:38.480587807598:27.128047125783,market,Street Market,Yamanlar Pazaryeri,38.480587807598,27.128047125783,BAYRAKLI,ONUR,7334 20,,Pazar günü kurulmaktadır,,2026-09-20T07:31:16.030Z,COMPLETE_FOR_MAPPABLE_ROWS,api,Semt pazarları,https://acikveri.bizizmir.com/dataset/semt-pazar-yerleri,CC BY 4.0,İzmir Büyükşehir Belediyesi Açık Veri Portalı
market:19:Yaşar Kemal Mahallesi Pazaryeri:38.359004386954:27.081179359721,market,Street Market,Yaşar Kemal Mahallesi Pazaryeri,38.359004386954,27.081179359721,KARABAĞLAR,YAŞAR KEMAL,6001,,,,2026-09-20T07:31:16.030Z,COMPLETE_FOR_MAPPABLE_ROWS,api,Semt pazarları,https://acikveri.bizizmir.com/dataset/semt-pazar-yerleri,CC BY 4.0,İzmir Büyükşehir Belediyesi Açık Veri Portalı
market:1:Yelki Pazaryeri:38.341248212421:26.865274021163,market,Street Market,Yelki Pazaryeri,38.341248212421,26.865274021163,GÜZELBAHÇE,YELKİ,2251,,Cumartesi günü kurulmaktadır.,,2026-09-20T07:31:16.030Z,COMPLETE_FOR_MAPPABLE_ROWS,api,Semt pazarları,https://acikveri.bizizmir.com/dataset/semt-pazar-yerleri,CC BY 4.0,İzmir Büyükşehir Belediyesi Açık Veri Portalı
market:1:Yelki Pazaryeri:38.340519710272:26.866493442715,market,Street Market,Yelki Pazaryeri,38.340519710272,26.866493442715,GÜZELBAHÇE,YELKİ,İNÖNÜ,,,,2026-09-20T07:31:16.030Z,COMPLETE_FOR_MAPPABLE_ROWS,api,Semt pazarları,https://acikveri.bizizmir.com/dataset/semt-pazar-yerleri,CC BY 4.0,İzmir Büyükşehir Belediyesi Açık Veri Portalı
market:8:Yeni Adatepe Pazaryeri:38.388212383109:27.188277603374,market,Street Market,Yeni Adatepe Pazaryeri,38.388212383109,27.188277603374,BUCA,ADATEPE,28/9,,,,2026-09-20T07:31:16.030Z,COMPLETE_FOR_MAPPABLE_ROWS,api,Semt pazarları,https://acikveri.bizizmir.com/dataset/semt-pazar-yerleri,CC BY 4.0,İzmir Büyükşehir Belediyesi Açık Veri Portalı
market:4:Yeni Foça Pazaryeri:38.740764469967:26.834546345393,market,Street Market,Yeni Foça Pazaryeri,38.740764469967,26.834546345393,FOÇA,FEVZİ ÇAKMAK,CUMHURİYET 28,,Çarşamba günü kurulmaktadır,,2026-09-20T07:31:16.030Z,COMPLETE_FOR_MAPPABLE_ROWS,api,Semt pazarları,https://acikveri.bizizmir.com/dataset/semt-pazar-yerleri,CC BY 4.0,İzmir Büyükşehir Belediyesi Açık Veri Portalı
market:16:Yeni Mahalle Pazar Yeri:38.492109983154:27.058848494223,market,Street Market,Yeni Mahalle Pazar Yeri,38.492109983154,27.058848494223,ÇİĞLİ,ATAŞEHİR,8212 32,,Pazar günü kurulmaktadır,,2026-09-20T07:31:16.030Z,COMPLETE_FOR_MAPPABLE_ROWS,api,Semt pazarları,https://acikveri.bizizmir.com/dataset/semt-pazar-yerleri,CC BY 4.0,İzmir Büyükşehir Belediyesi Açık Veri Portalı
market:3:Yeni Mahalle Semt Pazaryeri:38.789383492489:26.979118955313,market,Street Market,Yeni Mahalle Semt Pazaryeri,38.789383492489,26.979118955313,ALİAĞA,YENİ,ANADOLU 42,,Çarşamba günü kurulmaktadır,,2026-09-20T07:31:16.030Z,COMPLETE_FOR_MAPPABLE_ROWS,api,Semt pazarları,https://acikveri.bizizmir.com/dataset/semt-pazar-yerleri,CC BY 4.0,İzmir Büyükşehir Belediyesi Açık Veri Portalı
market:11:Yeni Nafiz Gürman Pazaryeri:38.480922141355:27.136612916592,market,Street Market,Yeni Nafiz Gürman Pazaryeri,38.480922141355,27.136612916592,BAYRAKLI,ORG.NAFİZ GÜRMAN,7171 28-28/1,,Salı günü kurulmaktadır,,2026-09-20T07:31:16.030Z,COMPLETE_FOR_MAPPABLE_ROWS,api,Semt pazarları,https://acikveri.bizizmir.com/dataset/semt-pazar-yerleri,CC BY 4.0,İzmir Büyükşehir Belediyesi Açık Veri Portalı
market:3:Yeni Şakran Pazaryeri:38.89050755041:27.062394260473,market,Street Market,Yeni Şakran Pazaryeri,38.89050755041,27.062394260473,ALİAĞA,ŞAKRAN SAYFİYE,3161/2,,,,2026-09-20T07:31:16.030Z,COMPLETE_FOR_MAPPABLE_ROWS,api,Semt pazarları,https://acikveri.bizizmir.com/dataset/semt-pazar-yerleri,CC BY 4.0,İzmir Büyükşehir Belediyesi Açık Veri Portalı
market:999:Yenikent mahalle Pazarı:39.006664100593:27.062442315287,market,Street Market,Yenikent mahalle Pazarı,39.006664100593,27.062442315287,BERGAMA,YENİKENT,KEMAL ATATÜRK,,Çarşamba Günleri Kurulmaktadır.,,2026-09-20T07:31:16.030Z,COMPLETE_FOR_MAPPABLE_ROWS,api,Semt pazarları,https://acikveri.bizizmir.com/dataset/semt-pazar-yerleri,CC BY 4.0,İzmir Büyükşehir Belediyesi Açık Veri Portalı
market:999:Yenikent mahalle Pazarı:38.994771565721:27.063874519645,market,Street Market,Yenikent mahalle Pazarı,38.994771565721,27.063874519645,BERGAMA,TEKKEDERE,TEKKEDERE,,,,2026-09-20T07:31:16.030Z,COMPLETE_FOR_MAPPABLE_ROWS,api,Semt pazarları,https://acikveri.bizizmir.com/dataset/semt-pazar-yerleri,CC BY 4.0,İzmir Büyükşehir Belediyesi Açık Veri Portalı
market:3:Yenişakran Pazaryeri:38.885886194391:27.064085023542,market,Street Market,Yenişakran Pazaryeri,38.885886194391,27.064085023542,ALİAĞA,ŞAKRAN HASBİ EFENDİ,İSMET İNÖNÜ,,Cuma günleri yol üstüne kurulmaktadır.,,2026-09-20T07:31:16.030Z,COMPLETE_FOR_MAPPABLE_ROWS,api,Semt pazarları,https://acikveri.bizizmir.com/dataset/semt-pazar-yerleri,CC BY 4.0,İzmir Büyükşehir Belediyesi Açık Veri Portalı
market:21:Yenişehir Pazaryeri:38.421835848897:27.153761012166,market,Street Market,Yenişehir Pazaryeri,38.421835848897,27.153761012166,KONAK,YENİDOĞAN,1138/1 4-10,,Pazar günü kurulmaktadır,,2026-09-20T07:31:16.030Z,COMPLETE_FOR_MAPPABLE_ROWS,api,Semt pazarları,https://acikveri.bizizmir.com/dataset/semt-pazar-yerleri,CC BY 4.0,İzmir Büyükşehir Belediyesi Açık Veri Portalı
market:2:Yeşilçam Pazaryeri:38.447966713006:27.301121701268,market,Street Market,Yeşilçam Pazaryeri,38.447966713006,27.301121701268,BORNOVA,YEŞİLÇAM,2006,,,,2026-09-20T07:31:16.030Z,COMPLETE_FOR_MAPPABLE_ROWS,api,Semt pazarları,https://acikveri.bizizmir.com/dataset/semt-pazar-yerleri,CC BY 4.0,İzmir Büyükşehir Belediyesi Açık Veri Portalı
market:2:Yeşilova Pazaryeri:38.435061457585:27.204963387166,market,Street Market,Yeşilova Pazaryeri,38.435061457585,27.204963387166,BORNOVA,YEŞİLOVA,4076 10,,Cunartesi günü kurulmaktadır,,2026-09-20T07:31:16.030Z,COMPLETE_FOR_MAPPABLE_ROWS,api,Semt pazarları,https://acikveri.bizizmir.com/dataset/semt-pazar-yerleri,CC BY 4.0,İzmir Büyükşehir Belediyesi Açık Veri Portalı
market:19:Yeşilyurt Semt Pazarı:38.398832278419:27.116220230586,market,Street Market,Yeşilyurt Semt Pazarı,38.398832278419,27.116220230586,KARABAĞLAR,BAHÇELİEVLER,ULU ÖNDER 37,,,,2026-09-20T07:31:16.030Z,COMPLETE_FOR_MAPPABLE_ROWS,api,Semt pazarları,https://acikveri.bizizmir.com/dataset/semt-pazar-yerleri,CC BY 4.0,İzmir Büyükşehir Belediyesi Açık Veri Portalı
market:8:Yıldız Mahallesi Pazaryeri:38.374326589322:27.179872352523,market,Street Market,Yıldız Mahallesi Pazaryeri,38.374326589322,27.179872352523,BUCA,YILDIZ,206/29,,,,2026-09-20T07:31:16.030Z,COMPLETE_FOR_MAPPABLE_ROWS,api,Semt pazarları,https://acikveri.bizizmir.com/dataset/semt-pazar-yerleri,CC BY 4.0,İzmir Büyükşehir Belediyesi Açık Veri Portalı
market:6:Yukarıkızılca Semt Pazaryeri:38.385299247796:27.499356762003,market,Street Market,Yukarıkızılca Semt Pazaryeri,38.385299247796,27.499356762003,KEMALPAŞA,YUKARIKIZILCA MERKEZ,YUKARIKIZILCA BELEDİYE 8,,Salı Günleri Kurulmaktadır.,,2026-09-20T07:31:16.030Z,COMPLETE_FOR_MAPPABLE_ROWS,api,Semt pazarları,https://acikveri.bizizmir.com/dataset/semt-pazar-yerleri,CC BY 4.0,İzmir Büyükşehir Belediyesi Açık Veri Portalı
market:19:Yunus Emre Pazaryeri:38.37168205611:27.13259649117,market,Street Market,Yunus Emre Pazaryeri,38.37168205611,27.13259649117,KARABAĞLAR,YUNUS EMRE,4163,,,,2026-09-20T07:31:16.030Z,COMPLETE_FOR_MAPPABLE_ROWS,api,Semt pazarları,https://acikveri.bizizmir.com/dataset/semt-pazar-yerleri,CC BY 4.0,İzmir Büyükşehir Belediyesi Açık Veri Portalı
market:18:Zeytinalan pazarı:38.366572701544:26.838169679147,market,Street Market,Zeytinalan pazarı,38.366572701544,26.838169679147,URLA,M.FEVZİ ÇAKMAK,4119,,Perşembe günü kurulmaktadır,,2026-09-20T07:31:16.030Z,COMPLETE_FOR_MAPPABLE_ROWS,api,Semt pazarları,https://acikveri.bizizmir.com/dataset/semt-pazar-yerleri,CC BY 4.0,İzmir Büyükşehir Belediyesi Açık Veri Portalı
market:7:Zeytinova pazarı:38.205181041793:27.72792423236,market,Street Market,Zeytinova pazarı,38.205181041793,27.72792423236,BAYINDIR,ZEYTİNOVA,ZEYTİNOVA ATATÜRK,,Perşembe günü kurulmaktadır,,2026-09-20T07:31:16.030Z,COMPLETE_FOR_MAPPABLE_ROWS,api,Semt pazarları,https://acikveri.bizizmir.com/dataset/semt-pazar-yerleri,CC BY 4.0,İzmir Büyükşehir Belediyesi Açık Veri Portalı
market:20:Zübeyde Hanım Pazaryeri:38.488727831105:27.108446606786,market,Street Market,Zübeyde Hanım Pazaryeri,38.488727831105,27.108446606786,KARŞIYAKA,ZÜBEYDE HANIM,7448/18 5,,Cumartesi günü kurulmaktadır,,2026-09-20T07:31:16.030Z,COMPLETE_FOR_MAPPABLE_ROWS,api,Semt pazarları,https://acikveri.bizizmir.com/dataset/semt-pazar-yerleri,CC BY 4.0,İzmir Büyükşehir Belediyesi Açık Veri Portalı
market:11:75. Yıl Pazaryeri:38.475879955508:27.156314213101,market,Street Market,75. Yıl Pazaryeri,38.475879955508,27.156314213101,BAYRAKLI,75. YIL,1620/41 12,,,,2026-09-20T07:31:16.030Z,COMPLETE_FOR_MAPPABLE_ROWS,api,Semt pazarları,https://acikveri.bizizmir.com/dataset/semt-pazar-yerleri,CC BY 4.0,İzmir Büyükşehir Belediyesi Açık Veri Portalı