record_id,service_type,service_type_label,name,latitude,longitude,district,neighborhood,address,phone,detail,observed_at,retrieved_at,coverage_status,source_transport,source_dataset,source_dataset_url,source_license,source_attribution
pharmacy:1:38.425863:27.19776,pharmacy,Pharmacy,ALTINDAG ECZANESİ,38.425863,27.19776,ALTINDAĞ,,KEMALPAŞA CD. 193/A,02324334601,,,2026-09-20T07:31:15.702Z,COMPLETE_FOR_MAPPABLE_ROWS,api,Tüm eczaneler,https://acikveri.bizizmir.com/dataset/nobetci-eczaneler-ve-eczane-listesi,CC BY 4.0,İzmir Büyükşehir Belediyesi Açık Veri Portalı
pharmacy:2:38.425614:27.200799,pharmacy,Pharmacy,AYAS ECZANESİ,38.425614,27.200799,ALTINDAĞ,,ZAFER MAH. KEMALPAŞA CAD. NO:118/A,02324334322,,,2026-09-20T07:31:15.702Z,COMPLETE_FOR_MAPPABLE_ROWS,api,Tüm eczaneler,https://acikveri.bizizmir.com/dataset/nobetci-eczaneler-ve-eczane-listesi,CC BY 4.0,İzmir Büyükşehir Belediyesi Açık Veri Portalı
pharmacy:3:38.42579:27.196936,pharmacy,Pharmacy,YENI HOSGÖR ECZANESİ,38.42579,27.196936,ALTINDAĞ,,KEMALPASA CAD.NO:60/B ALTINDAG,02324334569,,,2026-09-20T07:31:15.702Z,COMPLETE_FOR_MAPPABLE_ROWS,api,Tüm eczaneler,https://acikveri.bizizmir.com/dataset/nobetci-eczaneler-ve-eczane-listesi,CC BY 4.0,İzmir Büyükşehir Belediyesi Açık Veri Portalı
pharmacy:4:38.422392:27.205131,pharmacy,Pharmacy,YILDIZ ECZANESİ,38.422392,27.205131,ALTINDAĞ,,ZAFER MAH. YENER CAD. NO:25/B,02324676727,,,2026-09-20T07:31:15.702Z,COMPLETE_FOR_MAPPABLE_ROWS,api,Tüm eczaneler,https://acikveri.bizizmir.com/dataset/nobetci-eczaneler-ve-eczane-listesi,CC BY 4.0,İzmir Büyükşehir Belediyesi Açık Veri Portalı
pharmacy:5:38.429488:27.19608,pharmacy,Pharmacy,NEHIR ECZANESİ,38.429488,27.19608,ALTINDAĞ,,4209 SK. NO:31/A,02324619045,,,2026-09-20T07:31:15.702Z,COMPLETE_FOR_MAPPABLE_ROWS,api,Tüm eczaneler,https://acikveri.bizizmir.com/dataset/nobetci-eczaneler-ve-eczane-listesi,CC BY 4.0,İzmir Büyükşehir Belediyesi Açık Veri Portalı
pharmacy:6:38.471485:27.187549,pharmacy,Pharmacy,ÖZEPIK ECZANESİ,38.471485,27.187549,ATATÜRK,,OSMANGAZI MAH. 597 SOK. NO:34/A,02323713756,,,2026-09-20T07:31:15.702Z,COMPLETE_FOR_MAPPABLE_ROWS,api,Tüm eczaneler,https://acikveri.bizizmir.com/dataset/nobetci-eczaneler-ve-eczane-listesi,CC BY 4.0,İzmir Büyükşehir Belediyesi Açık Veri Portalı
pharmacy:7:38.473241:27.185869,pharmacy,Pharmacy,OSMANGAZI ECZANESİ,38.473241,27.185869,ATATÜRK,,YAVUZ CAD. OSMANGAZI MAH. 289,02323710117,,,2026-09-20T07:31:15.702Z,COMPLETE_FOR_MAPPABLE_ROWS,api,Tüm eczaneler,https://acikveri.bizizmir.com/dataset/nobetci-eczaneler-ve-eczane-listesi,CC BY 4.0,İzmir Büyükşehir Belediyesi Açık Veri Portalı
pharmacy:9:38.3845:27.0542,pharmacy,Pharmacy,BALÇOVA ECZANESİ,38.3845,27.0542,BALÇOVA,,TELEFERIK MAH.ÖZ SAGLIK SOKAK NO:46/A BALÇOVA,02322790865,,,2026-09-20T07:31:15.702Z,COMPLETE_FOR_MAPPABLE_ROWS,api,Tüm eczaneler,https://acikveri.bizizmir.com/dataset/nobetci-eczaneler-ve-eczane-listesi,CC BY 4.0,İzmir Büyükşehir Belediyesi Açık Veri Portalı
pharmacy:10:38.391814:27.058121,pharmacy,Pharmacy,ALPER AKIN ECZANESİ,38.391814,27.058121,BALÇOVA,,EĞİTİM MAH. ATA CAD. NO:51/A,02322787035,,,2026-09-20T07:31:15.702Z,COMPLETE_FOR_MAPPABLE_ROWS,api,Tüm eczaneler,https://acikveri.bizizmir.com/dataset/nobetci-eczaneler-ve-eczane-listesi,CC BY 4.0,İzmir Büyükşehir Belediyesi Açık Veri Portalı
pharmacy:11:38.398223:27.105877,pharmacy,Pharmacy,ÖZBURCU ECZANESİ,38.398223,27.105877,BASIN SİTESİ,,HASAN TAHSIN CAD. 253 SOK. NO:137/A,02322433622,,,2026-09-20T07:31:15.702Z,COMPLETE_FOR_MAPPABLE_ROWS,api,Tüm eczaneler,https://acikveri.bizizmir.com/dataset/nobetci-eczaneler-ve-eczane-listesi,CC BY 4.0,İzmir Büyükşehir Belediyesi Açık Veri Portalı
pharmacy:12:38.396481:27.104704,pharmacy,Pharmacy,SARAÇ ECZANESİ,38.396481,27.104704,BASIN SİTESİ,,VATAN MAH. POLAT CAD. NO:107/A,02322316015,,,2026-09-20T07:31:15.702Z,COMPLETE_FOR_MAPPABLE_ROWS,api,Tüm eczaneler,https://acikveri.bizizmir.com/dataset/nobetci-eczaneler-ve-eczane-listesi,CC BY 4.0,İzmir Büyükşehir Belediyesi Açık Veri Portalı
pharmacy:13:38.396611:27.105134,pharmacy,Pharmacy,KOÇAK ECZANESİ,38.396611,27.105134,BASIN SİTESİ,,POLAT CAD. NO:99/B,02322442255,,,2026-09-20T07:31:15.702Z,COMPLETE_FOR_MAPPABLE_ROWS,api,Tüm eczaneler,https://acikveri.bizizmir.com/dataset/nobetci-eczaneler-ve-eczane-listesi,CC BY 4.0,İzmir Büyükşehir Belediyesi Açık Veri Portalı
pharmacy:14:38.3991:27.1009,pharmacy,Pharmacy,ERENER ECZANESİ,38.3991,27.1009,BASIN SİTESİ,,220 SOK. NO:14 BASINSITESI,02322317041,,,2026-09-20T07:31:15.702Z,COMPLETE_FOR_MAPPABLE_ROWS,api,Tüm eczaneler,https://acikveri.bizizmir.com/dataset/nobetci-eczaneler-ve-eczane-listesi,CC BY 4.0,İzmir Büyükşehir Belediyesi Açık Veri Portalı
pharmacy:15:38.396696:27.105686,pharmacy,Pharmacy,YENI AKIN ECZANESİ,38.396696,27.105686,BASIN SİTESİ,,POLAT CAD. NO:89/A YESILYURT,02322449805,,,2026-09-20T07:31:15.702Z,COMPLETE_FOR_MAPPABLE_ROWS,api,Tüm eczaneler,https://acikveri.bizizmir.com/dataset/nobetci-eczaneler-ve-eczane-listesi,CC BY 4.0,İzmir Büyükşehir Belediyesi Açık Veri Portalı
pharmacy:16:38.39695:27.10645,pharmacy,Pharmacy,KÖKER ECZANESİ,38.39695,27.10645,BASIN SİTESİ,,BASINSİTESİ MAH. POLAT CAD. NO:88/B,02322327367,,,2026-09-20T07:31:15.702Z,COMPLETE_FOR_MAPPABLE_ROWS,api,Tüm eczaneler,https://acikveri.bizizmir.com/dataset/nobetci-eczaneler-ve-eczane-listesi,CC BY 4.0,İzmir Büyükşehir Belediyesi Açık Veri Portalı
pharmacy:17:38.464352:27.223744,pharmacy,Pharmacy,YENİ ATA ECZANESİ,38.464352,27.223744,BORNOVA 1,,KAZIM KARABEKIR CAD. NO:47 BORNOVA ATA DURAĞI (ZİRAAT BANKASI KARŞISI),02323434384,,,2026-09-20T07:31:15.702Z,COMPLETE_FOR_MAPPABLE_ROWS,api,Tüm eczaneler,https://acikveri.bizizmir.com/dataset/nobetci-eczaneler-ve-eczane-listesi,CC BY 4.0,İzmir Büyükşehir Belediyesi Açık Veri Portalı
pharmacy:18:38.465192:27.216396,pharmacy,Pharmacy,BENLIOGLU ECZANESİ,38.465192,27.216396,BORNOVA 1,,ERGENE MAH. MUSTAFA KEMAL CAD. NO:26/D,02323424557,,,2026-09-20T07:31:15.702Z,COMPLETE_FOR_MAPPABLE_ROWS,api,Tüm eczaneler,https://acikveri.bizizmir.com/dataset/nobetci-eczaneler-ve-eczane-listesi,CC BY 4.0,İzmir Büyükşehir Belediyesi Açık Veri Portalı
pharmacy:19:38.466837:27.21935,pharmacy,Pharmacy,BILGI ECZANESİ,38.466837,27.21935,BORNOVA 1,,2 SOK. NO:3/E,02323881684,,,2026-09-20T07:31:15.702Z,COMPLETE_FOR_MAPPABLE_ROWS,api,Tüm eczaneler,https://acikveri.bizizmir.com/dataset/nobetci-eczaneler-ve-eczane-listesi,CC BY 4.0,İzmir Büyükşehir Belediyesi Açık Veri Portalı
pharmacy:20:38.464759:27.222545,pharmacy,Pharmacy,MELEK ECZANESİ,38.464759,27.222545,BORNOVA 1,,KAZIMKARABEKIR CAD. NO:39,02323882383,,,2026-09-20T07:31:15.702Z,COMPLETE_FOR_MAPPABLE_ROWS,api,Tüm eczaneler,https://acikveri.bizizmir.com/dataset/nobetci-eczaneler-ve-eczane-listesi,CC BY 4.0,İzmir Büyükşehir Belediyesi Açık Veri Portalı
pharmacy:21:38.457633:27.208866,pharmacy,Pharmacy,YENI ABIDIN ECZANESİ,38.457633,27.208866,BORNOVA 2,,ÜNIVERSITE CAD.NO:26/A,02323881271,,,2026-09-20T07:31:15.702Z,COMPLETE_FOR_MAPPABLE_ROWS,api,Tüm eczaneler,https://acikveri.bizizmir.com/dataset/nobetci-eczaneler-ve-eczane-listesi,CC BY 4.0,İzmir Büyükşehir Belediyesi Açık Veri Portalı
pharmacy:22:38.459:27.2099,pharmacy,Pharmacy,ERDÖNMEZ ECZANESİ,38.459,27.2099,BORNOVA 2,,186 SOK. NO:5/1-B,02323742281,,,2026-09-20T07:31:15.702Z,COMPLETE_FOR_MAPPABLE_ROWS,api,Tüm eczaneler,https://acikveri.bizizmir.com/dataset/nobetci-eczaneler-ve-eczane-listesi,CC BY 4.0,İzmir Büyükşehir Belediyesi Açık Veri Portalı
pharmacy:23:38.458879:27.210042,pharmacy,Pharmacy,AKHİSAR ECZANESİ,38.458879,27.210042,BORNOVA 2,,KAZIM DİRİK MH.ANKARA CD.NO:241,02323390011,,,2026-09-20T07:31:15.702Z,COMPLETE_FOR_MAPPABLE_ROWS,api,Tüm eczaneler,https://acikveri.bizizmir.com/dataset/nobetci-eczaneler-ve-eczane-listesi,CC BY 4.0,İzmir Büyükşehir Belediyesi Açık Veri Portalı
pharmacy:24:38.457757:27.209147,pharmacy,Pharmacy,EMİN ECZANESİ,38.457757,27.209147,BORNOVA 2,,KAZIMDİRİK MAH. ÜNİVERSİTE CAD. NO:20/A,02323739631,,,2026-09-20T07:31:15.702Z,COMPLETE_FOR_MAPPABLE_ROWS,api,Tüm eczaneler,https://acikveri.bizizmir.com/dataset/nobetci-eczaneler-ve-eczane-listesi,CC BY 4.0,İzmir Büyükşehir Belediyesi Açık Veri Portalı
pharmacy:25:38.455546:27.19717,pharmacy,Pharmacy,DURU ECZANESİ,38.455546,27.19717,BORNOVA 3,,MANSUROĞLU MH. 266 SK. NO:25/A,02323480015,,,2026-09-20T07:31:15.702Z,COMPLETE_FOR_MAPPABLE_ROWS,api,Tüm eczaneler,https://acikveri.bizizmir.com/dataset/nobetci-eczaneler-ve-eczane-listesi,CC BY 4.0,İzmir Büyükşehir Belediyesi Açık Veri Portalı
pharmacy:26:38.391432:27.121153,pharmacy,Pharmacy,ULU ECZANESİ,38.391432,27.121153,BOZYAKA,,BOZYAKA-3013 SOK. NO:28/A,02322616151,,,2026-09-20T07:31:15.702Z,COMPLETE_FOR_MAPPABLE_ROWS,api,Tüm eczaneler,https://acikveri.bizizmir.com/dataset/nobetci-eczaneler-ve-eczane-listesi,CC BY 4.0,İzmir Büyükşehir Belediyesi Açık Veri Portalı
pharmacy:27:38.386954:27.131664,pharmacy,Pharmacy,KOCAGİL ECZANESİ,38.386954,27.131664,BOZYAKA,,COŞKUN KALE SOK. CENNETOĞLU MAH. NO:103/B,02322534660,,,2026-09-20T07:31:15.702Z,COMPLETE_FOR_MAPPABLE_ROWS,api,Tüm eczaneler,https://acikveri.bizizmir.com/dataset/nobetci-eczaneler-ve-eczane-listesi,CC BY 4.0,İzmir Büyükşehir Belediyesi Açık Veri Portalı
pharmacy:28:38.395497:27.126934,pharmacy,Pharmacy,ÇALIKUSU ECZANESİ,38.395497,27.126934,BOZYAKA,,ESKİ İZMİR CD. NO:122,02322562622,,,2026-09-20T07:31:15.702Z,COMPLETE_FOR_MAPPABLE_ROWS,api,Tüm eczaneler,https://acikveri.bizizmir.com/dataset/nobetci-eczaneler-ve-eczane-listesi,CC BY 4.0,İzmir Büyükşehir Belediyesi Açık Veri Portalı
pharmacy:29:38.392085:27.166379,pharmacy,Pharmacy,NUR ECZANESİ,38.392085,27.166379,BUCA 1,,MENDERES MAH. SEYFİ DEMİRSOY CAD. NO:22/B,02324268489,,,2026-09-20T07:31:15.702Z,COMPLETE_FOR_MAPPABLE_ROWS,api,Tüm eczaneler,https://acikveri.bizizmir.com/dataset/nobetci-eczaneler-ve-eczane-listesi,CC BY 4.0,İzmir Büyükşehir Belediyesi Açık Veri Portalı
pharmacy:30:38.3901:27.1658,pharmacy,Pharmacy,YENI AYSEGÜL ECZANESİ,38.3901,27.1658,BUCA 1,,MENDERES CAD.NO.74/C BUCA,2324876987,,,2026-09-20T07:31:15.702Z,COMPLETE_FOR_MAPPABLE_ROWS,api,Tüm eczaneler,https://acikveri.bizizmir.com/dataset/nobetci-eczaneler-ve-eczane-listesi,CC BY 4.0,İzmir Büyükşehir Belediyesi Açık Veri Portalı
pharmacy:31:38.384492:27.167208,pharmacy,Pharmacy,ÖZMEN ECZANESİ,38.384492,27.167208,BUCA 1,,ÖZMEN CAD. NO:143/A,02324527741,,,2026-09-20T07:31:15.702Z,COMPLETE_FOR_MAPPABLE_ROWS,api,Tüm eczaneler,https://acikveri.bizizmir.com/dataset/nobetci-eczaneler-ve-eczane-listesi,CC BY 4.0,İzmir Büyükşehir Belediyesi Açık Veri Portalı
pharmacy:32:38.381687:27.176206,pharmacy,Pharmacy,MILLET ECZANESİ,38.381687,27.176206,BUCA 1,,222 SOK.NO:1-3A BUCA -IZMIR,02324420447,,,2026-09-20T07:31:15.702Z,COMPLETE_FOR_MAPPABLE_ROWS,api,Tüm eczaneler,https://acikveri.bizizmir.com/dataset/nobetci-eczaneler-ve-eczane-listesi,CC BY 4.0,İzmir Büyükşehir Belediyesi Açık Veri Portalı
pharmacy:33:38.392417:27.166258,pharmacy,Pharmacy,SERHAN ECZANESİ,38.392417,27.166258,BUCA 1,,MENDERES MH.SEYFİ DEMİRSOY CD.NO:19/A,02324480238,,,2026-09-20T07:31:15.702Z,COMPLETE_FOR_MAPPABLE_ROWS,api,Tüm eczaneler,https://acikveri.bizizmir.com/dataset/nobetci-eczaneler-ve-eczane-listesi,CC BY 4.0,İzmir Büyükşehir Belediyesi Açık Veri Portalı
pharmacy:34:38.3853715164432:27.1662118270934,pharmacy,Pharmacy,SERAM,38.3853715164432,27.1662118270934,BUCA 1,,Özmen Cad. No: 128/B Buca Devlet Hastanesi Krş.,4388405,,,2026-09-20T07:31:15.702Z,COMPLETE_FOR_MAPPABLE_ROWS,api,Tüm eczaneler,https://acikveri.bizizmir.com/dataset/nobetci-eczaneler-ve-eczane-listesi,CC BY 4.0,İzmir Büyükşehir Belediyesi Açık Veri Portalı
pharmacy:35:38.372074:27.108538,pharmacy,Pharmacy,HABBAL ECZANESİ,38.372074,27.108538,ESKİİZMİR-CENNETÇEŞME,,DEVRİM MAH. 3817 SOK. NO:10(A-B),02322721704,,,2026-09-20T07:31:15.702Z,COMPLETE_FOR_MAPPABLE_ROWS,api,Tüm eczaneler,https://acikveri.bizizmir.com/dataset/nobetci-eczaneler-ve-eczane-listesi,CC BY 4.0,İzmir Büyükşehir Belediyesi Açık Veri Portalı
pharmacy:36:38.3643:27.1059,pharmacy,Pharmacy,YENI DALGIÇ ECZANESİ,38.3643,27.1059,ESKİİZMİR-CENNETÇEŞME,,ESKIIZMIR CAD.NO.788/C ESKIZIMIR KARABAGLAR-IZMIR,02322717054,,,2026-09-20T07:31:15.702Z,COMPLETE_FOR_MAPPABLE_ROWS,api,Tüm eczaneler,https://acikveri.bizizmir.com/dataset/nobetci-eczaneler-ve-eczane-listesi,CC BY 4.0,İzmir Büyükşehir Belediyesi Açık Veri Portalı
pharmacy:37:38.369261:27.096105,pharmacy,Pharmacy,SIFAVEREN ECZANESİ,38.369261,27.096105,ESKİİZMİR-CENNETÇEŞME,,ESKIIZMIR-3820 SOK. NO:252/A,02322670096,,,2026-09-20T07:31:15.702Z,COMPLETE_FOR_MAPPABLE_ROWS,api,Tüm eczaneler,https://acikveri.bizizmir.com/dataset/nobetci-eczaneler-ve-eczane-listesi,CC BY 4.0,İzmir Büyükşehir Belediyesi Açık Veri Portalı
pharmacy:38:38.372002:27.107084,pharmacy,Pharmacy,SABIR ECZANESİ,38.372002,27.107084,ESKİİZMİR-CENNETÇEŞME,,UMUT MAH.ESKIIZMIR CAD.NO.644/A KARABAGLAR-IZMIR,02322713550,,,2026-09-20T07:31:15.702Z,COMPLETE_FOR_MAPPABLE_ROWS,api,Tüm eczaneler,https://acikveri.bizizmir.com/dataset/nobetci-eczaneler-ve-eczane-listesi,CC BY 4.0,İzmir Büyükşehir Belediyesi Açık Veri Portalı
pharmacy:39:38.361956:27.10112,pharmacy,Pharmacy,YÜKSELLER ECZANESİ,38.361956,27.10112,ESKİİZMİR-CENNETÇEŞME,,YÜZBAŞI ŞERAFETTİN MH. 3960 SK. NO:22/A,02322713337,,,2026-09-20T07:31:15.702Z,COMPLETE_FOR_MAPPABLE_ROWS,api,Tüm eczaneler,https://acikveri.bizizmir.com/dataset/nobetci-eczaneler-ve-eczane-listesi,CC BY 4.0,İzmir Büyükşehir Belediyesi Açık Veri Portalı
pharmacy:40:38.371877:27.107846,pharmacy,Pharmacy,GÜLYAKA ECZANESİ,38.371877,27.107846,ESKİİZMİR-CENNETÇEŞME,,DEVRİM MH.3817 SK. NO:4/C ESKİ-İZMİR,02322717673,,,2026-09-20T07:31:15.702Z,COMPLETE_FOR_MAPPABLE_ROWS,api,Tüm eczaneler,https://acikveri.bizizmir.com/dataset/nobetci-eczaneler-ve-eczane-listesi,CC BY 4.0,İzmir Büyükşehir Belediyesi Açık Veri Portalı
pharmacy:41:38.4092:27.1291,pharmacy,Pharmacy,DOGANGIR ECZANESİ,38.4092,27.1291,EŞREFPAŞA,,RAKIM ERKUTLU CAD.NO.3/A ESREFPASA,02322628503,,,2026-09-20T07:31:15.702Z,COMPLETE_FOR_MAPPABLE_ROWS,api,Tüm eczaneler,https://acikveri.bizizmir.com/dataset/nobetci-eczaneler-ve-eczane-listesi,CC BY 4.0,İzmir Büyükşehir Belediyesi Açık Veri Portalı
pharmacy:42:38.405176:27.128534,pharmacy,Pharmacy,NAZILLI ECZANESİ,38.405176,27.128534,EŞREFPAŞA,,ESREFPASA CAD.NO.364/A,02322503284,,,2026-09-20T07:31:15.702Z,COMPLETE_FOR_MAPPABLE_ROWS,api,Tüm eczaneler,https://acikveri.bizizmir.com/dataset/nobetci-eczaneler-ve-eczane-listesi,CC BY 4.0,İzmir Büyükşehir Belediyesi Açık Veri Portalı
pharmacy:44:38.404269:27.134087,pharmacy,Pharmacy,ÇIMENTEPE ECZANESİ,38.404269,27.134087,EŞREFPAŞA,,607 SOKAK NO:107 ÇIMENTEPE KONAK,02322271962,,,2026-09-20T07:31:15.702Z,COMPLETE_FOR_MAPPABLE_ROWS,api,Tüm eczaneler,https://acikveri.bizizmir.com/dataset/nobetci-eczaneler-ve-eczane-listesi,CC BY 4.0,İzmir Büyükşehir Belediyesi Açık Veri Portalı
pharmacy:46:38.408451:27.135833,pharmacy,Pharmacy,ÇIFTÇILER ECZANESİ,38.408451,27.135833,EŞREFPAŞA,,628 SOKAK NO:45 ÇIMENTEPE KONAK,02322622089,,,2026-09-20T07:31:15.702Z,COMPLETE_FOR_MAPPABLE_ROWS,api,Tüm eczaneler,https://acikveri.bizizmir.com/dataset/nobetci-eczaneler-ve-eczane-listesi,CC BY 4.0,İzmir Büyükşehir Belediyesi Açık Veri Portalı
pharmacy:47:38.376364:27.147659,pharmacy,Pharmacy,ALTINKAYA ECZANESİ,38.376364,27.147659,GEDİZ,,FIRAT MH. 287/9 SK. NO:19/A,02322753615,,,2026-09-20T07:31:15.702Z,COMPLETE_FOR_MAPPABLE_ROWS,api,Tüm eczaneler,https://acikveri.bizizmir.com/dataset/nobetci-eczaneler-ve-eczane-listesi,CC BY 4.0,İzmir Büyükşehir Belediyesi Açık Veri Portalı
pharmacy:48:38.408776:27.17251,pharmacy,Pharmacy,ÖZORUÇ ECZANESİ,38.408776,27.17251,GÜLTEPE,,ULUBATLI MH. ADALET CD. NO:58/A,02324580455,,,2026-09-20T07:31:15.702Z,COMPLETE_FOR_MAPPABLE_ROWS,api,Tüm eczaneler,https://acikveri.bizizmir.com/dataset/nobetci-eczaneler-ve-eczane-listesi,CC BY 4.0,İzmir Büyükşehir Belediyesi Açık Veri Portalı
pharmacy:49:38.414643:27.173667,pharmacy,Pharmacy,EZGI DENIZ ECZANESİ,38.414643,27.173667,GÜLTEPE,,GAZI CAD. NO:126/1A-B GÜLTEPE,02324597954,,,2026-09-20T07:31:15.702Z,COMPLETE_FOR_MAPPABLE_ROWS,api,Tüm eczaneler,https://acikveri.bizizmir.com/dataset/nobetci-eczaneler-ve-eczane-listesi,CC BY 4.0,İzmir Büyükşehir Belediyesi Açık Veri Portalı
pharmacy:50:38.4693:27.1365,pharmacy,Pharmacy,SARK ECZANESİ,38.4693,27.1365,GÜMÜŞPALA,,7019 SOK. NO:2/C GÜMÜSPALA,02323651239,,,2026-09-20T07:31:15.702Z,COMPLETE_FOR_MAPPABLE_ROWS,api,Tüm eczaneler,https://acikveri.bizizmir.com/dataset/nobetci-eczaneler-ve-eczane-listesi,CC BY 4.0,İzmir Büyükşehir Belediyesi Açık Veri Portalı
pharmacy:51:38.4781018469143:27.1289628912468,pharmacy,Pharmacy,İKBAL,38.4781018469143,27.1289628912468,GÜMÜŞPALA,,Yamanlar Mh 7301 Sk No 34/A,3657961,,,2026-09-20T07:31:15.702Z,COMPLETE_FOR_MAPPABLE_ROWS,api,Tüm eczaneler,https://acikveri.bizizmir.com/dataset/nobetci-eczaneler-ve-eczane-listesi,CC BY 4.0,İzmir Büyükşehir Belediyesi Açık Veri Portalı
pharmacy:52:38.402186:27.159691,pharmacy,Pharmacy,KERVAN ECZANESİ,38.402186,27.159691,EVKA 1,,ÇAMLIK MAH. 850 SOK. NO:29/B,02324876626,,,2026-09-20T07:31:15.702Z,COMPLETE_FOR_MAPPABLE_ROWS,api,Tüm eczaneler,https://acikveri.bizizmir.com/dataset/nobetci-eczaneler-ve-eczane-listesi,CC BY 4.0,İzmir Büyükşehir Belediyesi Açık Veri Portalı
pharmacy:53:38.404238:27.163581,pharmacy,Pharmacy,YENI SANLI ECZANESİ,38.404238,27.163581,EVKA 1,,UFUK MAH.885 SOK.NO:8 BUCA-IZMIR,02324527378,,,2026-09-20T07:31:15.702Z,COMPLETE_FOR_MAPPABLE_ROWS,api,Tüm eczaneler,https://acikveri.bizizmir.com/dataset/nobetci-eczaneler-ve-eczane-listesi,CC BY 4.0,İzmir Büyükşehir Belediyesi Açık Veri Portalı
pharmacy:54:38.400251:27.14974,pharmacy,Pharmacy,İBRİM ECZANESİ,38.400251,27.14974,ŞİRİNYER,,MENDERES CD. NO:410/A,02324871016,,,2026-09-20T07:31:15.702Z,COMPLETE_FOR_MAPPABLE_ROWS,api,Tüm eczaneler,https://acikveri.bizizmir.com/dataset/nobetci-eczaneler-ve-eczane-listesi,CC BY 4.0,İzmir Büyükşehir Belediyesi Açık Veri Portalı
pharmacy:56:38.377402:26.88846,pharmacy,Pharmacy,AYSE ÇIGDEM ECZANESİ,38.377402,26.88846,GÜZELBAHÇE,,YALI MAH.MITHATPASA CAD.NO:433/A GÜZELBAHÇE/IZMIR,02322346256,,,2026-09-20T07:31:15.702Z,COMPLETE_FOR_MAPPABLE_ROWS,api,Tüm eczaneler,https://acikveri.bizizmir.com/dataset/nobetci-eczaneler-ve-eczane-listesi,CC BY 4.0,İzmir Büyükşehir Belediyesi Açık Veri Portalı
pharmacy:57:38.358973:26.887027,pharmacy,Pharmacy,ÖZ ÖZKAN ECZANESİ,38.358973,26.887027,GÜZELBAHÇE,,ATATÜRK MAH. NAMIK KEMAL CAD. NO:8/A GÜZELBAHÇE/IZMIR,02322345262,,,2026-09-20T07:31:15.702Z,COMPLETE_FOR_MAPPABLE_ROWS,api,Tüm eczaneler,https://acikveri.bizizmir.com/dataset/nobetci-eczaneler-ve-eczane-listesi,CC BY 4.0,İzmir Büyükşehir Belediyesi Açık Veri Portalı
pharmacy:58:38.393197:27.034634,pharmacy,Pharmacy,GÖKSEL ECZANESİ,38.393197,27.034634,İNCİRALTI,,KORUTÜRK MAH. MİTHATPAŞA CAD. NO:283/A,02322787840,,,2026-09-20T07:31:15.702Z,COMPLETE_FOR_MAPPABLE_ROWS,api,Tüm eczaneler,https://acikveri.bizizmir.com/dataset/nobetci-eczaneler-ve-eczane-listesi,CC BY 4.0,İzmir Büyükşehir Belediyesi Açık Veri Portalı
pharmacy:59:38.392879:27.032787,pharmacy,Pharmacy,AKARSU ECZANESİ,38.392879,27.032787,İNCİRALTI,,KORUTÜRK MAH. MİTHATPAŞA CAD. NO:289,02322778881,,,2026-09-20T07:31:15.702Z,COMPLETE_FOR_MAPPABLE_ROWS,api,Tüm eczaneler,https://acikveri.bizizmir.com/dataset/nobetci-eczaneler-ve-eczane-listesi,CC BY 4.0,İzmir Büyükşehir Belediyesi Açık Veri Portalı
pharmacy:60:38.374477:27.13107,pharmacy,Pharmacy,AKÇELTİK ECZANESİ,38.374477,27.13107,KARABAĞLAR,,YUNUS EMRE MAH. 4156 SOK. NO:42-44/A,02322375169,,,2026-09-20T07:31:15.702Z,COMPLETE_FOR_MAPPABLE_ROWS,api,Tüm eczaneler,https://acikveri.bizizmir.com/dataset/nobetci-eczaneler-ve-eczane-listesi,CC BY 4.0,İzmir Büyükşehir Belediyesi Açık Veri Portalı
pharmacy:61:38.368509:27.134521,pharmacy,Pharmacy,EGEMEN ECZANESİ,38.368509,27.134521,KARABAĞLAR,,AYDIN MAH. 4284 SOK. NO:11/1B,02322530001,,,2026-09-20T07:31:15.702Z,COMPLETE_FOR_MAPPABLE_ROWS,api,Tüm eczaneler,https://acikveri.bizizmir.com/dataset/nobetci-eczaneler-ve-eczane-listesi,CC BY 4.0,İzmir Büyükşehir Belediyesi Açık Veri Portalı
pharmacy:62:38.384208:27.129777,pharmacy,Pharmacy,ARILIK ECZANESİ,38.384208,27.129777,KARABAĞLAR,,SARIYER MH. 5757 SOK.NO:78/1A,02322653734,,,2026-09-20T07:31:15.702Z,COMPLETE_FOR_MAPPABLE_ROWS,api,Tüm eczaneler,https://acikveri.bizizmir.com/dataset/nobetci-eczaneler-ve-eczane-listesi,CC BY 4.0,İzmir Büyükşehir Belediyesi Açık Veri Portalı
pharmacy:63:38.3682679427244:27.1359423639315,pharmacy,Pharmacy,SEVİL ÇELİK,38.3682679427244,27.1359423639315,KARABAĞLAR,,4271 sok. No:4/A MEZARLIK YANI KARABAĞLAR TIP MERKEZİ KARŞISI,2530005,,,2026-09-20T07:31:15.702Z,COMPLETE_FOR_MAPPABLE_ROWS,api,Tüm eczaneler,https://acikveri.bizizmir.com/dataset/nobetci-eczaneler-ve-eczane-listesi,CC BY 4.0,İzmir Büyükşehir Belediyesi Açık Veri Portalı
pharmacy:64:38.394667:26.991185,pharmacy,Pharmacy,BARUT ECZANESİ,38.394667,26.991185,NARLIDERE,,HUZUR MH. KÜÇÜKOGLU SK. 1/A,02322395592,,,2026-09-20T07:31:15.702Z,COMPLETE_FOR_MAPPABLE_ROWS,api,Tüm eczaneler,https://acikveri.bizizmir.com/dataset/nobetci-eczaneler-ve-eczane-listesi,CC BY 4.0,İzmir Büyükşehir Belediyesi Açık Veri Portalı
pharmacy:65:38.393123:27.02245,pharmacy,Pharmacy,GÜZEL YENIKÖY ECZANESİ,38.393123,27.02245,NARLIDERE,,ILICA MH. MITHATPASA CAD.NO:8/A,02322380023,,,2026-09-20T07:31:15.702Z,COMPLETE_FOR_MAPPABLE_ROWS,api,Tüm eczaneler,https://acikveri.bizizmir.com/dataset/nobetci-eczaneler-ve-eczane-listesi,CC BY 4.0,İzmir Büyükşehir Belediyesi Açık Veri Portalı
pharmacy:66:38.394112:27.014002,pharmacy,Pharmacy,TÜZÜN ECZANESİ,38.394112,27.014002,NARLIDERE,,YENİKALE MAH. MİTHATPAŞA CAD. NO:108/B,02322383021,,,2026-09-20T07:31:15.702Z,COMPLETE_FOR_MAPPABLE_ROWS,api,Tüm eczaneler,https://acikveri.bizizmir.com/dataset/nobetci-eczaneler-ve-eczane-listesi,CC BY 4.0,İzmir Büyükşehir Belediyesi Açık Veri Portalı
pharmacy:67:38.393231:27.021988,pharmacy,Pharmacy,GÜNEBAKAN ECZANESİ,38.393231,27.021988,NARLIDERE,,ILICA MAH. MİTHATPAŞA CAD. NO:18/F,02322395266,,,2026-09-20T07:31:15.702Z,COMPLETE_FOR_MAPPABLE_ROWS,api,Tüm eczaneler,https://acikveri.bizizmir.com/dataset/nobetci-eczaneler-ve-eczane-listesi,CC BY 4.0,İzmir Büyükşehir Belediyesi Açık Veri Portalı
pharmacy:68:38.394223:27.007739,pharmacy,Pharmacy,YENI ERDEM ECZANESİ,38.394223,27.007739,NARLIDERE,,NARLIDERE MAH. MITHATPASA CAD. 281/B,02322380724,,,2026-09-20T07:31:15.702Z,COMPLETE_FOR_MAPPABLE_ROWS,api,Tüm eczaneler,https://acikveri.bizizmir.com/dataset/nobetci-eczaneler-ve-eczane-listesi,CC BY 4.0,İzmir Büyükşehir Belediyesi Açık Veri Portalı
pharmacy:69:38.42986:27.273936,pharmacy,Pharmacy,PAÇACI ECZANESİ,38.42986,27.273936,PINARBAŞI,,GÜRPINAR MH.7056/1 SK. NO:29/A PINARBAŞI,02324790174,,,2026-09-20T07:31:15.702Z,COMPLETE_FOR_MAPPABLE_ROWS,api,Tüm eczaneler,https://acikveri.bizizmir.com/dataset/nobetci-eczaneler-ve-eczane-listesi,CC BY 4.0,İzmir Büyükşehir Belediyesi Açık Veri Portalı
pharmacy:70:38.42899:27.274421,pharmacy,Pharmacy,SIMA ECZANESİ,38.42899,27.274421,PINARBAŞI,,GÜRPINAR MH. 56/2 SK. NO:48/A,02324795435,,,2026-09-20T07:31:15.702Z,COMPLETE_FOR_MAPPABLE_ROWS,api,Tüm eczaneler,https://acikveri.bizizmir.com/dataset/nobetci-eczaneler-ve-eczane-listesi,CC BY 4.0,İzmir Büyükşehir Belediyesi Açık Veri Portalı
pharmacy:71:38.429891:27.269923,pharmacy,Pharmacy,PINARBAŞI ECZANESİ,38.429891,27.269923,PINARBAŞI,,KEMAL PAŞA MAH. 7055 SOK. NO:34/A PINARBAŞI,02324791702,,,2026-09-20T07:31:15.702Z,COMPLETE_FOR_MAPPABLE_ROWS,api,Tüm eczaneler,https://acikveri.bizizmir.com/dataset/nobetci-eczaneler-ve-eczane-listesi,CC BY 4.0,İzmir Büyükşehir Belediyesi Açık Veri Portalı
pharmacy:72:38.40327:27.122634,pharmacy,Pharmacy,ÜÇYOL EMEL ECZANESİ,38.40327,27.122634,ÜÇYOL,,BAHÇELIEVLER MAH.501 SOK.NO.5/A KARABAGLAR-IZMIR,02324302770,,,2026-09-20T07:31:15.702Z,COMPLETE_FOR_MAPPABLE_ROWS,api,Tüm eczaneler,https://acikveri.bizizmir.com/dataset/nobetci-eczaneler-ve-eczane-listesi,CC BY 4.0,İzmir Büyükşehir Belediyesi Açık Veri Portalı
pharmacy:73:38.423183:27.163094,pharmacy,Pharmacy,SATIROGLU ECZANESİ,38.423183,27.163094,YENİŞEHİR,,GAZILER CAD. NO:460 YENISEHIR KONAK,02324335654,,,2026-09-20T07:31:15.702Z,COMPLETE_FOR_MAPPABLE_ROWS,api,Tüm eczaneler,https://acikveri.bizizmir.com/dataset/nobetci-eczaneler-ve-eczane-listesi,CC BY 4.0,İzmir Büyükşehir Belediyesi Açık Veri Portalı
pharmacy:74:38.419234:27.16142,pharmacy,Pharmacy,YENI BUDAK ECZANESİ,38.419234,27.16142,YENİŞEHİR,,ZEYTINLIK MAH. 1140 SOKAK NO:38/A KONAK,02324336975,,,2026-09-20T07:31:15.702Z,COMPLETE_FOR_MAPPABLE_ROWS,api,Tüm eczaneler,https://acikveri.bizizmir.com/dataset/nobetci-eczaneler-ve-eczane-listesi,CC BY 4.0,İzmir Büyükşehir Belediyesi Açık Veri Portalı
pharmacy:75:38.3973:27.1129,pharmacy,Pharmacy,BÜYÜK AKIN ECZANESİ,38.3973,27.1129,YEŞİLYURT,,ORDU CAD. NO. 179/C YEŞİLYURT,02322447704,,,2026-09-20T07:31:15.702Z,COMPLETE_FOR_MAPPABLE_ROWS,api,Tüm eczaneler,https://acikveri.bizizmir.com/dataset/nobetci-eczaneler-ve-eczane-listesi,CC BY 4.0,İzmir Büyükşehir Belediyesi Açık Veri Portalı
pharmacy:76:38.397733:27.113207,pharmacy,Pharmacy,YENİ GÜVEN ECZANESİ,38.397733,27.113207,YEŞİLYURT,,ZAIMAGA CAD. NO:3/B,02322567022,,,2026-09-20T07:31:15.702Z,COMPLETE_FOR_MAPPABLE_ROWS,api,Tüm eczaneler,https://acikveri.bizizmir.com/dataset/nobetci-eczaneler-ve-eczane-listesi,CC BY 4.0,İzmir Büyükşehir Belediyesi Açık Veri Portalı
pharmacy:77:38.393882:27.118483,pharmacy,Pharmacy,ORAY ECZANESİ,38.393882,27.118483,YEŞİLYURT,,DOĞANAY MAH. ORDU CAD. NO:6/B YEŞİLYURT,02322568271,,,2026-09-20T07:31:15.702Z,COMPLETE_FOR_MAPPABLE_ROWS,api,Tüm eczaneler,https://acikveri.bizizmir.com/dataset/nobetci-eczaneler-ve-eczane-listesi,CC BY 4.0,İzmir Büyükşehir Belediyesi Açık Veri Portalı
pharmacy:78:38.398589:27.127342,pharmacy,Pharmacy,YUMRUTAŞ ECZANESİ,38.398589,27.127342,BOZYAKA,,2904 SOK. BAHAR MAH. NO:3/B,02322281771,,,2026-09-20T07:31:15.702Z,COMPLETE_FOR_MAPPABLE_ROWS,api,Tüm eczaneler,https://acikveri.bizizmir.com/dataset/nobetci-eczaneler-ve-eczane-listesi,CC BY 4.0,İzmir Büyükşehir Belediyesi Açık Veri Portalı
pharmacy:79:38.372334:27.190366,pharmacy,Pharmacy,KURUÇEŞME ECZANESİ,38.372334,27.190366,BUCA 2,,KURUÇEŞME MAH. HOCA AHMET YESEVİ CAD. NO:174,02324530639,,,2026-09-20T07:31:15.702Z,COMPLETE_FOR_MAPPABLE_ROWS,api,Tüm eczaneler,https://acikveri.bizizmir.com/dataset/nobetci-eczaneler-ve-eczane-listesi,CC BY 4.0,İzmir Büyükşehir Belediyesi Açık Veri Portalı
pharmacy:80:38.37211:27.191326,pharmacy,Pharmacy,AKGÜN ECZANESİ,38.37211,27.191326,BUCA 2,,HOCA AHMET YESEVİ CADDESİ 198/D KURUÇEŞME MAHALLESİ BUCA,02324539347,,,2026-09-20T07:31:15.702Z,COMPLETE_FOR_MAPPABLE_ROWS,api,Tüm eczaneler,https://acikveri.bizizmir.com/dataset/nobetci-eczaneler-ve-eczane-listesi,CC BY 4.0,İzmir Büyükşehir Belediyesi Açık Veri Portalı
pharmacy:81:38.368071:27.186989,pharmacy,Pharmacy,BUCA KOOP ECZANESİ,38.368071,27.186989,BUCA 2,,BUCA KOOP MAH. 1405 SOK. NO:2/B,02324538967,,,2026-09-20T07:31:15.702Z,COMPLETE_FOR_MAPPABLE_ROWS,api,Tüm eczaneler,https://acikveri.bizizmir.com/dataset/nobetci-eczaneler-ve-eczane-listesi,CC BY 4.0,İzmir Büyükşehir Belediyesi Açık Veri Portalı
pharmacy:82:38.297236:27.167904,pharmacy,Pharmacy,SARNIÇ ECZANESİ,38.297236,27.167904,SARNIÇ,,MENDERES CD.80/B,02322812343,,,2026-09-20T07:31:15.702Z,COMPLETE_FOR_MAPPABLE_ROWS,api,Tüm eczaneler,https://acikveri.bizizmir.com/dataset/nobetci-eczaneler-ve-eczane-listesi,CC BY 4.0,İzmir Büyükşehir Belediyesi Açık Veri Portalı
pharmacy:83:38.297376:27.168284,pharmacy,Pharmacy,AYBEK ECZANESİ,38.297376,27.168284,SARNIÇ,,MENDERES MAH. BÜYÜK MENDERES CAD. 86/A,02322811578,,,2026-09-20T07:31:15.702Z,COMPLETE_FOR_MAPPABLE_ROWS,api,Tüm eczaneler,https://acikveri.bizizmir.com/dataset/nobetci-eczaneler-ve-eczane-listesi,CC BY 4.0,İzmir Büyükşehir Belediyesi Açık Veri Portalı
pharmacy:84:38.29835:27.173296,pharmacy,Pharmacy,YENİ MELİKE ECZANESİ,38.29835,27.173296,SARNIÇ,,B.MENDERES CAD. 121/F SARNIÇ,02322811492,,,2026-09-20T07:31:15.702Z,COMPLETE_FOR_MAPPABLE_ROWS,api,Tüm eczaneler,https://acikveri.bizizmir.com/dataset/nobetci-eczaneler-ve-eczane-listesi,CC BY 4.0,İzmir Büyükşehir Belediyesi Açık Veri Portalı
pharmacy:85:38.400869:27.167599,pharmacy,Pharmacy,BUCA SUDE ECZANESİ,38.400869,27.167599,EVKA 1,,UFUK MAH. 1003 SOK. NO:19,02324489945,,,2026-09-20T07:31:15.702Z,COMPLETE_FOR_MAPPABLE_ROWS,api,Tüm eczaneler,https://acikveri.bizizmir.com/dataset/nobetci-eczaneler-ve-eczane-listesi,CC BY 4.0,İzmir Büyükşehir Belediyesi Açık Veri Portalı
pharmacy:86:38.496415:27.055229,pharmacy,Pharmacy,CEM ECZANESİ,38.496415,27.055229,ÇİĞLİ,,YENİMAHALLE MAH. ÖĞRETMEN EMEL SUBAŞI AY SOK. NO:65/A,02323294344,,,2026-09-20T07:31:15.702Z,COMPLETE_FOR_MAPPABLE_ROWS,api,Tüm eczaneler,https://acikveri.bizizmir.com/dataset/nobetci-eczaneler-ve-eczane-listesi,CC BY 4.0,İzmir Büyükşehir Belediyesi Açık Veri Portalı
pharmacy:87:38.3925:27.043,pharmacy,Pharmacy,SEVGÜL ECZANESİ,38.3925,27.043,İNCİRALTI,,KORUTÜRK MH.ŞİMŞEK SOK. NO. 62/B,02322774725,,,2026-09-20T07:31:15.702Z,COMPLETE_FOR_MAPPABLE_ROWS,api,Tüm eczaneler,https://acikveri.bizizmir.com/dataset/nobetci-eczaneler-ve-eczane-listesi,CC BY 4.0,İzmir Büyükşehir Belediyesi Açık Veri Portalı
pharmacy:88:38.39246:27.043627,pharmacy,Pharmacy,GAYE ECZANESİ,38.39246,27.043627,İNCİRALTI,,KORUTÜRK MAH. SIMSEK SOK. NO:68 B-C,02322776133,,,2026-09-20T07:31:15.702Z,COMPLETE_FOR_MAPPABLE_ROWS,api,Tüm eczaneler,https://acikveri.bizizmir.com/dataset/nobetci-eczaneler-ve-eczane-listesi,CC BY 4.0,İzmir Büyükşehir Belediyesi Açık Veri Portalı
pharmacy:89:38.3939:27.0437,pharmacy,Pharmacy,BALTACI ECZANESİ,38.3939,27.0437,İNCİRALTI,,MITHATPASA CAD. 223/C,02322791825,,,2026-09-20T07:31:15.702Z,COMPLETE_FOR_MAPPABLE_ROWS,api,Tüm eczaneler,https://acikveri.bizizmir.com/dataset/nobetci-eczaneler-ve-eczane-listesi,CC BY 4.0,İzmir Büyükşehir Belediyesi Açık Veri Portalı
pharmacy:90:38.392583:27.043022,pharmacy,Pharmacy,ILICA ECZANESİ,38.392583,27.043022,İNCİRALTI,,KORUTÜRK MAH. ÖZAGAÇ SOK. 12/A,02322595917,,,2026-09-20T07:31:15.702Z,COMPLETE_FOR_MAPPABLE_ROWS,api,Tüm eczaneler,https://acikveri.bizizmir.com/dataset/nobetci-eczaneler-ve-eczane-listesi,CC BY 4.0,İzmir Büyükşehir Belediyesi Açık Veri Portalı
pharmacy:91:38.423226:27.161204,pharmacy,Pharmacy,SARAOĞLU ECZANESİ,38.423226,27.161204,YENİŞEHİR,,GAZILER CAD. NO:406/B YENISEHIR KONAK,02324495923,,,2026-09-20T07:31:15.702Z,COMPLETE_FOR_MAPPABLE_ROWS,api,Tüm eczaneler,https://acikveri.bizizmir.com/dataset/nobetci-eczaneler-ve-eczane-listesi,CC BY 4.0,İzmir Büyükşehir Belediyesi Açık Veri Portalı
pharmacy:92:38.423461:27.159665,pharmacy,Pharmacy,NEDREN ECZANESİ,38.423461,27.159665,YENİŞEHİR,,GAZILER CD.NO:307 YENISEHIR,02324589061,,,2026-09-20T07:31:15.702Z,COMPLETE_FOR_MAPPABLE_ROWS,api,Tüm eczaneler,https://acikveri.bizizmir.com/dataset/nobetci-eczaneler-ve-eczane-listesi,CC BY 4.0,İzmir Büyükşehir Belediyesi Açık Veri Portalı
pharmacy:94:38.402643:27.16329,pharmacy,Pharmacy,TIJEN ECZANESİ,38.402643,27.16329,EVKA 1,,UFUK MAH.ÇAKMAK CAD.NOI:196 ISÇI EVLERI BUCA-IZMIR,02324267767,,,2026-09-20T07:31:15.702Z,COMPLETE_FOR_MAPPABLE_ROWS,api,Tüm eczaneler,https://acikveri.bizizmir.com/dataset/nobetci-eczaneler-ve-eczane-listesi,CC BY 4.0,İzmir Büyükşehir Belediyesi Açık Veri Portalı
pharmacy:95:38.40257:27.121602,pharmacy,Pharmacy,ÇİLEK ECZANESİ,38.40257,27.121602,ÜÇYOL,,BAHÇELİEVLER MH 501 SK NO:16/A,02322550242,,,2026-09-20T07:31:15.702Z,COMPLETE_FOR_MAPPABLE_ROWS,api,Tüm eczaneler,https://acikveri.bizizmir.com/dataset/nobetci-eczaneler-ve-eczane-listesi,CC BY 4.0,İzmir Büyükşehir Belediyesi Açık Veri Portalı
pharmacy:96:38.39768:27.122398,pharmacy,Pharmacy,BERIL ECZANESİ,38.39768,27.122398,BOZYAKA,,SAİM ÇIKRIKÇI CD. NO:118/A,02322617404,,,2026-09-20T07:31:15.702Z,COMPLETE_FOR_MAPPABLE_ROWS,api,Tüm eczaneler,https://acikveri.bizizmir.com/dataset/nobetci-eczaneler-ve-eczane-listesi,CC BY 4.0,İzmir Büyükşehir Belediyesi Açık Veri Portalı
pharmacy:97:38.398076:27.123029,pharmacy,Pharmacy,BÜYÜK İZMİR ECZANESİ,38.398076,27.123029,BOZYAKA,,SAİM ÇIKRIKÇI CD. NO:110/A,02322627757,,,2026-09-20T07:31:15.702Z,COMPLETE_FOR_MAPPABLE_ROWS,api,Tüm eczaneler,https://acikveri.bizizmir.com/dataset/nobetci-eczaneler-ve-eczane-listesi,CC BY 4.0,İzmir Büyükşehir Belediyesi Açık Veri Portalı
pharmacy:98:38.4544210845018:27.1894138405273,pharmacy,Pharmacy,ÖYKÜ,38.4544210845018,27.1894138405273,BORNOVA 3,,273/1 Sok. No: 2/B Şehit Fethi Sekin Parkı Karşısı - Arda Pide Yanı,3480459,,,2026-09-20T07:31:15.702Z,COMPLETE_FOR_MAPPABLE_ROWS,api,Tüm eczaneler,https://acikveri.bizizmir.com/dataset/nobetci-eczaneler-ve-eczane-listesi,CC BY 4.0,İzmir Büyükşehir Belediyesi Açık Veri Portalı
pharmacy:99:38.423225:27.160348,pharmacy,Pharmacy,UTKAN ECZANESİ,38.423225,27.160348,YENİŞEHİR,,GÜNEY MAH. GAZİLER CAD. NO:(392A/392B),02324570081,,,2026-09-20T07:31:15.702Z,COMPLETE_FOR_MAPPABLE_ROWS,api,Tüm eczaneler,https://acikveri.bizizmir.com/dataset/nobetci-eczaneler-ve-eczane-listesi,CC BY 4.0,İzmir Büyükşehir Belediyesi Açık Veri Portalı
pharmacy:100:38.3760090554935:27.1795591203573,pharmacy,Pharmacy,YENİ ÇAĞLAR,38.3760090554935,27.1795591203573,BUCA 2,,YILDIZ MH AHMET HOCA YESEVİ CD. NO: 36 BUCA DOĞUM HASTANESİ ÇAPRAZI,4540508,,,2026-09-20T07:31:15.702Z,COMPLETE_FOR_MAPPABLE_ROWS,api,Tüm eczaneler,https://acikveri.bizizmir.com/dataset/nobetci-eczaneler-ve-eczane-listesi,CC BY 4.0,İzmir Büyükşehir Belediyesi Açık Veri Portalı
pharmacy:101:38.457548:27.177023,pharmacy,Pharmacy,YENİ ATALAY ECZANESİ,38.457548,27.177023,BORNOVA 3,,ADALET MAH. 1594/1 SOK. NO:72/A,02323417788,,,2026-09-20T07:31:15.702Z,COMPLETE_FOR_MAPPABLE_ROWS,api,Tüm eczaneler,https://acikveri.bizizmir.com/dataset/nobetci-eczaneler-ve-eczane-listesi,CC BY 4.0,İzmir Büyükşehir Belediyesi Açık Veri Portalı
pharmacy:102:38.434589:27.19247,pharmacy,Pharmacy,GÜRSOY ECZANESİ,38.434589,27.19247,ÇAMDİBİ,,GAZI OSMAN PASA MAH.5454 SOK.NO:32/A,02324355705,,,2026-09-20T07:31:15.702Z,COMPLETE_FOR_MAPPABLE_ROWS,api,Tüm eczaneler,https://acikveri.bizizmir.com/dataset/nobetci-eczaneler-ve-eczane-listesi,CC BY 4.0,İzmir Büyükşehir Belediyesi Açık Veri Portalı
pharmacy:103:38.3578094338783:27.1473286974963,pharmacy,Pharmacy,SARIGEDİK,38.3578094338783,27.1473286974963,GEDİZ,,686 Sok. No: 4/A GEDİZ SO KARŞISI,2753111,,,2026-09-20T07:31:15.702Z,COMPLETE_FOR_MAPPABLE_ROWS,api,Tüm eczaneler,https://acikveri.bizizmir.com/dataset/nobetci-eczaneler-ve-eczane-listesi,CC BY 4.0,İzmir Büyükşehir Belediyesi Açık Veri Portalı
pharmacy:104:38.359638:26.885107,pharmacy,Pharmacy,GÜLHAYAT ECZANESİ,38.359638,26.885107,GÜZELBAHÇE,,KAHRAMANDERE MAH. ŞEHİT KEMAL CAD. NO:140 GÜZELBAHÇE,02322346479,,,2026-09-20T07:31:15.702Z,COMPLETE_FOR_MAPPABLE_ROWS,api,Tüm eczaneler,https://acikveri.bizizmir.com/dataset/nobetci-eczaneler-ve-eczane-listesi,CC BY 4.0,İzmir Büyükşehir Belediyesi Açık Veri Portalı
pharmacy:105:38.390641:27.022534,pharmacy,Pharmacy,SEKER ECZANESİ,38.390641,27.022534,NARLIDERE,,ILICA MAH.PROF.DR.TÜRKAN SAYLAN CAD. NO:42/B,02322397994,,,2026-09-20T07:31:15.702Z,COMPLETE_FOR_MAPPABLE_ROWS,api,Tüm eczaneler,https://acikveri.bizizmir.com/dataset/nobetci-eczaneler-ve-eczane-listesi,CC BY 4.0,İzmir Büyükşehir Belediyesi Açık Veri Portalı
pharmacy:106:38.460824:27.198896,pharmacy,Pharmacy,RECEP ALTINDAĞ ECZANESİ,38.460824,27.198896,BORNOVA 3,,MANAVKUYU MAH.M.KEMAL CAD. NO:144/A BAYRAKLI,02323432149,,,2026-09-20T07:31:15.702Z,COMPLETE_FOR_MAPPABLE_ROWS,api,Tüm eczaneler,https://acikveri.bizizmir.com/dataset/nobetci-eczaneler-ve-eczane-listesi,CC BY 4.0,İzmir Büyükşehir Belediyesi Açık Veri Portalı
pharmacy:107:38.461554:27.20405,pharmacy,Pharmacy,BETÜL ECZANESİ,38.461554,27.20405,BORNOVA 3,,KAZIM DİRİK MAH. MUSTAFA KEMAL CAD. NO:120/1-B,02323887677,,,2026-09-20T07:31:15.702Z,COMPLETE_FOR_MAPPABLE_ROWS,api,Tüm eczaneler,https://acikveri.bizizmir.com/dataset/nobetci-eczaneler-ve-eczane-listesi,CC BY 4.0,İzmir Büyükşehir Belediyesi Açık Veri Portalı
pharmacy:108:38.407943:27.128247,pharmacy,Pharmacy,NATUREL ECZANESİ,38.407943,27.128247,EŞREFPAŞA,,EŞREFPAŞA CAD. NO:272/A,02322281874,,,2026-09-20T07:31:15.702Z,COMPLETE_FOR_MAPPABLE_ROWS,api,Tüm eczaneler,https://acikveri.bizizmir.com/dataset/nobetci-eczaneler-ve-eczane-listesi,CC BY 4.0,İzmir Büyükşehir Belediyesi Açık Veri Portalı
pharmacy:109:38.3943:27.0571,pharmacy,Pharmacy,BÜYÜK HALK ECZANESİ,38.3943,27.0571,BALÇOVA,,ONUR MH. AKASYA SK. NO:7/B,02322595982,,,2026-09-20T07:31:15.702Z,COMPLETE_FOR_MAPPABLE_ROWS,api,Tüm eczaneler,https://acikveri.bizizmir.com/dataset/nobetci-eczaneler-ve-eczane-listesi,CC BY 4.0,İzmir Büyükşehir Belediyesi Açık Veri Portalı
pharmacy:110:38.389933:27.186452,pharmacy,Pharmacy,SEÇIL ESER ECZANESİ,38.389933,27.186452,EVKA 1,,YAVUZ SULTAN SELIM CAD.ADATEPE MAH. NO: 218/A,02324426835,,,2026-09-20T07:31:15.702Z,COMPLETE_FOR_MAPPABLE_ROWS,api,Tüm eczaneler,https://acikveri.bizizmir.com/dataset/nobetci-eczaneler-ve-eczane-listesi,CC BY 4.0,İzmir Büyükşehir Belediyesi Açık Veri Portalı
pharmacy:111:38.4787:27.119,pharmacy,Pharmacy,ARDA ISIK ECZANESİ,38.4787,27.119,GÜMÜŞPALA,,1847/26 SOK.NO:5/C,02323631359,,,2026-09-20T07:31:15.702Z,COMPLETE_FOR_MAPPABLE_ROWS,api,Tüm eczaneler,https://acikveri.bizizmir.com/dataset/nobetci-eczaneler-ve-eczane-listesi,CC BY 4.0,İzmir Büyükşehir Belediyesi Açık Veri Portalı
pharmacy:112:38.4238209692653:27.1967459066483,pharmacy,Pharmacy,BALKAN,38.4238209692653,27.1967459066483,ALTINDAĞ,,304 Sk. 27/1 Kandere,4570032,,,2026-09-20T07:31:15.702Z,COMPLETE_FOR_MAPPABLE_ROWS,api,Tüm eczaneler,https://acikveri.bizizmir.com/dataset/nobetci-eczaneler-ve-eczane-listesi,CC BY 4.0,İzmir Büyükşehir Belediyesi Açık Veri Portalı
pharmacy:113:38.464739:27.178539,pharmacy,Pharmacy,PINAR ECZANESİ,38.464739,27.178539,BORNOVA 3,,TEPEKULE MAH. 2084/8 SOK. NO:31/A,02323734030,,,2026-09-20T07:31:15.702Z,COMPLETE_FOR_MAPPABLE_ROWS,api,Tüm eczaneler,https://acikveri.bizizmir.com/dataset/nobetci-eczaneler-ve-eczane-listesi,CC BY 4.0,İzmir Büyükşehir Belediyesi Açık Veri Portalı
pharmacy:114:38.371341:27.154549,pharmacy,Pharmacy,GÖKSU USLU ECZANESİ,38.371341,27.154549,GEDİZ,,YEŞİLBAĞLAR MAH. 289/48 SOK. NO:51/B-C,02322751111,,,2026-09-20T07:31:15.702Z,COMPLETE_FOR_MAPPABLE_ROWS,api,Tüm eczaneler,https://acikveri.bizizmir.com/dataset/nobetci-eczaneler-ve-eczane-listesi,CC BY 4.0,İzmir Büyükşehir Belediyesi Açık Veri Portalı
pharmacy:115:38.396566:27.113339,pharmacy,Pharmacy,BURAK ECZANESİ,38.396566,27.113339,YEŞİLYURT,,ESENLİK MAH. ANT CAD. NO:15/A,02322618757,,,2026-09-20T07:31:15.702Z,COMPLETE_FOR_MAPPABLE_ROWS,api,Tüm eczaneler,https://acikveri.bizizmir.com/dataset/nobetci-eczaneler-ve-eczane-listesi,CC BY 4.0,İzmir Büyükşehir Belediyesi Açık Veri Portalı
pharmacy:116:38.461616:27.191105,pharmacy,Pharmacy,TÜLÜN ECZANESİ,38.461616,27.191105,BORNOVA 3,,MANAVKUYU MAH. 275/2 SOK. A BLOK NO:12,02323435012,,,2026-09-20T07:31:15.702Z,COMPLETE_FOR_MAPPABLE_ROWS,api,Tüm eczaneler,https://acikveri.bizizmir.com/dataset/nobetci-eczaneler-ve-eczane-listesi,CC BY 4.0,İzmir Büyükşehir Belediyesi Açık Veri Portalı
pharmacy:117:38.393637:27.036236,pharmacy,Pharmacy,YENI UMUT ECZANESİ,38.393637,27.036236,İNCİRALTI,,MITHATPASA CAD. NO:271/K BALÇOVA,02322598888,,,2026-09-20T07:31:15.702Z,COMPLETE_FOR_MAPPABLE_ROWS,api,Tüm eczaneler,https://acikveri.bizizmir.com/dataset/nobetci-eczaneler-ve-eczane-listesi,CC BY 4.0,İzmir Büyükşehir Belediyesi Açık Veri Portalı
pharmacy:118:38.385653:27.057399,pharmacy,Pharmacy,EGE ILKER ECZANESİ,38.385653,27.057399,BALÇOVA,,FEVZIÇAKMAK MH.CENGIZ TOPEL SOK.NO:11,02322786565,,,2026-09-20T07:31:15.702Z,COMPLETE_FOR_MAPPABLE_ROWS,api,Tüm eczaneler,https://acikveri.bizizmir.com/dataset/nobetci-eczaneler-ve-eczane-listesi,CC BY 4.0,İzmir Büyükşehir Belediyesi Açık Veri Portalı
pharmacy:119:38.37792:26.890067,pharmacy,Pharmacy,GÜZELBAHÇE SAGLIK ECZANESİ,38.37792,26.890067,GÜZELBAHÇE,,YALI MAH. MITHATPASA CAD.NO:126/B GÜZELBAHÇE/IZMIR,02322341713,,,2026-09-20T07:31:15.702Z,COMPLETE_FOR_MAPPABLE_ROWS,api,Tüm eczaneler,https://acikveri.bizizmir.com/dataset/nobetci-eczaneler-ve-eczane-listesi,CC BY 4.0,İzmir Büyükşehir Belediyesi Açık Veri Portalı
pharmacy:120:38.362637:27.148668,pharmacy,Pharmacy,ÜMRAN ECZANESİ,38.362637,27.148668,GEDİZ,,GÖKSU MH. GAZATECİ YAZAR İSMAİL SİVRİ BULV. NO:356/A,02322758600,,,2026-09-20T07:31:15.702Z,COMPLETE_FOR_MAPPABLE_ROWS,api,Tüm eczaneler,https://acikveri.bizizmir.com/dataset/nobetci-eczaneler-ve-eczane-listesi,CC BY 4.0,İzmir Büyükşehir Belediyesi Açık Veri Portalı
pharmacy:122:38.399543:27.192093,pharmacy,Pharmacy,YEDIGÖLLER ECZANESİ,38.399543,27.192093,EVKA 1,,KAZAKİSTAN CD. NO:2/A,02324403797,,,2026-09-20T07:31:15.702Z,COMPLETE_FOR_MAPPABLE_ROWS,api,Tüm eczaneler,https://acikveri.bizizmir.com/dataset/nobetci-eczaneler-ve-eczane-listesi,CC BY 4.0,İzmir Büyükşehir Belediyesi Açık Veri Portalı
pharmacy:124:38.423142:27.162524,pharmacy,Pharmacy,SEÇİL ECZANESİ,38.423142,27.162524,YENİŞEHİR,,GÜNEY MAH. GAZİLER CAD. NO:448,02324583321,,,2026-09-20T07:31:15.702Z,COMPLETE_FOR_MAPPABLE_ROWS,api,Tüm eczaneler,https://acikveri.bizizmir.com/dataset/nobetci-eczaneler-ve-eczane-listesi,CC BY 4.0,İzmir Büyükşehir Belediyesi Açık Veri Portalı
pharmacy:125:38.489977:27.213867,pharmacy,Pharmacy,EDA DENİZ ECZANESİ,38.489977,27.213867,ATATÜRK,,EVKA-4 MAH. 1027 SOK. 96 BLOK NO:29/A,02323516016,,,2026-09-20T07:31:15.702Z,COMPLETE_FOR_MAPPABLE_ROWS,api,Tüm eczaneler,https://acikveri.bizizmir.com/dataset/nobetci-eczaneler-ve-eczane-listesi,CC BY 4.0,İzmir Büyükşehir Belediyesi Açık Veri Portalı
pharmacy:126:38.360673:27.144805,pharmacy,Pharmacy,FARUK ECZANESİ,38.360673,27.144805,GEDİZ,,İNÖNÜ MAH. 682/13 SOK. NO:1/A,02322756868,,,2026-09-20T07:31:15.702Z,COMPLETE_FOR_MAPPABLE_ROWS,api,Tüm eczaneler,https://acikveri.bizizmir.com/dataset/nobetci-eczaneler-ve-eczane-listesi,CC BY 4.0,İzmir Büyükşehir Belediyesi Açık Veri Portalı
pharmacy:127:38.360529:27.145054,pharmacy,Pharmacy,AKTI ECZANESİ,38.360529,27.145054,GEDİZ,,İNÖNÜ MAH. 682/4 SOK. NO:16/1,02322760904,,,2026-09-20T07:31:15.702Z,COMPLETE_FOR_MAPPABLE_ROWS,api,Tüm eczaneler,https://acikveri.bizizmir.com/dataset/nobetci-eczaneler-ve-eczane-listesi,CC BY 4.0,İzmir Büyükşehir Belediyesi Açık Veri Portalı
pharmacy:128:38.434643:27.206462,pharmacy,Pharmacy,ÇERÇEVIK ECZANESİ,38.434643,27.206462,ÇAMDİBİ,,4049 SOK.NO:61/A YESILOVA MAH.,02324351941,,,2026-09-20T07:31:15.702Z,COMPLETE_FOR_MAPPABLE_ROWS,api,Tüm eczaneler,https://acikveri.bizizmir.com/dataset/nobetci-eczaneler-ve-eczane-listesi,CC BY 4.0,İzmir Büyükşehir Belediyesi Açık Veri Portalı
pharmacy:129:38.465173:27.209783,pharmacy,Pharmacy,DOGUCAN ECZANESİ,38.465173,27.209783,BORNOVA 2,,ERGENE MAH. YÜZBASI IBRAHIM HAKKI CAD.NO:105/1 BORNOVA,02323745888,,,2026-09-20T07:31:15.702Z,COMPLETE_FOR_MAPPABLE_ROWS,api,Tüm eczaneler,https://acikveri.bizizmir.com/dataset/nobetci-eczaneler-ve-eczane-listesi,CC BY 4.0,İzmir Büyükşehir Belediyesi Açık Veri Portalı
pharmacy:130:38.435089:27.181087,pharmacy,Pharmacy,ELÇIN ECZANESİ,38.435089,27.181087,ÇAMDİBİ,,5401/2 SOK. NO:7/A ÇAMDIBI,02324863566,,,2026-09-20T07:31:15.702Z,COMPLETE_FOR_MAPPABLE_ROWS,api,Tüm eczaneler,https://acikveri.bizizmir.com/dataset/nobetci-eczaneler-ve-eczane-listesi,CC BY 4.0,İzmir Büyükşehir Belediyesi Açık Veri Portalı
pharmacy:131:38.485667:27.053735,pharmacy,Pharmacy,ÖZEN ECZANESİ,38.485667,27.053735,ÇİĞLİ,,ATAŞEHİR MAH. NAZIM HİKMET RAN BULVARI NO:65/A,02323763236,,,2026-09-20T07:31:15.702Z,COMPLETE_FOR_MAPPABLE_ROWS,api,Tüm eczaneler,https://acikveri.bizizmir.com/dataset/nobetci-eczaneler-ve-eczane-listesi,CC BY 4.0,İzmir Büyükşehir Belediyesi Açık Veri Portalı
pharmacy:132:38.506455:27.062836,pharmacy,Pharmacy,YAPAROĞLU ECZANESİ,38.506455,27.062836,ÇİĞLİ,,8845/2 SOKAK NO:2/D EGEKENT,02323761024,,,2026-09-20T07:31:15.702Z,COMPLETE_FOR_MAPPABLE_ROWS,api,Tüm eczaneler,https://acikveri.bizizmir.com/dataset/nobetci-eczaneler-ve-eczane-listesi,CC BY 4.0,İzmir Büyükşehir Belediyesi Açık Veri Portalı
pharmacy:133:38.5038:27.0588,pharmacy,Pharmacy,EGELI ECZANESİ,38.5038,27.0588,ÇİĞLİ,,8823 SOKAK NO:9/A EGEKENT-ÇIGLI/IZMIR,02323765232,,,2026-09-20T07:31:15.702Z,COMPLETE_FOR_MAPPABLE_ROWS,api,Tüm eczaneler,https://acikveri.bizizmir.com/dataset/nobetci-eczaneler-ve-eczane-listesi,CC BY 4.0,İzmir Büyükşehir Belediyesi Açık Veri Portalı
pharmacy:134:38.504129:27.057714,pharmacy,Pharmacy,YENİKENT ECZANESİ,38.504129,27.057714,ÇİĞLİ,,8819 SOKAK NO:55/B EGEKENT,02323763643,,,2026-09-20T07:31:15.702Z,COMPLETE_FOR_MAPPABLE_ROWS,api,Tüm eczaneler,https://acikveri.bizizmir.com/dataset/nobetci-eczaneler-ve-eczane-listesi,CC BY 4.0,İzmir Büyükşehir Belediyesi Açık Veri Portalı
pharmacy:135:38.469893:27.166664,pharmacy,Pharmacy,ÖZYIGIT ECZANESİ,38.469893,27.166664,BAYRAKLI,,ALPARSLAN MAH. 1620/15 SOKAK NO:1/A BAYRAKLI,02323457436,,,2026-09-20T07:31:15.702Z,COMPLETE_FOR_MAPPABLE_ROWS,api,Tüm eczaneler,https://acikveri.bizizmir.com/dataset/nobetci-eczaneler-ve-eczane-listesi,CC BY 4.0,İzmir Büyükşehir Belediyesi Açık Veri Portalı
pharmacy:136:38.373483:27.163122,pharmacy,Pharmacy,AKSU ECZANESİ,38.373483,27.163122,BUCA 2,,YENİGÜN MH. 222/14 SK. NO:3/A,02322761770,,,2026-09-20T07:31:15.702Z,COMPLETE_FOR_MAPPABLE_ROWS,api,Tüm eczaneler,https://acikveri.bizizmir.com/dataset/nobetci-eczaneler-ve-eczane-listesi,CC BY 4.0,İzmir Büyükşehir Belediyesi Açık Veri Portalı
pharmacy:137:38.424404:27.167263,pharmacy,Pharmacy,İLKE ECZANESİ,38.424404,27.167263,YENİŞEHİR,,YENİŞEHİR MAH. GAZİLER CAD. NO:341/C,02324333645,,,2026-09-20T07:31:15.702Z,COMPLETE_FOR_MAPPABLE_ROWS,api,Tüm eczaneler,https://acikveri.bizizmir.com/dataset/nobetci-eczaneler-ve-eczane-listesi,CC BY 4.0,İzmir Büyükşehir Belediyesi Açık Veri Portalı
pharmacy:138:38.4593876579419:27.2056265341547,pharmacy,Pharmacy,BORNOVA TAN,38.4593876579419,27.2056265341547,BORNOVA 2,,Kazım Dirik Mh. 213 Sk. No:31/A 5 Nolu ASM ve Kurtuluş Parkı karşısı,3889919,,,2026-09-20T07:31:15.702Z,COMPLETE_FOR_MAPPABLE_ROWS,api,Tüm eczaneler,https://acikveri.bizizmir.com/dataset/nobetci-eczaneler-ve-eczane-listesi,CC BY 4.0,İzmir Büyükşehir Belediyesi Açık Veri Portalı
pharmacy:139:38.376286:27.180172,pharmacy,Pharmacy,HAYAT ECZANESİ,38.376286,27.180172,BUCA 2,,ATATÜRK MAH. 206/13 SOK. NO:7,02324535453,,,2026-09-20T07:31:15.702Z,COMPLETE_FOR_MAPPABLE_ROWS,api,Tüm eczaneler,https://acikveri.bizizmir.com/dataset/nobetci-eczaneler-ve-eczane-listesi,CC BY 4.0,İzmir Büyükşehir Belediyesi Açık Veri Portalı
pharmacy:140:38.464071:27.206464,pharmacy,Pharmacy,BORNOVA ORDU ECZANESİ,38.464071,27.206464,BORNOVA 2,,KAZIM DİRİK MAH. FATİH SULTAN MEHMET CAD. NO:3/A,02323421363,,,2026-09-20T07:31:15.702Z,COMPLETE_FOR_MAPPABLE_ROWS,api,Tüm eczaneler,https://acikveri.bizizmir.com/dataset/nobetci-eczaneler-ve-eczane-listesi,CC BY 4.0,İzmir Büyükşehir Belediyesi Açık Veri Portalı
pharmacy:141:38.376224:27.180122,pharmacy,Pharmacy,CEYLAN ECZANESİ,38.376224,27.180122,BUCA 2,,ATATÜRK MH. 206/13 SOK. NO:5/B,02324541651,,,2026-09-20T07:31:15.702Z,COMPLETE_FOR_MAPPABLE_ROWS,api,Tüm eczaneler,https://acikveri.bizizmir.com/dataset/nobetci-eczaneler-ve-eczane-listesi,CC BY 4.0,İzmir Büyükşehir Belediyesi Açık Veri Portalı
pharmacy:142:38.395972:27.175862,pharmacy,Pharmacy,YENİ HANDAN ECZANESİ,38.395972,27.175862,EVKA 1,,YAYLACIK MH. GAZİOSMANPAŞA CD.NO:128/B,02324400205,,,2026-09-20T07:31:15.702Z,COMPLETE_FOR_MAPPABLE_ROWS,api,Tüm eczaneler,https://acikveri.bizizmir.com/dataset/nobetci-eczaneler-ve-eczane-listesi,CC BY 4.0,İzmir Büyükşehir Belediyesi Açık Veri Portalı
pharmacy:143:38.4079723401976:27.126762078105,pharmacy,Pharmacy,UYAN,38.4079723401976,27.126762078105,EŞREFPAŞA,,499 SK NO 19/A Bayramyeri Durağı Arka Sokağı,2566879,,,2026-09-20T07:31:15.702Z,COMPLETE_FOR_MAPPABLE_ROWS,api,Tüm eczaneler,https://acikveri.bizizmir.com/dataset/nobetci-eczaneler-ve-eczane-listesi,CC BY 4.0,İzmir Büyükşehir Belediyesi Açık Veri Portalı
pharmacy:144:38.395989:27.175815,pharmacy,Pharmacy,BUCA FATİH ECZANESİ,38.395989,27.175815,EVKA 1,,YAYLACIK MH. GAZIOSMANPASA CAD. NO:128/A,02324408987,,,2026-09-20T07:31:15.702Z,COMPLETE_FOR_MAPPABLE_ROWS,api,Tüm eczaneler,https://acikveri.bizizmir.com/dataset/nobetci-eczaneler-ve-eczane-listesi,CC BY 4.0,İzmir Büyükşehir Belediyesi Açık Veri Portalı
pharmacy:145:38.297352:27.167773,pharmacy,Pharmacy,AGAH ECZANESİ,38.297352,27.167773,SARNIÇ,,MENDERES MAH.BÜYÜK MENDERES CAD.NO.59/B SARNIÇ,02322812219,,,2026-09-20T07:31:15.702Z,COMPLETE_FOR_MAPPABLE_ROWS,api,Tüm eczaneler,https://acikveri.bizizmir.com/dataset/nobetci-eczaneler-ve-eczane-listesi,CC BY 4.0,İzmir Büyükşehir Belediyesi Açık Veri Portalı
pharmacy:146:38.419611:27.167068,pharmacy,Pharmacy,YENİ ZEYTİNLİK ECZANESİ,38.419611,27.167068,GÜLTEPE,,LEVENT MAH. BARBAROS HAYRETTİN PAŞA CAD. NO:12/A,02324330707,,,2026-09-20T07:31:15.702Z,COMPLETE_FOR_MAPPABLE_ROWS,api,Tüm eczaneler,https://acikveri.bizizmir.com/dataset/nobetci-eczaneler-ve-eczane-listesi,CC BY 4.0,İzmir Büyükşehir Belediyesi Açık Veri Portalı
pharmacy:147:38.422834:27.19537,pharmacy,Pharmacy,ECZANE EVREN ECZANESİ,38.422834,27.19537,ALTINDAĞ,,SERİNTEPE MH. 4321 SK. NO:2/C,02324691762,,,2026-09-20T07:31:15.702Z,COMPLETE_FOR_MAPPABLE_ROWS,api,Tüm eczaneler,https://acikveri.bizizmir.com/dataset/nobetci-eczaneler-ve-eczane-listesi,CC BY 4.0,İzmir Büyükşehir Belediyesi Açık Veri Portalı
pharmacy:148:38.414806:27.173618,pharmacy,Pharmacy,DOGANGÜN ECZANESİ,38.414806,27.173618,GÜLTEPE,,ZEYBEK MAH. GAZIPASA CAD. NO:129/C GÜLTEPE,02324572550,,,2026-09-20T07:31:15.702Z,COMPLETE_FOR_MAPPABLE_ROWS,api,Tüm eczaneler,https://acikveri.bizizmir.com/dataset/nobetci-eczaneler-ve-eczane-listesi,CC BY 4.0,İzmir Büyükşehir Belediyesi Açık Veri Portalı
pharmacy:149:38.394177:27.057863,pharmacy,Pharmacy,DERELI ECZANESİ,38.394177,27.057863,BALÇOVA,,ONUR MAH.ATA CAD. NO:12/B,02322596697,,,2026-09-20T07:31:15.702Z,COMPLETE_FOR_MAPPABLE_ROWS,api,Tüm eczaneler,https://acikveri.bizizmir.com/dataset/nobetci-eczaneler-ve-eczane-listesi,CC BY 4.0,İzmir Büyükşehir Belediyesi Açık Veri Portalı
pharmacy:151:38.416089:27.173057,pharmacy,Pharmacy,ÇAREM ECZANESİ,38.416089,27.173057,GÜLTEPE,,ZEYBEK MH. SELİMİYE CD. NO:34/C,02324570750,,,2026-09-20T07:31:15.702Z,COMPLETE_FOR_MAPPABLE_ROWS,api,Tüm eczaneler,https://acikveri.bizizmir.com/dataset/nobetci-eczaneler-ve-eczane-listesi,CC BY 4.0,İzmir Büyükşehir Belediyesi Açık Veri Portalı
pharmacy:152:38.414952:27.173701,pharmacy,Pharmacy,GÜLTEPE RENKLI ECZANESİ,38.414952,27.173701,GÜLTEPE,,GAZIPASA CAD.137/A ZEYBEK MAH.NO:137/A,02324575774,,,2026-09-20T07:31:15.702Z,COMPLETE_FOR_MAPPABLE_ROWS,api,Tüm eczaneler,https://acikveri.bizizmir.com/dataset/nobetci-eczaneler-ve-eczane-listesi,CC BY 4.0,İzmir Büyükşehir Belediyesi Açık Veri Portalı
pharmacy:153:38.231601:28.207382,pharmacy,Pharmacy,BİR EYLÜL ECZANESİ,38.231601,28.207382,KİRAZ,,ISTIKLAL MAH.SABIT ARLI CD. NO. 63/A,02325722697,,,2026-09-20T07:31:15.702Z,COMPLETE_FOR_MAPPABLE_ROWS,api,Tüm eczaneler,https://acikveri.bizizmir.com/dataset/nobetci-eczaneler-ve-eczane-listesi,CC BY 4.0,İzmir Büyükşehir Belediyesi Açık Veri Portalı
pharmacy:154:38.43684:27.193636,pharmacy,Pharmacy,BANU ECZANESİ,38.43684,27.193636,ÇAMDİBİ,,BURAK REİS MAH. 5234 SOK. NO:26/A,02324350701,,,2026-09-20T07:31:15.702Z,COMPLETE_FOR_MAPPABLE_ROWS,api,Tüm eczaneler,https://acikveri.bizizmir.com/dataset/nobetci-eczaneler-ve-eczane-listesi,CC BY 4.0,İzmir Büyükşehir Belediyesi Açık Veri Portalı
pharmacy:155:38.382896:27.112482,pharmacy,Pharmacy,ÖZİREM ECZANESİ,38.382896,27.112482,ESKİİZMİR-CENNETÇEŞME,,ALİ FUAT CEBESOY MAH. 9135/4 SOK. NO:13/B ESKİİZMİR,02322262699,,,2026-09-20T07:31:15.702Z,COMPLETE_FOR_MAPPABLE_ROWS,api,Tüm eczaneler,https://acikveri.bizizmir.com/dataset/nobetci-eczaneler-ve-eczane-listesi,CC BY 4.0,İzmir Büyükşehir Belediyesi Açık Veri Portalı
pharmacy:156:38.492132:27.061392,pharmacy,Pharmacy,GÜLGEZE ECZANESİ,38.492132,27.061392,ÇİĞLİ,,ISTASYON ALTI MAH. 8010 SOK. NO: 6/F,02323861515,,,2026-09-20T07:31:15.702Z,COMPLETE_FOR_MAPPABLE_ROWS,api,Tüm eczaneler,https://acikveri.bizizmir.com/dataset/nobetci-eczaneler-ve-eczane-listesi,CC BY 4.0,İzmir Büyükşehir Belediyesi Açık Veri Portalı
pharmacy:157:38:27,pharmacy,Pharmacy,AYLİN ECZANESİ,38,27,ŞİRİNYER,,EFELER MAH. 338 SOK. NO:9/A,02324386090,,,2026-09-20T07:31:15.702Z,COMPLETE_FOR_MAPPABLE_ROWS,api,Tüm eczaneler,https://acikveri.bizizmir.com/dataset/nobetci-eczaneler-ve-eczane-listesi,CC BY 4.0,İzmir Büyükşehir Belediyesi Açık Veri Portalı
pharmacy:158:38.3965:27.1443,pharmacy,Pharmacy,SAKAKLI ECZANESİ,38.3965,27.1443,ŞİRİNYER,,HÜRRIYET MAH.507 SOK. NO:13/A SIRINYER,02324387210,,,2026-09-20T07:31:15.702Z,COMPLETE_FOR_MAPPABLE_ROWS,api,Tüm eczaneler,https://acikveri.bizizmir.com/dataset/nobetci-eczaneler-ve-eczane-listesi,CC BY 4.0,İzmir Büyükşehir Belediyesi Açık Veri Portalı
pharmacy:159:38.395899:27.148457,pharmacy,Pharmacy,ETİ ECZANESİ,38.395899,27.148457,ŞİRİNYER,,HÜRRİYET MAH. MENDERES CAD. NO:307/A,02324870707,,,2026-09-20T07:31:15.702Z,COMPLETE_FOR_MAPPABLE_ROWS,api,Tüm eczaneler,https://acikveri.bizizmir.com/dataset/nobetci-eczaneler-ve-eczane-listesi,CC BY 4.0,İzmir Büyükşehir Belediyesi Açık Veri Portalı
pharmacy:160:38.394892:27.147685,pharmacy,Pharmacy,BUCA IRMAK ECZANESİ,38.394892,27.147685,ŞİRİNYER,,HÜRRIYET MAH. 463/4 SOK. NO:7/A,02324381437,,,2026-09-20T07:31:15.702Z,COMPLETE_FOR_MAPPABLE_ROWS,api,Tüm eczaneler,https://acikveri.bizizmir.com/dataset/nobetci-eczaneler-ve-eczane-listesi,CC BY 4.0,İzmir Büyükşehir Belediyesi Açık Veri Portalı
pharmacy:161:38.388364:27.151482,pharmacy,Pharmacy,MELISSA ECZANESİ,38.388364,27.151482,ŞİRİNYER,,EFELER MAH. KOSUYULU CAD.NO:63/A,02324267888,,,2026-09-20T07:31:15.702Z,COMPLETE_FOR_MAPPABLE_ROWS,api,Tüm eczaneler,https://acikveri.bizizmir.com/dataset/nobetci-eczaneler-ve-eczane-listesi,CC BY 4.0,İzmir Büyükşehir Belediyesi Açık Veri Portalı
pharmacy:162:38.3126:27.1332,pharmacy,Pharmacy,AYDINLI ECZANESİ,38.3126,27.1332,GAZİEMİR,,SEVGİ MAH. 663 SOK. NO:18/101,02322261744,,,2026-09-20T07:31:15.702Z,COMPLETE_FOR_MAPPABLE_ROWS,api,Tüm eczaneler,https://acikveri.bizizmir.com/dataset/nobetci-eczaneler-ve-eczane-listesi,CC BY 4.0,İzmir Büyükşehir Belediyesi Açık Veri Portalı
pharmacy:163:38.302093:27.173455,pharmacy,Pharmacy,NESRİN ECZANESİ,38.302093,27.173455,SARNIÇ,,FATİH MAH. 1099 SOK. NO:70/B SARNIÇ,02322813808,,,2026-09-20T07:31:15.702Z,COMPLETE_FOR_MAPPABLE_ROWS,api,Tüm eczaneler,https://acikveri.bizizmir.com/dataset/nobetci-eczaneler-ve-eczane-listesi,CC BY 4.0,İzmir Büyükşehir Belediyesi Açık Veri Portalı
pharmacy:164:38.3995876279868:27.2058577341188,pharmacy,Pharmacy,GÜLAY,38.3995876279868,27.2058577341188,EVKA 1,,Aydoğdu Mh. 1266 Sk. No:6/B TOKİ Konutları,2903233,,,2026-09-20T07:31:15.702Z,COMPLETE_FOR_MAPPABLE_ROWS,api,Tüm eczaneler,https://acikveri.bizizmir.com/dataset/nobetci-eczaneler-ve-eczane-listesi,CC BY 4.0,İzmir Büyükşehir Belediyesi Açık Veri Portalı
pharmacy:165:38.470134:27.180329,pharmacy,Pharmacy,KARADAĞ ECZANESİ,38.470134,27.180329,BAYRAKLI,,ÇAY MAH. 2108/1 SOK. NO:7/A,02323419490,,,2026-09-20T07:31:15.702Z,COMPLETE_FOR_MAPPABLE_ROWS,api,Tüm eczaneler,https://acikveri.bizizmir.com/dataset/nobetci-eczaneler-ve-eczane-listesi,CC BY 4.0,İzmir Büyükşehir Belediyesi Açık Veri Portalı
pharmacy:166:38.398062:27.165435,pharmacy,Pharmacy,EGE ECZANESİ,38.398062,27.165435,EVKA 1,,UFUK MAH. MEHMETÇIK CAD. NO:6/A,02324268922,,,2026-09-20T07:31:15.702Z,COMPLETE_FOR_MAPPABLE_ROWS,api,Tüm eczaneler,https://acikveri.bizizmir.com/dataset/nobetci-eczaneler-ve-eczane-listesi,CC BY 4.0,İzmir Büyükşehir Belediyesi Açık Veri Portalı
pharmacy:167:38.390152:27.165648,pharmacy,Pharmacy,KILIÇER ECZANESİ,38.390152,27.165648,BUCA 1,,MENDERES MAH. MENDERES CAD. NO:74/C,02322757868,,,2026-09-20T07:31:15.702Z,COMPLETE_FOR_MAPPABLE_ROWS,api,Tüm eczaneler,https://acikveri.bizizmir.com/dataset/nobetci-eczaneler-ve-eczane-listesi,CC BY 4.0,İzmir Büyükşehir Belediyesi Açık Veri Portalı
pharmacy:168:38.428105:27.265947,pharmacy,Pharmacy,TOPRAK ECZANESİ,38.428105,27.265947,PINARBAŞI,,KEMALPASA MAH. PINAR CAD. 3/A PINARBASI,02324790609,,,2026-09-20T07:31:15.702Z,COMPLETE_FOR_MAPPABLE_ROWS,api,Tüm eczaneler,https://acikveri.bizizmir.com/dataset/nobetci-eczaneler-ve-eczane-listesi,CC BY 4.0,İzmir Büyükşehir Belediyesi Açık Veri Portalı
pharmacy:169:38.3852705066344:27.0585714863651,pharmacy,Pharmacy,ATA ECZANESİ,38.3852705066344,27.0585714863651,BALÇOVA,,ÇETIN EMEÇ MAH. ATA CAD. NO:169/D,2322590433,,,2026-09-20T07:31:15.702Z,COMPLETE_FOR_MAPPABLE_ROWS,api,Tüm eczaneler,https://acikveri.bizizmir.com/dataset/nobetci-eczaneler-ve-eczane-listesi,CC BY 4.0,İzmir Büyükşehir Belediyesi Açık Veri Portalı
pharmacy:170:38.2315:28.2071,pharmacy,Pharmacy,ÖZYILMAZ ECZANESİ,38.2315,28.2071,KİRAZ,,u0130STu0130KLAL MAHALLEu0130 SABu0130T ARLI CADDESu0130 NO 57 Ku0130RAZ u0130ZMu0130R,02325722081,,,2026-09-20T07:31:15.702Z,COMPLETE_FOR_MAPPABLE_ROWS,api,Tüm eczaneler,https://acikveri.bizizmir.com/dataset/nobetci-eczaneler-ve-eczane-listesi,CC BY 4.0,İzmir Büyükşehir Belediyesi Açık Veri Portalı
pharmacy:171:38.401308:27.125202,pharmacy,Pharmacy,MAVİ ZAMBAK ECZANESİ,38.401308,27.125202,ÜÇYOL,,BAHAR MAH. HALİDE EDİP ADIVAR CAD. NO:66/F,02322612434,,,2026-09-20T07:31:15.702Z,COMPLETE_FOR_MAPPABLE_ROWS,api,Tüm eczaneler,https://acikveri.bizizmir.com/dataset/nobetci-eczaneler-ve-eczane-listesi,CC BY 4.0,İzmir Büyükşehir Belediyesi Açık Veri Portalı
pharmacy:172:38.396759:27.112286,pharmacy,Pharmacy,GÖZDE ECZANESİ,38.396759,27.112286,YEŞİLYURT,,9033 SOK. NO:21/A YESILYURT,02322454042,,,2026-09-20T07:31:15.702Z,COMPLETE_FOR_MAPPABLE_ROWS,api,Tüm eczaneler,https://acikveri.bizizmir.com/dataset/nobetci-eczaneler-ve-eczane-listesi,CC BY 4.0,İzmir Büyükşehir Belediyesi Açık Veri Portalı
pharmacy:173:38.385654:27.057314,pharmacy,Pharmacy,GÜLBEN ECZANESİ,38.385654,27.057314,BALÇOVA,,FEVZİ ÇAKMAK MAH. CENGİZ TOPEL SOK. NO:11/A,02323457745,,,2026-09-20T07:31:15.702Z,COMPLETE_FOR_MAPPABLE_ROWS,api,Tüm eczaneler,https://acikveri.bizizmir.com/dataset/nobetci-eczaneler-ve-eczane-listesi,CC BY 4.0,İzmir Büyükşehir Belediyesi Açık Veri Portalı
pharmacy:174:38.786764:26.976108,pharmacy,Pharmacy,SERHAT ECZANESİ,38.786764,26.976108,ALİAĞA,,YENI MAH.529 SOK. NO:39/AALIAGA-IZMIR,02326164060,,,2026-09-20T07:31:15.702Z,COMPLETE_FOR_MAPPABLE_ROWS,api,Tüm eczaneler,https://acikveri.bizizmir.com/dataset/nobetci-eczaneler-ve-eczane-listesi,CC BY 4.0,İzmir Büyükşehir Belediyesi Açık Veri Portalı
pharmacy:175:38.787193:26.976301,pharmacy,Pharmacy,ESRA ECZANESİ,38.787193,26.976301,ALİAĞA,,YENI MAH.RUMELI CAD. NO:6/1-A,02326161955,,,2026-09-20T07:31:15.702Z,COMPLETE_FOR_MAPPABLE_ROWS,api,Tüm eczaneler,https://acikveri.bizizmir.com/dataset/nobetci-eczaneler-ve-eczane-listesi,CC BY 4.0,İzmir Büyükşehir Belediyesi Açık Veri Portalı
pharmacy:176:38.787334:26.97617,pharmacy,Pharmacy,ALİAGA DEVA ECZANESİ,38.787334,26.97617,ALİAĞA,,YENI MAH. RUMELI CAD. NO:8/A,02326167999,,,2026-09-20T07:31:15.702Z,COMPLETE_FOR_MAPPABLE_ROWS,api,Tüm eczaneler,https://acikveri.bizizmir.com/dataset/nobetci-eczaneler-ve-eczane-listesi,CC BY 4.0,İzmir Büyükşehir Belediyesi Açık Veri Portalı
pharmacy:177:38.2228:27.649,pharmacy,Pharmacy,OKUR ECZANESİ,38.2228,27.649,BAYINDIR,,CUMHURIYET MEYDANI NO:11 BAYINDIR,02325813135,,,2026-09-20T07:31:15.702Z,COMPLETE_FOR_MAPPABLE_ROWS,api,Tüm eczaneler,https://acikveri.bizizmir.com/dataset/nobetci-eczaneler-ve-eczane-listesi,CC BY 4.0,İzmir Büyükşehir Belediyesi Açık Veri Portalı
pharmacy:178:38.221628:27.649065,pharmacy,Pharmacy,BAYINDIR ECZANESİ,38.221628,27.649065,BAYINDIR,,MİTHATPAŞA MAH. PARK GEÇİDİ CAD.NO 15,02325813206,,,2026-09-20T07:31:15.702Z,COMPLETE_FOR_MAPPABLE_ROWS,api,Tüm eczaneler,https://acikveri.bizizmir.com/dataset/nobetci-eczaneler-ve-eczane-listesi,CC BY 4.0,İzmir Büyükşehir Belediyesi Açık Veri Portalı
pharmacy:179:38.22803:27.64766,pharmacy,Pharmacy,SAĞLIK ECZANESİ,38.22803,27.64766,BAYINDIR,,MİTHATPAŞA MAH. HASTANE CAD. NO:24/A,02325813551,,,2026-09-20T07:31:15.702Z,COMPLETE_FOR_MAPPABLE_ROWS,api,Tüm eczaneler,https://acikveri.bizizmir.com/dataset/nobetci-eczaneler-ve-eczane-listesi,CC BY 4.0,İzmir Büyükşehir Belediyesi Açık Veri Portalı
pharmacy:180:38.2219:27.649,pharmacy,Pharmacy,FILIZ ECZANESİ,38.2219,27.649,BAYINDIR,,HASTANE CA.MITHATPASA MH.NO.9 BAYINDIR,02325813245,,,2026-09-20T07:31:15.702Z,COMPLETE_FOR_MAPPABLE_ROWS,api,Tüm eczaneler,https://acikveri.bizizmir.com/dataset/nobetci-eczaneler-ve-eczane-listesi,CC BY 4.0,İzmir Büyükşehir Belediyesi Açık Veri Portalı
pharmacy:181:38.22133:27.649414,pharmacy,Pharmacy,BAYINDIR PINAR ECZANESİ,38.22133,27.649414,BAYINDIR,,MITHATPASA MAH.HASTANE CAD.NO:16 BAYINDIR,02325814404,,,2026-09-20T07:31:15.702Z,COMPLETE_FOR_MAPPABLE_ROWS,api,Tüm eczaneler,https://acikveri.bizizmir.com/dataset/nobetci-eczaneler-ve-eczane-listesi,CC BY 4.0,İzmir Büyükşehir Belediyesi Açık Veri Portalı
pharmacy:182:38.085103:28.208621,pharmacy,Pharmacy,BEYDAG SIFA ECZANESİ,38.085103,28.208621,BEYDAĞ,,Atatürk Mah.ULUS MEYDANI NO:6/A,02325926018,,,2026-09-20T07:31:15.702Z,COMPLETE_FOR_MAPPABLE_ROWS,api,Tüm eczaneler,https://acikveri.bizizmir.com/dataset/nobetci-eczaneler-ve-eczane-listesi,CC BY 4.0,İzmir Büyükşehir Belediyesi Açık Veri Portalı
pharmacy:183:38.085323:28.208369,pharmacy,Pharmacy,AKTEPE ECZANESİ,38.085323,28.208369,BEYDAĞ,,CUMHURIYET MAH.ULUS MEYDANI NO:20/A BEYDAG,02325927649,,,2026-09-20T07:31:15.702Z,COMPLETE_FOR_MAPPABLE_ROWS,api,Tüm eczaneler,https://acikveri.bizizmir.com/dataset/nobetci-eczaneler-ve-eczane-listesi,CC BY 4.0,İzmir Büyükşehir Belediyesi Açık Veri Portalı
pharmacy:184:38.08495:28.208735,pharmacy,Pharmacy,GÖNEN ECZANESİ,38.08495,28.208735,BEYDAĞ,,ATATÜRK MAH. NAZILLI CAD. NO:18,02325926868,,,2026-09-20T07:31:15.702Z,COMPLETE_FOR_MAPPABLE_ROWS,api,Tüm eczaneler,https://acikveri.bizizmir.com/dataset/nobetci-eczaneler-ve-eczane-listesi,CC BY 4.0,İzmir Büyükşehir Belediyesi Açık Veri Portalı
pharmacy:185:38.085121:28.20933,pharmacy,Pharmacy,İNCİR ECZANESİ,38.085121,28.20933,BEYDAĞ,,ATATÜRK MAH. YUSUF DOĞAN CAD. NO:21,02325929810,,,2026-09-20T07:31:15.702Z,COMPLETE_FOR_MAPPABLE_ROWS,api,Tüm eczaneler,https://acikveri.bizizmir.com/dataset/nobetci-eczaneler-ve-eczane-listesi,CC BY 4.0,İzmir Büyükşehir Belediyesi Açık Veri Portalı
pharmacy:187:38.0743:27.0181,pharmacy,Pharmacy,GÜMÜLDÜR ECZANESİ,38.0743,27.0181,ÖZDERE,,IZMIR CAD.NO:117/D GÜMÜLDÜR,02327931129,,,2026-09-20T07:31:15.702Z,COMPLETE_FOR_MAPPABLE_ROWS,api,Tüm eczaneler,https://acikveri.bizizmir.com/dataset/nobetci-eczaneler-ve-eczane-listesi,CC BY 4.0,İzmir Büyükşehir Belediyesi Açık Veri Portalı
pharmacy:188:38.0106:27.1102,pharmacy,Pharmacy,ÖZTUNA ECZANESİ,38.0106,27.1102,ÖZDERE,,CUMHURIYET MAH. IZMIR CAD.NO:8/C,02327978200,,,2026-09-20T07:31:15.702Z,COMPLETE_FOR_MAPPABLE_ROWS,api,Tüm eczaneler,https://acikveri.bizizmir.com/dataset/nobetci-eczaneler-ve-eczane-listesi,CC BY 4.0,İzmir Büyükşehir Belediyesi Açık Veri Portalı
pharmacy:189:38.0249:27.0854,pharmacy,Pharmacy,OZAN ECZANESİ,38.0249,27.0854,ÖZDERE,,ATATÜRK BLV.NO.199/A,02327974535,,,2026-09-20T07:31:15.702Z,COMPLETE_FOR_MAPPABLE_ROWS,api,Tüm eczaneler,https://acikveri.bizizmir.com/dataset/nobetci-eczaneler-ve-eczane-listesi,CC BY 4.0,İzmir Büyükşehir Belediyesi Açık Veri Portalı
pharmacy:190:38.020104:27.096635,pharmacy,Pharmacy,ÖZDERE MERKEZ ECZANESİ,38.020104,27.096635,ÖZDERE,,ÇUKURALTI MAH. MUSTAFA KEMAL PAŞA BULVARI NO:83/J ÖZDERE,02327978889,,,2026-09-20T07:31:15.702Z,COMPLETE_FOR_MAPPABLE_ROWS,api,Tüm eczaneler,https://acikveri.bizizmir.com/dataset/nobetci-eczaneler-ve-eczane-listesi,CC BY 4.0,İzmir Büyükşehir Belediyesi Açık Veri Portalı
pharmacy:191:38.25549:27.130694,pharmacy,Pharmacy,MENDERES ŞİFA ECZANESİ,38.25549,27.130694,MENDERES,,KASIMPASA MAH. ATATÜRK CD. 75/B,02327821070,,,2026-09-20T07:31:15.702Z,COMPLETE_FOR_MAPPABLE_ROWS,api,Tüm eczaneler,https://acikveri.bizizmir.com/dataset/nobetci-eczaneler-ve-eczane-listesi,CC BY 4.0,İzmir Büyükşehir Belediyesi Açık Veri Portalı
pharmacy:192:38.252632:27.13209,pharmacy,Pharmacy,YAŞAM ECZANESİ,38.252632,27.13209,MENDERES,,KASIMPASA MAH.17/B,02327821377,,,2026-09-20T07:31:15.702Z,COMPLETE_FOR_MAPPABLE_ROWS,api,Tüm eczaneler,https://acikveri.bizizmir.com/dataset/nobetci-eczaneler-ve-eczane-listesi,CC BY 4.0,İzmir Büyükşehir Belediyesi Açık Veri Portalı
pharmacy:193:38.257199:27.130994,pharmacy,Pharmacy,CEM ECZANESİ,38.257199,27.130994,MENDERES,,KEMALPAŞA MAH. ATATÜRK CAD. NO:94/3-A,02327822200,,,2026-09-20T07:31:15.702Z,COMPLETE_FOR_MAPPABLE_ROWS,api,Tüm eczaneler,https://acikveri.bizizmir.com/dataset/nobetci-eczaneler-ve-eczane-listesi,CC BY 4.0,İzmir Büyükşehir Belediyesi Açık Veri Portalı
pharmacy:194:38.257522:27.130821,pharmacy,Pharmacy,AYYILDIZ ECZANESİ,38.257522,27.130821,MENDERES,,KEMALPASA MAH.ATATÜRK CAD.NO:96/A,02327827335,,,2026-09-20T07:31:15.702Z,COMPLETE_FOR_MAPPABLE_ROWS,api,Tüm eczaneler,https://acikveri.bizizmir.com/dataset/nobetci-eczaneler-ve-eczane-listesi,CC BY 4.0,İzmir Büyükşehir Belediyesi Açık Veri Portalı
pharmacy:195:38.256562:27.130985,pharmacy,Pharmacy,BÜYÜK MENDERES ECZANESİ,38.256562,27.130985,MENDERES,,ATATÜRK CD. KEMALPASA MAH. 103 SK. NO:90/1,02327826090,,,2026-09-20T07:31:15.702Z,COMPLETE_FOR_MAPPABLE_ROWS,api,Tüm eczaneler,https://acikveri.bizizmir.com/dataset/nobetci-eczaneler-ve-eczane-listesi,CC BY 4.0,İzmir Büyükşehir Belediyesi Açık Veri Portalı
pharmacy:199:38.326756:26.310576,pharmacy,Pharmacy,GÖZDE ECZANESİ,38.326756,26.310576,ÇEŞME,,INKILAP CAD.2001 SOK.NO:107/E,02327120440,,,2026-09-20T07:31:15.702Z,COMPLETE_FOR_MAPPABLE_ROWS,api,Tüm eczaneler,https://acikveri.bizizmir.com/dataset/nobetci-eczaneler-ve-eczane-listesi,CC BY 4.0,İzmir Büyükşehir Belediyesi Açık Veri Portalı
pharmacy:201:39.071014:26.888399,pharmacy,Pharmacy,BADEMLİ ECZANESİ,39.071014,26.888399,DİKİLİ,,ISMETPASA MAH. 13.SOKAK NO:43,02326719396,,,2026-09-20T07:31:15.702Z,COMPLETE_FOR_MAPPABLE_ROWS,api,Tüm eczaneler,https://acikveri.bizizmir.com/dataset/nobetci-eczaneler-ve-eczane-listesi,CC BY 4.0,İzmir Büyükşehir Belediyesi Açık Veri Portalı
pharmacy:202:39.070748:26.889568,pharmacy,Pharmacy,DAGLI ECZANESİ,39.070748,26.889568,DİKİLİ,,İSMETPAŞA MH. ADNAN MENDERES CD. 9 SK. NO:31/B,02326718188,,,2026-09-20T07:31:15.702Z,COMPLETE_FOR_MAPPABLE_ROWS,api,Tüm eczaneler,https://acikveri.bizizmir.com/dataset/nobetci-eczaneler-ve-eczane-listesi,CC BY 4.0,İzmir Büyükşehir Belediyesi Açık Veri Portalı
pharmacy:203:39.070989:26.888162,pharmacy,Pharmacy,BIRSEN ECZANESİ,39.070989,26.888162,DİKİLİ,,ISMET PASA MAH S.SAMI AKBULUT CAD. NO:46/A DIKILI/IZMIR,02326713510,,,2026-09-20T07:31:15.702Z,COMPLETE_FOR_MAPPABLE_ROWS,api,Tüm eczaneler,https://acikveri.bizizmir.com/dataset/nobetci-eczaneler-ve-eczane-listesi,CC BY 4.0,İzmir Büyükşehir Belediyesi Açık Veri Portalı
pharmacy:204:39.0709324541699:26.8881343829696,pharmacy,Pharmacy,ÖZLEM,39.0709324541699,26.8881343829696,DİKİLİ,,Ş. SAMİ AKBULUT CD NO 48/A,6714129,,,2026-09-20T07:31:15.702Z,COMPLETE_FOR_MAPPABLE_ROWS,api,Tüm eczaneler,https://acikveri.bizizmir.com/dataset/nobetci-eczaneler-ve-eczane-listesi,CC BY 4.0,İzmir Büyükşehir Belediyesi Açık Veri Portalı
pharmacy:205:39.071753:26.888731,pharmacy,Pharmacy,DİKİLİ YAMAN ECZANESİ,39.071753,26.888731,DİKİLİ,,Ş.SAMİ AKBULUT CD. NO:35/E,02326717881,,,2026-09-20T07:31:15.702Z,COMPLETE_FOR_MAPPABLE_ROWS,api,Tüm eczaneler,https://acikveri.bizizmir.com/dataset/nobetci-eczaneler-ve-eczane-listesi,CC BY 4.0,İzmir Büyükşehir Belediyesi Açık Veri Portalı
pharmacy:206:38.231234:28.205193,pharmacy,Pharmacy,KİRAZ ECZANESİ,38.231234,28.205193,KİRAZ,,ISTIKLAL MH. SABIT ARLI CD.43/B,02325723018,,,2026-09-20T07:31:15.702Z,COMPLETE_FOR_MAPPABLE_ROWS,api,Tüm eczaneler,https://acikveri.bizizmir.com/dataset/nobetci-eczaneler-ve-eczane-listesi,CC BY 4.0,İzmir Büyükşehir Belediyesi Açık Veri Portalı
pharmacy:207:38.6712:26.7551,pharmacy,Pharmacy,YAĞIZ ECZANESİ,38.6712,26.7551,ESKİ FOÇA,,ISMETPASA MH. REHA MİDİLLİ CD. 92/A,02328127707,,,2026-09-20T07:31:15.702Z,COMPLETE_FOR_MAPPABLE_ROWS,api,Tüm eczaneler,https://acikveri.bizizmir.com/dataset/nobetci-eczaneler-ve-eczane-listesi,CC BY 4.0,İzmir Büyükşehir Belediyesi Açık Veri Portalı
pharmacy:208:38.668328:26.754356,pharmacy,Pharmacy,BEGÜM ECZANESİ,38.668328,26.754356,ESKİ FOÇA,,ATATÜRK MAH. 115 SOK. NO:32,02328126035,,,2026-09-20T07:31:15.702Z,COMPLETE_FOR_MAPPABLE_ROWS,api,Tüm eczaneler,https://acikveri.bizizmir.com/dataset/nobetci-eczaneler-ve-eczane-listesi,CC BY 4.0,İzmir Büyükşehir Belediyesi Açık Veri Portalı
pharmacy:209:38.662838:26.758022,pharmacy,Pharmacy,FOÇA ECZANESİ,38.662838,26.758022,ESKİ FOÇA,,ATATÜRK MAH. 9 SOK. NO:24/A ESKİ FOÇA,02328121999,,,2026-09-20T07:31:15.702Z,COMPLETE_FOR_MAPPABLE_ROWS,api,Tüm eczaneler,https://acikveri.bizizmir.com/dataset/nobetci-eczaneler-ve-eczane-listesi,CC BY 4.0,İzmir Büyükşehir Belediyesi Açık Veri Portalı
pharmacy:210:38.667541:26.754681,pharmacy,Pharmacy,SUDE ECZANESİ,38.667541,26.754681,ESKİ FOÇA,,ATATÜRK MAH. REHA MIDILLI CAD. NO:17/A FOÇA,02328127219,,,2026-09-20T07:31:15.702Z,COMPLETE_FOR_MAPPABLE_ROWS,api,Tüm eczaneler,https://acikveri.bizizmir.com/dataset/nobetci-eczaneler-ve-eczane-listesi,CC BY 4.0,İzmir Büyükşehir Belediyesi Açık Veri Portalı
pharmacy:211:38.669366:26.755239,pharmacy,Pharmacy,TALATPASA ECZANESİ,38.669366,26.755239,ESKİ FOÇA,,FEVZIPASA MAH. 210 SOKAK NO:22/A,02328127700,,,2026-09-20T07:31:15.702Z,COMPLETE_FOR_MAPPABLE_ROWS,api,Tüm eczaneler,https://acikveri.bizizmir.com/dataset/nobetci-eczaneler-ve-eczane-listesi,CC BY 4.0,İzmir Büyükşehir Belediyesi Açık Veri Portalı
pharmacy:212:38.740882:26.837295,pharmacy,Pharmacy,KIVANÇ ECZANESİ,38.740882,26.837295,YENİ FOÇA,,GIRNE CAD. NO:18 YENİ FOÇA,02328146031,,,2026-09-20T07:31:15.702Z,COMPLETE_FOR_MAPPABLE_ROWS,api,Tüm eczaneler,https://acikveri.bizizmir.com/dataset/nobetci-eczaneler-ve-eczane-listesi,CC BY 4.0,İzmir Büyükşehir Belediyesi Açık Veri Portalı
pharmacy:213:38.746184:26.830172,pharmacy,Pharmacy,YENİCE ECZANESİ,38.746184,26.830172,YENİ FOÇA,,HİLAL SOK NO 2/A YENİFOÇA,02328147146,,,2026-09-20T07:31:15.702Z,COMPLETE_FOR_MAPPABLE_ROWS,api,Tüm eczaneler,https://acikveri.bizizmir.com/dataset/nobetci-eczaneler-ve-eczane-listesi,CC BY 4.0,İzmir Büyükşehir Belediyesi Açık Veri Portalı
pharmacy:214:38.738804:26.838447,pharmacy,Pharmacy,YAGMUR ECZANESİ,38.738804,26.838447,YENİ FOÇA,,ATATÜRK MAH. IZMIR CAD. NO:87/D,02328148615,,,2026-09-20T07:31:15.702Z,COMPLETE_FOR_MAPPABLE_ROWS,api,Tüm eczaneler,https://acikveri.bizizmir.com/dataset/nobetci-eczaneler-ve-eczane-listesi,CC BY 4.0,İzmir Büyükşehir Belediyesi Açık Veri Portalı
pharmacy:215:38.738668:26.839345,pharmacy,Pharmacy,AKPINAR ECZANESİ,38.738668,26.839345,YENİ FOÇA,,MUSTAFA KEMAL ATATÜRK MH.İZMİR CD. NO:77 FOÇA İZMİR,02328148200,,,2026-09-20T07:31:15.702Z,COMPLETE_FOR_MAPPABLE_ROWS,api,Tüm eczaneler,https://acikveri.bizizmir.com/dataset/nobetci-eczaneler-ve-eczane-listesi,CC BY 4.0,İzmir Büyükşehir Belediyesi Açık Veri Portalı
pharmacy:216:38.636037:26.510373,pharmacy,Pharmacy,YENI KARABURUN ECZANESİ,38.636037,26.510373,KARABURUN,,MERKEZ MAH.NO:1 KARABURUN,02327312403,,,2026-09-20T07:31:15.702Z,COMPLETE_FOR_MAPPABLE_ROWS,api,Tüm eczaneler,https://acikveri.bizizmir.com/dataset/nobetci-eczaneler-ve-eczane-listesi,CC BY 4.0,İzmir Büyükşehir Belediyesi Açık Veri Portalı
pharmacy:217:38.6377137048418:26.5127023325101,pharmacy,Pharmacy,ILKYARDIM ECZANESİ,38.6377137048418,26.5127023325101,KARABURUN,,İSKELE MH. KEPEZ CD. NO:22/1,02327314340,,,2026-09-20T07:31:15.702Z,COMPLETE_FOR_MAPPABLE_ROWS,api,Tüm eczaneler,https://acikveri.bizizmir.com/dataset/nobetci-eczaneler-ve-eczane-listesi,CC BY 4.0,İzmir Büyükşehir Belediyesi Açık Veri Portalı
pharmacy:218:38.634972:26.522727,pharmacy,Pharmacy,SAADET ECZANESİ,38.634972,26.522727,KARABURUN,,İSKELE MH. KEPEZ CD. NO:19/A,02327313397,,,2026-09-20T07:31:15.702Z,COMPLETE_FOR_MAPPABLE_ROWS,api,Tüm eczaneler,https://acikveri.bizizmir.com/dataset/nobetci-eczaneler-ve-eczane-listesi,CC BY 4.0,İzmir Büyükşehir Belediyesi Açık Veri Portalı
pharmacy:219:38.517947:26.625422,pharmacy,Pharmacy,MORDOGAN EGE ECZANESİ,38.517947,26.625422,MORDOĞAN,,MORDOĞAN MH. FATİH CD. NO:10,02327375520,,,2026-09-20T07:31:15.702Z,COMPLETE_FOR_MAPPABLE_ROWS,api,Tüm eczaneler,https://acikveri.bizizmir.com/dataset/nobetci-eczaneler-ve-eczane-listesi,CC BY 4.0,İzmir Büyükşehir Belediyesi Açık Veri Portalı
pharmacy:220:38.5183:26.6256,pharmacy,Pharmacy,BARAN ECZANESİ,38.5183,26.6256,MORDOĞAN,,FATIH CD.NO.2/B MORDOGAN,02327378744,,,2026-09-20T07:31:15.702Z,COMPLETE_FOR_MAPPABLE_ROWS,api,Tüm eczaneler,https://acikveri.bizizmir.com/dataset/nobetci-eczaneler-ve-eczane-listesi,CC BY 4.0,İzmir Büyükşehir Belediyesi Açık Veri Portalı
pharmacy:221:38.427801:27.416547,pharmacy,Pharmacy,DAMLA ECZANESİ,38.427801,27.416547,KEMALPAŞA,,ATATÜRK BULV. NO:9/F,02328781473,,,2026-09-20T07:31:15.702Z,COMPLETE_FOR_MAPPABLE_ROWS,api,Tüm eczaneler,https://acikveri.bizizmir.com/dataset/nobetci-eczaneler-ve-eczane-listesi,CC BY 4.0,İzmir Büyükşehir Belediyesi Açık Veri Portalı
pharmacy:222:38.426981:27.418128,pharmacy,Pharmacy,YENİ MERKEZ ECZANESİ,38.426981,27.418128,KEMALPAŞA,,SOĞUKPINAR MAH. ATATÜRK BULVARI NO:12/4,02328781890,,,2026-09-20T07:31:15.702Z,COMPLETE_FOR_MAPPABLE_ROWS,api,Tüm eczaneler,https://acikveri.bizizmir.com/dataset/nobetci-eczaneler-ve-eczane-listesi,CC BY 4.0,İzmir Büyükşehir Belediyesi Açık Veri Portalı
pharmacy:223:38.42982:27.413719,pharmacy,Pharmacy,TEZER ECZANESİ,38.42982,27.413719,KEMALPAŞA,,8 EYLÜL MAH. 135 SOK. NO:6/A,02328787848,,,2026-09-20T07:31:15.702Z,COMPLETE_FOR_MAPPABLE_ROWS,api,Tüm eczaneler,https://acikveri.bizizmir.com/dataset/nobetci-eczaneler-ve-eczane-listesi,CC BY 4.0,İzmir Büyükşehir Belediyesi Açık Veri Portalı
pharmacy:224:38.429998:27.412054,pharmacy,Pharmacy,NIF ECZANESİ,38.429998,27.412054,KEMALPAŞA,,134 SOKAK NO:9/AKEMALPASA-IZMIR,02328784366,,,2026-09-20T07:31:15.702Z,COMPLETE_FOR_MAPPABLE_ROWS,api,Tüm eczaneler,https://acikveri.bizizmir.com/dataset/nobetci-eczaneler-ve-eczane-listesi,CC BY 4.0,İzmir Büyükşehir Belediyesi Açık Veri Portalı
pharmacy:225:38.431092:27.417932,pharmacy,Pharmacy,YENI MERCAN ECZANESİ,38.431092,27.417932,KEMALPAŞA,,mehmet akif ersoy mah. 157 sok. no:39/a,02328785606,,,2026-09-20T07:31:15.702Z,COMPLETE_FOR_MAPPABLE_ROWS,api,Tüm eczaneler,https://acikveri.bizizmir.com/dataset/nobetci-eczaneler-ve-eczane-listesi,CC BY 4.0,İzmir Büyükşehir Belediyesi Açık Veri Portalı
pharmacy:226:38.4300999637889:27.4121032892426,pharmacy,Pharmacy,ECZANE CAN,38.4300999637889,27.4121032892426,KEMALPAŞA,,134 SK NO 11/A,8789216,,,2026-09-20T07:31:15.702Z,COMPLETE_FOR_MAPPABLE_ROWS,api,Tüm eczaneler,https://acikveri.bizizmir.com/dataset/nobetci-eczaneler-ve-eczane-listesi,CC BY 4.0,İzmir Büyükşehir Belediyesi Açık Veri Portalı
pharmacy:227:38.428815:27.411968,pharmacy,Pharmacy,GÖKDENIZ ECZANESİ,38.428815,27.411968,KEMALPAŞA,,ATATÜRK MAH.İZMİR CAD. NO:51 KEMALPASA-IZMIR,02328784454,,,2026-09-20T07:31:15.702Z,COMPLETE_FOR_MAPPABLE_ROWS,api,Tüm eczaneler,https://acikveri.bizizmir.com/dataset/nobetci-eczaneler-ve-eczane-listesi,CC BY 4.0,İzmir Büyükşehir Belediyesi Açık Veri Portalı
pharmacy:228:39.087112:27.383226,pharmacy,Pharmacy,ÖZÇIMENLI ECZANESİ,39.087112,27.383226,KINIK,,TÜRKCEDIT MAH. ATATÜRK CAD. NO:144/AKINIK/IZMIR,02326874342,,,2026-09-20T07:31:15.702Z,COMPLETE_FOR_MAPPABLE_ROWS,api,Tüm eczaneler,https://acikveri.bizizmir.com/dataset/nobetci-eczaneler-ve-eczane-listesi,CC BY 4.0,İzmir Büyükşehir Belediyesi Açık Veri Portalı
pharmacy:229:39.087166:27.382832,pharmacy,Pharmacy,SAVRAN ECZANESİ,39.087166,27.382832,KINIK,,TÜRKCEDIT MAH. ATAÜRK CAD. NO:142/E KINIK/IZMIR,02326871097,,,2026-09-20T07:31:15.702Z,COMPLETE_FOR_MAPPABLE_ROWS,api,Tüm eczaneler,https://acikveri.bizizmir.com/dataset/nobetci-eczaneler-ve-eczane-listesi,CC BY 4.0,İzmir Büyükşehir Belediyesi Açık Veri Portalı
pharmacy:230:39.08691:27.382753,pharmacy,Pharmacy,KINIK ECZANESİ,39.08691,27.382753,KINIK,,CUMHURIYET CAD. NO:1/G KINIK,02326871073,,,2026-09-20T07:31:15.702Z,COMPLETE_FOR_MAPPABLE_ROWS,api,Tüm eczaneler,https://acikveri.bizizmir.com/dataset/nobetci-eczaneler-ve-eczane-listesi,CC BY 4.0,İzmir Büyükşehir Belediyesi Açık Veri Portalı
pharmacy:231:39.087162:27.383935,pharmacy,Pharmacy,TOKER ECZANESİ,39.087162,27.383935,KINIK,,TÜRKCEDİT MAH. TURAN GÜNEŞ CAD. NO:2/B,02326871166,,,2026-09-20T07:31:15.702Z,COMPLETE_FOR_MAPPABLE_ROWS,api,Tüm eczaneler,https://acikveri.bizizmir.com/dataset/nobetci-eczaneler-ve-eczane-listesi,CC BY 4.0,İzmir Büyükşehir Belediyesi Açık Veri Portalı
pharmacy:232:38.231383:28.206862,pharmacy,Pharmacy,ORHANLAR ECZANESİ,38.231383,28.206862,KİRAZ,,CUMHURu0130YET MH.SABIT ARLI CAD. 46B,02325724366,,,2026-09-20T07:31:15.702Z,COMPLETE_FOR_MAPPABLE_ROWS,api,Tüm eczaneler,https://acikveri.bizizmir.com/dataset/nobetci-eczaneler-ve-eczane-listesi,CC BY 4.0,İzmir Büyükşehir Belediyesi Açık Veri Portalı
pharmacy:233:38.231617:28.207707,pharmacy,Pharmacy,YAŞAM ECZANESİ,38.231617,28.207707,KİRAZ,,u0130STu0130KLAL MAH. SABu0130T ARLI CAD. NO:69,02325724430,,,2026-09-20T07:31:15.702Z,COMPLETE_FOR_MAPPABLE_ROWS,api,Tüm eczaneler,https://acikveri.bizizmir.com/dataset/nobetci-eczaneler-ve-eczane-listesi,CC BY 4.0,İzmir Büyükşehir Belediyesi Açık Veri Portalı
pharmacy:234:38.2309:28.2036,pharmacy,Pharmacy,SAĞLIK ECZANESİ,38.2309,28.2036,KİRAZ,,CUMHURİYET MAH. SABİT ARLI CAD. NO:22/C,02325723409,,,2026-09-20T07:31:15.702Z,COMPLETE_FOR_MAPPABLE_ROWS,api,Tüm eczaneler,https://acikveri.bizizmir.com/dataset/nobetci-eczaneler-ve-eczane-listesi,CC BY 4.0,İzmir Büyükşehir Belediyesi Açık Veri Portalı
pharmacy:235:38.231748:28.207751,pharmacy,Pharmacy,DEVA ECZANESİ,38.231748,28.207751,KİRAZ,,HOCA IBRAHIM CD.3,02325723162,,,2026-09-20T07:31:15.702Z,COMPLETE_FOR_MAPPABLE_ROWS,api,Tüm eczaneler,https://acikveri.bizizmir.com/dataset/nobetci-eczaneler-ve-eczane-listesi,CC BY 4.0,İzmir Büyükşehir Belediyesi Açık Veri Portalı
pharmacy:236:38.193558:26.837887,pharmacy,Pharmacy,LEVENT AŞÇIOĞLU ECZANESİ,38.193558,26.837887,SEFERİHİSAR,,HIDIRLIK MAH. İNÖNÜ CAD. NO:14/A,02327433737,,,2026-09-20T07:31:15.702Z,COMPLETE_FOR_MAPPABLE_ROWS,api,Tüm eczaneler,https://acikveri.bizizmir.com/dataset/nobetci-eczaneler-ve-eczane-listesi,CC BY 4.0,İzmir Büyükşehir Belediyesi Açık Veri Portalı
pharmacy:237:38.194902:26.836549,pharmacy,Pharmacy,ASLI ECZANESİ,38.194902,26.836549,SEFERİHİSAR,,HIDIRLIK MAH.ATATÜRK CD.41/A,02327433747,,,2026-09-20T07:31:15.702Z,COMPLETE_FOR_MAPPABLE_ROWS,api,Tüm eczaneler,https://acikveri.bizizmir.com/dataset/nobetci-eczaneler-ve-eczane-listesi,CC BY 4.0,İzmir Büyükşehir Belediyesi Açık Veri Portalı
pharmacy:238:38.193899:26.838481,pharmacy,Pharmacy,CANSU ECZANESİ,38.193899,26.838481,SEFERİHİSAR,,HIDIRLIK MH. KURTULUŞ CD. NO:2,02327434331,,,2026-09-20T07:31:15.702Z,COMPLETE_FOR_MAPPABLE_ROWS,api,Tüm eczaneler,https://acikveri.bizizmir.com/dataset/nobetci-eczaneler-ve-eczane-listesi,CC BY 4.0,İzmir Büyükşehir Belediyesi Açık Veri Portalı
pharmacy:239:38.195983:26.842544,pharmacy,Pharmacy,İLKCAN ECZANESİ,38.195983,26.842544,SEFERİHİSAR,,TURABİYE MAH. 52/4 SOK. NO:39/B,02327432323,,,2026-09-20T07:31:15.702Z,COMPLETE_FOR_MAPPABLE_ROWS,api,Tüm eczaneler,https://acikveri.bizizmir.com/dataset/nobetci-eczaneler-ve-eczane-listesi,CC BY 4.0,İzmir Büyükşehir Belediyesi Açık Veri Portalı
pharmacy:240:38.19545:26.837957,pharmacy,Pharmacy,AKKAYA ECZANESİ,38.19545,26.837957,SEFERİHİSAR,,CAMİKEBİR MH. 50 SK. NO:1/A SEFERİHİSAR İZMİR,02327434678,,,2026-09-20T07:31:15.702Z,COMPLETE_FOR_MAPPABLE_ROWS,api,Tüm eczaneler,https://acikveri.bizizmir.com/dataset/nobetci-eczaneler-ve-eczane-listesi,CC BY 4.0,İzmir Büyükşehir Belediyesi Açık Veri Portalı
pharmacy:241:37.948987:27.371315,pharmacy,Pharmacy,ITIR ECZANESİ,37.948987,27.371315,SELÇUK,,ATATÜRK MAH.TAHSIN BASARAN CAD. 3/1A,02328926227,,,2026-09-20T07:31:15.702Z,COMPLETE_FOR_MAPPABLE_ROWS,api,Tüm eczaneler,https://acikveri.bizizmir.com/dataset/nobetci-eczaneler-ve-eczane-listesi,CC BY 4.0,İzmir Büyükşehir Belediyesi Açık Veri Portalı
pharmacy:242:37.948792:27.371288,pharmacy,Pharmacy,SIFA ECZANESİ,37.948792,27.371288,SELÇUK,,ATAÜRK MAH. TAHSIN BASARANCAD. NO:3/A,02328926137,,,2026-09-20T07:31:15.702Z,COMPLETE_FOR_MAPPABLE_ROWS,api,Tüm eczaneler,https://acikveri.bizizmir.com/dataset/nobetci-eczaneler-ve-eczane-listesi,CC BY 4.0,İzmir Büyükşehir Belediyesi Açık Veri Portalı
pharmacy:243:37.947196:27.367789,pharmacy,Pharmacy,EFES ECZANESİ,37.947196,27.367789,SELÇUK,,ATATÜRK MAH. 1067 SOKAK NO:1/A,02328926835,,,2026-09-20T07:31:15.702Z,COMPLETE_FOR_MAPPABLE_ROWS,api,Tüm eczaneler,https://acikveri.bizizmir.com/dataset/nobetci-eczaneler-ve-eczane-listesi,CC BY 4.0,İzmir Büyükşehir Belediyesi Açık Veri Portalı
pharmacy:244:37.949355:27.370781,pharmacy,Pharmacy,KESKIN ECZANESİ,37.949355,27.370781,SELÇUK,,ATATÜRK MH. KIZILAY CD.22/B,02328926275,,,2026-09-20T07:31:15.702Z,COMPLETE_FOR_MAPPABLE_ROWS,api,Tüm eczaneler,https://acikveri.bizizmir.com/dataset/nobetci-eczaneler-ve-eczane-listesi,CC BY 4.0,İzmir Büyükşehir Belediyesi Açık Veri Portalı
pharmacy:245:37.9479005965835:27.3698043030897,pharmacy,Pharmacy,PELİN,37.9479005965835,27.3698043030897,SELÇUK,,ATATÜRK MH ŞAHABETTİN DEDE CD NO 3,8929572,,,2026-09-20T07:31:15.702Z,COMPLETE_FOR_MAPPABLE_ROWS,api,Tüm eczaneler,https://acikveri.bizizmir.com/dataset/nobetci-eczaneler-ve-eczane-listesi,CC BY 4.0,İzmir Büyükşehir Belediyesi Açık Veri Portalı
pharmacy:246:37.949209:27.370274,pharmacy,Pharmacy,ÇUKUROVA ECZANESİ,37.949209,27.370274,SELÇUK,,ATATÜRK MAH. KIZILAY CAD. NO:24,02328928115,,,2026-09-20T07:31:15.702Z,COMPLETE_FOR_MAPPABLE_ROWS,api,Tüm eczaneler,https://acikveri.bizizmir.com/dataset/nobetci-eczaneler-ve-eczane-listesi,CC BY 4.0,İzmir Büyükşehir Belediyesi Açık Veri Portalı
pharmacy:247:37.948376:27.370079,pharmacy,Pharmacy,KALBIM ECZANESİ,37.948376,27.370079,SELÇUK,,ATATÜRK MAH. 1013 SOKAK NO:4/C,02328920816,,,2026-09-20T07:31:15.702Z,COMPLETE_FOR_MAPPABLE_ROWS,api,Tüm eczaneler,https://acikveri.bizizmir.com/dataset/nobetci-eczaneler-ve-eczane-listesi,CC BY 4.0,İzmir Büyükşehir Belediyesi Açık Veri Portalı
pharmacy:248:38.237697:27.279912,pharmacy,Pharmacy,ARTI ECZANESİ,38.237697,27.279912,AYRANCILAR,,INÖNÜ MAH. 129 SOKAK. NO:6/A,02328548088,,,2026-09-20T07:31:15.702Z,COMPLETE_FOR_MAPPABLE_ROWS,api,Tüm eczaneler,https://acikveri.bizizmir.com/dataset/nobetci-eczaneler-ve-eczane-listesi,CC BY 4.0,İzmir Büyükşehir Belediyesi Açık Veri Portalı
pharmacy:249:38.2437:27.2771,pharmacy,Pharmacy,BİZİM ECZANESİ,38.2437,27.2771,AYRANCILAR,,AYRANCILAR MAH. 74 SOK. NO:29/A,02324837336,,,2026-09-20T07:31:15.702Z,COMPLETE_FOR_MAPPABLE_ROWS,api,Tüm eczaneler,https://acikveri.bizizmir.com/dataset/nobetci-eczaneler-ve-eczane-listesi,CC BY 4.0,İzmir Büyükşehir Belediyesi Açık Veri Portalı
pharmacy:250:38.243643:27.276732,pharmacy,Pharmacy,BAHRİYE ECZANESİ,38.243643,27.276732,AYRANCILAR,,AYRANCILAR MH. 83 SK. NO:24/A,02328540607,,,2026-09-20T07:31:15.702Z,COMPLETE_FOR_MAPPABLE_ROWS,api,Tüm eczaneler,https://acikveri.bizizmir.com/dataset/nobetci-eczaneler-ve-eczane-listesi,CC BY 4.0,İzmir Büyükşehir Belediyesi Açık Veri Portalı
pharmacy:251:38.322108:26.766026,pharmacy,Pharmacy,MERKEZ ECZANESİ,38.322108,26.766026,URLA,,YENİ MAH. ZAFER CAD. NO:43,02327545171,,,2026-09-20T07:31:15.702Z,COMPLETE_FOR_MAPPABLE_ROWS,api,Tüm eczaneler,https://acikveri.bizizmir.com/dataset/nobetci-eczaneler-ve-eczane-listesi,CC BY 4.0,İzmir Büyükşehir Belediyesi Açık Veri Portalı
pharmacy:252:38.322595:26.766954,pharmacy,Pharmacy,GÜNENÇ ECZANESİ,38.322595,26.766954,URLA,,CAMIATIK MH.ZAFER CD.NO.13,02327544999,,,2026-09-20T07:31:15.702Z,COMPLETE_FOR_MAPPABLE_ROWS,api,Tüm eczaneler,https://acikveri.bizizmir.com/dataset/nobetci-eczaneler-ve-eczane-listesi,CC BY 4.0,İzmir Büyükşehir Belediyesi Açık Veri Portalı
pharmacy:253:38.322144:26.767952,pharmacy,Pharmacy,ÇINAR ECZANESİ,38.322144,26.767952,URLA,,YELALTI MAH. MUSTAFA KEMAL PAŞA CAD. NO:21/A,02327541935,,,2026-09-20T07:31:15.702Z,COMPLETE_FOR_MAPPABLE_ROWS,api,Tüm eczaneler,https://acikveri.bizizmir.com/dataset/nobetci-eczaneler-ve-eczane-listesi,CC BY 4.0,İzmir Büyükşehir Belediyesi Açık Veri Portalı
pharmacy:254:38.324094:26.765388,pharmacy,Pharmacy,URLA ECZANESİ,38.324094,26.765388,URLA,,HACI İSA MAH. NECATİ CUMALI CAD. NO:18/C,02327546494,,,2026-09-20T07:31:15.702Z,COMPLETE_FOR_MAPPABLE_ROWS,api,Tüm eczaneler,https://acikveri.bizizmir.com/dataset/nobetci-eczaneler-ve-eczane-listesi,CC BY 4.0,İzmir Büyükşehir Belediyesi Açık Veri Portalı
pharmacy:255:38.3226714347276:26.7676501951844,pharmacy,Pharmacy,DENİZ,38.3226714347276,26.7676501951844,URLA,,KEMALPAŞA CD NO 9,7541433,,,2026-09-20T07:31:15.702Z,COMPLETE_FOR_MAPPABLE_ROWS,api,Tüm eczaneler,https://acikveri.bizizmir.com/dataset/nobetci-eczaneler-ve-eczane-listesi,CC BY 4.0,İzmir Büyükşehir Belediyesi Açık Veri Portalı
pharmacy:256:38.6088:27.072,pharmacy,Pharmacy,BEYHAN ECZANESİ,38.6088,27.072,MENEMEN,,ATATÜRK CAD. NO:19,02328322696,,,2026-09-20T07:31:15.702Z,COMPLETE_FOR_MAPPABLE_ROWS,api,Tüm eczaneler,https://acikveri.bizizmir.com/dataset/nobetci-eczaneler-ve-eczane-listesi,CC BY 4.0,İzmir Büyükşehir Belediyesi Açık Veri Portalı
pharmacy:257:38.602631:27.074714,pharmacy,Pharmacy,EMİRALEM ECZANESİ,38.602631,27.074714,MENEMEN,,ESATPASA MAH.ATATÜRK CAD.NO:144 MENEMEN/IZMIR,02328321433,,,2026-09-20T07:31:15.702Z,COMPLETE_FOR_MAPPABLE_ROWS,api,Tüm eczaneler,https://acikveri.bizizmir.com/dataset/nobetci-eczaneler-ve-eczane-listesi,CC BY 4.0,İzmir Büyükşehir Belediyesi Açık Veri Portalı
pharmacy:258:38.609309:27.070864,pharmacy,Pharmacy,ISIK ECZANESİ,38.609309,27.070864,MENEMEN,,KASIMPASA MAH.ATATÜRK CAD. NO:6,02328320967,,,2026-09-20T07:31:15.702Z,COMPLETE_FOR_MAPPABLE_ROWS,api,Tüm eczaneler,https://acikveri.bizizmir.com/dataset/nobetci-eczaneler-ve-eczane-listesi,CC BY 4.0,İzmir Büyükşehir Belediyesi Açık Veri Portalı
pharmacy:259:38.6092:27.0715,pharmacy,Pharmacy,YENİ OGUZ ECZANESİ,38.6092,27.0715,MENEMEN,,KASIMPASA MAH.ATATÜRK CAD. NO:18/A,02328327478,,,2026-09-20T07:31:15.702Z,COMPLETE_FOR_MAPPABLE_ROWS,api,Tüm eczaneler,https://acikveri.bizizmir.com/dataset/nobetci-eczaneler-ve-eczane-listesi,CC BY 4.0,İzmir Büyükşehir Belediyesi Açık Veri Portalı
pharmacy:260:38.610915:27.070606,pharmacy,Pharmacy,DÖNMEZ ECZANESİ,38.610915,27.070606,MENEMEN,,SEHIT AYCAN AKSOY CAD. NO:26/A MENEMEN,02328311522,,,2026-09-20T07:31:15.702Z,COMPLETE_FOR_MAPPABLE_ROWS,api,Tüm eczaneler,https://acikveri.bizizmir.com/dataset/nobetci-eczaneler-ve-eczane-listesi,CC BY 4.0,İzmir Büyükşehir Belediyesi Açık Veri Portalı
pharmacy:261:38.6084:27.0651,pharmacy,Pharmacy,SIFA ECZANESİ,38.6084,27.0651,MENEMEN,,MITHATPASA CAD. NO:1 MENEMEN,02328321066,,,2026-09-20T07:31:15.702Z,COMPLETE_FOR_MAPPABLE_ROWS,api,Tüm eczaneler,https://acikveri.bizizmir.com/dataset/nobetci-eczaneler-ve-eczane-listesi,CC BY 4.0,İzmir Büyükşehir Belediyesi Açık Veri Portalı
pharmacy:262:38.087198:27.733665,pharmacy,Pharmacy,TIRE NILAY ECZANESİ,38.087198,27.733665,TİRE,,YENI MAH.ATATÜRK CAD.NO:39,02325110312,,,2026-09-20T07:31:15.702Z,COMPLETE_FOR_MAPPABLE_ROWS,api,Tüm eczaneler,https://acikveri.bizizmir.com/dataset/nobetci-eczaneler-ve-eczane-listesi,CC BY 4.0,İzmir Büyükşehir Belediyesi Açık Veri Portalı
pharmacy:263:38.086954:27.733128,pharmacy,Pharmacy,ESİN ECZANESİ,38.086954,27.733128,TİRE,,YENİ MAH. BELEDİYE HANI CAD. NO:15/D,02325121278,,,2026-09-20T07:31:15.702Z,COMPLETE_FOR_MAPPABLE_ROWS,api,Tüm eczaneler,https://acikveri.bizizmir.com/dataset/nobetci-eczaneler-ve-eczane-listesi,CC BY 4.0,İzmir Büyükşehir Belediyesi Açık Veri Portalı
pharmacy:264:38.088951:27.740875,pharmacy,Pharmacy,TİRE ECZANESİ,38.088951,27.740875,TİRE,,IPEKÇILER MAH. GÖKÇENEFE CAD. 15,02325116162,,,2026-09-20T07:31:15.702Z,COMPLETE_FOR_MAPPABLE_ROWS,api,Tüm eczaneler,https://acikveri.bizizmir.com/dataset/nobetci-eczaneler-ve-eczane-listesi,CC BY 4.0,İzmir Büyükşehir Belediyesi Açık Veri Portalı
pharmacy:265:38.088148:27.732991,pharmacy,Pharmacy,DUYGU ECZANESİ,38.088148,27.732991,TİRE,,YENİ MAH. ATATÜRK CAD. NO:21/A,02325111920,,,2026-09-20T07:31:15.702Z,COMPLETE_FOR_MAPPABLE_ROWS,api,Tüm eczaneler,https://acikveri.bizizmir.com/dataset/nobetci-eczaneler-ve-eczane-listesi,CC BY 4.0,İzmir Büyükşehir Belediyesi Açık Veri Portalı
pharmacy:266:38.086866:27.732747,pharmacy,Pharmacy,TİRE KÖSEOĞLU ECZANESİ,38.086866,27.732747,TİRE,,CUMHURIYET MAH.AYDINOGLU CAD.NO:22/A,02325115854,,,2026-09-20T07:31:15.702Z,COMPLETE_FOR_MAPPABLE_ROWS,api,Tüm eczaneler,https://acikveri.bizizmir.com/dataset/nobetci-eczaneler-ve-eczane-listesi,CC BY 4.0,İzmir Büyükşehir Belediyesi Açık Veri Portalı
pharmacy:267:38.095852:27.728659,pharmacy,Pharmacy,GÜLBİN ECZANESİ,38.095852,27.728659,TİRE,,HÜRRIYET MAH. FAIK TOKLUOGLU BULV.NO:10/A,02325110102,,,2026-09-20T07:31:15.702Z,COMPLETE_FOR_MAPPABLE_ROWS,api,Tüm eczaneler,https://acikveri.bizizmir.com/dataset/nobetci-eczaneler-ve-eczane-listesi,CC BY 4.0,İzmir Büyükşehir Belediyesi Açık Veri Portalı
pharmacy:268:38.100177:27.724447,pharmacy,Pharmacy,ÖYKÜ BERIL ECZANESİ,38.100177,27.724447,TİRE,,ATATÜRK MAH.SAMANYOLU SOK.NO.2/C,02325124581,,,2026-09-20T07:31:15.702Z,COMPLETE_FOR_MAPPABLE_ROWS,api,Tüm eczaneler,https://acikveri.bizizmir.com/dataset/nobetci-eczaneler-ve-eczane-listesi,CC BY 4.0,İzmir Büyükşehir Belediyesi Açık Veri Portalı
pharmacy:269:38.233358:27.965234,pharmacy,Pharmacy,KARDELEN ECZANESİ,38.233358,27.965234,ÖDEMİŞ,,MİMAR SİNAN MAH. GEDİZ CAD. NO:40/A,02325457848,,,2026-09-20T07:31:15.702Z,COMPLETE_FOR_MAPPABLE_ROWS,api,Tüm eczaneler,https://acikveri.bizizmir.com/dataset/nobetci-eczaneler-ve-eczane-listesi,CC BY 4.0,İzmir Büyükşehir Belediyesi Açık Veri Portalı
pharmacy:270:38.2185:27.9591,pharmacy,Pharmacy,BATI ECZANESİ,38.2185,27.9591,ÖDEMİŞ,,ÜÇ EYLÜL MAH.2021 SOK.NO:4,02325990803,,,2026-09-20T07:31:15.702Z,COMPLETE_FOR_MAPPABLE_ROWS,api,Tüm eczaneler,https://acikveri.bizizmir.com/dataset/nobetci-eczaneler-ve-eczane-listesi,CC BY 4.0,İzmir Büyükşehir Belediyesi Açık Veri Portalı
pharmacy:271:38.143324:27.366716,pharmacy,Pharmacy,TEPEKÖY ECZANESİ,38.143324,27.366716,TORBALI,,TEPEKÖY MH. AYDIN CD. NO:334/D,02328562515,,,2026-09-20T07:31:15.702Z,COMPLETE_FOR_MAPPABLE_ROWS,api,Tüm eczaneler,https://acikveri.bizizmir.com/dataset/nobetci-eczaneler-ve-eczane-listesi,CC BY 4.0,İzmir Büyükşehir Belediyesi Açık Veri Portalı
pharmacy:272:38.43309:27.19871,pharmacy,Pharmacy,AYFER ECZANESİ,38.43309,27.19871,ÇAMDİBİ,,GAZİOSMANPAŞA MH.5546 SK NO 8/A,02324670017,,,2026-09-20T07:31:15.702Z,COMPLETE_FOR_MAPPABLE_ROWS,api,Tüm eczaneler,https://acikveri.bizizmir.com/dataset/nobetci-eczaneler-ve-eczane-listesi,CC BY 4.0,İzmir Büyükşehir Belediyesi Açık Veri Portalı
pharmacy:273:39.1157:27.1769,pharmacy,Pharmacy,ÖZÇOBAN ECZANESİ,39.1157,27.1769,BERGAMA,,ERTUGRUL MAH. MUSTAFA YAZICI CAD. NO:7 BERGAMA-IZMIR,02326325016,,,2026-09-20T07:31:15.702Z,COMPLETE_FOR_MAPPABLE_ROWS,api,Tüm eczaneler,https://acikveri.bizizmir.com/dataset/nobetci-eczaneler-ve-eczane-listesi,CC BY 4.0,İzmir Büyükşehir Belediyesi Açık Veri Portalı
pharmacy:274:39.11949:27.178467,pharmacy,Pharmacy,EMNİYET ECZANESİ,39.11949,27.178467,BERGAMA,,BARBAROS MAH. BANKALAR CAD. NO:3,02326331573,,,2026-09-20T07:31:15.702Z,COMPLETE_FOR_MAPPABLE_ROWS,api,Tüm eczaneler,https://acikveri.bizizmir.com/dataset/nobetci-eczaneler-ve-eczane-listesi,CC BY 4.0,İzmir Büyükşehir Belediyesi Açık Veri Portalı
pharmacy:275:39.120605:27.179393,pharmacy,Pharmacy,MERKEZ ECZANESİ,39.120605,27.179393,BERGAMA,,BARBAROS MAH. BANKALAR CAD. NO:41/A BERGAMA/IZMIR,02326331068,,,2026-09-20T07:31:15.702Z,COMPLETE_FOR_MAPPABLE_ROWS,api,Tüm eczaneler,https://acikveri.bizizmir.com/dataset/nobetci-eczaneler-ve-eczane-listesi,CC BY 4.0,İzmir Büyükşehir Belediyesi Açık Veri Portalı
pharmacy:276:39.118243:27.177448,pharmacy,Pharmacy,KERMES ECZANESİ,39.118243,27.177448,BERGAMA,,ERTUĞRUL MAH. CUMHURİYET CAD. NO:41,02326331520,,,2026-09-20T07:31:15.702Z,COMPLETE_FOR_MAPPABLE_ROWS,api,Tüm eczaneler,https://acikveri.bizizmir.com/dataset/nobetci-eczaneler-ve-eczane-listesi,CC BY 4.0,İzmir Büyükşehir Belediyesi Açık Veri Portalı
pharmacy:277:39.115992:27.175478,pharmacy,Pharmacy,ŞAFAK ECZANESİ,39.115992,27.175478,BERGAMA,,ZAFER MAH.HASTANE YOKUSU CAD.NO:2/C BERGAMA/IZMIR,02326310706,,,2026-09-20T07:31:15.702Z,COMPLETE_FOR_MAPPABLE_ROWS,api,Tüm eczaneler,https://acikveri.bizizmir.com/dataset/nobetci-eczaneler-ve-eczane-listesi,CC BY 4.0,İzmir Büyükşehir Belediyesi Açık Veri Portalı
pharmacy:278:38.658643:26.764642,pharmacy,Pharmacy,AYŞIN ECZANESİ,38.658643,26.764642,ESKİ FOÇA,,ATATÜRK MAH. 99 SK. NO:28/75,02328127071,,,2026-09-20T07:31:15.702Z,COMPLETE_FOR_MAPPABLE_ROWS,api,Tüm eczaneler,https://acikveri.bizizmir.com/dataset/nobetci-eczaneler-ve-eczane-listesi,CC BY 4.0,İzmir Büyükşehir Belediyesi Açık Veri Portalı
pharmacy:279:38.427995:27.266125,pharmacy,Pharmacy,YILMAZ ECZANESİ,38.427995,27.266125,PINARBAŞI,,PINARBASI MEYD. NO:8/A,02324790022,,,2026-09-20T07:31:15.702Z,COMPLETE_FOR_MAPPABLE_ROWS,api,Tüm eczaneler,https://acikveri.bizizmir.com/dataset/nobetci-eczaneler-ve-eczane-listesi,CC BY 4.0,İzmir Büyükşehir Belediyesi Açık Veri Portalı
pharmacy:280:38.388299:27.150936,pharmacy,Pharmacy,DAMLA IŞIK ECZANESİ,38.388299,27.150936,ŞİRİNYER,,AKINCILAR MAH.506 SK. 3/A,02324527085,,,2026-09-20T07:31:15.702Z,COMPLETE_FOR_MAPPABLE_ROWS,api,Tüm eczaneler,https://acikveri.bizizmir.com/dataset/nobetci-eczaneler-ve-eczane-listesi,CC BY 4.0,İzmir Büyükşehir Belediyesi Açık Veri Portalı
pharmacy:281:38.396481:27.104704,pharmacy,Pharmacy,SARAÇ ECZANESİ,38.396481,27.104704,YEŞİLYURT,,VATAN MAH. POLAT CAD. NO:107/A,02322455331,,,2026-09-20T07:31:15.702Z,COMPLETE_FOR_MAPPABLE_ROWS,api,Tüm eczaneler,https://acikveri.bizizmir.com/dataset/nobetci-eczaneler-ve-eczane-listesi,CC BY 4.0,İzmir Büyükşehir Belediyesi Açık Veri Portalı
pharmacy:282:38.786292:26.975073,pharmacy,Pharmacy,UFKUM ECZANESİ,38.786292,26.975073,ALİAĞA,,YENI MAH.529 SOK.NO:11/A,02322329064,,,2026-09-20T07:31:15.702Z,COMPLETE_FOR_MAPPABLE_ROWS,api,Tüm eczaneler,https://acikveri.bizizmir.com/dataset/nobetci-eczaneler-ve-eczane-listesi,CC BY 4.0,İzmir Büyükşehir Belediyesi Açık Veri Portalı
pharmacy:283:38.37011:27.194873,pharmacy,Pharmacy,GÜNEŞ ECZANESİ,38.37011,27.194873,BUCA 1,,KURUÇEŞME MAH. AHMET PİRİŞTİNA BLV. NO:84/A,02322275349,,,2026-09-20T07:31:15.702Z,COMPLETE_FOR_MAPPABLE_ROWS,api,Tüm eczaneler,https://acikveri.bizizmir.com/dataset/nobetci-eczaneler-ve-eczane-listesi,CC BY 4.0,İzmir Büyükşehir Belediyesi Açık Veri Portalı
pharmacy:284:38.40068:27.12731,pharmacy,Pharmacy,EGE VİZYON ECZANESİ,38.40068,27.12731,EŞREFPAŞA,,GÜNEŞLİ MAH. HALİDE EDİP ADIVAR CAD. NO:55/B,02322758288,,,2026-09-20T07:31:15.702Z,COMPLETE_FOR_MAPPABLE_ROWS,api,Tüm eczaneler,https://acikveri.bizizmir.com/dataset/nobetci-eczaneler-ve-eczane-listesi,CC BY 4.0,İzmir Büyükşehir Belediyesi Açık Veri Portalı
pharmacy:285:38.434814:27.18109,pharmacy,Pharmacy,SAMANYOLU ECZANESİ,38.434814,27.18109,ÇAMDİBİ,,GAZİ OSMANPAŞA MH. 5401/2 SK. NO:13/A ÇAMDİBİ,02324624971,,,2026-09-20T07:31:15.702Z,COMPLETE_FOR_MAPPABLE_ROWS,api,Tüm eczaneler,https://acikveri.bizizmir.com/dataset/nobetci-eczaneler-ve-eczane-listesi,CC BY 4.0,İzmir Büyükşehir Belediyesi Açık Veri Portalı
pharmacy:286:38.2285:27.980101,pharmacy,Pharmacy,PINAR ECZANESİ,38.2285,27.980101,ÖDEMİŞ,,ATATÜRK MAH. NAMIK KEMAL CAD. NO:2/1-B,02325448855,,,2026-09-20T07:31:15.702Z,COMPLETE_FOR_MAPPABLE_ROWS,api,Tüm eczaneler,https://acikveri.bizizmir.com/dataset/nobetci-eczaneler-ve-eczane-listesi,CC BY 4.0,İzmir Büyükşehir Belediyesi Açık Veri Portalı
pharmacy:287:38.324647:26.303452,pharmacy,Pharmacy,ÖZDEMİR ECZANESİ,38.324647,26.303452,ÇEŞME,,İNÖNÜ MH. 2001 SK.NO:4/B,02327121199,,,2026-09-20T07:31:15.702Z,COMPLETE_FOR_MAPPABLE_ROWS,api,Tüm eczaneler,https://acikveri.bizizmir.com/dataset/nobetci-eczaneler-ve-eczane-listesi,CC BY 4.0,İzmir Büyükşehir Belediyesi Açık Veri Portalı
pharmacy:288:38.467728:27.176828,pharmacy,Pharmacy,HÜLYA ECZANESİ,38.467728,27.176828,BAYRAKLI,,TEPEKULE MH. 2090 SK. NO:2/A,02323632211,,,2026-09-20T07:31:15.702Z,COMPLETE_FOR_MAPPABLE_ROWS,api,Tüm eczaneler,https://acikveri.bizizmir.com/dataset/nobetci-eczaneler-ve-eczane-listesi,CC BY 4.0,İzmir Büyükşehir Belediyesi Açık Veri Portalı
pharmacy:289:38.175542:27.350787,pharmacy,Pharmacy,EZGIM ECZANESİ,38.175542,27.350787,TORBALI,,TORBALI MH. METROPOLİS CD. NO:66/B,02328555580,,,2026-09-20T07:31:15.702Z,COMPLETE_FOR_MAPPABLE_ROWS,api,Tüm eczaneler,https://acikveri.bizizmir.com/dataset/nobetci-eczaneler-ve-eczane-listesi,CC BY 4.0,İzmir Büyükşehir Belediyesi Açık Veri Portalı
pharmacy:290:38.437863:27.208373,pharmacy,Pharmacy,BARIS ECZANESİ,38.437863,27.208373,ÇAMDİBİ,,YEŞİLOVA MH. 4053/2 SK. NO:30/A,02323886224,,,2026-09-20T07:31:15.702Z,COMPLETE_FOR_MAPPABLE_ROWS,api,Tüm eczaneler,https://acikveri.bizizmir.com/dataset/nobetci-eczaneler-ve-eczane-listesi,CC BY 4.0,İzmir Büyükşehir Belediyesi Açık Veri Portalı
pharmacy:291:38.401308:27.126427,pharmacy,Pharmacy,DEDEBAL ECZANESİ,38.401308,27.126427,EŞREFPAŞA,,GÜNEŞLİ MH. 529/1 SK. NO:26/A,02322568887,,,2026-09-20T07:31:15.702Z,COMPLETE_FOR_MAPPABLE_ROWS,api,Tüm eczaneler,https://acikveri.bizizmir.com/dataset/nobetci-eczaneler-ve-eczane-listesi,CC BY 4.0,İzmir Büyükşehir Belediyesi Açık Veri Portalı
pharmacy:292:38.320959:27.129734,pharmacy,Pharmacy,CAN ECZANESİ,38.320959,27.129734,GAZİEMİR,,ATIF BEY MH.6 SK. NO:10/C GAZİEMİR,02322202202,,,2026-09-20T07:31:15.702Z,COMPLETE_FOR_MAPPABLE_ROWS,api,Tüm eczaneler,https://acikveri.bizizmir.com/dataset/nobetci-eczaneler-ve-eczane-listesi,CC BY 4.0,İzmir Büyükşehir Belediyesi Açık Veri Portalı
pharmacy:293:38.321637:27.136382,pharmacy,Pharmacy,YAŞDAL ECZANESİ,38.321637,27.136382,GAZİEMİR,,ATIF BEY MH. ETİLER CD. NO:29/A,02322513505,,,2026-09-20T07:31:15.702Z,COMPLETE_FOR_MAPPABLE_ROWS,api,Tüm eczaneler,https://acikveri.bizizmir.com/dataset/nobetci-eczaneler-ve-eczane-listesi,CC BY 4.0,İzmir Büyükşehir Belediyesi Açık Veri Portalı
pharmacy:294:38.323826:27.135542,pharmacy,Pharmacy,FERAH ECZANESİ,38.323826,27.135542,GAZİEMİR,,ATIF BEY MH. ETİLER CD. NO:6/A,02322524519,,,2026-09-20T07:31:15.702Z,COMPLETE_FOR_MAPPABLE_ROWS,api,Tüm eczaneler,https://acikveri.bizizmir.com/dataset/nobetci-eczaneler-ve-eczane-listesi,CC BY 4.0,İzmir Büyükşehir Belediyesi Açık Veri Portalı
pharmacy:295:38.408659:27.172542,pharmacy,Pharmacy,ŞEN ECZANESİ,38.408659,27.172542,GÜLTEPE,,ADALET CD. NO:41/B,02324333352,,,2026-09-20T07:31:15.702Z,COMPLETE_FOR_MAPPABLE_ROWS,api,Tüm eczaneler,https://acikveri.bizizmir.com/dataset/nobetci-eczaneler-ve-eczane-listesi,CC BY 4.0,İzmir Büyükşehir Belediyesi Açık Veri Portalı
pharmacy:296:38.378132:26.893412,pharmacy,Pharmacy,İSKENDER ECZANESİ,38.378132,26.893412,GÜZELBAHÇE,,YALI MH. MİTHATPAŞA CD. NO:351/B,02322341412,,,2026-09-20T07:31:15.702Z,COMPLETE_FOR_MAPPABLE_ROWS,api,Tüm eczaneler,https://acikveri.bizizmir.com/dataset/nobetci-eczaneler-ve-eczane-listesi,CC BY 4.0,İzmir Büyükşehir Belediyesi Açık Veri Portalı
pharmacy:297:38.29411:27.174643,pharmacy,Pharmacy,ÖZGÜR ECZANESİ,38.29411,27.174643,SARNIÇ,,ATATÜRK MH. 1045/1 SK. NO:5/1A,02322811839,,,2026-09-20T07:31:15.702Z,COMPLETE_FOR_MAPPABLE_ROWS,api,Tüm eczaneler,https://acikveri.bizizmir.com/dataset/nobetci-eczaneler-ve-eczane-listesi,CC BY 4.0,İzmir Büyükşehir Belediyesi Açık Veri Portalı
pharmacy:298:38.256025:27.131396,pharmacy,Pharmacy,DORUK ECZANESİ,38.256025,27.131396,MENDERES,,KEMALPAŞA MH. İNÖNÜ CD. NO:5/A MENDERES,02327823323,,,2026-09-20T07:31:15.702Z,COMPLETE_FOR_MAPPABLE_ROWS,api,Tüm eczaneler,https://acikveri.bizizmir.com/dataset/nobetci-eczaneler-ve-eczane-listesi,CC BY 4.0,İzmir Büyükşehir Belediyesi Açık Veri Portalı
pharmacy:299:38.150152:27.35316,pharmacy,Pharmacy,BAŞAK ECZANESİ,38.150152,27.35316,TORBALI,,MURAT BEY MH. 3606 SK. NO:5 TORBALI,02328563635,,,2026-09-20T07:31:15.702Z,COMPLETE_FOR_MAPPABLE_ROWS,api,Tüm eczaneler,https://acikveri.bizizmir.com/dataset/nobetci-eczaneler-ve-eczane-listesi,CC BY 4.0,İzmir Büyükşehir Belediyesi Açık Veri Portalı
pharmacy:300:38.231865:27.987997,pharmacy,Pharmacy,TUTKUN ECZANESİ,38.231865,27.987997,ÖDEMİŞ,,ZAFER MH. ORTAÇ SK. NO:17/A,02325442222,,,2026-09-20T07:31:15.702Z,COMPLETE_FOR_MAPPABLE_ROWS,api,Tüm eczaneler,https://acikveri.bizizmir.com/dataset/nobetci-eczaneler-ve-eczane-listesi,CC BY 4.0,İzmir Büyükşehir Belediyesi Açık Veri Portalı
pharmacy:301:38.324741:26.768371,pharmacy,Pharmacy,URLA MARİN ECZANESİ,38.324741,26.768371,URLA,,HACI İSA MAH. 75.YIL CUMHURİYET CAD. NO:9/C,02327541752,,,2026-09-20T07:31:15.702Z,COMPLETE_FOR_MAPPABLE_ROWS,api,Tüm eczaneler,https://acikveri.bizizmir.com/dataset/nobetci-eczaneler-ve-eczane-listesi,CC BY 4.0,İzmir Büyükşehir Belediyesi Açık Veri Portalı
pharmacy:302:38.468131:27.179674,pharmacy,Pharmacy,SEMİHA PAÇACI ECZANESİ,38.468131,27.179674,BAYRAKLI,,Tepekule mah. 2108/13 sok. No:8/A Bayraklı,02323711919,,,2026-09-20T07:31:15.702Z,COMPLETE_FOR_MAPPABLE_ROWS,api,Tüm eczaneler,https://acikveri.bizizmir.com/dataset/nobetci-eczaneler-ve-eczane-listesi,CC BY 4.0,İzmir Büyükşehir Belediyesi Açık Veri Portalı
pharmacy:303:38.3831:27.1721,pharmacy,Pharmacy,BAHAR ECZANESİ,38.3831,27.1721,GAZİEMİR,,9 EYLÜL MAH.ULAŞTIRMA CAD. NO:14/A,02324423000,,,2026-09-20T07:31:15.702Z,COMPLETE_FOR_MAPPABLE_ROWS,api,Tüm eczaneler,https://acikveri.bizizmir.com/dataset/nobetci-eczaneler-ve-eczane-listesi,CC BY 4.0,İzmir Büyükşehir Belediyesi Açık Veri Portalı
pharmacy:304:38.473113:27.138726,pharmacy,Pharmacy,KAFKAS ECZANESİ (VERESELİ) ECZANESİ,38.473113,27.138726,GÜMÜŞPALA,,ORGENERAL NAFİZ GÜRMAN MAH. 7020 SOK. NO:138,02324874581,,,2026-09-20T07:31:15.702Z,COMPLETE_FOR_MAPPABLE_ROWS,api,Tüm eczaneler,https://acikveri.bizizmir.com/dataset/nobetci-eczaneler-ve-eczane-listesi,CC BY 4.0,İzmir Büyükşehir Belediyesi Açık Veri Portalı
pharmacy:305:38.381272:27.120578,pharmacy,Pharmacy,GÜRSES ECZANESİ,38.381272,27.120578,KARABAĞLAR,,BARIŞ MH. 4545 SK. NO:38/A,02322552554,,,2026-09-20T07:31:15.702Z,COMPLETE_FOR_MAPPABLE_ROWS,api,Tüm eczaneler,https://acikveri.bizizmir.com/dataset/nobetci-eczaneler-ve-eczane-listesi,CC BY 4.0,İzmir Büyükşehir Belediyesi Açık Veri Portalı
pharmacy:306:38.40813:27.125596,pharmacy,Pharmacy,MARTI ECZANESİ,38.40813,27.125596,ÜÇYOL,,ALTINTAŞ MAH. İNÖNÜ CAD. NO:74/A ÜÇYOL,02322593075,,,2026-09-20T07:31:15.702Z,COMPLETE_FOR_MAPPABLE_ROWS,api,Tüm eczaneler,https://acikveri.bizizmir.com/dataset/nobetci-eczaneler-ve-eczane-listesi,CC BY 4.0,İzmir Büyükşehir Belediyesi Açık Veri Portalı
pharmacy:307:38.3224299332834:26.7664393173585,pharmacy,Pharmacy,UĞUROLA,38.3224299332834,26.7664393173585,URLA,,HACI İSA MAH. ZAFER CAD. NO: 18,7542020,,,2026-09-20T07:31:15.702Z,COMPLETE_FOR_MAPPABLE_ROWS,api,Tüm eczaneler,https://acikveri.bizizmir.com/dataset/nobetci-eczaneler-ve-eczane-listesi,CC BY 4.0,İzmir Büyükşehir Belediyesi Açık Veri Portalı
pharmacy:309:38.888971:27.065727,pharmacy,Pharmacy,YENİ ŞAKRAN ECZANESİ,38.888971,27.065727,YENİ ŞAKRAN,,SAYFIYE MAH. N.KEMAL CAD. NO:79/B,02326288828,,,2026-09-20T07:31:15.702Z,COMPLETE_FOR_MAPPABLE_ROWS,api,Tüm eczaneler,https://acikveri.bizizmir.com/dataset/nobetci-eczaneler-ve-eczane-listesi,CC BY 4.0,İzmir Büyükşehir Belediyesi Açık Veri Portalı
pharmacy:310:38.4027:27.1217,pharmacy,Pharmacy,GENÇ ECZANESİ,38.4027,27.1217,ÜÇYOL,,BAHÇELİEVLER MH. 501 SK.NO:11 ÜÇYOL,02322500034,,,2026-09-20T07:31:15.702Z,COMPLETE_FOR_MAPPABLE_ROWS,api,Tüm eczaneler,https://acikveri.bizizmir.com/dataset/nobetci-eczaneler-ve-eczane-listesi,CC BY 4.0,İzmir Büyükşehir Belediyesi Açık Veri Portalı
pharmacy:311:38.3177:27.133,pharmacy,Pharmacy,ATIFBEY ECZANESİ,38.3177,27.133,GAZİEMİR,,ATIF BEY MH. PROF.TÜRKAN SAYLAN CD. NO:15/A,02322605151,,,2026-09-20T07:31:15.702Z,COMPLETE_FOR_MAPPABLE_ROWS,api,Tüm eczaneler,https://acikveri.bizizmir.com/dataset/nobetci-eczaneler-ve-eczane-listesi,CC BY 4.0,İzmir Büyükşehir Belediyesi Açık Veri Portalı
pharmacy:312:38.2396:27.2787,pharmacy,Pharmacy,APAK ECZANESİ,38.2396,27.2787,AYRANCILAR,,56/2 SK. NO:9/6,02328548004,,,2026-09-20T07:31:15.702Z,COMPLETE_FOR_MAPPABLE_ROWS,api,Tüm eczaneler,https://acikveri.bizizmir.com/dataset/nobetci-eczaneler-ve-eczane-listesi,CC BY 4.0,İzmir Büyükşehir Belediyesi Açık Veri Portalı
pharmacy:313:38.227855:27.979981,pharmacy,Pharmacy,GÖNÜL ECZANESİ,38.227855,27.979981,ÖDEMİŞ,,CUMHURİYET MH ATATÜRK CAD. NO:26/1,02325446685,,,2026-09-20T07:31:15.702Z,COMPLETE_FOR_MAPPABLE_ROWS,api,Tüm eczaneler,https://acikveri.bizizmir.com/dataset/nobetci-eczaneler-ve-eczane-listesi,CC BY 4.0,İzmir Büyükşehir Belediyesi Açık Veri Portalı
pharmacy:314:38.443105:27.198734,pharmacy,Pharmacy,DİVA ECZANESİ,38.443105,27.198734,BORNOVA 1,,RAFET PAŞA MAH. YILDIRIM BEYAZIT CAD. NO:217/D,02323735668,,,2026-09-20T07:31:15.702Z,COMPLETE_FOR_MAPPABLE_ROWS,api,Tüm eczaneler,https://acikveri.bizizmir.com/dataset/nobetci-eczaneler-ve-eczane-listesi,CC BY 4.0,İzmir Büyükşehir Belediyesi Açık Veri Portalı
pharmacy:315:39.119141:27.198732,pharmacy,Pharmacy,PELİN ECZANESİ,39.119141,27.198732,BERGAMA,,KURTULUŞ MH. KESTEL CD. NO:65/17,02326314041,,,2026-09-20T07:31:15.702Z,COMPLETE_FOR_MAPPABLE_ROWS,api,Tüm eczaneler,https://acikveri.bizizmir.com/dataset/nobetci-eczaneler-ve-eczane-listesi,CC BY 4.0,İzmir Büyükşehir Belediyesi Açık Veri Portalı
pharmacy:316:38.377122:27.133915,pharmacy,Pharmacy,YENİ GÜLFEM ECZANESİ,38.377122,27.133915,KARABAĞLAR,,YUNUS EMRE MH. ŞEHİT PİLOT VOLKAN KOÇYİĞİT BULVARI NO:14,02322646652,,,2026-09-20T07:31:15.702Z,COMPLETE_FOR_MAPPABLE_ROWS,api,Tüm eczaneler,https://acikveri.bizizmir.com/dataset/nobetci-eczaneler-ve-eczane-listesi,CC BY 4.0,İzmir Büyükşehir Belediyesi Açık Veri Portalı
pharmacy:317:38.4909:27.0687,pharmacy,Pharmacy,HAZAL ECZANESİ,38.4909,27.0687,ALİAĞA,,KÜLTÜR MH. 252 SK. NO:10/8,02323765540,,,2026-09-20T07:31:15.702Z,COMPLETE_FOR_MAPPABLE_ROWS,api,Tüm eczaneler,https://acikveri.bizizmir.com/dataset/nobetci-eczaneler-ve-eczane-listesi,CC BY 4.0,İzmir Büyükşehir Belediyesi Açık Veri Portalı
pharmacy:318:38.240954:27.276213,pharmacy,Pharmacy,EBRU ECZANESİ,38.240954,27.276213,AYRANCILAR,,MUSTAFA KEMALPAŞA MH. 56/2 SK. NO:9/7 AYRANCILAR,02323365293,,,2026-09-20T07:31:15.702Z,COMPLETE_FOR_MAPPABLE_ROWS,api,Tüm eczaneler,https://acikveri.bizizmir.com/dataset/nobetci-eczaneler-ve-eczane-listesi,CC BY 4.0,İzmir Büyükşehir Belediyesi Açık Veri Portalı
pharmacy:319:38.46826:27.219405,pharmacy,Pharmacy,AYLİN ECZANESİ,38.46826,27.219405,BORNOVA 1,,ERGENE MAH. 454 SOK. NO:10/B,02323395008,,,2026-09-20T07:31:15.702Z,COMPLETE_FOR_MAPPABLE_ROWS,api,Tüm eczaneler,https://acikveri.bizizmir.com/dataset/nobetci-eczaneler-ve-eczane-listesi,CC BY 4.0,İzmir Büyükşehir Belediyesi Açık Veri Portalı
pharmacy:320:38.150277:27.360836,pharmacy,Pharmacy,TORBALI MERKEZ ECZANESİ,38.150277,27.360836,TORBALI,,TEPEKÖY MAH. HÜKÜMET CAD. NO:5/A,02328561022,,,2026-09-20T07:31:15.702Z,COMPLETE_FOR_MAPPABLE_ROWS,api,Tüm eczaneler,https://acikveri.bizizmir.com/dataset/nobetci-eczaneler-ve-eczane-listesi,CC BY 4.0,İzmir Büyükşehir Belediyesi Açık Veri Portalı
pharmacy:321:38.164967:27.35649,pharmacy,Pharmacy,SARI PAPATYA ECZANESİ,38.164967,27.35649,TORBALI,,ALPKENT MAH CEMALİ TUNCER BULV NO:21/A,02328560046,,,2026-09-20T07:31:15.702Z,COMPLETE_FOR_MAPPABLE_ROWS,api,Tüm eczaneler,https://acikveri.bizizmir.com/dataset/nobetci-eczaneler-ve-eczane-listesi,CC BY 4.0,İzmir Büyükşehir Belediyesi Açık Veri Portalı
pharmacy:322:38.288434:26.376097,pharmacy,Pharmacy,KARABİNA ECZANESİ,38.288434,26.376097,ÇEŞME,,ALAÇATI MH. ATATÜRK CD. NO:27/AB,02327167494,,,2026-09-20T07:31:15.702Z,COMPLETE_FOR_MAPPABLE_ROWS,api,Tüm eczaneler,https://acikveri.bizizmir.com/dataset/nobetci-eczaneler-ve-eczane-listesi,CC BY 4.0,İzmir Büyükşehir Belediyesi Açık Veri Portalı
pharmacy:323:38.283391:26.37522,pharmacy,Pharmacy,ALAÇATI ECZANESİ,38.283391,26.37522,ÇEŞME,,ALAÇATI MAH. 11003 SOK. NO:4/A,02327167778,,,2026-09-20T07:31:15.702Z,COMPLETE_FOR_MAPPABLE_ROWS,api,Tüm eczaneler,https://acikveri.bizizmir.com/dataset/nobetci-eczaneler-ve-eczane-listesi,CC BY 4.0,İzmir Büyükşehir Belediyesi Açık Veri Portalı
pharmacy:324:38.154291:27.358441,pharmacy,Pharmacy,GONCA ECZANESİ,38.154291,27.358441,TORBALI,,ERTUĞRUL MH. CUMHURİYET CD. NO:34-A/14 TORBALI,02322310041,,,2026-09-20T07:31:15.702Z,COMPLETE_FOR_MAPPABLE_ROWS,api,Tüm eczaneler,https://acikveri.bizizmir.com/dataset/nobetci-eczaneler-ve-eczane-listesi,CC BY 4.0,İzmir Büyükşehir Belediyesi Açık Veri Portalı
pharmacy:325:38.802767:26.970351,pharmacy,Pharmacy,MARTIM ECZANESİ,38.802767,26.970351,ALİAĞA,,KÜLTÜR MAH. ATATÜRK CAD. NO:66/C,02326163977,,,2026-09-20T07:31:15.702Z,COMPLETE_FOR_MAPPABLE_ROWS,api,Tüm eczaneler,https://acikveri.bizizmir.com/dataset/nobetci-eczaneler-ve-eczane-listesi,CC BY 4.0,İzmir Büyükşehir Belediyesi Açık Veri Portalı
pharmacy:326:38.404658:27.119612,pharmacy,Pharmacy,ZENCEFİL ECZANESİ,38.404658,27.119612,ÜÇYOL,,BAHÇELİEVLER MAH. İNÖNÜ CAD. NO:175/A,02329664046,,,2026-09-20T07:31:15.702Z,COMPLETE_FOR_MAPPABLE_ROWS,api,Tüm eczaneler,https://acikveri.bizizmir.com/dataset/nobetci-eczaneler-ve-eczane-listesi,CC BY 4.0,İzmir Büyükşehir Belediyesi Açık Veri Portalı
pharmacy:327:38.4635471840508:27.1206035957418,pharmacy,Pharmacy,TOKGÖZ,38.4635471840508,27.1206035957418,KARŞIYAKA 2,,1707 Sk no:2/a Alaybey,3670725,,,2026-09-20T07:31:15.702Z,COMPLETE_FOR_MAPPABLE_ROWS,api,Tüm eczaneler,https://acikveri.bizizmir.com/dataset/nobetci-eczaneler-ve-eczane-listesi,CC BY 4.0,İzmir Büyükşehir Belediyesi Açık Veri Portalı
pharmacy:328:38.461887:27.115665,pharmacy,Pharmacy,MANOLYA ECZANESİ,38.461887,27.115665,KARŞIYAKA 2,,BAHARIYE MAH. ATATÜRK BULVARI NO:4/B KARSIYAKA/IZMIR,02323654095,,,2026-09-20T07:31:15.702Z,COMPLETE_FOR_MAPPABLE_ROWS,api,Tüm eczaneler,https://acikveri.bizizmir.com/dataset/nobetci-eczaneler-ve-eczane-listesi,CC BY 4.0,İzmir Büyükşehir Belediyesi Açık Veri Portalı
pharmacy:329:38.463403:27.116117,pharmacy,Pharmacy,GEÇER ECZANESI ECZANESİ,38.463403,27.116117,KARŞIYAKA 2,,ZÜBEYDE HANIM CAD.NO:81/C ALAYBEY,02323665054,,,2026-09-20T07:31:15.702Z,COMPLETE_FOR_MAPPABLE_ROWS,api,Tüm eczaneler,https://acikveri.bizizmir.com/dataset/nobetci-eczaneler-ve-eczane-listesi,CC BY 4.0,İzmir Büyükşehir Belediyesi Açık Veri Portalı
pharmacy:330:38.489632:27.053109,pharmacy,Pharmacy,ERDEN ECZANESİ,38.489632,27.053109,ÇİĞLİ,,ATAŞEHİR MAH. 8229/1 SOK. NO:11,02323720708,,,2026-09-20T07:31:15.702Z,COMPLETE_FOR_MAPPABLE_ROWS,api,Tüm eczaneler,https://acikveri.bizizmir.com/dataset/nobetci-eczaneler-ve-eczane-listesi,CC BY 4.0,İzmir Büyükşehir Belediyesi Açık Veri Portalı
pharmacy:331:38.46276:27.110481,pharmacy,Pharmacy,GİZEM ECZANESİ,38.46276,27.110481,KARŞIYAKA 2,,BAHRİYE ÜÇOK MH ATATÜRK BULV NO:40,02323676797,,,2026-09-20T07:31:15.702Z,COMPLETE_FOR_MAPPABLE_ROWS,api,Tüm eczaneler,https://acikveri.bizizmir.com/dataset/nobetci-eczaneler-ve-eczane-listesi,CC BY 4.0,İzmir Büyükşehir Belediyesi Açık Veri Portalı
pharmacy:332:38.464714:27.109072,pharmacy,Pharmacy,GİRNE ECZANESİ,38.464714,27.109072,KARŞIYAKA 2,,BAHRİYE ÜÇOK MH. GİRNE BULV. NO:166/A,02323692467,,,2026-09-20T07:31:15.702Z,COMPLETE_FOR_MAPPABLE_ROWS,api,Tüm eczaneler,https://acikveri.bizizmir.com/dataset/nobetci-eczaneler-ve-eczane-listesi,CC BY 4.0,İzmir Büyükşehir Belediyesi Açık Veri Portalı
pharmacy:333:38.5992:27.0758,pharmacy,Pharmacy,ASYA ECZANESİ,38.5992,27.0758,KARŞIYAKA 2,,BAHÇELİEVLER MH. ZÜBEYDE HANIM CD. NO:96/B,02328322475,,,2026-09-20T07:31:15.702Z,COMPLETE_FOR_MAPPABLE_ROWS,api,Tüm eczaneler,https://acikveri.bizizmir.com/dataset/nobetci-eczaneler-ve-eczane-listesi,CC BY 4.0,İzmir Büyükşehir Belediyesi Açık Veri Portalı
pharmacy:334:38.458872:27.125786,pharmacy,Pharmacy,MURATCAN ECZANESİ,38.458872,27.125786,KARŞIYAKA 1,,ALAYBEY MH. YALI CD. NO.56/A,02323812933,,,2026-09-20T07:31:15.702Z,COMPLETE_FOR_MAPPABLE_ROWS,api,Tüm eczaneler,https://acikveri.bizizmir.com/dataset/nobetci-eczaneler-ve-eczane-listesi,CC BY 4.0,İzmir Büyükşehir Belediyesi Açık Veri Portalı
pharmacy:335:38.454912:27.109034,pharmacy,Pharmacy,AKSOY ECZANESİ,38.454912,27.109034,KARŞIYAKA 1,,AKSOY MAH. FAZIL BEY CAD. NO:87,02323810260,,,2026-09-20T07:31:15.702Z,COMPLETE_FOR_MAPPABLE_ROWS,api,Tüm eczaneler,https://acikveri.bizizmir.com/dataset/nobetci-eczaneler-ve-eczane-listesi,CC BY 4.0,İzmir Büyükşehir Belediyesi Açık Veri Portalı
pharmacy:336:38.45454:27.114649,pharmacy,Pharmacy,EKICI ECZANESİ,38.45454,27.114649,KARŞIYAKA 1,,1728 SOKAK NO:66/A,02323683839,,,2026-09-20T07:31:15.702Z,COMPLETE_FOR_MAPPABLE_ROWS,api,Tüm eczaneler,https://acikveri.bizizmir.com/dataset/nobetci-eczaneler-ve-eczane-listesi,CC BY 4.0,İzmir Büyükşehir Belediyesi Açık Veri Portalı
pharmacy:337:38.458267:27.121304,pharmacy,Pharmacy,NASMAN ECZANESİ,38.458267,27.121304,KARŞIYAKA 1,,M.İHSAN ZEYREK SOK NO:37/D KARŞIYAKA,02323686553,,,2026-09-20T07:31:15.702Z,COMPLETE_FOR_MAPPABLE_ROWS,api,Tüm eczaneler,https://acikveri.bizizmir.com/dataset/nobetci-eczaneler-ve-eczane-listesi,CC BY 4.0,İzmir Büyükşehir Belediyesi Açık Veri Portalı
pharmacy:338:38.453852:27.117372,pharmacy,Pharmacy,SAHİL ECZANESİ,38.453852,27.117372,KARŞIYAKA 1,,DONANMACI MAH. YALI BULVARI NO:270,02323684671,,,2026-09-20T07:31:15.702Z,COMPLETE_FOR_MAPPABLE_ROWS,api,Tüm eczaneler,https://acikveri.bizizmir.com/dataset/nobetci-eczaneler-ve-eczane-listesi,CC BY 4.0,İzmir Büyükşehir Belediyesi Açık Veri Portalı
pharmacy:339:38.455043:27.114773,pharmacy,Pharmacy,PINAR ÖZ ECZANESİ,38.455043,27.114773,KARŞIYAKA 1,,DONANMACI MH. 1728 SK. NO:58/1A,02323646563,,,2026-09-20T07:31:15.702Z,COMPLETE_FOR_MAPPABLE_ROWS,api,Tüm eczaneler,https://acikveri.bizizmir.com/dataset/nobetci-eczaneler-ve-eczane-listesi,CC BY 4.0,İzmir Büyükşehir Belediyesi Açık Veri Portalı
pharmacy:340:38.4597518336903:27.126249574024,pharmacy,Pharmacy,GÜNAYDIN,38.4597518336903,27.126249574024,KARŞIYAKA 1,,ALAYBEY MH. 1677 SK. NO:38/1A,3693400,,,2026-09-20T07:31:15.702Z,COMPLETE_FOR_MAPPABLE_ROWS,api,Tüm eczaneler,https://acikveri.bizizmir.com/dataset/nobetci-eczaneler-ve-eczane-listesi,CC BY 4.0,İzmir Büyükşehir Belediyesi Açık Veri Portalı
pharmacy:341:38.458488:27.098152,pharmacy,Pharmacy,ATASEHIR ECZANESİ,38.458488,27.098152,KARŞIYAKA 3,,1787/1 SOK.NO:34/B BOSTANLI,02323300412,,,2026-09-20T07:31:15.702Z,COMPLETE_FOR_MAPPABLE_ROWS,api,Tüm eczaneler,https://acikveri.bizizmir.com/dataset/nobetci-eczaneler-ve-eczane-listesi,CC BY 4.0,İzmir Büyükşehir Belediyesi Açık Veri Portalı
pharmacy:342:38.4723:27.0895,pharmacy,Pharmacy,EGE BERRİN ECZANESİ,38.4723,27.0895,KARŞIYAKA 3,,YALI MAH. 6479 SK. NO:36/A,02329664009,,,2026-09-20T07:31:15.702Z,COMPLETE_FOR_MAPPABLE_ROWS,api,Tüm eczaneler,https://acikveri.bizizmir.com/dataset/nobetci-eczaneler-ve-eczane-listesi,CC BY 4.0,İzmir Büyükşehir Belediyesi Açık Veri Portalı
pharmacy:343:38.459281:27.104258,pharmacy,Pharmacy,DEREN ECZANESİ,38.459281,27.104258,KARŞIYAKA 3,,BOSTANLI MAH. MUHARREM CANDAŞ SOK. NO:68/A,02323644416,,,2026-09-20T07:31:15.702Z,COMPLETE_FOR_MAPPABLE_ROWS,api,Tüm eczaneler,https://acikveri.bizizmir.com/dataset/nobetci-eczaneler-ve-eczane-listesi,CC BY 4.0,İzmir Büyükşehir Belediyesi Açık Veri Portalı
pharmacy:344:38.478237:27.081885,pharmacy,Pharmacy,SAYGIN ECZANESİ,38.478237,27.081885,KARŞIYAKA 3,,6523 SK. NO:32/E,02325012078,,,2026-09-20T07:31:15.702Z,COMPLETE_FOR_MAPPABLE_ROWS,api,Tüm eczaneler,https://acikveri.bizizmir.com/dataset/nobetci-eczaneler-ve-eczane-listesi,CC BY 4.0,İzmir Büyükşehir Belediyesi Açık Veri Portalı
pharmacy:345:38.4628:27.1047,pharmacy,Pharmacy,SEVINER ECZANESİ,38.4628,27.1047,KARŞIYAKA 4,,1775/2 SK. NO:8/A NERGİZ-KARŞIYAKA,02323235159,,,2026-09-20T07:31:15.702Z,COMPLETE_FOR_MAPPABLE_ROWS,api,Tüm eczaneler,https://acikveri.bizizmir.com/dataset/nobetci-eczaneler-ve-eczane-listesi,CC BY 4.0,İzmir Büyükşehir Belediyesi Açık Veri Portalı
pharmacy:346:38.469867:27.105715,pharmacy,Pharmacy,LİLA ECZANESİ,38.469867,27.105715,KARŞIYAKA 4,,DEDEBAŞI MAH. 6120 SOK. NO:8/C,02323673267,,,2026-09-20T07:31:15.702Z,COMPLETE_FOR_MAPPABLE_ROWS,api,Tüm eczaneler,https://acikveri.bizizmir.com/dataset/nobetci-eczaneler-ve-eczane-listesi,CC BY 4.0,İzmir Büyükşehir Belediyesi Açık Veri Portalı
pharmacy:347:38.470722:27.098368,pharmacy,Pharmacy,ERKAN ECZANESİ,38.470722,27.098368,KARŞIYAKA 4,,ŞEMİKLER MAH. 6182 SOK. NO:67/A,02323361455,,,2026-09-20T07:31:15.702Z,COMPLETE_FOR_MAPPABLE_ROWS,api,Tüm eczaneler,https://acikveri.bizizmir.com/dataset/nobetci-eczaneler-ve-eczane-listesi,CC BY 4.0,İzmir Büyükşehir Belediyesi Açık Veri Portalı
pharmacy:348:38.195436:26.837237,pharmacy,Pharmacy,SEFERİHİSAR ECZANESİ,38.195436,26.837237,SEFERİHİSAR,,CAMİKEBİR MAH. 48 SK. NO:5/A,02327435756,,,2026-09-20T07:31:15.702Z,COMPLETE_FOR_MAPPABLE_ROWS,api,Tüm eczaneler,https://acikveri.bizizmir.com/dataset/nobetci-eczaneler-ve-eczane-listesi,CC BY 4.0,İzmir Büyükşehir Belediyesi Açık Veri Portalı
pharmacy:349:38.175061:27.350608,pharmacy,Pharmacy,TERCAN ECZANESİ,38.175061,27.350608,TORBALI,,METROPOLİS BULV. TORBALI MAH.NO:52/A-35,02328554240,,,2026-09-20T07:31:15.702Z,COMPLETE_FOR_MAPPABLE_ROWS,api,Tüm eczaneler,https://acikveri.bizizmir.com/dataset/nobetci-eczaneler-ve-eczane-listesi,CC BY 4.0,İzmir Büyükşehir Belediyesi Açık Veri Portalı
pharmacy:350:38.32486:27.138488,pharmacy,Pharmacy,MUSTAFA FİDAN ECZANESİ,38.32486,27.138488,GAZİEMİR,,DOKUZEYLÜL MAH. HAVACILAR CAD. NO:3/H,02322520064,,,2026-09-20T07:31:15.702Z,COMPLETE_FOR_MAPPABLE_ROWS,api,Tüm eczaneler,https://acikveri.bizizmir.com/dataset/nobetci-eczaneler-ve-eczane-listesi,CC BY 4.0,İzmir Büyükşehir Belediyesi Açık Veri Portalı
pharmacy:351:38.4722:27.1876,pharmacy,Pharmacy,NİLÜFER ECZANESİ,38.4722,27.1876,ATATÜRK,,OSMANGAZİ MAH. 597 SK. NO:52/A,02323719876,,,2026-09-20T07:31:15.702Z,COMPLETE_FOR_MAPPABLE_ROWS,api,Tüm eczaneler,https://acikveri.bizizmir.com/dataset/nobetci-eczaneler-ve-eczane-listesi,CC BY 4.0,İzmir Büyükşehir Belediyesi Açık Veri Portalı
pharmacy:352:38.468005:27.179724,pharmacy,Pharmacy,ÖZGÜL ECZANESİ,38.468005,27.179724,BAYRAKLI,,TEPEKULE MAH. 2108/13 SK. NO:10/A(05300700615),02323411500,,,2026-09-20T07:31:15.702Z,COMPLETE_FOR_MAPPABLE_ROWS,api,Tüm eczaneler,https://acikveri.bizizmir.com/dataset/nobetci-eczaneler-ve-eczane-listesi,CC BY 4.0,İzmir Büyükşehir Belediyesi Açık Veri Portalı
pharmacy:353:38.4021:27.1086,pharmacy,Pharmacy,NADIDE ECZANESİ,38.4021,27.1086,HATAY,,MURAT REİS MH. 201 SK. NO:50/A,02322323630,,,2026-09-20T07:31:15.702Z,COMPLETE_FOR_MAPPABLE_ROWS,api,Tüm eczaneler,https://acikveri.bizizmir.com/dataset/nobetci-eczaneler-ve-eczane-listesi,CC BY 4.0,İzmir Büyükşehir Belediyesi Açık Veri Portalı
pharmacy:354:38.4718:27.1137,pharmacy,Pharmacy,NİL ECZANESİ,38.4718,27.1137,GÜMÜŞPALA,,SOĞUKKUYU MH. GİRNE BLV. NO:200/A,02323676969,,,2026-09-20T07:31:15.702Z,COMPLETE_FOR_MAPPABLE_ROWS,api,Tüm eczaneler,https://acikveri.bizizmir.com/dataset/nobetci-eczaneler-ve-eczane-listesi,CC BY 4.0,İzmir Büyükşehir Belediyesi Açık Veri Portalı
pharmacy:355:38.473083:27.113378,pharmacy,Pharmacy,AKADEMİ ECZANESİ,38.473083,27.113378,KARŞIYAKA 4,,İmbatlı mah 6076/4 sok. No:5/B,02325021234,,,2026-09-20T07:31:15.702Z,COMPLETE_FOR_MAPPABLE_ROWS,api,Tüm eczaneler,https://acikveri.bizizmir.com/dataset/nobetci-eczaneler-ve-eczane-listesi,CC BY 4.0,İzmir Büyükşehir Belediyesi Açık Veri Portalı
pharmacy:357:38.4076971121393:27.124775872091,pharmacy,Pharmacy,AHMET COŞKUN,38.4076971121393,27.124775872091,ÜÇYOL,,Altıntaş Mah. İnönü Cad. No:100/B,2613879,,,2026-09-20T07:31:15.702Z,COMPLETE_FOR_MAPPABLE_ROWS,api,Tüm eczaneler,https://acikveri.bizizmir.com/dataset/nobetci-eczaneler-ve-eczane-listesi,CC BY 4.0,İzmir Büyükşehir Belediyesi Açık Veri Portalı
pharmacy:358:38.464985:27.179341,pharmacy,Pharmacy,MENEKŞE ECZANESİ,38.464985,27.179341,BAYRAKLI,,TEPEKULE MH.2084/8 SK. NO:43/A,02323713133,,,2026-09-20T07:31:15.702Z,COMPLETE_FOR_MAPPABLE_ROWS,api,Tüm eczaneler,https://acikveri.bizizmir.com/dataset/nobetci-eczaneler-ve-eczane-listesi,CC BY 4.0,İzmir Büyükşehir Belediyesi Açık Veri Portalı
pharmacy:359:38.468048:27.088072,pharmacy,Pharmacy,KARŞIYAKA ATA ECZANESİ,38.468048,27.088072,KARŞIYAKA 3,,YALI MH.CAHER DUDAYEV BULV. NO:119/A,02323663360,,,2026-09-20T07:31:15.702Z,COMPLETE_FOR_MAPPABLE_ROWS,api,Tüm eczaneler,https://acikveri.bizizmir.com/dataset/nobetci-eczaneler-ve-eczane-listesi,CC BY 4.0,İzmir Büyükşehir Belediyesi Açık Veri Portalı
pharmacy:360:38.406814:27.119418,pharmacy,Pharmacy,ECZANE BADE ECZANESİ,38.406814,27.119418,ÜÇYOL,,KILIÇ REİS MH. ŞEHİT KEMAL KESER SK. NO:52/C,02322615557,,,2026-09-20T07:31:15.702Z,COMPLETE_FOR_MAPPABLE_ROWS,api,Tüm eczaneler,https://acikveri.bizizmir.com/dataset/nobetci-eczaneler-ve-eczane-listesi,CC BY 4.0,İzmir Büyükşehir Belediyesi Açık Veri Portalı
pharmacy:363:38.42263:27.140521,pharmacy,Pharmacy,YENİ SERTER ECZANESİ,38.42263,27.140521,ALSANCAK-BASMANE,,FEVZIPASA BULVARI NO:133/B BASMANE KONAK,02324898443,,,2026-09-20T07:31:15.702Z,COMPLETE_FOR_MAPPABLE_ROWS,api,Tüm eczaneler,https://acikveri.bizizmir.com/dataset/nobetci-eczaneler-ve-eczane-listesi,CC BY 4.0,İzmir Büyükşehir Belediyesi Açık Veri Portalı
pharmacy:365:38.422332:27.140346,pharmacy,Pharmacy,BELEN ECZANESİ,38.422332,27.140346,ALSANCAK-BASMANE,,HURŞİDİYE MAH. FEVZİPAŞA BULV. NO:168/1A,02324417356,,,2026-09-20T07:31:15.702Z,COMPLETE_FOR_MAPPABLE_ROWS,api,Tüm eczaneler,https://acikveri.bizizmir.com/dataset/nobetci-eczaneler-ve-eczane-listesi,CC BY 4.0,İzmir Büyükşehir Belediyesi Açık Veri Portalı
pharmacy:366:38.4239:27.1392,pharmacy,Pharmacy,AŞIKOĞLU ECZANESİ,38.4239,27.1392,ALSANCAK-BASMANE,,ISMETKAPTAN MAH.GAZI BULVARI NO:102/A KONAK,02324837963,,,2026-09-20T07:31:15.702Z,COMPLETE_FOR_MAPPABLE_ROWS,api,Tüm eczaneler,https://acikveri.bizizmir.com/dataset/nobetci-eczaneler-ve-eczane-listesi,CC BY 4.0,İzmir Büyükşehir Belediyesi Açık Veri Portalı
pharmacy:367:38.427093:27.139388,pharmacy,Pharmacy,MONTRÖ ECZANESİ,38.427093,27.139388,ALSANCAK-BASMANE,,1373 SOK. NO:4/A,02324847798,,,2026-09-20T07:31:15.702Z,COMPLETE_FOR_MAPPABLE_ROWS,api,Tüm eczaneler,https://acikveri.bizizmir.com/dataset/nobetci-eczaneler-ve-eczane-listesi,CC BY 4.0,İzmir Büyükşehir Belediyesi Açık Veri Portalı
pharmacy:368:38.228831:27.987047,pharmacy,Pharmacy,KÜBRA ECZANESİ,38.228831,27.987047,ÖDEMİŞ,,ZAFER MH. 1346 SK. NO:9-11/D,02325462080,,,2026-09-20T07:31:15.702Z,COMPLETE_FOR_MAPPABLE_ROWS,api,Tüm eczaneler,https://acikveri.bizizmir.com/dataset/nobetci-eczaneler-ve-eczane-listesi,CC BY 4.0,İzmir Büyükşehir Belediyesi Açık Veri Portalı
pharmacy:369:38.232608:27.984672,pharmacy,Pharmacy,MUTLUM ECZANESİ,38.232608,27.984672,ÖDEMİŞ,,ANAFARTALAR MH. ANADOLU CD. NO:79/B,02325451045,,,2026-09-20T07:31:15.702Z,COMPLETE_FOR_MAPPABLE_ROWS,api,Tüm eczaneler,https://acikveri.bizizmir.com/dataset/nobetci-eczaneler-ve-eczane-listesi,CC BY 4.0,İzmir Büyükşehir Belediyesi Açık Veri Portalı
pharmacy:370:38.072965:27.017854,pharmacy,Pharmacy,ŞANLI ECZANESİ,38.072965,27.017854,GÜMÜLDÜR-ÜRKMEZ,,GÜMÜLDÜR FEVZİ ÇAKMAK MH. GAZİ MUSTAFA KEMAL PAŞA BLV.146/C,02327974363,,,2026-09-20T07:31:15.702Z,COMPLETE_FOR_MAPPABLE_ROWS,api,Tüm eczaneler,https://acikveri.bizizmir.com/dataset/nobetci-eczaneler-ve-eczane-listesi,CC BY 4.0,İzmir Büyükşehir Belediyesi Açık Veri Portalı
pharmacy:371:38.368131:27.131985,pharmacy,Pharmacy,UTKU NAZ ECZANESİ,38.368131,27.131985,KARABAĞLAR,,AYDIN MH. 4270 SK. NO:77/A,02322077701,,,2026-09-20T07:31:15.702Z,COMPLETE_FOR_MAPPABLE_ROWS,api,Tüm eczaneler,https://acikveri.bizizmir.com/dataset/nobetci-eczaneler-ve-eczane-listesi,CC BY 4.0,İzmir Büyükşehir Belediyesi Açık Veri Portalı
pharmacy:372:38.787221:26.982546,pharmacy,Pharmacy,SİNEM SU ECZANESİ,38.787221,26.982546,ALİAĞA,,YENİ MAH. 612 SOK. NO:1/A,02326555050,,,2026-09-20T07:31:15.702Z,COMPLETE_FOR_MAPPABLE_ROWS,api,Tüm eczaneler,https://acikveri.bizizmir.com/dataset/nobetci-eczaneler-ve-eczane-listesi,CC BY 4.0,İzmir Büyükşehir Belediyesi Açık Veri Portalı
pharmacy:373:38.247668:27.261863,pharmacy,Pharmacy,TÜRKMENKÖY ECZANESİ,38.247668,27.261863,AYRANCILAR,,TÜRKMENKÖY MH. 209 SK. NO:36/A,02328541657,,,2026-09-20T07:31:15.702Z,COMPLETE_FOR_MAPPABLE_ROWS,api,Tüm eczaneler,https://acikveri.bizizmir.com/dataset/nobetci-eczaneler-ve-eczane-listesi,CC BY 4.0,İzmir Büyükşehir Belediyesi Açık Veri Portalı
pharmacy:374:38.481073:27.193979,pharmacy,Pharmacy,ÖZ ECZANESİ,38.481073,27.193979,ATATÜRK,,ATATÜK MH. SÜLEYMANİYE CD. NO:87/A,02322113008,,,2026-09-20T07:31:15.702Z,COMPLETE_FOR_MAPPABLE_ROWS,api,Tüm eczaneler,https://acikveri.bizizmir.com/dataset/nobetci-eczaneler-ve-eczane-listesi,CC BY 4.0,İzmir Büyükşehir Belediyesi Açık Veri Portalı
pharmacy:375:38.401882:27.126523,pharmacy,Pharmacy,YENİ VEFA ECZANESİ,38.401882,27.126523,EŞREFPAŞA,,GÜNEŞLİ MAH. 529/1 SK NO:11/B,02322551990,,,2026-09-20T07:31:15.702Z,COMPLETE_FOR_MAPPABLE_ROWS,api,Tüm eczaneler,https://acikveri.bizizmir.com/dataset/nobetci-eczaneler-ve-eczane-listesi,CC BY 4.0,İzmir Büyükşehir Belediyesi Açık Veri Portalı
pharmacy:376:38.479602:27.130067,pharmacy,Pharmacy,KIZIL ECZANESİ,38.479602,27.130067,GÜMÜŞPALA,,YAMANLAR MH. 7301 SK. NO:64,02323670001,,,2026-09-20T07:31:15.702Z,COMPLETE_FOR_MAPPABLE_ROWS,api,Tüm eczaneler,https://acikveri.bizizmir.com/dataset/nobetci-eczaneler-ve-eczane-listesi,CC BY 4.0,İzmir Büyükşehir Belediyesi Açık Veri Portalı
pharmacy:377:38.474656:27.074113,pharmacy,Pharmacy,ORGANİK ECZANESİ,38.474656,27.074113,KARŞIYAKA 3,,MAVİŞEHİR MAH. CAHER DUDAYEV BULV. NO:40/Z20 (Mavibahçe Alışveriş Merkezi Tranvay girişi ),02323241656,,,2026-09-20T07:31:15.702Z,COMPLETE_FOR_MAPPABLE_ROWS,api,Tüm eczaneler,https://acikveri.bizizmir.com/dataset/nobetci-eczaneler-ve-eczane-listesi,CC BY 4.0,İzmir Büyükşehir Belediyesi Açık Veri Portalı
pharmacy:378:38.391211:27.024665,pharmacy,Pharmacy,NARLIDERE ÖZGÜR ECZANESİ,38.391211,27.024665,NARLIDERE,,ILICA MH. BEDİRHAN SK. NO:11/A,02322390631,,,2026-09-20T07:31:15.702Z,COMPLETE_FOR_MAPPABLE_ROWS,api,Tüm eczaneler,https://acikveri.bizizmir.com/dataset/nobetci-eczaneler-ve-eczane-listesi,CC BY 4.0,İzmir Büyükşehir Belediyesi Açık Veri Portalı
pharmacy:379:38.433139:27.149667,pharmacy,Pharmacy,OKUYUCU ECZANESİ,38.433139,27.149667,ALSANCAK,,MIMAR SINAN MAH.1420 SOK.NO:102/A,02324225547,,,2026-09-20T07:31:15.702Z,COMPLETE_FOR_MAPPABLE_ROWS,api,Tüm eczaneler,https://acikveri.bizizmir.com/dataset/nobetci-eczaneler-ve-eczane-listesi,CC BY 4.0,İzmir Büyükşehir Belediyesi Açık Veri Portalı
pharmacy:380:38.397641:27.105377,pharmacy,Pharmacy,ÜNSALAN ECZANESİ,38.397641,27.105377,BASIN SİTESİ,,BASINSİTESİ MH. 177/5 SK. NO:13/A,02322324646,,,2026-09-20T07:31:15.702Z,COMPLETE_FOR_MAPPABLE_ROWS,api,Tüm eczaneler,https://acikveri.bizizmir.com/dataset/nobetci-eczaneler-ve-eczane-listesi,CC BY 4.0,İzmir Büyükşehir Belediyesi Açık Veri Portalı
pharmacy:381:38.4305240568993:27.1399634555088,pharmacy,Pharmacy,ÖZLEM SAYINER,38.4305240568993,27.1399634555088,ALSANCAK,,KÜLTÜR MAH. ŞEVKET ÖZÇELİK SK NO:22,4650069,,,2026-09-20T07:31:15.702Z,COMPLETE_FOR_MAPPABLE_ROWS,api,Tüm eczaneler,https://acikveri.bizizmir.com/dataset/nobetci-eczaneler-ve-eczane-listesi,CC BY 4.0,İzmir Büyükşehir Belediyesi Açık Veri Portalı
pharmacy:382:38.431438:27.140159,pharmacy,Pharmacy,ALSANCAK PARK ECZANESİ,38.431438,27.140159,ALSANCAK,,KONAK İLÇESİ KÜLTÜR MAH.ŞEVKET ÖZÇELİK SOK. NO:16/A ALSANCAK-İZMİR,02324219197,,,2026-09-20T07:31:15.702Z,COMPLETE_FOR_MAPPABLE_ROWS,api,Tüm eczaneler,https://acikveri.bizizmir.com/dataset/nobetci-eczaneler-ve-eczane-listesi,CC BY 4.0,İzmir Büyükşehir Belediyesi Açık Veri Portalı
pharmacy:386:38.39668:27.105559,pharmacy,Pharmacy,YELDA ECZANESİ,38.39668,27.105559,BASIN SİTESİ,,VATAN MAH POLAT CAD NO:89/B KARABAĞLAR,02322327223,,,2026-09-20T07:31:15.702Z,COMPLETE_FOR_MAPPABLE_ROWS,api,Tüm eczaneler,https://acikveri.bizizmir.com/dataset/nobetci-eczaneler-ve-eczane-listesi,CC BY 4.0,İzmir Büyükşehir Belediyesi Açık Veri Portalı
pharmacy:388:38.489453:27.062837,pharmacy,Pharmacy,BULVAR ECZANESİ,38.489453,27.062837,ÇİĞLİ,,İSTASYON MH. ATATÜRK BULV. NO:14/A,02323297727,,,2026-09-20T07:31:15.702Z,COMPLETE_FOR_MAPPABLE_ROWS,api,Tüm eczaneler,https://acikveri.bizizmir.com/dataset/nobetci-eczaneler-ve-eczane-listesi,CC BY 4.0,İzmir Büyükşehir Belediyesi Açık Veri Portalı
pharmacy:389:38.468026:27.091548,pharmacy,Pharmacy,FİLİZ ANKA ECZANESİ,38.468026,27.091548,KARŞIYAKA 3,,YALI MH. 6418 SK. NO:92/C,02323368881,,,2026-09-20T07:31:15.702Z,COMPLETE_FOR_MAPPABLE_ROWS,api,Tüm eczaneler,https://acikveri.bizizmir.com/dataset/nobetci-eczaneler-ve-eczane-listesi,CC BY 4.0,İzmir Büyükşehir Belediyesi Açık Veri Portalı
pharmacy:390:38.477684:27.111464,pharmacy,Pharmacy,IRMAK ECZANESİ,38.477684,27.111464,KARŞIYAKA 4,,ÖRNEKKÖY MH. 7401 SK. NO:26/1A,02323673671,,,2026-09-20T07:31:15.702Z,COMPLETE_FOR_MAPPABLE_ROWS,api,Tüm eczaneler,https://acikveri.bizizmir.com/dataset/nobetci-eczaneler-ve-eczane-listesi,CC BY 4.0,İzmir Büyükşehir Belediyesi Açık Veri Portalı
pharmacy:391:38.4015:27.1064,pharmacy,Pharmacy,NOKTA ECZANESİ,38.4015,27.1064,HATAY,,HATAY CAD. NO:302 HATAY,02322310474,,,2026-09-20T07:31:15.702Z,COMPLETE_FOR_MAPPABLE_ROWS,api,Tüm eczaneler,https://acikveri.bizizmir.com/dataset/nobetci-eczaneler-ve-eczane-listesi,CC BY 4.0,İzmir Büyükşehir Belediyesi Açık Veri Portalı
pharmacy:392:38.3934:27.0878,pharmacy,Pharmacy,HAZAR ECZANESİ,38.3934,27.0878,HATAY,,INÖNÜ CAD.NO:490/A,02322247294,,,2026-09-20T07:31:15.702Z,COMPLETE_FOR_MAPPABLE_ROWS,api,Tüm eczaneler,https://acikveri.bizizmir.com/dataset/nobetci-eczaneler-ve-eczane-listesi,CC BY 4.0,İzmir Büyükşehir Belediyesi Açık Veri Portalı
pharmacy:393:38.39346:27.084795,pharmacy,Pharmacy,DEMİRCİGİL ECZANESİ,38.39346,27.084795,HATAY,,INÖNÜ CAD.NO:530/APOLIGON,02322854737,,,2026-09-20T07:31:15.702Z,COMPLETE_FOR_MAPPABLE_ROWS,api,Tüm eczaneler,https://acikveri.bizizmir.com/dataset/nobetci-eczaneler-ve-eczane-listesi,CC BY 4.0,İzmir Büyükşehir Belediyesi Açık Veri Portalı
pharmacy:394:38.392845:27.086847,pharmacy,Pharmacy,TUNCA ECZANESİ,38.392845,27.086847,HATAY,,POLİGON MAH. İNÖNÜ CAD. NO:667/A,02322463779,,,2026-09-20T07:31:15.702Z,COMPLETE_FOR_MAPPABLE_ROWS,api,Tüm eczaneler,https://acikveri.bizizmir.com/dataset/nobetci-eczaneler-ve-eczane-listesi,CC BY 4.0,İzmir Büyükşehir Belediyesi Açık Veri Portalı
pharmacy:395:38.395995:27.068916,pharmacy,Pharmacy,FEYZA ECZANESİ,38.395995,27.068916,HATAY,,FAHRETTİN ALTAY MAH. 65/12 SOK. NO:4/B,02322787603,,,2026-09-20T07:31:15.702Z,COMPLETE_FOR_MAPPABLE_ROWS,api,Tüm eczaneler,https://acikveri.bizizmir.com/dataset/nobetci-eczaneler-ve-eczane-listesi,CC BY 4.0,İzmir Büyükşehir Belediyesi Açık Veri Portalı
pharmacy:396:38.39234:27.084521,pharmacy,Pharmacy,ÖZSELÇUK ECZANESİ,38.39234,27.084521,HATAY,,POLİGON MAH. 123/1 SOK. NO:1/4,02322858900,,,2026-09-20T07:31:15.702Z,COMPLETE_FOR_MAPPABLE_ROWS,api,Tüm eczaneler,https://acikveri.bizizmir.com/dataset/nobetci-eczaneler-ve-eczane-listesi,CC BY 4.0,İzmir Büyükşehir Belediyesi Açık Veri Portalı
pharmacy:397:38.396083:27.072638,pharmacy,Pharmacy,GÜRBÜZ ECZANESİ,38.396083,27.072638,HATAY,,INÖNÜ CAD. NO:859/A ÜÇKUYULAR,02322246544,,,2026-09-20T07:31:15.702Z,COMPLETE_FOR_MAPPABLE_ROWS,api,Tüm eczaneler,https://acikveri.bizizmir.com/dataset/nobetci-eczaneler-ve-eczane-listesi,CC BY 4.0,İzmir Büyükşehir Belediyesi Açık Veri Portalı
pharmacy:398:38.401329:27.093653,pharmacy,Pharmacy,PAKALIN ECZANESİ,38.401329,27.093653,MİTHATPAŞA,,GÖZTEPE MH.MITHATPASA CAD. NO:759/B VALIKONAGI KONAK,02322445777,,,2026-09-20T07:31:15.702Z,COMPLETE_FOR_MAPPABLE_ROWS,api,Tüm eczaneler,https://acikveri.bizizmir.com/dataset/nobetci-eczaneler-ve-eczane-listesi,CC BY 4.0,İzmir Büyükşehir Belediyesi Açık Veri Portalı
pharmacy:399:38.401698:27.095056,pharmacy,Pharmacy,KARADAG ECZANESİ,38.401698,27.095056,MİTHATPAŞA,,MITHATPASA CAD.NO.749 GÖZTEPE,02322316846,,,2026-09-20T07:31:15.702Z,COMPLETE_FOR_MAPPABLE_ROWS,api,Tüm eczaneler,https://acikveri.bizizmir.com/dataset/nobetci-eczaneler-ve-eczane-listesi,CC BY 4.0,İzmir Büyükşehir Belediyesi Açık Veri Portalı
pharmacy:400:38.398:27.0794,pharmacy,Pharmacy,DENIZMEN ECZANESİ,38.398,27.0794,MİTHATPAŞA,,GÜZELYALI 34 SOK. NO:12/A,02322477347,,,2026-09-20T07:31:15.702Z,COMPLETE_FOR_MAPPABLE_ROWS,api,Tüm eczaneler,https://acikveri.bizizmir.com/dataset/nobetci-eczaneler-ve-eczane-listesi,CC BY 4.0,İzmir Büyükşehir Belediyesi Açık Veri Portalı
pharmacy:401:38.3981812599473:27.0743318113192,pharmacy,Pharmacy,SAFA,38.3981812599473,27.0743318113192,MİTHATPAŞA,,G.Aksel Bulvarı No:1127/C HAVA HAST KARŞISI,2467361,,,2026-09-20T07:31:15.702Z,COMPLETE_FOR_MAPPABLE_ROWS,api,Tüm eczaneler,https://acikveri.bizizmir.com/dataset/nobetci-eczaneler-ve-eczane-listesi,CC BY 4.0,İzmir Büyükşehir Belediyesi Açık Veri Portalı
pharmacy:402:38.3988:27.0793,pharmacy,Pharmacy,ÖZLER ECZANESİ,38.3988,27.0793,MİTHATPAŞA,,MITHATPASA CAD. NO:1079/A GÜZELYALI,02322475927,,,2026-09-20T07:31:15.702Z,COMPLETE_FOR_MAPPABLE_ROWS,api,Tüm eczaneler,https://acikveri.bizizmir.com/dataset/nobetci-eczaneler-ve-eczane-listesi,CC BY 4.0,İzmir Büyükşehir Belediyesi Açık Veri Portalı
pharmacy:403:38.397519:27.071552,pharmacy,Pharmacy,KIVILCIM ECZANESİ,38.397519,27.071552,MİTHATPAŞA,,MITHATPASA CAD.1155/A ÜÇKUYULAR,02322478348,,,2026-09-20T07:31:15.702Z,COMPLETE_FOR_MAPPABLE_ROWS,api,Tüm eczaneler,https://acikveri.bizizmir.com/dataset/nobetci-eczaneler-ve-eczane-listesi,CC BY 4.0,İzmir Büyükşehir Belediyesi Açık Veri Portalı
pharmacy:404:38.398113:27.079328,pharmacy,Pharmacy,ÖZPINAR ECZANESİ,38.398113,27.079328,MİTHATPAŞA,,34 SOK. NO:10/B GÜZELYALI,02322245681,,,2026-09-20T07:31:15.702Z,COMPLETE_FOR_MAPPABLE_ROWS,api,Tüm eczaneler,https://acikveri.bizizmir.com/dataset/nobetci-eczaneler-ve-eczane-listesi,CC BY 4.0,İzmir Büyükşehir Belediyesi Açık Veri Portalı
pharmacy:405:38.241138:27.281958,pharmacy,Pharmacy,YILDIRIM ECZANESİ,38.241138,27.281958,AYRANCILAR,,FEVZİ ÇAKMAK MAH. BARIŞ MANÇO CAD.NO:44/D,02328547202,,,2026-09-20T07:31:15.702Z,COMPLETE_FOR_MAPPABLE_ROWS,api,Tüm eczaneler,https://acikveri.bizizmir.com/dataset/nobetci-eczaneler-ve-eczane-listesi,CC BY 4.0,İzmir Büyükşehir Belediyesi Açık Veri Portalı
pharmacy:406:38.60667:27.087327,pharmacy,Pharmacy,UTKU ECZANESİ,38.60667,27.087327,MENEMEN,,UĞUR MUMCU MAH. 1249 SK. NO:14/A,02328321905,,,2026-09-20T07:31:15.702Z,COMPLETE_FOR_MAPPABLE_ROWS,api,Tüm eczaneler,https://acikveri.bizizmir.com/dataset/nobetci-eczaneler-ve-eczane-listesi,CC BY 4.0,İzmir Büyükşehir Belediyesi Açık Veri Portalı
pharmacy:407:39.1105052199931:27.1858164229533,pharmacy,Pharmacy,BERGAMA SEVGİ,39.1105052199931,27.1858164229533,BERGAMA,,GAZİ OSMAN PAŞA MAH. HASAN ÇELEBİ CAD. NO:41/7,6336333,,,2026-09-20T07:31:15.702Z,COMPLETE_FOR_MAPPABLE_ROWS,api,Tüm eczaneler,https://acikveri.bizizmir.com/dataset/nobetci-eczaneler-ve-eczane-listesi,CC BY 4.0,İzmir Büyükşehir Belediyesi Açık Veri Portalı
pharmacy:408:38.465773:27.10613,pharmacy,Pharmacy,FİLİZ ECZANESİ,38.465773,27.10613,KARŞIYAKA 4,,DEDEBAŞI MH. ALİ ALP BÖKE CD. NO:107/C,02323362020,,,2026-09-20T07:31:15.702Z,COMPLETE_FOR_MAPPABLE_ROWS,api,Tüm eczaneler,https://acikveri.bizizmir.com/dataset/nobetci-eczaneler-ve-eczane-listesi,CC BY 4.0,İzmir Büyükşehir Belediyesi Açık Veri Portalı
pharmacy:409:38.477615:27.096759,pharmacy,Pharmacy,HAS ECZANESİ,38.477615,27.096759,KARŞIYAKA 4,,ŞEMİKLER MAH. ANADOLU CAD. NO:591/B,02323301021,,,2026-09-20T07:31:15.702Z,COMPLETE_FOR_MAPPABLE_ROWS,api,Tüm eczaneler,https://acikveri.bizizmir.com/dataset/nobetci-eczaneler-ve-eczane-listesi,CC BY 4.0,İzmir Büyükşehir Belediyesi Açık Veri Portalı
pharmacy:410:38.454424:27.176199,pharmacy,Pharmacy,UFUK ECZANESİ,38.454424,27.176199,BAYRAKLI,,ADALET MAH. HAYDAR ALİYEV CAD.NO:18/C,02325020488,,,2026-09-20T07:31:15.702Z,COMPLETE_FOR_MAPPABLE_ROWS,api,Tüm eczaneler,https://acikveri.bizizmir.com/dataset/nobetci-eczaneler-ve-eczane-listesi,CC BY 4.0,İzmir Büyükşehir Belediyesi Açık Veri Portalı
pharmacy:411:38.42998:27.199958,pharmacy,Pharmacy,GÜLBEYAZ ECZANESİ,38.42998,27.199958,ALTINDAĞ,,4206 SK. NO:36/A,02324673350,,,2026-09-20T07:31:15.702Z,COMPLETE_FOR_MAPPABLE_ROWS,api,Tüm eczaneler,https://acikveri.bizizmir.com/dataset/nobetci-eczaneler-ve-eczane-listesi,CC BY 4.0,İzmir Büyükşehir Belediyesi Açık Veri Portalı
pharmacy:412:38.4286:27.1929,pharmacy,Pharmacy,BÜYÜK ÜNAL ECZANESİ,38.4286,27.1929,ALTINDAĞ,,KOŞUKAVAK MH. FAZILPAŞA CD. NO:46/A,02324578487,,,2026-09-20T07:31:15.702Z,COMPLETE_FOR_MAPPABLE_ROWS,api,Tüm eczaneler,https://acikveri.bizizmir.com/dataset/nobetci-eczaneler-ve-eczane-listesi,CC BY 4.0,İzmir Büyükşehir Belediyesi Açık Veri Portalı
pharmacy:413:38.428346:27.192712,pharmacy,Pharmacy,YENİ TUNCAY ECZANESİ,38.428346,27.192712,ALTINDAĞ,,TUNA MAH. FAZIL PAŞA CAD. NO:35/A KOŞUKAVAK,02324356177,,,2026-09-20T07:31:15.702Z,COMPLETE_FOR_MAPPABLE_ROWS,api,Tüm eczaneler,https://acikveri.bizizmir.com/dataset/nobetci-eczaneler-ve-eczane-listesi,CC BY 4.0,İzmir Büyükşehir Belediyesi Açık Veri Portalı
pharmacy:415:38.474443:27.185696,pharmacy,Pharmacy,ATACAN ECZANESİ,38.474443,27.185696,ATATÜRK,,YAVUZ CD.NO:268/A OSMANGAZI MAH.BAYRAKLI,02323460090,,,2026-09-20T07:31:15.702Z,COMPLETE_FOR_MAPPABLE_ROWS,api,Tüm eczaneler,https://acikveri.bizizmir.com/dataset/nobetci-eczaneler-ve-eczane-listesi,CC BY 4.0,İzmir Büyükşehir Belediyesi Açık Veri Portalı
pharmacy:416:38.472288:27.186034,pharmacy,Pharmacy,MAHUR ECZANESİ,38.472288,27.186034,ATATÜRK,,OSMANGAZI MAH. YAVUZ CAD. NO:299/A bayraklı,02323414441,,,2026-09-20T07:31:15.702Z,COMPLETE_FOR_MAPPABLE_ROWS,api,Tüm eczaneler,https://acikveri.bizizmir.com/dataset/nobetci-eczaneler-ve-eczane-listesi,CC BY 4.0,İzmir Büyükşehir Belediyesi Açık Veri Portalı
pharmacy:417:38.3931:27.0521,pharmacy,Pharmacy,HOSCAN ECZANESİ,38.3931,27.0521,BALÇOVA,,ONUR MAH. SARMASIK SOK. NO:18/A,02322790254,,,2026-09-20T07:31:15.702Z,COMPLETE_FOR_MAPPABLE_ROWS,api,Tüm eczaneler,https://acikveri.bizizmir.com/dataset/nobetci-eczaneler-ve-eczane-listesi,CC BY 4.0,İzmir Büyükşehir Belediyesi Açık Veri Portalı
pharmacy:418:38.387748:27.05683,pharmacy,Pharmacy,AKYÜREK ECZANESİ,38.387748,27.05683,BALÇOVA,,ONUR MAH. KIZILCIK SOK. NO:24/B,02322591321,,,2026-09-20T07:31:15.702Z,COMPLETE_FOR_MAPPABLE_ROWS,api,Tüm eczaneler,https://acikveri.bizizmir.com/dataset/nobetci-eczaneler-ve-eczane-listesi,CC BY 4.0,İzmir Büyükşehir Belediyesi Açık Veri Portalı
pharmacy:419:38.392283:27.057913,pharmacy,Pharmacy,SIFA ECZANESİ,38.392283,27.057913,BALÇOVA,,ATA CAD. NO:56/A BALÇOVA,02322596379,,,2026-09-20T07:31:15.702Z,COMPLETE_FOR_MAPPABLE_ROWS,api,Tüm eczaneler,https://acikveri.bizizmir.com/dataset/nobetci-eczaneler-ve-eczane-listesi,CC BY 4.0,İzmir Büyükşehir Belediyesi Açık Veri Portalı
pharmacy:420:38.391557:27.0516,pharmacy,Pharmacy,YEŞİLDERE ECZANESİ,38.391557,27.0516,BALÇOVA,,ONUR MAH.MANOLYA SOK. NO.42,02322792242,,,2026-09-20T07:31:15.702Z,COMPLETE_FOR_MAPPABLE_ROWS,api,Tüm eczaneler,https://acikveri.bizizmir.com/dataset/nobetci-eczaneler-ve-eczane-listesi,CC BY 4.0,İzmir Büyükşehir Belediyesi Açık Veri Portalı
pharmacy:421:38.382915:27.058021,pharmacy,Pharmacy,SERAP ECZANESİ,38.382915,27.058021,BALÇOVA,,B.ATA CD. NO:194,02322775150,,,2026-09-20T07:31:15.702Z,COMPLETE_FOR_MAPPABLE_ROWS,api,Tüm eczaneler,https://acikveri.bizizmir.com/dataset/nobetci-eczaneler-ve-eczane-listesi,CC BY 4.0,İzmir Büyükşehir Belediyesi Açık Veri Portalı
pharmacy:422:38.394761:27.060875,pharmacy,Pharmacy,YENİ BARIŞ ECZANESİ,38.394761,27.060875,BALÇOVA,,EĞİTİM MH ZİYA GÖKALP SOK NO 29/A,02322790576,,,2026-09-20T07:31:15.702Z,COMPLETE_FOR_MAPPABLE_ROWS,api,Tüm eczaneler,https://acikveri.bizizmir.com/dataset/nobetci-eczaneler-ve-eczane-listesi,CC BY 4.0,İzmir Büyükşehir Belediyesi Açık Veri Portalı
pharmacy:423:38.384961:27.056628,pharmacy,Pharmacy,YALÇINKAYA ECZANESİ,38.384961,27.056628,BALÇOVA,,FEVZI ÇAKMAK MH. SAKARYA CD.17,02322782291,,,2026-09-20T07:31:15.702Z,COMPLETE_FOR_MAPPABLE_ROWS,api,Tüm eczaneler,https://acikveri.bizizmir.com/dataset/nobetci-eczaneler-ve-eczane-listesi,CC BY 4.0,İzmir Büyükşehir Belediyesi Açık Veri Portalı
pharmacy:424:38.385308:27.055593,pharmacy,Pharmacy,SAKARYA ECZANESİ,38.385308,27.055593,BALÇOVA,,TELEFERİK MAH. SAKARYA CAD. NO:39/A,02322785996,,,2026-09-20T07:31:15.702Z,COMPLETE_FOR_MAPPABLE_ROWS,api,Tüm eczaneler,https://acikveri.bizizmir.com/dataset/nobetci-eczaneler-ve-eczane-listesi,CC BY 4.0,İzmir Büyükşehir Belediyesi Açık Veri Portalı
pharmacy:425:38.386703:27.058598,pharmacy,Pharmacy,EGENUR ECZANESİ,38.386703,27.058598,BALÇOVA,,FEVZİ ÇAKMAK MAH. ATA CAD. NO:152/A,02322789581,,,2026-09-20T07:31:15.702Z,COMPLETE_FOR_MAPPABLE_ROWS,api,Tüm eczaneler,https://acikveri.bizizmir.com/dataset/nobetci-eczaneler-ve-eczane-listesi,CC BY 4.0,İzmir Büyükşehir Belediyesi Açık Veri Portalı
pharmacy:426:38.384829:27.057011,pharmacy,Pharmacy,FEYZA ECZANESİ,38.384829,27.057011,BALÇOVA,,SAKARYA CD. NO:11/B,02322791601,,,2026-09-20T07:31:15.702Z,COMPLETE_FOR_MAPPABLE_ROWS,api,Tüm eczaneler,https://acikveri.bizizmir.com/dataset/nobetci-eczaneler-ve-eczane-listesi,CC BY 4.0,İzmir Büyükşehir Belediyesi Açık Veri Portalı
pharmacy:427:38.397522:27.105359,pharmacy,Pharmacy,GÖKAY ECZANESİ,38.397522,27.105359,BASIN SİTESİ,,KARABAĞLAR BASIN SİTESİ MAHALLESİ 177/5 SOKAK NO:15/A,02322433633,,,2026-09-20T07:31:15.702Z,COMPLETE_FOR_MAPPABLE_ROWS,api,Tüm eczaneler,https://acikveri.bizizmir.com/dataset/nobetci-eczaneler-ve-eczane-listesi,CC BY 4.0,İzmir Büyükşehir Belediyesi Açık Veri Portalı
pharmacy:428:38.396695:27.10591,pharmacy,Pharmacy,YASAR ECZANESİ,38.396695,27.10591,BASIN SİTESİ,,VATAN MH. POLAT CD. 87/C,02322328684,,,2026-09-20T07:31:15.702Z,COMPLETE_FOR_MAPPABLE_ROWS,api,Tüm eczaneler,https://acikveri.bizizmir.com/dataset/nobetci-eczaneler-ve-eczane-listesi,CC BY 4.0,İzmir Büyükşehir Belediyesi Açık Veri Portalı
pharmacy:429:38.3972:27.1054,pharmacy,Pharmacy,MANAVGAT ECZANESİ,38.3972,27.1054,BASIN SİTESİ,,177/5 SK. NO:19/B BASINSITESI,02322314144,,,2026-09-20T07:31:15.702Z,COMPLETE_FOR_MAPPABLE_ROWS,api,Tüm eczaneler,https://acikveri.bizizmir.com/dataset/nobetci-eczaneler-ve-eczane-listesi,CC BY 4.0,İzmir Büyükşehir Belediyesi Açık Veri Portalı
pharmacy:430:38.398218:27.106045,pharmacy,Pharmacy,ÖZGÜVENLI ECZANESİ,38.398218,27.106045,BASIN SİTESİ,,HASAN TAHSIN CAD. NO:135/B BASINSITESI,02322432440,,,2026-09-20T07:31:15.702Z,COMPLETE_FOR_MAPPABLE_ROWS,api,Tüm eczaneler,https://acikveri.bizizmir.com/dataset/nobetci-eczaneler-ve-eczane-listesi,CC BY 4.0,İzmir Büyükşehir Belediyesi Açık Veri Portalı
pharmacy:431:38.396619:27.105165,pharmacy,Pharmacy,HİSAR ECZANESİ,38.396619,27.105165,BASIN SİTESİ,,POLAT CAD. NO:99/A,02322433293,,,2026-09-20T07:31:15.702Z,COMPLETE_FOR_MAPPABLE_ROWS,api,Tüm eczaneler,https://acikveri.bizizmir.com/dataset/nobetci-eczaneler-ve-eczane-listesi,CC BY 4.0,İzmir Büyükşehir Belediyesi Açık Veri Portalı
pharmacy:432:38.397724:27.105403,pharmacy,Pharmacy,SİTE ECZANESİ,38.397724,27.105403,BASIN SİTESİ,,177/5 SK. NO:11/A,02322314767,,,2026-09-20T07:31:15.702Z,COMPLETE_FOR_MAPPABLE_ROWS,api,Tüm eczaneler,https://acikveri.bizizmir.com/dataset/nobetci-eczaneler-ve-eczane-listesi,CC BY 4.0,İzmir Büyükşehir Belediyesi Açık Veri Portalı
pharmacy:433:38.39765521333:27.1053677229354,pharmacy,Pharmacy,SELİM,38.39765521333,27.1053677229354,BASIN SİTESİ,,177/5 Sok. No:13/A Devlet Hast. Acil Karşısı,2318622,,,2026-09-20T07:31:15.702Z,COMPLETE_FOR_MAPPABLE_ROWS,api,Tüm eczaneler,https://acikveri.bizizmir.com/dataset/nobetci-eczaneler-ve-eczane-listesi,CC BY 4.0,İzmir Büyükşehir Belediyesi Açık Veri Portalı
pharmacy:434:38.397127:27.105413,pharmacy,Pharmacy,ÖZGÜN ECZANESİ,38.397127,27.105413,BASIN SİTESİ,,177/5 SK. NO:23/A BASINSITESI,02322318103,,,2026-09-20T07:31:15.702Z,COMPLETE_FOR_MAPPABLE_ROWS,api,Tüm eczaneler,https://acikveri.bizizmir.com/dataset/nobetci-eczaneler-ve-eczane-listesi,CC BY 4.0,İzmir Büyükşehir Belediyesi Açık Veri Portalı
pharmacy:435:38.398472:27.105799,pharmacy,Pharmacy,CANER ECZANESİ,38.398472,27.105799,BASIN SİTESİ,,HASAN TAHSİN CD. 142/A,02322448595,,,2026-09-20T07:31:15.702Z,COMPLETE_FOR_MAPPABLE_ROWS,api,Tüm eczaneler,https://acikveri.bizizmir.com/dataset/nobetci-eczaneler-ve-eczane-listesi,CC BY 4.0,İzmir Büyükşehir Belediyesi Açık Veri Portalı
pharmacy:436:38.39859:27.104003,pharmacy,Pharmacy,KAMER ECZANESİ,38.39859,27.104003,BASIN SİTESİ,,HASAN TAHSIN CAD. NO:162/A,02322445123,,,2026-09-20T07:31:15.702Z,COMPLETE_FOR_MAPPABLE_ROWS,api,Tüm eczaneler,https://acikveri.bizizmir.com/dataset/nobetci-eczaneler-ve-eczane-listesi,CC BY 4.0,İzmir Büyükşehir Belediyesi Açık Veri Portalı
pharmacy:437:38.399383:27.102769,pharmacy,Pharmacy,BASIN SİTESİ ECZANESİ,38.399383,27.102769,BASIN SİTESİ,,BASINSİTESİ MH. 216 SK. NO:6/A,02322449119,,,2026-09-20T07:31:15.702Z,COMPLETE_FOR_MAPPABLE_ROWS,api,Tüm eczaneler,https://acikveri.bizizmir.com/dataset/nobetci-eczaneler-ve-eczane-listesi,CC BY 4.0,İzmir Büyükşehir Belediyesi Açık Veri Portalı
pharmacy:438:38.397276:27.105395,pharmacy,Pharmacy,BAŞKENT ECZANESİ,38.397276,27.105395,BASIN SİTESİ,,BASINSİTESİ MAH. 177/5 SOK. NO:19/C,02322446361,,,2026-09-20T07:31:15.702Z,COMPLETE_FOR_MAPPABLE_ROWS,api,Tüm eczaneler,https://acikveri.bizizmir.com/dataset/nobetci-eczaneler-ve-eczane-listesi,CC BY 4.0,İzmir Büyükşehir Belediyesi Açık Veri Portalı
pharmacy:439:38.3985955222037:27.1018141782509,pharmacy,Pharmacy,MUTLU,38.3985955222037,27.1018141782509,BASIN SİTESİ,,Hasan Tahsin Cad. 192/A B. Sitesi PTT YANI,2315096,,,2026-09-20T07:31:15.702Z,COMPLETE_FOR_MAPPABLE_ROWS,api,Tüm eczaneler,https://acikveri.bizizmir.com/dataset/nobetci-eczaneler-ve-eczane-listesi,CC BY 4.0,İzmir Büyükşehir Belediyesi Açık Veri Portalı
pharmacy:440:38.3944713886793:27.1011011478921,pharmacy,Pharmacy,NİSAN,38.3944713886793,27.1011011478921,BASIN SİTESİ,,Polat Cad. No:143/D,2329072,,,2026-09-20T07:31:15.702Z,COMPLETE_FOR_MAPPABLE_ROWS,api,Tüm eczaneler,https://acikveri.bizizmir.com/dataset/nobetci-eczaneler-ve-eczane-listesi,CC BY 4.0,İzmir Büyükşehir Belediyesi Açık Veri Portalı
pharmacy:441:38.397084:27.105416,pharmacy,Pharmacy,KONYA ECZANESİ,38.397084,27.105416,BASIN SİTESİ,,177/5 SOK. NO:23/B BASINSITESI,02322310457,,,2026-09-20T07:31:15.702Z,COMPLETE_FOR_MAPPABLE_ROWS,api,Tüm eczaneler,https://acikveri.bizizmir.com/dataset/nobetci-eczaneler-ve-eczane-listesi,CC BY 4.0,İzmir Büyükşehir Belediyesi Açık Veri Portalı
pharmacy:442:38.467771:27.177108,pharmacy,Pharmacy,SAPMAZ ECZANESİ,38.467771,27.177108,BAYRAKLI,,TEPEKULE MAH. BAYRAKLI CAD. 2091 SOK. NO:32/B,02323418441,,,2026-09-20T07:31:15.702Z,COMPLETE_FOR_MAPPABLE_ROWS,api,Tüm eczaneler,https://acikveri.bizizmir.com/dataset/nobetci-eczaneler-ve-eczane-listesi,CC BY 4.0,İzmir Büyükşehir Belediyesi Açık Veri Portalı
pharmacy:443:38.468669:27.175901,pharmacy,Pharmacy,ESKİŞEHİR ECZANESİ,38.468669,27.175901,BAYRAKLI,,TEPEKULE MAH. 2089 SOK. No:5/A,02323711784,,,2026-09-20T07:31:15.702Z,COMPLETE_FOR_MAPPABLE_ROWS,api,Tüm eczaneler,https://acikveri.bizizmir.com/dataset/nobetci-eczaneler-ve-eczane-listesi,CC BY 4.0,İzmir Büyükşehir Belediyesi Açık Veri Portalı
pharmacy:444:38.4763:27.1583,pharmacy,Pharmacy,ZİRVE ECZANESİ,38.4763,27.1583,BAYRAKLI,,CENGIZHAN MAH. 1620/39 SOKAK NO:56 BAYRAKLI,02323456252,,,2026-09-20T07:31:15.702Z,COMPLETE_FOR_MAPPABLE_ROWS,api,Tüm eczaneler,https://acikveri.bizizmir.com/dataset/nobetci-eczaneler-ve-eczane-listesi,CC BY 4.0,İzmir Büyükşehir Belediyesi Açık Veri Portalı
pharmacy:445:38.4718:27.181,pharmacy,Pharmacy,NURAY ECZANESİ,38.4718,27.181,BAYRAKLI,,2109 SOKAK NO:32/A ÇAY MAHALLESİ,02323452167,,,2026-09-20T07:31:15.702Z,COMPLETE_FOR_MAPPABLE_ROWS,api,Tüm eczaneler,https://acikveri.bizizmir.com/dataset/nobetci-eczaneler-ve-eczane-listesi,CC BY 4.0,İzmir Büyükşehir Belediyesi Açık Veri Portalı
pharmacy:446:38.46969:27.166626,pharmacy,Pharmacy,MURAT ECZANESİ,38.46969,27.166626,BAYRAKLI,,1620/1 SOK.NO:32/A ALPASLAN MAH. BAYRAKLI,02323452069,,,2026-09-20T07:31:15.702Z,COMPLETE_FOR_MAPPABLE_ROWS,api,Tüm eczaneler,https://acikveri.bizizmir.com/dataset/nobetci-eczaneler-ve-eczane-listesi,CC BY 4.0,İzmir Büyükşehir Belediyesi Açık Veri Portalı
pharmacy:447:38.461282:27.166481,pharmacy,Pharmacy,GÜVERCIN ECZANESİ,38.461282,27.166481,BAYRAKLI,,BAYRAKLI MH. ZEKİ YAVAŞ SK. NO:6/3B,02323713450,,,2026-09-20T07:31:15.702Z,COMPLETE_FOR_MAPPABLE_ROWS,api,Tüm eczaneler,https://acikveri.bizizmir.com/dataset/nobetci-eczaneler-ve-eczane-listesi,CC BY 4.0,İzmir Büyükşehir Belediyesi Açık Veri Portalı
pharmacy:448:38.474:27.1746,pharmacy,Pharmacy,DOST ECZANESİ,38.474,27.1746,BAYRAKLI,,M. ERENER MAH.2174 SOK.NO.45,02323712909,,,2026-09-20T07:31:15.702Z,COMPLETE_FOR_MAPPABLE_ROWS,api,Tüm eczaneler,https://acikveri.bizizmir.com/dataset/nobetci-eczaneler-ve-eczane-listesi,CC BY 4.0,İzmir Büyükşehir Belediyesi Açık Veri Portalı
pharmacy:449:38.468414:27.219048,pharmacy,Pharmacy,NAZİF ECZANESİ,38.468414,27.219048,BORNOVA 1,,ERGENE MH. 456 SK. NO:11/C,02323740951,,,2026-09-20T07:31:15.702Z,COMPLETE_FOR_MAPPABLE_ROWS,api,Tüm eczaneler,https://acikveri.bizizmir.com/dataset/nobetci-eczaneler-ve-eczane-listesi,CC BY 4.0,İzmir Büyükşehir Belediyesi Açık Veri Portalı
pharmacy:450:38.467833:27.219408,pharmacy,Pharmacy,ÖZ ISIL ECZANESİ,38.467833,27.219408,BORNOVA 1,,454 SOK. NO:1/B,02323742683,,,2026-09-20T07:31:15.702Z,COMPLETE_FOR_MAPPABLE_ROWS,api,Tüm eczaneler,https://acikveri.bizizmir.com/dataset/nobetci-eczaneler-ve-eczane-listesi,CC BY 4.0,İzmir Büyükşehir Belediyesi Açık Veri Portalı
pharmacy:451:38.464243:27.224745,pharmacy,Pharmacy,YENİ HAYAT ECZANESİ,38.464243,27.224745,BORNOVA 1,,ERZENE MAH. TÜRKELİ CAD. NO:3/A,02323432194,,,2026-09-20T07:31:15.702Z,COMPLETE_FOR_MAPPABLE_ROWS,api,Tüm eczaneler,https://acikveri.bizizmir.com/dataset/nobetci-eczaneler-ve-eczane-listesi,CC BY 4.0,İzmir Büyükşehir Belediyesi Açık Veri Portalı
pharmacy:452:38.458756:27.209818,pharmacy,Pharmacy,YEŞİL ECZANESİ,38.458756,27.209818,BORNOVA 2,,KAZIM DİRİK MAH. ANKARA CAD. NO:237/1B,02323881895,,,2026-09-20T07:31:15.702Z,COMPLETE_FOR_MAPPABLE_ROWS,api,Tüm eczaneler,https://acikveri.bizizmir.com/dataset/nobetci-eczaneler-ve-eczane-listesi,CC BY 4.0,İzmir Büyükşehir Belediyesi Açık Veri Portalı
pharmacy:453:38.457514:27.208565,pharmacy,Pharmacy,BORNOVA EGE ECZANESİ,38.457514,27.208565,BORNOVA 2,,KAZIMDIRIK MAH. ÜNIVERSITE CAD. NO:32/B,02323435516,,,2026-09-20T07:31:15.702Z,COMPLETE_FOR_MAPPABLE_ROWS,api,Tüm eczaneler,https://acikveri.bizizmir.com/dataset/nobetci-eczaneler-ve-eczane-listesi,CC BY 4.0,İzmir Büyükşehir Belediyesi Açık Veri Portalı
pharmacy:454:38.461595:27.211463,pharmacy,Pharmacy,BORNOVA GÜL ECZANESİ,38.461595,27.211463,BORNOVA 2,,KAZIMDİRİK MAH. ZAFER CAD. NO:26/A,02323426280,,,2026-09-20T07:31:15.702Z,COMPLETE_FOR_MAPPABLE_ROWS,api,Tüm eczaneler,https://acikveri.bizizmir.com/dataset/nobetci-eczaneler-ve-eczane-listesi,CC BY 4.0,İzmir Büyükşehir Belediyesi Açık Veri Portalı
pharmacy:455:38.4578648903051:27.2093174064705,pharmacy,Pharmacy,YAVUZ,38.4578648903051,27.2093174064705,BORNOVA 2,,E.Ü. Cad. No:18 Hastane Karşısı,3880864,,,2026-09-20T07:31:15.702Z,COMPLETE_FOR_MAPPABLE_ROWS,api,Tüm eczaneler,https://acikveri.bizizmir.com/dataset/nobetci-eczaneler-ve-eczane-listesi,CC BY 4.0,İzmir Büyükşehir Belediyesi Açık Veri Portalı
pharmacy:456:38.455029:27.204673,pharmacy,Pharmacy,ANKARA ECZANESİ,38.455029,27.204673,BORNOVA 2,,KAZIM DİRİK MAH. SANAYİ CAD. NO:12/B,02323882218,,,2026-09-20T07:31:15.702Z,COMPLETE_FOR_MAPPABLE_ROWS,api,Tüm eczaneler,https://acikveri.bizizmir.com/dataset/nobetci-eczaneler-ve-eczane-listesi,CC BY 4.0,İzmir Büyükşehir Belediyesi Açık Veri Portalı
pharmacy:457:38.458876:27.212083,pharmacy,Pharmacy,ELİF SAĞSÖZ ECZANESİ,38.458876,27.212083,BORNOVA 2,,KAZIM DİRİK MAH. 168 SOK. NO:8/E,02323421054,,,2026-09-20T07:31:15.702Z,COMPLETE_FOR_MAPPABLE_ROWS,api,Tüm eczaneler,https://acikveri.bizizmir.com/dataset/nobetci-eczaneler-ve-eczane-listesi,CC BY 4.0,İzmir Büyükşehir Belediyesi Açık Veri Portalı
pharmacy:458:38.461:27.21,pharmacy,Pharmacy,SENGÜL ECZANESİ,38.461,27.21,BORNOVA 2,,KAZIM DIRIK MH.GEDIZ CD.NO.6/G,02323398154,,,2026-09-20T07:31:15.702Z,COMPLETE_FOR_MAPPABLE_ROWS,api,Tüm eczaneler,https://acikveri.bizizmir.com/dataset/nobetci-eczaneler-ve-eczane-listesi,CC BY 4.0,İzmir Büyükşehir Belediyesi Açık Veri Portalı
pharmacy:459:38.458509:27.208344,pharmacy,Pharmacy,İZMİR ECZANESİ,38.458509,27.208344,BORNOVA 2,,KAZIM DİRİK MAH. ANKARA CAD. NO:227/A,02323883286,,,2026-09-20T07:31:15.702Z,COMPLETE_FOR_MAPPABLE_ROWS,api,Tüm eczaneler,https://acikveri.bizizmir.com/dataset/nobetci-eczaneler-ve-eczane-listesi,CC BY 4.0,İzmir Büyükşehir Belediyesi Açık Veri Portalı
pharmacy:460:38.458972:27.208743,pharmacy,Pharmacy,GÖKÇELI ECZANESİ,38.458972,27.208743,BORNOVA 2,,KAZIMDIRIK MAH. 186/1 SOK. NO:3/A BORNOVA,02323741687,,,2026-09-20T07:31:15.702Z,COMPLETE_FOR_MAPPABLE_ROWS,api,Tüm eczaneler,https://acikveri.bizizmir.com/dataset/nobetci-eczaneler-ve-eczane-listesi,CC BY 4.0,İzmir Büyükşehir Belediyesi Açık Veri Portalı
pharmacy:461:38.4586:27.2095,pharmacy,Pharmacy,ÇEVRE ECZANESİ,38.4586,27.2095,BORNOVA 2,,ANKARA CAD. NO:237/1A BORNOVA,2323746625,,,2026-09-20T07:31:15.702Z,COMPLETE_FOR_MAPPABLE_ROWS,api,Tüm eczaneler,https://acikveri.bizizmir.com/dataset/nobetci-eczaneler-ve-eczane-listesi,CC BY 4.0,İzmir Büyükşehir Belediyesi Açık Veri Portalı
pharmacy:462:38.458544:27.208843,pharmacy,Pharmacy,YENI FILIZ ECZANESİ,38.458544,27.208843,BORNOVA 2,,ANKARA CAD. NO:233/A BORNOVA,02323884834,,,2026-09-20T07:31:15.702Z,COMPLETE_FOR_MAPPABLE_ROWS,api,Tüm eczaneler,https://acikveri.bizizmir.com/dataset/nobetci-eczaneler-ve-eczane-listesi,CC BY 4.0,İzmir Büyükşehir Belediyesi Açık Veri Portalı
pharmacy:463:38.457559:27.208609,pharmacy,Pharmacy,İLGİSU ECZANESİ,38.457559,27.208609,BORNOVA 2,,KAZIM DIRIK MAH. ÜNIVERSITE CAD. NO:30/A BORNOVA,02323390545,,,2026-09-20T07:31:15.702Z,COMPLETE_FOR_MAPPABLE_ROWS,api,Tüm eczaneler,https://acikveri.bizizmir.com/dataset/nobetci-eczaneler-ve-eczane-listesi,CC BY 4.0,İzmir Büyükşehir Belediyesi Açık Veri Portalı
pharmacy:464:38.462561:27.214063,pharmacy,Pharmacy,VİTAMİN ECZANESİ,38.462561,27.214063,BORNOVA 2,,KAZIMDIRIK MAH. SÜVARI CAD. NO:44/A,02323423333,,,2026-09-20T07:31:15.702Z,COMPLETE_FOR_MAPPABLE_ROWS,api,Tüm eczaneler,https://acikveri.bizizmir.com/dataset/nobetci-eczaneler-ve-eczane-listesi,CC BY 4.0,İzmir Büyükşehir Belediyesi Açık Veri Portalı
pharmacy:465:38.459964:27.196186,pharmacy,Pharmacy,BELMA ECZANESİ,38.459964,27.196186,BORNOVA 3,,MUSTAFA KEMAL CAD.NO:155/D MANAVKUYU MAH.BAYRAKLI,02323396833,,,2026-09-20T07:31:15.702Z,COMPLETE_FOR_MAPPABLE_ROWS,api,Tüm eczaneler,https://acikveri.bizizmir.com/dataset/nobetci-eczaneler-ve-eczane-listesi,CC BY 4.0,İzmir Büyükşehir Belediyesi Açık Veri Portalı
pharmacy:466:38.4584042624675:27.190243991633,pharmacy,Pharmacy,YENİ NURAY,38.4584042624675,27.190243991633,BORNOVA 3,,Sakarya Cad. 273/5 Sok. No:12/C,3481072,,,2026-09-20T07:31:15.702Z,COMPLETE_FOR_MAPPABLE_ROWS,api,Tüm eczaneler,https://acikveri.bizizmir.com/dataset/nobetci-eczaneler-ve-eczane-listesi,CC BY 4.0,İzmir Büyükşehir Belediyesi Açık Veri Portalı
pharmacy:467:38.462099:27.200275,pharmacy,Pharmacy,ENGIN ECZANESİ,38.462099,27.200275,BORNOVA 3,,Manavkuyu Mah.236 Sok. No:3/B,02323426570,,,2026-09-20T07:31:15.702Z,COMPLETE_FOR_MAPPABLE_ROWS,api,Tüm eczaneler,https://acikveri.bizizmir.com/dataset/nobetci-eczaneler-ve-eczane-listesi,CC BY 4.0,İzmir Büyükşehir Belediyesi Açık Veri Portalı
pharmacy:468:38.4565151257622:27.1995493135025,pharmacy,Pharmacy,ARINÇ,38.4565151257622,27.1995493135025,BORNOVA 3,,Haşim İşcan Cad. No:9/A Özkanlar Sitesi,3477492,,,2026-09-20T07:31:15.702Z,COMPLETE_FOR_MAPPABLE_ROWS,api,Tüm eczaneler,https://acikveri.bizizmir.com/dataset/nobetci-eczaneler-ve-eczane-listesi,CC BY 4.0,İzmir Büyükşehir Belediyesi Açık Veri Portalı
pharmacy:469:38.455244:27.178737,pharmacy,Pharmacy,ATALAY ECZANESİ,38.455244,27.178737,BORNOVA 3,,ADALET MAH. Haydar Aliyev cad. No:30,02324627226,,,2026-09-20T07:31:15.702Z,COMPLETE_FOR_MAPPABLE_ROWS,api,Tüm eczaneler,https://acikveri.bizizmir.com/dataset/nobetci-eczaneler-ve-eczane-listesi,CC BY 4.0,İzmir Büyükşehir Belediyesi Açık Veri Portalı
pharmacy:470:38.458849:27.182226,pharmacy,Pharmacy,YENİ BAŞAR ECZANESİ,38.458849,27.182226,BORNOVA 3,,ADALET MAH. ŞEHİT PİLOT ÜSTEĞMEN TÜRKER AYDIN SOK. NO:35,02323485151,,,2026-09-20T07:31:15.702Z,COMPLETE_FOR_MAPPABLE_ROWS,api,Tüm eczaneler,https://acikveri.bizizmir.com/dataset/nobetci-eczaneler-ve-eczane-listesi,CC BY 4.0,İzmir Büyükşehir Belediyesi Açık Veri Portalı
pharmacy:471:38.456239:27.182085,pharmacy,Pharmacy,BORNOVA CEREN ECZANESİ,38.456239,27.182085,BORNOVA 3,,Manavkuyu Mah. SAKARYA CAD.NO:102/B BAYRAKLI,02323484221,,,2026-09-20T07:31:15.702Z,COMPLETE_FOR_MAPPABLE_ROWS,api,Tüm eczaneler,https://acikveri.bizizmir.com/dataset/nobetci-eczaneler-ve-eczane-listesi,CC BY 4.0,İzmir Büyükşehir Belediyesi Açık Veri Portalı
pharmacy:472:38.46171:27.205088,pharmacy,Pharmacy,BORNOVA HÜLYA ECZANESİ,38.46171,27.205088,BORNOVA 3,,MUSTAFA KEMAL CAD. 114/B,02323426812,,,2026-09-20T07:31:15.702Z,COMPLETE_FOR_MAPPABLE_ROWS,api,Tüm eczaneler,https://acikveri.bizizmir.com/dataset/nobetci-eczaneler-ve-eczane-listesi,CC BY 4.0,İzmir Büyükşehir Belediyesi Açık Veri Portalı
pharmacy:473:38.464391:27.195352,pharmacy,Pharmacy,BORNOVA SEÇİL ECZANESİ,38.464391,27.195352,BORNOVA 3,,DUMLUPINAR CAD.NO:140/C,02323422820,,,2026-09-20T07:31:15.702Z,COMPLETE_FOR_MAPPABLE_ROWS,api,Tüm eczaneler,https://acikveri.bizizmir.com/dataset/nobetci-eczaneler-ve-eczane-listesi,CC BY 4.0,İzmir Büyükşehir Belediyesi Açık Veri Portalı
pharmacy:474:38.461717:27.186836,pharmacy,Pharmacy,YONCA ECZANESİ,38.461717,27.186836,BORNOVA 3,,MANAVKUYU MAH.275/8 SOK.NO:10/D BAYRAKLI,02323485353,,,2026-09-20T07:31:15.702Z,COMPLETE_FOR_MAPPABLE_ROWS,api,Tüm eczaneler,https://acikveri.bizizmir.com/dataset/nobetci-eczaneler-ve-eczane-listesi,CC BY 4.0,İzmir Büyükşehir Belediyesi Açık Veri Portalı
pharmacy:475:38.4613:27.2036,pharmacy,Pharmacy,YENI BULVAR ECZANESİ,38.4613,27.2036,BORNOVA 3,,KAZIM DIRIK MAH. MUSTAFA KEMAL CAD. NO:122/F BORNOVA,02323740666,,,2026-09-20T07:31:15.702Z,COMPLETE_FOR_MAPPABLE_ROWS,api,Tüm eczaneler,https://acikveri.bizizmir.com/dataset/nobetci-eczaneler-ve-eczane-listesi,CC BY 4.0,İzmir Büyükşehir Belediyesi Açık Veri Portalı
pharmacy:476:38.461542:27.20164,pharmacy,Pharmacy,METİN ECZANESİ,38.461542,27.20164,BORNOVA 3,,MANAVKUYU MH. 234 SOK NO 6/D BAYRAKLI,02323738771,,,2026-09-20T07:31:15.702Z,COMPLETE_FOR_MAPPABLE_ROWS,api,Tüm eczaneler,https://acikveri.bizizmir.com/dataset/nobetci-eczaneler-ve-eczane-listesi,CC BY 4.0,İzmir Büyükşehir Belediyesi Açık Veri Portalı
pharmacy:477:38.460691:27.202721,pharmacy,Pharmacy,AKGÜNES ECZANESİ,38.460691,27.202721,BORNOVA 3,,194 SOK. NO:46/C,02323435673,,,2026-09-20T07:31:15.702Z,COMPLETE_FOR_MAPPABLE_ROWS,api,Tüm eczaneler,https://acikveri.bizizmir.com/dataset/nobetci-eczaneler-ve-eczane-listesi,CC BY 4.0,İzmir Büyükşehir Belediyesi Açık Veri Portalı
pharmacy:478:38.455629:27.196859,pharmacy,Pharmacy,YENI ISIL ECZANESİ,38.455629,27.196859,BORNOVA 3,,MANSUROGLU MAH. 266 SOKAK NO:10/C BAYRAKLI,02323472517,,,2026-09-20T07:31:15.702Z,COMPLETE_FOR_MAPPABLE_ROWS,api,Tüm eczaneler,https://acikveri.bizizmir.com/dataset/nobetci-eczaneler-ve-eczane-listesi,CC BY 4.0,İzmir Büyükşehir Belediyesi Açık Veri Portalı
pharmacy:479:38.458574:27.190881,pharmacy,Pharmacy,SEÇKIN ECZANESİ,38.458574,27.190881,BORNOVA 3,,273 SOK.NO:10/C BAYRAKLI,02323481083,,,2026-09-20T07:31:15.702Z,COMPLETE_FOR_MAPPABLE_ROWS,api,Tüm eczaneler,https://acikveri.bizizmir.com/dataset/nobetci-eczaneler-ve-eczane-listesi,CC BY 4.0,İzmir Büyükşehir Belediyesi Açık Veri Portalı
pharmacy:480:38.459525:27.191981,pharmacy,Pharmacy,IRMAK ECZANESİ,38.459525,27.191981,BORNOVA 3,,MANSUROGLU MAH.SAKARYA CAD.NO:275/2 SOK.NO:2/A BAYRAKLI,02323473663,,,2026-09-20T07:31:15.702Z,COMPLETE_FOR_MAPPABLE_ROWS,api,Tüm eczaneler,https://acikveri.bizizmir.com/dataset/nobetci-eczaneler-ve-eczane-listesi,CC BY 4.0,İzmir Büyükşehir Belediyesi Açık Veri Portalı
pharmacy:481:38.458549:27.190681,pharmacy,Pharmacy,AHSEN ECZANESİ,38.458549,27.190681,BORNOVA 3,,MANSUROGLU MAH. 273 SOKAK NO:10-1,02323480874,,,2026-09-20T07:31:15.702Z,COMPLETE_FOR_MAPPABLE_ROWS,api,Tüm eczaneler,https://acikveri.bizizmir.com/dataset/nobetci-eczaneler-ve-eczane-listesi,CC BY 4.0,İzmir Büyükşehir Belediyesi Açık Veri Portalı
pharmacy:482:38.390542:27.125751,pharmacy,Pharmacy,SAGOL ECZANESİ,38.390542,27.125751,BOZYAKA,,BOZYAKA MH. COŞKUNKALE SK. NO:20/A,02322274155,,,2026-09-20T07:31:15.702Z,COMPLETE_FOR_MAPPABLE_ROWS,api,Tüm eczaneler,https://acikveri.bizizmir.com/dataset/nobetci-eczaneler-ve-eczane-listesi,CC BY 4.0,İzmir Büyükşehir Belediyesi Açık Veri Portalı
pharmacy:483:38.390472:27.123196,pharmacy,Pharmacy,KALENDER ECZANESİ,38.390472,27.123196,BOZYAKA,,BOZYAKA MAH. ESKİİZMİR CAD. NO:227,02322625932,,,2026-09-20T07:31:15.702Z,COMPLETE_FOR_MAPPABLE_ROWS,api,Tüm eczaneler,https://acikveri.bizizmir.com/dataset/nobetci-eczaneler-ve-eczane-listesi,CC BY 4.0,İzmir Büyükşehir Belediyesi Açık Veri Portalı
pharmacy:484:38.38928:27.118669,pharmacy,Pharmacy,YENI SEVIL ECZANESİ,38.38928,27.118669,BOZYAKA,,GÜLYAKA MAH.ESKİİZMİR CD. NO:280/B,02322509565,,,2026-09-20T07:31:15.702Z,COMPLETE_FOR_MAPPABLE_ROWS,api,Tüm eczaneler,https://acikveri.bizizmir.com/dataset/nobetci-eczaneler-ve-eczane-listesi,CC BY 4.0,İzmir Büyükşehir Belediyesi Açık Veri Portalı
pharmacy:485:38.39294:27.126162,pharmacy,Pharmacy,UNCUOGLU ECZANESİ,38.39294,27.126162,BOZYAKA,,BAHAR MAH. ESKIIZMIR CAD. 531 SK. NO:172/A BOZYAKA,02322282787,,,2026-09-20T07:31:15.702Z,COMPLETE_FOR_MAPPABLE_ROWS,api,Tüm eczaneler,https://acikveri.bizizmir.com/dataset/nobetci-eczaneler-ve-eczane-listesi,CC BY 4.0,İzmir Büyükşehir Belediyesi Açık Veri Portalı
pharmacy:486:38.395948:27.127351,pharmacy,Pharmacy,KİLİMCİTEPE ECZANESİ,38.395948,27.127351,BOZYAKA,,ESKI IZMIR CAD. NO:97/A BOZYAKA,02322627289,,,2026-09-20T07:31:15.702Z,COMPLETE_FOR_MAPPABLE_ROWS,api,Tüm eczaneler,https://acikveri.bizizmir.com/dataset/nobetci-eczaneler-ve-eczane-listesi,CC BY 4.0,İzmir Büyükşehir Belediyesi Açık Veri Portalı
pharmacy:487:38.3880038411417:27.1735714591241,pharmacy,Pharmacy,HEYKEL,38.3880038411417,27.1735714591241,BUCA 1,,Uğur Mumcu Cad. 1/B Heykel Meyd.,4200527,,,2026-09-20T07:31:15.702Z,COMPLETE_FOR_MAPPABLE_ROWS,api,Tüm eczaneler,https://acikveri.bizizmir.com/dataset/nobetci-eczaneler-ve-eczane-listesi,CC BY 4.0,İzmir Büyükşehir Belediyesi Açık Veri Portalı
pharmacy:488:38.387863:27.173172,pharmacy,Pharmacy,BUCA ECZANESİ,38.387863,27.173172,BUCA 1,,VALİ RAHMİ BEY MAH. UĞUR MUMCU CAD. NO:2,02324200572,,,2026-09-20T07:31:15.702Z,COMPLETE_FOR_MAPPABLE_ROWS,api,Tüm eczaneler,https://acikveri.bizizmir.com/dataset/nobetci-eczaneler-ve-eczane-listesi,CC BY 4.0,İzmir Büyükşehir Belediyesi Açık Veri Portalı
pharmacy:489:38.385067:27.166649,pharmacy,Pharmacy,SUDEM ECZANESİ,38.385067,27.166649,BUCA 1,,ÖZMEN CAD. NO:118/B,02324870818,,,2026-09-20T07:31:15.702Z,COMPLETE_FOR_MAPPABLE_ROWS,api,Tüm eczaneler,https://acikveri.bizizmir.com/dataset/nobetci-eczaneler-ve-eczane-listesi,CC BY 4.0,İzmir Büyükşehir Belediyesi Açık Veri Portalı
pharmacy:490:38.38943:27.16538,pharmacy,Pharmacy,TİRYAKİOĞLU ECZANESİ,38.38943,27.16538,BUCA 1,,VALİ RAHMİ BEY MAH. 159/1 SOK. NO:2,02324872082,,,2026-09-20T07:31:15.702Z,COMPLETE_FOR_MAPPABLE_ROWS,api,Tüm eczaneler,https://acikveri.bizizmir.com/dataset/nobetci-eczaneler-ve-eczane-listesi,CC BY 4.0,İzmir Büyükşehir Belediyesi Açık Veri Portalı
pharmacy:491:38.384338:27.167734,pharmacy,Pharmacy,ERIM ECZANESİ,38.384338,27.167734,BUCA 1,,127 SOK. NO:40/B,02324260210,,,2026-09-20T07:31:15.702Z,COMPLETE_FOR_MAPPABLE_ROWS,api,Tüm eczaneler,https://acikveri.bizizmir.com/dataset/nobetci-eczaneler-ve-eczane-listesi,CC BY 4.0,İzmir Büyükşehir Belediyesi Açık Veri Portalı
pharmacy:492:38.382896:27.173003,pharmacy,Pharmacy,HANDAN ECZANESİ,38.382896,27.173003,BUCA 1,,ÖZMEN CAD. NO:40,02324405636,,,2026-09-20T07:31:15.702Z,COMPLETE_FOR_MAPPABLE_ROWS,api,Tüm eczaneler,https://acikveri.bizizmir.com/dataset/nobetci-eczaneler-ve-eczane-listesi,CC BY 4.0,İzmir Büyükşehir Belediyesi Açık Veri Portalı
pharmacy:493:38.3916326421632:27.1709826631813,pharmacy,Pharmacy,YENİ PELİN,38.3916326421632,27.1709826631813,BUCA 1,,118 Sok. 26/B İhtiyari Durak Evka 1 Dolmuş Yolu Girişi,4204948,,,2026-09-20T07:31:15.702Z,COMPLETE_FOR_MAPPABLE_ROWS,api,Tüm eczaneler,https://acikveri.bizizmir.com/dataset/nobetci-eczaneler-ve-eczane-listesi,CC BY 4.0,İzmir Büyükşehir Belediyesi Açık Veri Portalı
pharmacy:494:38.385274:27.166374,pharmacy,Pharmacy,ERCİYAS ECZANESİ,38.385274,27.166374,BUCA 1,,ÖZMEN CAD. NO:126/A,02324261577,,,2026-09-20T07:31:15.702Z,COMPLETE_FOR_MAPPABLE_ROWS,api,Tüm eczaneler,https://acikveri.bizizmir.com/dataset/nobetci-eczaneler-ve-eczane-listesi,CC BY 4.0,İzmir Büyükşehir Belediyesi Açık Veri Portalı
pharmacy:495:38.385426:27.166157,pharmacy,Pharmacy,BUCA NEŞE ECZANESİ,38.385426,27.166157,BUCA 1,,ÖZMEN CAD. NO:130,02324877566,,,2026-09-20T07:31:15.702Z,COMPLETE_FOR_MAPPABLE_ROWS,api,Tüm eczaneler,https://acikveri.bizizmir.com/dataset/nobetci-eczaneler-ve-eczane-listesi,CC BY 4.0,İzmir Büyükşehir Belediyesi Açık Veri Portalı
pharmacy:496:38.39035:27.175382,pharmacy,Pharmacy,YAYLACIK ECZANESİ,38.39035,27.175382,BUCA 1,,YAYLACIK MH. BAŞARI CD. NO:104/A,02324409600,,,2026-09-20T07:31:15.702Z,COMPLETE_FOR_MAPPABLE_ROWS,api,Tüm eczaneler,https://acikveri.bizizmir.com/dataset/nobetci-eczaneler-ve-eczane-listesi,CC BY 4.0,İzmir Büyükşehir Belediyesi Açık Veri Portalı
pharmacy:497:38.4380438212967:27.2020409327039,pharmacy,Pharmacy,HALK,38.4380438212967,27.2020409327039,ÇAMDİBİ,,Abdi İpekçi Cad. 171/B Yeşilova,4867517,,,2026-09-20T07:31:15.702Z,COMPLETE_FOR_MAPPABLE_ROWS,api,Tüm eczaneler,https://acikveri.bizizmir.com/dataset/nobetci-eczaneler-ve-eczane-listesi,CC BY 4.0,İzmir Büyükşehir Belediyesi Açık Veri Portalı
pharmacy:498:38.437842205054:27.1802076964388,pharmacy,Pharmacy,MELİS,38.437842205054,27.1802076964388,ÇAMDİBİ,,1580/1 Sok. 1/C Mersinli Son Durağı,4862344,,,2026-09-20T07:31:15.702Z,COMPLETE_FOR_MAPPABLE_ROWS,api,Tüm eczaneler,https://acikveri.bizizmir.com/dataset/nobetci-eczaneler-ve-eczane-listesi,CC BY 4.0,İzmir Büyükşehir Belediyesi Açık Veri Portalı
pharmacy:499:38.437606:27.184612,pharmacy,Pharmacy,BORNOVA ECZANESİ,38.437606,27.184612,ÇAMDİBİ,,YILDIRIM BEYAZIT MH. BURAK REİS CD. NO:25/A,02324350745,,,2026-09-20T07:31:15.702Z,COMPLETE_FOR_MAPPABLE_ROWS,api,Tüm eczaneler,https://acikveri.bizizmir.com/dataset/nobetci-eczaneler-ve-eczane-listesi,CC BY 4.0,İzmir Büyükşehir Belediyesi Açık Veri Portalı
pharmacy:500:38.438849:27.201636,pharmacy,Pharmacy,YENİ ÖZER ECZANESİ,38.438849,27.201636,ÇAMDİBİ,,ABDİ İPEKÇİ CD. 173 SK. NO:70/A,02324354596,,,2026-09-20T07:31:15.702Z,COMPLETE_FOR_MAPPABLE_ROWS,api,Tüm eczaneler,https://acikveri.bizizmir.com/dataset/nobetci-eczaneler-ve-eczane-listesi,CC BY 4.0,İzmir Büyükşehir Belediyesi Açık Veri Portalı
pharmacy:501:38.440182:27.199905,pharmacy,Pharmacy,BURAK REİS ECZANESİ,38.440182,27.199905,ÇAMDİBİ,,RAFET PAŞA MH. 5256 SK. NO:11/B,02324866493,,,2026-09-20T07:31:15.702Z,COMPLETE_FOR_MAPPABLE_ROWS,api,Tüm eczaneler,https://acikveri.bizizmir.com/dataset/nobetci-eczaneler-ve-eczane-listesi,CC BY 4.0,İzmir Büyükşehir Belediyesi Açık Veri Portalı
pharmacy:502:38.433858:27.203129,pharmacy,Pharmacy,MİHRİBAN ECZANESİ,38.433858,27.203129,ÇAMDİBİ,,YEŞİLOVA MAH. ABDİ İPEKÇİ CAD. NO:102/A BORNOVA,02324610073,,,2026-09-20T07:31:15.702Z,COMPLETE_FOR_MAPPABLE_ROWS,api,Tüm eczaneler,https://acikveri.bizizmir.com/dataset/nobetci-eczaneler-ve-eczane-listesi,CC BY 4.0,İzmir Büyükşehir Belediyesi Açık Veri Portalı
pharmacy:503:38.492768:27.065505,pharmacy,Pharmacy,GÜMÜSIGNE ECZANESİ,38.492768,27.065505,ÇİĞLİ,,KÖYIÇI MAH. DERE CAD. NO:16 ÇIGLI-IZMIR,02323861337,,,2026-09-20T07:31:15.702Z,COMPLETE_FOR_MAPPABLE_ROWS,api,Tüm eczaneler,https://acikveri.bizizmir.com/dataset/nobetci-eczaneler-ve-eczane-listesi,CC BY 4.0,İzmir Büyükşehir Belediyesi Açık Veri Portalı
pharmacy:504:38.4933507513237:27.0556841524842,pharmacy,Pharmacy,YENİ GÜLCE,38.4933507513237,27.0556841524842,ÇİĞLİ,,Eski Havaalanı Cad. 64/B,3290005,,,2026-09-20T07:31:15.702Z,COMPLETE_FOR_MAPPABLE_ROWS,api,Tüm eczaneler,https://acikveri.bizizmir.com/dataset/nobetci-eczaneler-ve-eczane-listesi,CC BY 4.0,İzmir Büyükşehir Belediyesi Açık Veri Portalı
pharmacy:505:38.474865:27.070652,pharmacy,Pharmacy,SOYSAL ECZANESİ,38.474865,27.070652,KARŞIYAKA 3,,LİVİNİZMİR - MAVİŞEHİR MAH. CAHER DUDAYEV BULV. NO:28/D,02323291533,,,2026-09-20T07:31:15.702Z,COMPLETE_FOR_MAPPABLE_ROWS,api,Tüm eczaneler,https://acikveri.bizizmir.com/dataset/nobetci-eczaneler-ve-eczane-listesi,CC BY 4.0,İzmir Büyükşehir Belediyesi Açık Veri Portalı
pharmacy:506:38.496026:27.055788,pharmacy,Pharmacy,EGECAN ECZANESİ,38.496026,27.055788,ÇİĞLİ,,8034 SOKAK NO:53/A,02323760806,,,2026-09-20T07:31:15.702Z,COMPLETE_FOR_MAPPABLE_ROWS,api,Tüm eczaneler,https://acikveri.bizizmir.com/dataset/nobetci-eczaneler-ve-eczane-listesi,CC BY 4.0,İzmir Büyükşehir Belediyesi Açık Veri Portalı
pharmacy:507:38.487735:27.053655,pharmacy,Pharmacy,DILAY ECZANESİ,38.487735,27.053655,ÇİĞLİ,,8229/1 SOKAK NO:17 ATAŞEHİR ÇİĞLİ,02323295687,,,2026-09-20T07:31:15.702Z,COMPLETE_FOR_MAPPABLE_ROWS,api,Tüm eczaneler,https://acikveri.bizizmir.com/dataset/nobetci-eczaneler-ve-eczane-listesi,CC BY 4.0,İzmir Büyükşehir Belediyesi Açık Veri Portalı
pharmacy:508:38.4931:27.0636,pharmacy,Pharmacy,ÇIGLI ECZANESİ,38.4931,27.0636,ÇİĞLİ,,ANADOLU CAD. NO:812/BÇIGLI/IZMIR,02323765163,,,2026-09-20T07:31:15.702Z,COMPLETE_FOR_MAPPABLE_ROWS,api,Tüm eczaneler,https://acikveri.bizizmir.com/dataset/nobetci-eczaneler-ve-eczane-listesi,CC BY 4.0,İzmir Büyükşehir Belediyesi Açık Veri Portalı
pharmacy:509:38.497084:27.06158,pharmacy,Pharmacy,SOYDER ECZANESİ,38.497084,27.06158,ÇİĞLİ,,8050 SOKAK NO:26/A ÇIGLI-IZMIR,02323864099,,,2026-09-20T07:31:15.702Z,COMPLETE_FOR_MAPPABLE_ROWS,api,Tüm eczaneler,https://acikveri.bizizmir.com/dataset/nobetci-eczaneler-ve-eczane-listesi,CC BY 4.0,İzmir Büyükşehir Belediyesi Açık Veri Portalı
pharmacy:510:38.4999:27.0555,pharmacy,Pharmacy,TEMEL ECZANESİ,38.4999,27.0555,ÇİĞLİ,,YENİ MH. ESKİ HAVAALANI CD. NO:74/B,02323293875,,,2026-09-20T07:31:15.702Z,COMPLETE_FOR_MAPPABLE_ROWS,api,Tüm eczaneler,https://acikveri.bizizmir.com/dataset/nobetci-eczaneler-ve-eczane-listesi,CC BY 4.0,İzmir Büyükşehir Belediyesi Açık Veri Portalı
pharmacy:511:38.493654:27.062845,pharmacy,Pharmacy,YEŞİM ECZANESİ,38.493654,27.062845,ÇİĞLİ,,ANADOLU CAD. NO:830/B,02323291731,,,2026-09-20T07:31:15.702Z,COMPLETE_FOR_MAPPABLE_ROWS,api,Tüm eczaneler,https://acikveri.bizizmir.com/dataset/nobetci-eczaneler-ve-eczane-listesi,CC BY 4.0,İzmir Büyükşehir Belediyesi Açık Veri Portalı
pharmacy:512:38.5000780089912:27.0555140941493,pharmacy,Pharmacy,KÜÇÜK ÇİĞLİ,38.5000780089912,27.0555140941493,ÇİĞLİ,,Anadolu Cad. 956/B Santral Durağı,3291020,,,2026-09-20T07:31:15.702Z,COMPLETE_FOR_MAPPABLE_ROWS,api,Tüm eczaneler,https://acikveri.bizizmir.com/dataset/nobetci-eczaneler-ve-eczane-listesi,CC BY 4.0,İzmir Büyükşehir Belediyesi Açık Veri Portalı
pharmacy:513:38.486607:27.062953,pharmacy,Pharmacy,ATIL ECZANESİ,38.486607,27.062953,ÇİĞLİ,,ISTASYON ALTI MAH. 8258/2 SOKAK NO:2/C ÇIGLI-IZMIR,02323942030,,,2026-09-20T07:31:15.702Z,COMPLETE_FOR_MAPPABLE_ROWS,api,Tüm eczaneler,https://acikveri.bizizmir.com/dataset/nobetci-eczaneler-ve-eczane-listesi,CC BY 4.0,İzmir Büyükşehir Belediyesi Açık Veri Portalı
pharmacy:514:38.3722:27.1072,pharmacy,Pharmacy,SAHIN ECZANESİ,38.3722,27.1072,ESKİİZMİR-CENNETÇEŞME,,ESKIIZIMIR CAD.NO.640/A ESKIIZIMIR KARABAGLAR-IZMIR,02322712532,,,2026-09-20T07:31:15.702Z,COMPLETE_FOR_MAPPABLE_ROWS,api,Tüm eczaneler,https://acikveri.bizizmir.com/dataset/nobetci-eczaneler-ve-eczane-listesi,CC BY 4.0,İzmir Büyükşehir Belediyesi Açık Veri Portalı
pharmacy:515:38.352461:27.098826,pharmacy,Pharmacy,DORUK ECZANESİ,38.352461,27.098826,ESKİİZMİR-CENNETÇEŞME,,3965 SOK. NO:1 UZUNDERE,02322721676,,,2026-09-20T07:31:15.702Z,COMPLETE_FOR_MAPPABLE_ROWS,api,Tüm eczaneler,https://acikveri.bizizmir.com/dataset/nobetci-eczaneler-ve-eczane-listesi,CC BY 4.0,İzmir Büyükşehir Belediyesi Açık Veri Portalı
pharmacy:516:38.406922:27.128054,pharmacy,Pharmacy,ESREFPASA ECZANESİ,38.406922,27.128054,EŞREFPAŞA,,464 SOK. NO:4/A ESREFPASA,02322281837,,,2026-09-20T07:31:15.702Z,COMPLETE_FOR_MAPPABLE_ROWS,api,Tüm eczaneler,https://acikveri.bizizmir.com/dataset/nobetci-eczaneler-ve-eczane-listesi,CC BY 4.0,İzmir Büyükşehir Belediyesi Açık Veri Portalı
pharmacy:517:38.400811:27.128361,pharmacy,Pharmacy,KARAGÖZ ECZANESİ,38.400811,27.128361,EŞREFPAŞA,,GÜNEŞLİ MAH. 526 SOK. NO:17/A,02322565339,,,2026-09-20T07:31:15.702Z,COMPLETE_FOR_MAPPABLE_ROWS,api,Tüm eczaneler,https://acikveri.bizizmir.com/dataset/nobetci-eczaneler-ve-eczane-listesi,CC BY 4.0,İzmir Büyükşehir Belediyesi Açık Veri Portalı
pharmacy:518:38.407887:27.128213,pharmacy,Pharmacy,YENI SIMAY ECZANESİ,38.407887,27.128213,EŞREFPAŞA,,ESREFPASA CAD. NO:290/A KONAK,02322566674,,,2026-09-20T07:31:15.702Z,COMPLETE_FOR_MAPPABLE_ROWS,api,Tüm eczaneler,https://acikveri.bizizmir.com/dataset/nobetci-eczaneler-ve-eczane-listesi,CC BY 4.0,İzmir Büyükşehir Belediyesi Açık Veri Portalı
pharmacy:519:38.408135:27.128321,pharmacy,Pharmacy,İPEKGÜL ECZANESİ,38.408135,27.128321,EŞREFPAŞA,,EŞREFPAŞA CAD. NO:266/A,02322509525,,,2026-09-20T07:31:15.702Z,COMPLETE_FOR_MAPPABLE_ROWS,api,Tüm eczaneler,https://acikveri.bizizmir.com/dataset/nobetci-eczaneler-ve-eczane-listesi,CC BY 4.0,İzmir Büyükşehir Belediyesi Açık Veri Portalı
pharmacy:520:38.406033:27.126785,pharmacy,Pharmacy,BURKAY ECZANESİ,38.406033,27.126785,EŞREFPAŞA,,ATİLA MH. 464 SK.NO.41,02322623491,,,2026-09-20T07:31:15.702Z,COMPLETE_FOR_MAPPABLE_ROWS,api,Tüm eczaneler,https://acikveri.bizizmir.com/dataset/nobetci-eczaneler-ve-eczane-listesi,CC BY 4.0,İzmir Büyükşehir Belediyesi Açık Veri Portalı
pharmacy:521:38.391272:27.187698,pharmacy,Pharmacy,RUŞEN ECZANESİ,38.391272,27.187698,EVKA 1,,1107 SOK. NO:8/A EVKA 1,02324421022,,,2026-09-20T07:31:15.702Z,COMPLETE_FOR_MAPPABLE_ROWS,api,Tüm eczaneler,https://acikveri.bizizmir.com/dataset/nobetci-eczaneler-ve-eczane-listesi,CC BY 4.0,İzmir Büyükşehir Belediyesi Açık Veri Portalı
pharmacy:522:38.317771:27.132893,pharmacy,Pharmacy,YENİ ÇETİNER ECZANESİ,38.317771,27.132893,GAZİEMİR,,ATIF BEY MAH. PROF. DR. TÜRKAN SAYLAN CAD. NO:15/A,02322520910,,,2026-09-20T07:31:15.702Z,COMPLETE_FOR_MAPPABLE_ROWS,api,Tüm eczaneler,https://acikveri.bizizmir.com/dataset/nobetci-eczaneler-ve-eczane-listesi,CC BY 4.0,İzmir Büyükşehir Belediyesi Açık Veri Portalı
pharmacy:523:38.317871:27.133211,pharmacy,Pharmacy,YIGIT ECZANESİ,38.317871,27.133211,GAZİEMİR,,ATIF BEY MH. PROF. DR. TÜRKAN SAYLAN CD. NO:12/A,02322523008,,,2026-09-20T07:31:15.702Z,COMPLETE_FOR_MAPPABLE_ROWS,api,Tüm eczaneler,https://acikveri.bizizmir.com/dataset/nobetci-eczaneler-ve-eczane-listesi,CC BY 4.0,İzmir Büyükşehir Belediyesi Açık Veri Portalı
pharmacy:524:38.322228:27.128208,pharmacy,Pharmacy,AREN ECZANESİ,38.322228,27.128208,GAZİEMİR,,GAZİ MH. 14 SK. NO:4/A,02322522637,,,2026-09-20T07:31:15.702Z,COMPLETE_FOR_MAPPABLE_ROWS,api,Tüm eczaneler,https://acikveri.bizizmir.com/dataset/nobetci-eczaneler-ve-eczane-listesi,CC BY 4.0,İzmir Büyükşehir Belediyesi Açık Veri Portalı
pharmacy:525:38.32292:27.136249,pharmacy,Pharmacy,ANDAÇ ECZANESİ,38.32292,27.136249,GAZİEMİR,,ATIF BEY MAH. MERTLER CAD. NO:6/A GAZİEMİR,02322518651,,,2026-09-20T07:31:15.702Z,COMPLETE_FOR_MAPPABLE_ROWS,api,Tüm eczaneler,https://acikveri.bizizmir.com/dataset/nobetci-eczaneler-ve-eczane-listesi,CC BY 4.0,İzmir Büyükşehir Belediyesi Açık Veri Portalı
pharmacy:526:38.321245:27.125366,pharmacy,Pharmacy,GAZİEMİR ECZANESİ,38.321245,27.125366,GAZİEMİR,,GAZİ MH. HASAN GÜVEN CD. NO:12,02322510995,,,2026-09-20T07:31:15.702Z,COMPLETE_FOR_MAPPABLE_ROWS,api,Tüm eczaneler,https://acikveri.bizizmir.com/dataset/nobetci-eczaneler-ve-eczane-listesi,CC BY 4.0,İzmir Büyükşehir Belediyesi Açık Veri Portalı
pharmacy:527:38.316727:27.13082,pharmacy,Pharmacy,ŞENTÜRK ECZANESİ,38.316727,27.13082,GAZİEMİR,,ABDÜLHAMİT YAVUZ CD. 38/C,02322522756,,,2026-09-20T07:31:15.702Z,COMPLETE_FOR_MAPPABLE_ROWS,api,Tüm eczaneler,https://acikveri.bizizmir.com/dataset/nobetci-eczaneler-ve-eczane-listesi,CC BY 4.0,İzmir Büyükşehir Belediyesi Açık Veri Portalı
pharmacy:528:38.329467:27.129674,pharmacy,Pharmacy,DORA ECZANESİ,38.329467,27.129674,GAZİEMİR,,IRMAK MAH. HASAN GÜVEN CAD. NO:99/A,02322521320,,,2026-09-20T07:31:15.702Z,COMPLETE_FOR_MAPPABLE_ROWS,api,Tüm eczaneler,https://acikveri.bizizmir.com/dataset/nobetci-eczaneler-ve-eczane-listesi,CC BY 4.0,İzmir Büyükşehir Belediyesi Açık Veri Portalı
pharmacy:529:38.3129:27.139755,pharmacy,Pharmacy,NİL ECZANESİ,38.3129,27.139755,GAZİEMİR,,GAZİKENT MAH. 73 SOK. NO:7/A A7 BLOK,02322744536,,,2026-09-20T07:31:15.702Z,COMPLETE_FOR_MAPPABLE_ROWS,api,Tüm eczaneler,https://acikveri.bizizmir.com/dataset/nobetci-eczaneler-ve-eczane-listesi,CC BY 4.0,İzmir Büyükşehir Belediyesi Açık Veri Portalı
pharmacy:530:38.325214:27.135661,pharmacy,Pharmacy,GÜNEŞ ECZANESİ,38.325214,27.135661,GAZİEMİR,,GAZİ MAH. ÖNDER CAD. NO:97/1A,02322510990,,,2026-09-20T07:31:15.702Z,COMPLETE_FOR_MAPPABLE_ROWS,api,Tüm eczaneler,https://acikveri.bizizmir.com/dataset/nobetci-eczaneler-ve-eczane-listesi,CC BY 4.0,İzmir Büyükşehir Belediyesi Açık Veri Portalı
pharmacy:531:38.325706:27.132261,pharmacy,Pharmacy,ÇELİK ECZANESİ,38.325706,27.132261,GAZİEMİR,,GAZİ MAH. KEMAL REİS CAD. NO:26/B,02322510064,,,2026-09-20T07:31:15.702Z,COMPLETE_FOR_MAPPABLE_ROWS,api,Tüm eczaneler,https://acikveri.bizizmir.com/dataset/nobetci-eczaneler-ve-eczane-listesi,CC BY 4.0,İzmir Büyükşehir Belediyesi Açık Veri Portalı
pharmacy:532:38.376613:27.147495,pharmacy,Pharmacy,ARZU TAN ECZANESİ,38.376613,27.147495,GEDİZ,,FIRAT MAH.287/3 SOK. NO:11,02322755965,,,2026-09-20T07:31:15.702Z,COMPLETE_FOR_MAPPABLE_ROWS,api,Tüm eczaneler,https://acikveri.bizizmir.com/dataset/nobetci-eczaneler-ve-eczane-listesi,CC BY 4.0,İzmir Büyükşehir Belediyesi Açık Veri Portalı
pharmacy:533:38.3683:27.1431,pharmacy,Pharmacy,SENER ECZANESİ,38.3683,27.1431,GEDİZ,,649/7 SK. NO:30 GÖKSU MAH.,02322765700,,,2026-09-20T07:31:15.702Z,COMPLETE_FOR_MAPPABLE_ROWS,api,Tüm eczaneler,https://acikveri.bizizmir.com/dataset/nobetci-eczaneler-ve-eczane-listesi,CC BY 4.0,İzmir Büyükşehir Belediyesi Açık Veri Portalı
pharmacy:534:38.361415:27.14275,pharmacy,Pharmacy,SERRA ECZANESİ,38.361415,27.14275,GEDİZ,,İNÖNÜ MAH. 670/1 SOK. NO:42/A(5340399972),02322758146,,,2026-09-20T07:31:15.702Z,COMPLETE_FOR_MAPPABLE_ROWS,api,Tüm eczaneler,https://acikveri.bizizmir.com/dataset/nobetci-eczaneler-ve-eczane-listesi,CC BY 4.0,İzmir Büyükşehir Belediyesi Açık Veri Portalı
pharmacy:535:38.36185:27.145138,pharmacy,Pharmacy,YENİ GÜLTEKİN ECZANESİ,38.36185,27.145138,GEDİZ,,682 SOK. NO:13 GEDIZ,02322762388,,,2026-09-20T07:31:15.702Z,COMPLETE_FOR_MAPPABLE_ROWS,api,Tüm eczaneler,https://acikveri.bizizmir.com/dataset/nobetci-eczaneler-ve-eczane-listesi,CC BY 4.0,İzmir Büyükşehir Belediyesi Açık Veri Portalı
pharmacy:536:38.376666:27.148573,pharmacy,Pharmacy,BODUR ECZANESİ,38.376666,27.148573,GEDİZ,,FIRAT MAH. 289 SK. NO:37/2A,02322766090,,,2026-09-20T07:31:15.702Z,COMPLETE_FOR_MAPPABLE_ROWS,api,Tüm eczaneler,https://acikveri.bizizmir.com/dataset/nobetci-eczaneler-ve-eczane-listesi,CC BY 4.0,İzmir Büyükşehir Belediyesi Açık Veri Portalı
pharmacy:537:38.367837:27.148508,pharmacy,Pharmacy,SEDEF ECZANESİ,38.367837,27.148508,GEDİZ,,YEŞİLBAĞLAR MAHALLESİ 637/4 SOKAK NO:(103-107)B,02322767000,,,2026-09-20T07:31:15.702Z,COMPLETE_FOR_MAPPABLE_ROWS,api,Tüm eczaneler,https://acikveri.bizizmir.com/dataset/nobetci-eczaneler-ve-eczane-listesi,CC BY 4.0,İzmir Büyükşehir Belediyesi Açık Veri Portalı
pharmacy:538:38.4126:27.1664,pharmacy,Pharmacy,FERAHLI ECZANESİ,38.4126,27.1664,GÜLTEPE,,3480 SK. 128/1-A FERAHLI LEVENT SON DURAK,02324332764,,,2026-09-20T07:31:15.702Z,COMPLETE_FOR_MAPPABLE_ROWS,api,Tüm eczaneler,https://acikveri.bizizmir.com/dataset/nobetci-eczaneler-ve-eczane-listesi,CC BY 4.0,İzmir Büyükşehir Belediyesi Açık Veri Portalı
pharmacy:539:38.419344:27.166361,pharmacy,Pharmacy,BAKILER ECZANESİ,38.419344,27.166361,GÜLTEPE,,LEVENT MH. 3483 SK. NO.3/A,02324339090,,,2026-09-20T07:31:15.702Z,COMPLETE_FOR_MAPPABLE_ROWS,api,Tüm eczaneler,https://acikveri.bizizmir.com/dataset/nobetci-eczaneler-ve-eczane-listesi,CC BY 4.0,İzmir Büyükşehir Belediyesi Açık Veri Portalı
pharmacy:540:38.150851:27.371018,pharmacy,Pharmacy,DERMAN ECZANESİ,38.150851,27.371018,TORBALI,,ATATÜRK MAH. 1551 SOK. NO:18/A,02324586265,,,2026-09-20T07:31:15.702Z,COMPLETE_FOR_MAPPABLE_ROWS,api,Tüm eczaneler,https://acikveri.bizizmir.com/dataset/nobetci-eczaneler-ve-eczane-listesi,CC BY 4.0,İzmir Büyükşehir Belediyesi Açık Veri Portalı
pharmacy:541:38.4794:27.1316,pharmacy,Pharmacy,YENI TUNA ECZANESİ,38.4794,27.1316,GÜMÜŞPALA,,KUBİLAY CD. YAMANLAR MH. NO:320/B,02323722713,,,2026-09-20T07:31:15.702Z,COMPLETE_FOR_MAPPABLE_ROWS,api,Tüm eczaneler,https://acikveri.bizizmir.com/dataset/nobetci-eczaneler-ve-eczane-listesi,CC BY 4.0,İzmir Büyükşehir Belediyesi Açık Veri Portalı
pharmacy:542:38.479488:27.119352,pharmacy,Pharmacy,YASAROGLU ECZANESİ,38.479488,27.119352,GÜMÜŞPALA,,1847/27 SOK. NO:9/A,02323633904,,,2026-09-20T07:31:15.702Z,COMPLETE_FOR_MAPPABLE_ROWS,api,Tüm eczaneler,https://acikveri.bizizmir.com/dataset/nobetci-eczaneler-ve-eczane-listesi,CC BY 4.0,İzmir Büyükşehir Belediyesi Açık Veri Portalı
pharmacy:550:38.402917:27.106001,pharmacy,Pharmacy,DEGERLI ECZANESİ,38.402917,27.106001,HATAY,,156 SOK. NO:15 HATAY,02322430037,,,2026-09-20T07:31:15.702Z,COMPLETE_FOR_MAPPABLE_ROWS,api,Tüm eczaneler,https://acikveri.bizizmir.com/dataset/nobetci-eczaneler-ve-eczane-listesi,CC BY 4.0,İzmir Büyükşehir Belediyesi Açık Veri Portalı
pharmacy:563:38.393171:27.034502,pharmacy,Pharmacy,İNCİRALTI ECZANESİ,38.393171,27.034502,İNCİRALTI,,KORUTÜRK MAH. MİTHATPAŞA CAD. NO:283/C İNCİRALTI,02322596363,,,2026-09-20T07:31:15.702Z,COMPLETE_FOR_MAPPABLE_ROWS,api,Tüm eczaneler,https://acikveri.bizizmir.com/dataset/nobetci-eczaneler-ve-eczane-listesi,CC BY 4.0,İzmir Büyükşehir Belediyesi Açık Veri Portalı
pharmacy:564:38.3937:27.0362,pharmacy,Pharmacy,ALKIN ECZANESİ,38.3937,27.0362,İNCİRALTI,,MITHATPASA CAD. NO:267/2 BALÇOVA,02322788950,,,2026-09-20T07:31:15.702Z,COMPLETE_FOR_MAPPABLE_ROWS,api,Tüm eczaneler,https://acikveri.bizizmir.com/dataset/nobetci-eczaneler-ve-eczane-listesi,CC BY 4.0,İzmir Büyükşehir Belediyesi Açık Veri Portalı
pharmacy:565:38.393939:27.038725,pharmacy,Pharmacy,BAŞGÖL ECZANESİ,38.393939,27.038725,İNCİRALTI,,KORUTÜRK MAH. MİTHATPAŞA CAD. NO:259/B,02322792213,,,2026-09-20T07:31:15.702Z,COMPLETE_FOR_MAPPABLE_ROWS,api,Tüm eczaneler,https://acikveri.bizizmir.com/dataset/nobetci-eczaneler-ve-eczane-listesi,CC BY 4.0,İzmir Büyükşehir Belediyesi Açık Veri Portalı
pharmacy:566:38.393023:27.033754,pharmacy,Pharmacy,DALGIÇ ECZANESİ,38.393023,27.033754,İNCİRALTI,,KORUTÜRK MAH. MİTHATPAŞA CAD. NO:285/1B,02322784070,,,2026-09-20T07:31:15.702Z,COMPLETE_FOR_MAPPABLE_ROWS,api,Tüm eczaneler,https://acikveri.bizizmir.com/dataset/nobetci-eczaneler-ve-eczane-listesi,CC BY 4.0,İzmir Büyükşehir Belediyesi Açık Veri Portalı
pharmacy:567:38.3934:27.035,pharmacy,Pharmacy,DİLEK ECZANESİ,38.3934,27.035,İNCİRALTI,,M.PASA CAD. NO:273/B INCIRALTI-IZMIR,02322779602,,,2026-09-20T07:31:15.702Z,COMPLETE_FOR_MAPPABLE_ROWS,api,Tüm eczaneler,https://acikveri.bizizmir.com/dataset/nobetci-eczaneler-ve-eczane-listesi,CC BY 4.0,İzmir Büyükşehir Belediyesi Açık Veri Portalı
pharmacy:568:38.377099:27.132039,pharmacy,Pharmacy,KARABAĞLAR ECZANESİ,38.377099,27.132039,KARABAĞLAR,,YUNUS EMRE MAH. 4012 SOK. NO:57,02322371163,,,2026-09-20T07:31:15.702Z,COMPLETE_FOR_MAPPABLE_ROWS,api,Tüm eczaneler,https://acikveri.bizizmir.com/dataset/nobetci-eczaneler-ve-eczane-listesi,CC BY 4.0,İzmir Büyükşehir Belediyesi Açık Veri Portalı
pharmacy:569:38.3700978383837:27.1298023093343,pharmacy,Pharmacy,NUMUNE ECZANESİ,38.3700978383837,27.1298023093343,KARABAĞLAR,,4165 SK. NO:67/B SIRRI ATALAY CD.,02322379464,,,2026-09-20T07:31:15.702Z,COMPLETE_FOR_MAPPABLE_ROWS,api,Tüm eczaneler,https://acikveri.bizizmir.com/dataset/nobetci-eczaneler-ve-eczane-listesi,CC BY 4.0,İzmir Büyükşehir Belediyesi Açık Veri Portalı
pharmacy:570:38.3839715724203:27.1294016752401,pharmacy,Pharmacy,KARAGÖZ,38.3839715724203,27.1294016752401,KARABAĞLAR,,5757 sok. No:88/A ÇİTLENBİK DURAĞI 5 NO LU AÇS YANI,2642549,,,2026-09-20T07:31:15.702Z,COMPLETE_FOR_MAPPABLE_ROWS,api,Tüm eczaneler,https://acikveri.bizizmir.com/dataset/nobetci-eczaneler-ve-eczane-listesi,CC BY 4.0,İzmir Büyükşehir Belediyesi Açık Veri Portalı
pharmacy:571:38.374141:27.131513,pharmacy,Pharmacy,YENI MERT ECZANESİ,38.374141,27.131513,KARABAĞLAR,,Yunus Emre Mah. 4156 SOK. NO:33/A,02322379542,,,2026-09-20T07:31:15.702Z,COMPLETE_FOR_MAPPABLE_ROWS,api,Tüm eczaneler,https://acikveri.bizizmir.com/dataset/nobetci-eczaneler-ve-eczane-listesi,CC BY 4.0,İzmir Büyükşehir Belediyesi Açık Veri Portalı
pharmacy:572:38.368883:27.126624,pharmacy,Pharmacy,YENİ ŞENİZ ECZANESİ,38.368883,27.126624,KARABAĞLAR,,YUNUS EMRE MH. 4229 SK. NO:45,02322650352,,,2026-09-20T07:31:15.702Z,COMPLETE_FOR_MAPPABLE_ROWS,api,Tüm eczaneler,https://acikveri.bizizmir.com/dataset/nobetci-eczaneler-ve-eczane-listesi,CC BY 4.0,İzmir Büyükşehir Belediyesi Açık Veri Portalı
pharmacy:573:38.389015:27.125137,pharmacy,Pharmacy,ÖZ DEVA ECZANESİ,38.389015,27.125137,KARABAĞLAR,,SARIYER MAH. 5714/1 SOK. NO:21/A,02322374892,,,2026-09-20T07:31:15.702Z,COMPLETE_FOR_MAPPABLE_ROWS,api,Tüm eczaneler,https://acikveri.bizizmir.com/dataset/nobetci-eczaneler-ve-eczane-listesi,CC BY 4.0,İzmir Büyükşehir Belediyesi Açık Veri Portalı
pharmacy:601:38.3935457227859:27.012689086095,pharmacy,Pharmacy,AKINCI,38.3935457227859,27.012689086095,NARLIDERE,,Çamtepe mah. Güngören cad. No:64/B,2394504,,,2026-09-20T07:31:15.702Z,COMPLETE_FOR_MAPPABLE_ROWS,api,Tüm eczaneler,https://acikveri.bizizmir.com/dataset/nobetci-eczaneler-ve-eczane-listesi,CC BY 4.0,İzmir Büyükşehir Belediyesi Açık Veri Portalı
pharmacy:602:38.390879:27.025491,pharmacy,Pharmacy,KOCABIYIK ECZANESİ,38.390879,27.025491,NARLIDERE,,ILICA MAH.DALYA SOK.NO.21/A,02322384536,,,2026-09-20T07:31:15.702Z,COMPLETE_FOR_MAPPABLE_ROWS,api,Tüm eczaneler,https://acikveri.bizizmir.com/dataset/nobetci-eczaneler-ve-eczane-listesi,CC BY 4.0,İzmir Büyükşehir Belediyesi Açık Veri Portalı
pharmacy:603:38.4043943956686:27.1178441754822,pharmacy,Pharmacy,TONAY,38.4043943956686,27.1178441754822,ÜÇYOL,,323 sok. 23/C B. Evler PARKI ARKASI,2271090,,,2026-09-20T07:31:15.702Z,COMPLETE_FOR_MAPPABLE_ROWS,api,Tüm eczaneler,https://acikveri.bizizmir.com/dataset/nobetci-eczaneler-ve-eczane-listesi,CC BY 4.0,İzmir Büyükşehir Belediyesi Açık Veri Portalı
pharmacy:604:38.402855:27.12191,pharmacy,Pharmacy,YENI BESTE ECZANESİ,38.402855,27.12191,ÜÇYOL,,501 SOK. NO:10/A,02322275005,,,2026-09-20T07:31:15.702Z,COMPLETE_FOR_MAPPABLE_ROWS,api,Tüm eczaneler,https://acikveri.bizizmir.com/dataset/nobetci-eczaneler-ve-eczane-listesi,CC BY 4.0,İzmir Büyükşehir Belediyesi Açık Veri Portalı
pharmacy:605:38.407348:27.124062,pharmacy,Pharmacy,ALTINTAŞ ECZANESİ,38.407348,27.124062,ÜÇYOL,,ALTINTAŞ MAH. İNÖNÜ CAD. NO:116/A,02322281751,,,2026-09-20T07:31:15.702Z,COMPLETE_FOR_MAPPABLE_ROWS,api,Tüm eczaneler,https://acikveri.bizizmir.com/dataset/nobetci-eczaneler-ve-eczane-listesi,CC BY 4.0,İzmir Büyükşehir Belediyesi Açık Veri Portalı
pharmacy:606:38.4072030098712:27.1243593936202,pharmacy,Pharmacy,YENİ NUR,38.4072030098712,27.1243593936202,ÜÇYOL,,İnönü Cad. 77/A Altıntaş,2505624,,,2026-09-20T07:31:15.702Z,COMPLETE_FOR_MAPPABLE_ROWS,api,Tüm eczaneler,https://acikveri.bizizmir.com/dataset/nobetci-eczaneler-ve-eczane-listesi,CC BY 4.0,İzmir Büyükşehir Belediyesi Açık Veri Portalı
pharmacy:607:38.40336:27.113381,pharmacy,Pharmacy,YENİ GENÇ CEBE ECZANESİ,38.40336,27.113381,ÜÇYOL,,PİRİ REİS MH. 269 Sk. NO:91/A,02322610225,,,2026-09-20T07:31:15.702Z,COMPLETE_FOR_MAPPABLE_ROWS,api,Tüm eczaneler,https://acikveri.bizizmir.com/dataset/nobetci-eczaneler-ve-eczane-listesi,CC BY 4.0,İzmir Büyükşehir Belediyesi Açık Veri Portalı
pharmacy:608:38.406138:27.115457,pharmacy,Pharmacy,ULUS ECZANESİ,38.406138,27.115457,ÜÇYOL,,277 SOKAK NO:72/A ÜÇYOL KONAK,02322275230,,,2026-09-20T07:31:15.702Z,COMPLETE_FOR_MAPPABLE_ROWS,api,Tüm eczaneler,https://acikveri.bizizmir.com/dataset/nobetci-eczaneler-ve-eczane-listesi,CC BY 4.0,İzmir Büyükşehir Belediyesi Açık Veri Portalı
pharmacy:609:38.406062:27.117835,pharmacy,Pharmacy,YENI YESIM ECZANESİ,38.406062,27.117835,ÜÇYOL,,KILIÇREİS MH. ŞÜKRÜ SARAÇOĞLU CD NO:47,02322507985,,,2026-09-20T07:31:15.702Z,COMPLETE_FOR_MAPPABLE_ROWS,api,Tüm eczaneler,https://acikveri.bizizmir.com/dataset/nobetci-eczaneler-ve-eczane-listesi,CC BY 4.0,İzmir Büyükşehir Belediyesi Açık Veri Portalı
pharmacy:610:38.401981:27.114179,pharmacy,Pharmacy,YENİ SAGLIK ECZANESİ,38.401981,27.114179,ÜÇYOL,,235 SK. NO:91-A-B,02322611730,,,2026-09-20T07:31:15.702Z,COMPLETE_FOR_MAPPABLE_ROWS,api,Tüm eczaneler,https://acikveri.bizizmir.com/dataset/nobetci-eczaneler-ve-eczane-listesi,CC BY 4.0,İzmir Büyükşehir Belediyesi Açık Veri Portalı
pharmacy:611:38.408046:27.125454,pharmacy,Pharmacy,ÇABUKOGLU ECZANESİ,38.408046,27.125454,ÜÇYOL,,INÖNÜ CAD. ALTINTAS MAH. NO:76/C KONAK,02322620321,,,2026-09-20T07:31:15.702Z,COMPLETE_FOR_MAPPABLE_ROWS,api,Tüm eczaneler,https://acikveri.bizizmir.com/dataset/nobetci-eczaneler-ve-eczane-listesi,CC BY 4.0,İzmir Büyükşehir Belediyesi Açık Veri Portalı
pharmacy:612:38.402856:27.121756,pharmacy,Pharmacy,KILIÇ ECZANESİ,38.402856,27.121756,ÜÇYOL,,BAHÇELIEVLER 502/4 SOK.NO:30/B,02322506600,,,2026-09-20T07:31:15.702Z,COMPLETE_FOR_MAPPABLE_ROWS,api,Tüm eczaneler,https://acikveri.bizizmir.com/dataset/nobetci-eczaneler-ve-eczane-listesi,CC BY 4.0,İzmir Büyükşehir Belediyesi Açık Veri Portalı
pharmacy:613:38.4051806320374:27.1207665348872,pharmacy,Pharmacy,HALE ECZANESİ,38.4051806320374,27.1207665348872,ÜÇYOL,,BAHÇELİEVLER MH. 325 SK. NO:5/A,02322614243,,,2026-09-20T07:31:15.702Z,COMPLETE_FOR_MAPPABLE_ROWS,api,Tüm eczaneler,https://acikveri.bizizmir.com/dataset/nobetci-eczaneler-ve-eczane-listesi,CC BY 4.0,İzmir Büyükşehir Belediyesi Açık Veri Portalı
pharmacy:614:38.410166:27.127723,pharmacy,Pharmacy,ÖDEMIS ECZANESİ,38.410166,27.127723,ÜÇYOL,,INÖNÜ CAD.NO:10/A,02322275779,,,2026-09-20T07:31:15.702Z,COMPLETE_FOR_MAPPABLE_ROWS,api,Tüm eczaneler,https://acikveri.bizizmir.com/dataset/nobetci-eczaneler-ve-eczane-listesi,CC BY 4.0,İzmir Büyükşehir Belediyesi Açık Veri Portalı
pharmacy:615:38.4190009102864:27.1581453230955,pharmacy,Pharmacy,YENİ ÜLKÜ,38.4190009102864,27.1581453230955,YENİŞEHİR,,Güney Mh. 1440 sok. NO. 2/G ESKİ ÜLKÜ SİNEMSI KARŞISI ZEYTİNLİK,4333628,,,2026-09-20T07:31:15.702Z,COMPLETE_FOR_MAPPABLE_ROWS,api,Tüm eczaneler,https://acikveri.bizizmir.com/dataset/nobetci-eczaneler-ve-eczane-listesi,CC BY 4.0,İzmir Büyükşehir Belediyesi Açık Veri Portalı
pharmacy:616:38.4243:27.1672,pharmacy,Pharmacy,YENIÇAG ECZANESİ,38.4243,27.1672,YENİŞEHİR,,GAZILER CD. NO:341/A YENISEHIR,02324697227,,,2026-09-20T07:31:15.702Z,COMPLETE_FOR_MAPPABLE_ROWS,api,Tüm eczaneler,https://acikveri.bizizmir.com/dataset/nobetci-eczaneler-ve-eczane-listesi,CC BY 4.0,İzmir Büyükşehir Belediyesi Açık Veri Portalı
pharmacy:617:38.42236:27.147313,pharmacy,Pharmacy,OZAN ÖZCAN ECZANESİ,38.42236,27.147313,YENİŞEHİR,,ETİLER MAH. GAZİLER CAD. NO:136/B,02324837664,,,2026-09-20T07:31:15.702Z,COMPLETE_FOR_MAPPABLE_ROWS,api,Tüm eczaneler,https://acikveri.bizizmir.com/dataset/nobetci-eczaneler-ve-eczane-listesi,CC BY 4.0,İzmir Büyükşehir Belediyesi Açık Veri Portalı
pharmacy:618:38.423258:27.160192,pharmacy,Pharmacy,ALEV ECZANESİ,38.423258,27.160192,YENİŞEHİR,,GÜNEY MAHALLESİ GAZİLER CADDESİ NO:390/A KONAK,02324596117,,,2026-09-20T07:31:15.702Z,COMPLETE_FOR_MAPPABLE_ROWS,api,Tüm eczaneler,https://acikveri.bizizmir.com/dataset/nobetci-eczaneler-ve-eczane-listesi,CC BY 4.0,İzmir Büyükşehir Belediyesi Açık Veri Portalı
pharmacy:619:38.4223263786826:27.1545232848291,pharmacy,Pharmacy,YENİ DEMET,38.4223263786826,27.1545232848291,YENİŞEHİR,,Gaziler Cad. No: 228 MOTOR MESLEK LİSESİ KARŞISI,4339656,,,2026-09-20T07:31:15.702Z,COMPLETE_FOR_MAPPABLE_ROWS,api,Tüm eczaneler,https://acikveri.bizizmir.com/dataset/nobetci-eczaneler-ve-eczane-listesi,CC BY 4.0,İzmir Büyükşehir Belediyesi Açık Veri Portalı
pharmacy:620:38.42203:27.148829,pharmacy,Pharmacy,HALK ECZANESİ,38.42203,27.148829,YENİŞEHİR,,GAZİLER CAD.1254 SOK.NO:2/AKAPILAR,02324849144,,,2026-09-20T07:31:15.702Z,COMPLETE_FOR_MAPPABLE_ROWS,api,Tüm eczaneler,https://acikveri.bizizmir.com/dataset/nobetci-eczaneler-ve-eczane-listesi,CC BY 4.0,İzmir Büyükşehir Belediyesi Açık Veri Portalı
pharmacy:621:38.421895:27.151849,pharmacy,Pharmacy,AZİZİYE ECZANESİ,38.421895,27.151849,YENİŞEHİR,,GAZILER CAD. NO:222/A YENISEHIR,02324458010,,,2026-09-20T07:31:15.702Z,COMPLETE_FOR_MAPPABLE_ROWS,api,Tüm eczaneler,https://acikveri.bizizmir.com/dataset/nobetci-eczaneler-ve-eczane-listesi,CC BY 4.0,İzmir Büyükşehir Belediyesi Açık Veri Portalı
pharmacy:622:38.419099:27.159744,pharmacy,Pharmacy,YENI KARTAL ECZANESİ,38.419099,27.159744,YENİŞEHİR,,1140 SOK.NO:12/G ZEYTINLIK,02324570040,,,2026-09-20T07:31:15.702Z,COMPLETE_FOR_MAPPABLE_ROWS,api,Tüm eczaneler,https://acikveri.bizizmir.com/dataset/nobetci-eczaneler-ve-eczane-listesi,CC BY 4.0,İzmir Büyükşehir Belediyesi Açık Veri Portalı
pharmacy:623:38.419112:27.156714,pharmacy,Pharmacy,KÜÇÜK OZAN ECZANESİ,38.419112,27.156714,YENİŞEHİR,,YENIDOGAN MAH. 1195 SOKAK NO:82 KONAK,02324335249,,,2026-09-20T07:31:15.702Z,COMPLETE_FOR_MAPPABLE_ROWS,api,Tüm eczaneler,https://acikveri.bizizmir.com/dataset/nobetci-eczaneler-ve-eczane-listesi,CC BY 4.0,İzmir Büyükşehir Belediyesi Açık Veri Portalı
pharmacy:624:38.423229:27.161144,pharmacy,Pharmacy,ÇARE ECZANESİ,38.423229,27.161144,YENİŞEHİR,,GAZİLER CD. NO:406/A,02324696419,,,2026-09-20T07:31:15.702Z,COMPLETE_FOR_MAPPABLE_ROWS,api,Tüm eczaneler,https://acikveri.bizizmir.com/dataset/nobetci-eczaneler-ve-eczane-listesi,CC BY 4.0,İzmir Büyükşehir Belediyesi Açık Veri Portalı
pharmacy:625:38.396781:27.112371,pharmacy,Pharmacy,YEŞİLYURT ECZANESİ,38.396781,27.112371,YEŞİLYURT,,ESENLIK MH.9054 SOK.NO.16,02322322200,,,2026-09-20T07:31:15.702Z,COMPLETE_FOR_MAPPABLE_ROWS,api,Tüm eczaneler,https://acikveri.bizizmir.com/dataset/nobetci-eczaneler-ve-eczane-listesi,CC BY 4.0,İzmir Büyükşehir Belediyesi Açık Veri Portalı
pharmacy:626:38.396494:27.109274,pharmacy,Pharmacy,YENİ YEŞİLYURT ECZANESİ,38.396494,27.109274,YEŞİLYURT,,VATAN MAH. POLAT CAD. NO:41,02322315035,,,2026-09-20T07:31:15.702Z,COMPLETE_FOR_MAPPABLE_ROWS,api,Tüm eczaneler,https://acikveri.bizizmir.com/dataset/nobetci-eczaneler-ve-eczane-listesi,CC BY 4.0,İzmir Büyükşehir Belediyesi Açık Veri Portalı
pharmacy:627:38.397339:27.113001,pharmacy,Pharmacy,DÜNYA ECZANESİ,38.397339,27.113001,YEŞİLYURT,,ESENLİK MAH. ORDU CAD. NO:102/C YEŞİLYURT,02322612044,,,2026-09-20T07:31:15.702Z,COMPLETE_FOR_MAPPABLE_ROWS,api,Tüm eczaneler,https://acikveri.bizizmir.com/dataset/nobetci-eczaneler-ve-eczane-listesi,CC BY 4.0,İzmir Büyükşehir Belediyesi Açık Veri Portalı
pharmacy:628:38.373006:27.167366,pharmacy,Pharmacy,ÇAMLIKULE ECZANESİ,38.373006,27.167366,BUCA 2,,ÇAMLIKULE MAH. 222/34 SOK. NO:4/A,02324421285,,,2026-09-20T07:31:15.702Z,COMPLETE_FOR_MAPPABLE_ROWS,api,Tüm eczaneler,https://acikveri.bizizmir.com/dataset/nobetci-eczaneler-ve-eczane-listesi,CC BY 4.0,İzmir Büyükşehir Belediyesi Açık Veri Portalı
pharmacy:629:38.376761:27.169251,pharmacy,Pharmacy,YENI EMRE ECZANESİ,38.376761,27.169251,BUCA 2,,ISMAIL SIVRI CAD. 222 SOK. NO:126/A,02324200407,,,2026-09-20T07:31:15.702Z,COMPLETE_FOR_MAPPABLE_ROWS,api,Tüm eczaneler,https://acikveri.bizizmir.com/dataset/nobetci-eczaneler-ve-eczane-listesi,CC BY 4.0,İzmir Büyükşehir Belediyesi Açık Veri Portalı
pharmacy:630:38.37617:27.179296,pharmacy,Pharmacy,AÇELYA ECZANESİ,38.37617,27.179296,BUCA 2,,TINAZTEPE MAH. HOCA AHMET YESEVI CAD. NO:19/A,02324537384,,,2026-09-20T07:31:15.702Z,COMPLETE_FOR_MAPPABLE_ROWS,api,Tüm eczaneler,https://acikveri.bizizmir.com/dataset/nobetci-eczaneler-ve-eczane-listesi,CC BY 4.0,İzmir Büyükşehir Belediyesi Açık Veri Portalı
pharmacy:631:38.39306:27.180202,pharmacy,Pharmacy,TOPRAĞIN ECZANESİ,38.39306,27.180202,EVKA 1,,GAZİLER MAH. GAZİOSMANPAŞA CAD. NO:173/A,02324202821,,,2026-09-20T07:31:15.702Z,COMPLETE_FOR_MAPPABLE_ROWS,api,Tüm eczaneler,https://acikveri.bizizmir.com/dataset/nobetci-eczaneler-ve-eczane-listesi,CC BY 4.0,İzmir Büyükşehir Belediyesi Açık Veri Portalı
pharmacy:632:38.389866:27.186488,pharmacy,Pharmacy,MAVİ EGE ECZANESİ,38.389866,27.186488,EVKA 1,,SULTAN SELIM CAD. NO:220/A,02324204451,,,2026-09-20T07:31:15.702Z,COMPLETE_FOR_MAPPABLE_ROWS,api,Tüm eczaneler,https://acikveri.bizizmir.com/dataset/nobetci-eczaneler-ve-eczane-listesi,CC BY 4.0,İzmir Büyükşehir Belediyesi Açık Veri Portalı
pharmacy:633:38.399517:27.192506,pharmacy,Pharmacy,MEHTAP ECZANESİ,38.399517,27.192506,EVKA 1,,YEDİGÖLLER İŞ MERKEZİ TANSAŞ ÜSTÜ NO:125/1,02324405305,,,2026-09-20T07:31:15.702Z,COMPLETE_FOR_MAPPABLE_ROWS,api,Tüm eczaneler,https://acikveri.bizizmir.com/dataset/nobetci-eczaneler-ve-eczane-listesi,CC BY 4.0,İzmir Büyükşehir Belediyesi Açık Veri Portalı
pharmacy:634:38.425523:27.137553,pharmacy,Pharmacy,SİBEL ATLAS ECZANESİ,38.425523,27.137553,ALSANCAK,,İSMET KAPTAN MAH. SEZER DOĞAN SOK. NO:8/B,02323881335,,,2026-09-20T07:31:15.702Z,COMPLETE_FOR_MAPPABLE_ROWS,api,Tüm eczaneler,https://acikveri.bizizmir.com/dataset/nobetci-eczaneler-ve-eczane-listesi,CC BY 4.0,İzmir Büyükşehir Belediyesi Açık Veri Portalı
pharmacy:635:38.491984:27.065664,pharmacy,Pharmacy,ÇETİNER ECZANESİ,38.491984,27.065664,ÇİĞLİ,,ŞİRİNTEPE MAH. DERE CAD. NO:2/A,02323298715,,,2026-09-20T07:31:15.702Z,COMPLETE_FOR_MAPPABLE_ROWS,api,Tüm eczaneler,https://acikveri.bizizmir.com/dataset/nobetci-eczaneler-ve-eczane-listesi,CC BY 4.0,İzmir Büyükşehir Belediyesi Açık Veri Portalı
pharmacy:636:38.495988:27.055858,pharmacy,Pharmacy,YENİ MAHALLE ECZANESİ,38.495988,27.055858,ÇİĞLİ,,8034 SK. NO:51/A,02323766377,,,2026-09-20T07:31:15.702Z,COMPLETE_FOR_MAPPABLE_ROWS,api,Tüm eczaneler,https://acikveri.bizizmir.com/dataset/nobetci-eczaneler-ve-eczane-listesi,CC BY 4.0,İzmir Büyükşehir Belediyesi Açık Veri Portalı
pharmacy:638:38.393127:27.0333,pharmacy,Pharmacy,ELEMENT ECZANESİ,38.393127,27.0333,İNCİRALTI,,KORUTÜRK MAH. MİTHATPAŞA CAD. NO:285/H,02322790415,,,2026-09-20T07:31:15.702Z,COMPLETE_FOR_MAPPABLE_ROWS,api,Tüm eczaneler,https://acikveri.bizizmir.com/dataset/nobetci-eczaneler-ve-eczane-listesi,CC BY 4.0,İzmir Büyükşehir Belediyesi Açık Veri Portalı
pharmacy:639:38.390701:27.040309,pharmacy,Pharmacy,TERMAL ECZANESİ,38.390701,27.040309,İNCİRALTI,,KORUTÜRK MH. İMBAT SK. NO:43/A,02322775388,,,2026-09-20T07:31:15.702Z,COMPLETE_FOR_MAPPABLE_ROWS,api,Tüm eczaneler,https://acikveri.bizizmir.com/dataset/nobetci-eczaneler-ve-eczane-listesi,CC BY 4.0,İzmir Büyükşehir Belediyesi Açık Veri Portalı
pharmacy:640:38.368679:27.125698,pharmacy,Pharmacy,BERFİN ECZANESİ,38.368679,27.125698,KARABAĞLAR,,İHSAN ALYANAK MAH. 5027 SOK. NO:2(1 NOLU SAĞLIK OCAĞI YANI),02322371051,,,2026-09-20T07:31:15.702Z,COMPLETE_FOR_MAPPABLE_ROWS,api,Tüm eczaneler,https://acikveri.bizizmir.com/dataset/nobetci-eczaneler-ve-eczane-listesi,CC BY 4.0,İzmir Büyükşehir Belediyesi Açık Veri Portalı
pharmacy:641:38.478974:27.118855,pharmacy,Pharmacy,MERVE ECZANESİ,38.478974,27.118855,GÜMÜŞPALA,,SOĞUKKUYU MAH. 1847/26 SOK. NO:5/F(GERBAY SAĞLIK OCAĞI KARŞISI),02323636833,,,2026-09-20T07:31:15.702Z,COMPLETE_FOR_MAPPABLE_ROWS,api,Tüm eczaneler,https://acikveri.bizizmir.com/dataset/nobetci-eczaneler-ve-eczane-listesi,CC BY 4.0,İzmir Büyükşehir Belediyesi Açık Veri Portalı
pharmacy:642:38.379386:27.125466,pharmacy,Pharmacy,SEYDA ECZANESİ,38.379386,27.125466,KARABAĞLAR,,4019/8 SOK.NO:37/D KARABAGLAR-IZMIR,02322534657,,,2026-09-20T07:31:15.702Z,COMPLETE_FOR_MAPPABLE_ROWS,api,Tüm eczaneler,https://acikveri.bizizmir.com/dataset/nobetci-eczaneler-ve-eczane-listesi,CC BY 4.0,İzmir Büyükşehir Belediyesi Açık Veri Portalı
pharmacy:643:38.394:27.0119,pharmacy,Pharmacy,KAREL ECZANESİ,38.394,27.0119,NARLIDERE,,YENIKALE MAH.M.PASA CD.NO.223/A,02322384038,,,2026-09-20T07:31:15.702Z,COMPLETE_FOR_MAPPABLE_ROWS,api,Tüm eczaneler,https://acikveri.bizizmir.com/dataset/nobetci-eczaneler-ve-eczane-listesi,CC BY 4.0,İzmir Büyükşehir Belediyesi Açık Veri Portalı
pharmacy:644:38.390912:27.025168,pharmacy,Pharmacy,BÜYÜKKILIÇ ECZANESİ,38.390912,27.025168,NARLIDERE,,ILICA MAH. GÜVENDIK SOKAK NO:4/A,02322388535,,,2026-09-20T07:31:15.702Z,COMPLETE_FOR_MAPPABLE_ROWS,api,Tüm eczaneler,https://acikveri.bizizmir.com/dataset/nobetci-eczaneler-ve-eczane-listesi,CC BY 4.0,İzmir Büyükşehir Belediyesi Açık Veri Portalı
pharmacy:645:38.473034:27.138562,pharmacy,Pharmacy,KOÇ ECZANESİ,38.473034,27.138562,GÜMÜŞPALA,,ORG.NAFIZ GÜRMAN MAH.7020 SOK.NO:133/A,02323655494,,,2026-09-20T07:31:15.702Z,COMPLETE_FOR_MAPPABLE_ROWS,api,Tüm eczaneler,https://acikveri.bizizmir.com/dataset/nobetci-eczaneler-ve-eczane-listesi,CC BY 4.0,İzmir Büyükşehir Belediyesi Açık Veri Portalı
pharmacy:646:38.597412:27.079587,pharmacy,Pharmacy,ECE ECZANESİ,38.597412,27.079587,MENEMEN,,İSMET İNÖNÜ MAH. 1271/1 SOK. NO:2/1B,02323679022,,,2026-09-20T07:31:15.702Z,COMPLETE_FOR_MAPPABLE_ROWS,api,Tüm eczaneler,https://acikveri.bizizmir.com/dataset/nobetci-eczaneler-ve-eczane-listesi,CC BY 4.0,İzmir Büyükşehir Belediyesi Açık Veri Portalı
pharmacy:647:38.389111:27.164746,pharmacy,Pharmacy,ÖNCÜ ECZANESİ,38.389111,27.164746,BUCA 1,,VALİ RAHMİ BEY MAH. 317 SOK. NO:136-138/A,02324484878,,,2026-09-20T07:31:15.702Z,COMPLETE_FOR_MAPPABLE_ROWS,api,Tüm eczaneler,https://acikveri.bizizmir.com/dataset/nobetci-eczaneler-ve-eczane-listesi,CC BY 4.0,İzmir Büyükşehir Belediyesi Açık Veri Portalı
pharmacy:648:38.385108:27.166578,pharmacy,Pharmacy,POLATOĞLU ECZANESİ,38.385108,27.166578,BUCA 1,,ÖZMEN CAD. NO:120/B,02324876646,,,2026-09-20T07:31:15.702Z,COMPLETE_FOR_MAPPABLE_ROWS,api,Tüm eczaneler,https://acikveri.bizizmir.com/dataset/nobetci-eczaneler-ve-eczane-listesi,CC BY 4.0,İzmir Büyükşehir Belediyesi Açık Veri Portalı
pharmacy:649:38.389314:27.176366,pharmacy,Pharmacy,NEVIN ECZANESİ,38.389314,27.176366,BUCA 1,,BASARI CAD. YAYLACIK MAH. NO:69/B,02324407211,,,2026-09-20T07:31:15.702Z,COMPLETE_FOR_MAPPABLE_ROWS,api,Tüm eczaneler,https://acikveri.bizizmir.com/dataset/nobetci-eczaneler-ve-eczane-listesi,CC BY 4.0,İzmir Büyükşehir Belediyesi Açık Veri Portalı
pharmacy:650:38.395455:26.992003,pharmacy,Pharmacy,SEZER ECZANESİ,38.395455,26.992003,NARLIDERE,,AÇELYA SOK.1/1A,02322386957,,,2026-09-20T07:31:15.702Z,COMPLETE_FOR_MAPPABLE_ROWS,api,Tüm eczaneler,https://acikveri.bizizmir.com/dataset/nobetci-eczaneler-ve-eczane-listesi,CC BY 4.0,İzmir Büyükşehir Belediyesi Açık Veri Portalı
pharmacy:651:38.3922:27.025,pharmacy,Pharmacy,ÇAM ECZANESİ,38.3922,27.025,NARLIDERE,,ILICA MAH.KAREL SOKAK 3/B,02322389328,,,2026-09-20T07:31:15.702Z,COMPLETE_FOR_MAPPABLE_ROWS,api,Tüm eczaneler,https://acikveri.bizizmir.com/dataset/nobetci-eczaneler-ve-eczane-listesi,CC BY 4.0,İzmir Büyükşehir Belediyesi Açık Veri Portalı
pharmacy:652:38.369101:27.125443,pharmacy,Pharmacy,ADAR ECZANESİ,38.369101,27.125443,KARABAĞLAR,,4951 SOK.NO:34/A KARABAGLAR-IZMIR,02322656168,,,2026-09-20T07:31:15.702Z,COMPLETE_FOR_MAPPABLE_ROWS,api,Tüm eczaneler,https://acikveri.bizizmir.com/dataset/nobetci-eczaneler-ve-eczane-listesi,CC BY 4.0,İzmir Büyükşehir Belediyesi Açık Veri Portalı
pharmacy:653:38.478479:27.211112,pharmacy,Pharmacy,YENİ GÜNDOĞDU ECZANESİ,38.478479,27.211112,ATATÜRK,,INÖNÜ MAH. 784 SOKAK NO:14/A BORNOVA,02323423570,,,2026-09-20T07:31:15.702Z,COMPLETE_FOR_MAPPABLE_ROWS,api,Tüm eczaneler,https://acikveri.bizizmir.com/dataset/nobetci-eczaneler-ve-eczane-listesi,CC BY 4.0,İzmir Büyükşehir Belediyesi Açık Veri Portalı
pharmacy:654:38.478542:27.210834,pharmacy,Pharmacy,YENI ÖMÜR ECZANESİ,38.478542,27.210834,ATATÜRK,,INÖNÜ MAH.784 SOK. NO:18/A,02323882102,,,2026-09-20T07:31:15.702Z,COMPLETE_FOR_MAPPABLE_ROWS,api,Tüm eczaneler,https://acikveri.bizizmir.com/dataset/nobetci-eczaneler-ve-eczane-listesi,CC BY 4.0,İzmir Büyükşehir Belediyesi Açık Veri Portalı
pharmacy:655:38.477776:27.212164,pharmacy,Pharmacy,ARDAM ECZANESİ,38.477776,27.212164,ATATÜRK,,INÖNÜ MAH.784 SOK.NO.1/A,02323436870,,,2026-09-20T07:31:15.702Z,COMPLETE_FOR_MAPPABLE_ROWS,api,Tüm eczaneler,https://acikveri.bizizmir.com/dataset/nobetci-eczaneler-ve-eczane-listesi,CC BY 4.0,İzmir Büyükşehir Belediyesi Açık Veri Portalı
pharmacy:656:38.4366:27.199,pharmacy,Pharmacy,YENI KÖSEOGLU ECZANESİ,38.4366,27.199,ÇAMDİBİ,,5373 SOK. NO:50/B RAFETPASA MAH. ÇAMDIBI,02324358003,,,2026-09-20T07:31:15.702Z,COMPLETE_FOR_MAPPABLE_ROWS,api,Tüm eczaneler,https://acikveri.bizizmir.com/dataset/nobetci-eczaneler-ve-eczane-listesi,CC BY 4.0,İzmir Büyükşehir Belediyesi Açık Veri Portalı
pharmacy:657:38.402985:27.120587,pharmacy,Pharmacy,YENI ELÇIN ECZANESİ,38.402985,27.120587,ÜÇYOL,,BOZYAKA MAH.490 SOK. NO:21/D,02322508510,,,2026-09-20T07:31:15.702Z,COMPLETE_FOR_MAPPABLE_ROWS,api,Tüm eczaneler,https://acikveri.bizizmir.com/dataset/nobetci-eczaneler-ve-eczane-listesi,CC BY 4.0,İzmir Büyükşehir Belediyesi Açık Veri Portalı
pharmacy:658:38.398534:27.123428,pharmacy,Pharmacy,ÖZCANLAR ECZANESİ,38.398534,27.123428,BOZYAKA,,BAHÇELİEVLER MAH. SAİM ÇIKRIKÇI CAD. NO:102,02322502550,,,2026-09-20T07:31:15.702Z,COMPLETE_FOR_MAPPABLE_ROWS,api,Tüm eczaneler,https://acikveri.bizizmir.com/dataset/nobetci-eczaneler-ve-eczane-listesi,CC BY 4.0,İzmir Büyükşehir Belediyesi Açık Veri Portalı
pharmacy:659:38.398253:27.098189,pharmacy,Pharmacy,YENİ MANZARA ECZANESİ,38.398253,27.098189,BASIN SİTESİ,,BASINSİTESİ MAH. 170 SOK. NO:4/B,02322445538,,,2026-09-20T07:31:15.702Z,COMPLETE_FOR_MAPPABLE_ROWS,api,Tüm eczaneler,https://acikveri.bizizmir.com/dataset/nobetci-eczaneler-ve-eczane-listesi,CC BY 4.0,İzmir Büyükşehir Belediyesi Açık Veri Portalı
pharmacy:660:38.321671:27.127432,pharmacy,Pharmacy,MURATHAN ECZANESİ,38.321671,27.127432,GAZİEMİR,,GAZI MAH.ÖNDER CAD.NO:9/G,02322510026,,,2026-09-20T07:31:15.702Z,COMPLETE_FOR_MAPPABLE_ROWS,api,Tüm eczaneler,https://acikveri.bizizmir.com/dataset/nobetci-eczaneler-ve-eczane-listesi,CC BY 4.0,İzmir Büyükşehir Belediyesi Açık Veri Portalı
pharmacy:661:38.37653:27.147617,pharmacy,Pharmacy,GÜLSEN ECZANESİ,38.37653,27.147617,GEDİZ,,FIRAT MH. 287/3 SOK. NO11/B,02322756081,,,2026-09-20T07:31:15.702Z,COMPLETE_FOR_MAPPABLE_ROWS,api,Tüm eczaneler,https://acikveri.bizizmir.com/dataset/nobetci-eczaneler-ve-eczane-listesi,CC BY 4.0,İzmir Büyükşehir Belediyesi Açık Veri Portalı
pharmacy:662:38.394809:27.0575,pharmacy,Pharmacy,LOTUS ECZANESİ,38.394809,27.0575,BALÇOVA,,ONUR MAH. MİTHATPAŞA CAD. NO:39/A,02322792666,,,2026-09-20T07:31:15.702Z,COMPLETE_FOR_MAPPABLE_ROWS,api,Tüm eczaneler,https://acikveri.bizizmir.com/dataset/nobetci-eczaneler-ve-eczane-listesi,CC BY 4.0,İzmir Büyükşehir Belediyesi Açık Veri Portalı
pharmacy:663:38.3912947398605:27.0545791305466,pharmacy,Pharmacy,BALÇOVA İPEK,38.3912947398605,27.0545791305466,BALÇOVA,,Onur Mah. Dalya Sok. No: 46-B-C,0 532 5880324 - 2793246,,,2026-09-20T07:31:15.702Z,COMPLETE_FOR_MAPPABLE_ROWS,api,Tüm eczaneler,https://acikveri.bizizmir.com/dataset/nobetci-eczaneler-ve-eczane-listesi,CC BY 4.0,İzmir Büyükşehir Belediyesi Açık Veri Portalı
pharmacy:664:38.402602:27.121657,pharmacy,Pharmacy,BESTE ECZANESİ,38.402602,27.121657,ÜÇYOL,,501 SOK.NO:14/A ÜÇYOL KARABAGLAR-IZMIR,02322613648,,,2026-09-20T07:31:15.702Z,COMPLETE_FOR_MAPPABLE_ROWS,api,Tüm eczaneler,https://acikveri.bizizmir.com/dataset/nobetci-eczaneler-ve-eczane-listesi,CC BY 4.0,İzmir Büyükşehir Belediyesi Açık Veri Portalı
pharmacy:665:38.4033756540502:27.1133742651477,pharmacy,Pharmacy,YENİ GENÇ CEBE,38.4033756540502,27.1133742651477,ÜÇYOL,,Piri Reis Mh. 269 Sk. No:91/A BP Benzin İstasyonu Sokağı Askeri Hastanesi Karşısı,2610225,,,2026-09-20T07:31:15.702Z,COMPLETE_FOR_MAPPABLE_ROWS,api,Tüm eczaneler,https://acikveri.bizizmir.com/dataset/nobetci-eczaneler-ve-eczane-listesi,CC BY 4.0,İzmir Büyükşehir Belediyesi Açık Veri Portalı
pharmacy:666:38.4061086877561:27.1195092591797,pharmacy,Pharmacy,ÇAĞLA,38.4061086877561,27.1195092591797,ÜÇYOL,,Kılıçreis Mah. Şükrü Saraçoğlu Cad. No: 23/B Betonyol,2280283,,,2026-09-20T07:31:15.702Z,COMPLETE_FOR_MAPPABLE_ROWS,api,Tüm eczaneler,https://acikveri.bizizmir.com/dataset/nobetci-eczaneler-ve-eczane-listesi,CC BY 4.0,İzmir Büyükşehir Belediyesi Açık Veri Portalı
pharmacy:667:38.468367:27.177079,pharmacy,Pharmacy,ZEYTİN ECZANESİ,38.468367,27.177079,BAYRAKLI,,ÇAY MAH. 2120/2 SOK. NO:30/B,02323419933,,,2026-09-20T07:31:15.702Z,COMPLETE_FOR_MAPPABLE_ROWS,api,Tüm eczaneler,https://acikveri.bizizmir.com/dataset/nobetci-eczaneler-ve-eczane-listesi,CC BY 4.0,İzmir Büyükşehir Belediyesi Açık Veri Portalı
pharmacy:668:38.464583:27.163323,pharmacy,Pharmacy,KOÇER ECZANESİ,38.464583,27.163323,BAYRAKLI,,ANADOLU CAD. NO:99/3-C BAYRAKLI,02323458955,,,2026-09-20T07:31:15.702Z,COMPLETE_FOR_MAPPABLE_ROWS,api,Tüm eczaneler,https://acikveri.bizizmir.com/dataset/nobetci-eczaneler-ve-eczane-listesi,CC BY 4.0,İzmir Büyükşehir Belediyesi Açık Veri Portalı
pharmacy:669:38.455303:27.183658,pharmacy,Pharmacy,ÖNEM ECZANESİ,38.455303,27.183658,BORNOVA 3,,MANSUROĞLU MAH. 283/12 SOK. NO:10/A,02323470939,,,2026-09-20T07:31:15.702Z,COMPLETE_FOR_MAPPABLE_ROWS,api,Tüm eczaneler,https://acikveri.bizizmir.com/dataset/nobetci-eczaneler-ve-eczane-listesi,CC BY 4.0,İzmir Büyükşehir Belediyesi Açık Veri Portalı
pharmacy:670:38.4728:27.201424,pharmacy,Pharmacy,ÖZLEMİN ECZANESİ,38.4728,27.201424,ATATÜRK,,ATATÜRK MAH. YAVUZ CAD. NO:88/A,02323441111,,,2026-09-20T07:31:15.702Z,COMPLETE_FOR_MAPPABLE_ROWS,api,Tüm eczaneler,https://acikveri.bizizmir.com/dataset/nobetci-eczaneler-ve-eczane-listesi,CC BY 4.0,İzmir Büyükşehir Belediyesi Açık Veri Portalı
pharmacy:671:38.398504:27.123402,pharmacy,Pharmacy,EĞİTİM ECZANESİ,38.398504,27.123402,BOZYAKA,,SAIM ÇIKRIKÇI CAD. NO:102/A BAHÇELIEVLER,02322616150,,,2026-09-20T07:31:15.702Z,COMPLETE_FOR_MAPPABLE_ROWS,api,Tüm eczaneler,https://acikveri.bizizmir.com/dataset/nobetci-eczaneler-ve-eczane-listesi,CC BY 4.0,İzmir Büyükşehir Belediyesi Açık Veri Portalı
pharmacy:672:38.453604:27.182517,pharmacy,Pharmacy,ŞİRİN ECZANESİ,38.453604,27.182517,BORNOVA 3,,288/7 SK. NO:1C-1D,02324861727,,,2026-09-20T07:31:15.702Z,COMPLETE_FOR_MAPPABLE_ROWS,api,Tüm eczaneler,https://acikveri.bizizmir.com/dataset/nobetci-eczaneler-ve-eczane-listesi,CC BY 4.0,İzmir Büyükşehir Belediyesi Açık Veri Portalı
pharmacy:673:38.453437:27.182596,pharmacy,Pharmacy,TAÇ ECZANESİ,38.453437,27.182596,BORNOVA 3,,MANSUROĞLU MAH. 286 SOK. B BLOK NO:29,02324358584,,,2026-09-20T07:31:15.702Z,COMPLETE_FOR_MAPPABLE_ROWS,api,Tüm eczaneler,https://acikveri.bizizmir.com/dataset/nobetci-eczaneler-ve-eczane-listesi,CC BY 4.0,İzmir Büyükşehir Belediyesi Açık Veri Portalı
pharmacy:676:38.478919:27.118866,pharmacy,Pharmacy,NAZLIDENIZ ECZANESİ,38.478919,27.118866,GÜMÜŞPALA,,1847/26 SOK. NO:5/E,02323631412,,,2026-09-20T07:31:15.702Z,COMPLETE_FOR_MAPPABLE_ROWS,api,Tüm eczaneler,https://acikveri.bizizmir.com/dataset/nobetci-eczaneler-ve-eczane-listesi,CC BY 4.0,İzmir Büyükşehir Belediyesi Açık Veri Portalı
pharmacy:677:38.398715:27.123493,pharmacy,Pharmacy,ACIRGAN ŞİFA ECZANESİ,38.398715,27.123493,BOZYAKA,,SAİM ÇIKRIK CAD. NO. 98/A,02322280204,,,2026-09-20T07:31:15.702Z,COMPLETE_FOR_MAPPABLE_ROWS,api,Tüm eczaneler,https://acikveri.bizizmir.com/dataset/nobetci-eczaneler-ve-eczane-listesi,CC BY 4.0,İzmir Büyükşehir Belediyesi Açık Veri Portalı
pharmacy:678:38.39818:27.12323,pharmacy,Pharmacy,BOZYAKA SERDAR ECZANESİ,38.39818,27.12323,BOZYAKA,,SAIM ÇIKRIKÇI CAD. NO:108,02322560118,,,2026-09-20T07:31:15.702Z,COMPLETE_FOR_MAPPABLE_ROWS,api,Tüm eczaneler,https://acikveri.bizizmir.com/dataset/nobetci-eczaneler-ve-eczane-listesi,CC BY 4.0,İzmir Büyükşehir Belediyesi Açık Veri Portalı
pharmacy:679:38.397269:27.127751,pharmacy,Pharmacy,BOZYAKA EZGİ ECZANESİ,38.397269,27.127751,BOZYAKA,,ÇALIKUŞU MAH. ESKİ İZMİR CAD. NO:87/A,02322629922,,,2026-09-20T07:31:15.702Z,COMPLETE_FOR_MAPPABLE_ROWS,api,Tüm eczaneler,https://acikveri.bizizmir.com/dataset/nobetci-eczaneler-ve-eczane-listesi,CC BY 4.0,İzmir Büyükşehir Belediyesi Açık Veri Portalı
pharmacy:680:38.457852:27.20912,pharmacy,Pharmacy,TARIMCI ECZANESİ,38.457852,27.20912,BORNOVA 2,,KAZIMDIRIK MAH. ÜNIVERSITE CAD. NO:18/A,02323420504,,,2026-09-20T07:31:15.702Z,COMPLETE_FOR_MAPPABLE_ROWS,api,Tüm eczaneler,https://acikveri.bizizmir.com/dataset/nobetci-eczaneler-ve-eczane-listesi,CC BY 4.0,İzmir Büyükşehir Belediyesi Açık Veri Portalı
pharmacy:681:38.394285:27.006295,pharmacy,Pharmacy,YENİ GÜLER ECZANESİ,38.394285,27.006295,NARLIDERE,,MITHATPASA CAD. 301/C,02322392161,,,2026-09-20T07:31:15.702Z,COMPLETE_FOR_MAPPABLE_ROWS,api,Tüm eczaneler,https://acikveri.bizizmir.com/dataset/nobetci-eczaneler-ve-eczane-listesi,CC BY 4.0,İzmir Büyükşehir Belediyesi Açık Veri Portalı
pharmacy:682:38.3985376191529:27.1047952438109,pharmacy,Pharmacy,YENİ TANER,38.3985376191529,27.1047952438109,BASIN SİTESİ,,Hasan Tahsin Cd.No:154/1A Acil Otobüs Durağı Karş,2325677,,,2026-09-20T07:31:15.702Z,COMPLETE_FOR_MAPPABLE_ROWS,api,Tüm eczaneler,https://acikveri.bizizmir.com/dataset/nobetci-eczaneler-ve-eczane-listesi,CC BY 4.0,İzmir Büyükşehir Belediyesi Açık Veri Portalı
pharmacy:683:38.3929:27.0996,pharmacy,Pharmacy,AYSU ECZANESİ,38.3929,27.0996,BASIN SİTESİ,,177/9 SK. NO:16/A AKEVLER,02322469190,,,2026-09-20T07:31:15.702Z,COMPLETE_FOR_MAPPABLE_ROWS,api,Tüm eczaneler,https://acikveri.bizizmir.com/dataset/nobetci-eczaneler-ve-eczane-listesi,CC BY 4.0,İzmir Büyükşehir Belediyesi Açık Veri Portalı
pharmacy:684:38.3967292456312:27.1059005084385,pharmacy,Pharmacy,SİNANOĞLU,38.3967292456312,27.1059005084385,BASIN SİTESİ,,Yeşilyurt Mah. Polat Cad. No: 87/B,2324792,,,2026-09-20T07:31:15.702Z,COMPLETE_FOR_MAPPABLE_ROWS,api,Tüm eczaneler,https://acikveri.bizizmir.com/dataset/nobetci-eczaneler-ve-eczane-listesi,CC BY 4.0,İzmir Büyükşehir Belediyesi Açık Veri Portalı
pharmacy:686:38.320786:27.126969,pharmacy,Pharmacy,SERDAR MUÇAY ECZANESİ,38.320786,27.126969,GAZİEMİR,,ATIFBEY MH. ABDÜLHAMİT YAVUZ CD. NO:3/B,02322523434,,,2026-09-20T07:31:15.702Z,COMPLETE_FOR_MAPPABLE_ROWS,api,Tüm eczaneler,https://acikveri.bizizmir.com/dataset/nobetci-eczaneler-ve-eczane-listesi,CC BY 4.0,İzmir Büyükşehir Belediyesi Açık Veri Portalı
pharmacy:687:38.484236:27.133199,pharmacy,Pharmacy,ONUR ECZANESİ,38.484236,27.133199,GÜMÜŞPALA,,ONUR MAH.7371/2 SOKAK NO:28/A BAYRAKLI,02323634888,,,2026-09-20T07:31:15.702Z,COMPLETE_FOR_MAPPABLE_ROWS,api,Tüm eczaneler,https://acikveri.bizizmir.com/dataset/nobetci-eczaneler-ve-eczane-listesi,CC BY 4.0,İzmir Büyükşehir Belediyesi Açık Veri Portalı
pharmacy:688:38.468272:27.219047,pharmacy,Pharmacy,PELIT ECZANESİ,38.468272,27.219047,BORNOVA 1,,456 SOKAK NO:11/B ERZENE MAH. BORNOVA,02323438168,,,2026-09-20T07:31:15.702Z,COMPLETE_FOR_MAPPABLE_ROWS,api,Tüm eczaneler,https://acikveri.bizizmir.com/dataset/nobetci-eczaneler-ve-eczane-listesi,CC BY 4.0,İzmir Büyükşehir Belediyesi Açık Veri Portalı
pharmacy:690:38.419819:27.163558,pharmacy,Pharmacy,ZEYTINLIK SIFA ECZANESİ,38.419819,27.163558,YENİŞEHİR,,GÜNEY MAH.ZEYTINLIK CAD.NO.74/B,02324595595,,,2026-09-20T07:31:15.702Z,COMPLETE_FOR_MAPPABLE_ROWS,api,Tüm eczaneler,https://acikveri.bizizmir.com/dataset/nobetci-eczaneler-ve-eczane-listesi,CC BY 4.0,İzmir Büyükşehir Belediyesi Açık Veri Portalı
pharmacy:691:38.396621:27.113325,pharmacy,Pharmacy,NİHAL ECZANESİ,38.396621,27.113325,YEŞİLYURT,,ANT CD. NO:13/B YEŞİLYURT,02322564247,,,2026-09-20T07:31:15.702Z,COMPLETE_FOR_MAPPABLE_ROWS,api,Tüm eczaneler,https://acikveri.bizizmir.com/dataset/nobetci-eczaneler-ve-eczane-listesi,CC BY 4.0,İzmir Büyükşehir Belediyesi Açık Veri Portalı
pharmacy:692:38.408611:27.129796,pharmacy,Pharmacy,ÖNDE ECZANESİ,38.408611,27.129796,EŞREFPAŞA,,565 SOKAK NO:8/B,02322617460,,,2026-09-20T07:31:15.702Z,COMPLETE_FOR_MAPPABLE_ROWS,api,Tüm eczaneler,https://acikveri.bizizmir.com/dataset/nobetci-eczaneler-ve-eczane-listesi,CC BY 4.0,İzmir Büyükşehir Belediyesi Açık Veri Portalı
pharmacy:693:38.4144096760125:27.177057257461,pharmacy,Pharmacy,MEREC,38.4144096760125,27.177057257461,GÜLTEPE,,2564Sk. 6/A ÇOBANÇEŞME TAKSİ DURAĞI YANI,4571018,,,2026-09-20T07:31:15.702Z,COMPLETE_FOR_MAPPABLE_ROWS,api,Tüm eczaneler,https://acikveri.bizizmir.com/dataset/nobetci-eczaneler-ve-eczane-listesi,CC BY 4.0,İzmir Büyükşehir Belediyesi Açık Veri Portalı
pharmacy:694:38.466709:27.164866,pharmacy,Pharmacy,ILKEGE ECZANESİ,38.466709,27.164866,BAYRAKLI,,1612 SOKAK NO:30/A BAYRAKLI,02323458270,,,2026-09-20T07:31:15.702Z,COMPLETE_FOR_MAPPABLE_ROWS,api,Tüm eczaneler,https://acikveri.bizizmir.com/dataset/nobetci-eczaneler-ve-eczane-listesi,CC BY 4.0,İzmir Büyükşehir Belediyesi Açık Veri Portalı
pharmacy:696:38.3226389922803:27.1361347841049,pharmacy,Pharmacy,GAZİEMİR NİLGÜN,38.3226389922803,27.1361347841049,GAZİEMİR,,Atıf Bey Mh. Etiler Cd. 16/C Şifa Tıp Merkezi Karşısı,2515559,,,2026-09-20T07:31:15.702Z,COMPLETE_FOR_MAPPABLE_ROWS,api,Tüm eczaneler,https://acikveri.bizizmir.com/dataset/nobetci-eczaneler-ve-eczane-listesi,CC BY 4.0,İzmir Büyükşehir Belediyesi Açık Veri Portalı
pharmacy:697:38.4768211019701:27.1404141663145,pharmacy,Pharmacy,ÖZADAR,38.4768211019701,27.1404141663145,GÜMÜŞPALA,,7020 Sk. 243/B Org. Nafiz Gürman Mh Su dep.,3634727,,,2026-09-20T07:31:15.702Z,COMPLETE_FOR_MAPPABLE_ROWS,api,Tüm eczaneler,https://acikveri.bizizmir.com/dataset/nobetci-eczaneler-ve-eczane-listesi,CC BY 4.0,İzmir Büyükşehir Belediyesi Açık Veri Portalı
pharmacy:698:38.395265:27.061149,pharmacy,Pharmacy,ÜLKÜCAN ECZANESİ,38.395265,27.061149,BALÇOVA,,EĞİTİM MAH. ZİYA GÖKALP SOK. NO:20/A,02322773929,,,2026-09-20T07:31:15.702Z,COMPLETE_FOR_MAPPABLE_ROWS,api,Tüm eczaneler,https://acikveri.bizizmir.com/dataset/nobetci-eczaneler-ve-eczane-listesi,CC BY 4.0,İzmir Büyükşehir Belediyesi Açık Veri Portalı
pharmacy:699:38.368726:27.126746,pharmacy,Pharmacy,EFE SEZER ECZANESİ,38.368726,27.126746,KARABAĞLAR,,5072 SK. NO:3/A KARABAGLAR,02322535125,,,2026-09-20T07:31:15.702Z,COMPLETE_FOR_MAPPABLE_ROWS,api,Tüm eczaneler,https://acikveri.bizizmir.com/dataset/nobetci-eczaneler-ve-eczane-listesi,CC BY 4.0,İzmir Büyükşehir Belediyesi Açık Veri Portalı
pharmacy:700:38.4755721369272:27.1584421151629,pharmacy,Pharmacy,GÖKDELEN,38.4755721369272,27.1584421151629,BAYRAKLI,,Cengizhan Mah. 1620/39 Sk. 48/A,3711482,,,2026-09-20T07:31:15.702Z,COMPLETE_FOR_MAPPABLE_ROWS,api,Tüm eczaneler,https://acikveri.bizizmir.com/dataset/nobetci-eczaneler-ve-eczane-listesi,CC BY 4.0,İzmir Büyükşehir Belediyesi Açık Veri Portalı
pharmacy:701:38.437516:27.208224,pharmacy,Pharmacy,BASOL ECZANESİ,38.437516,27.208224,ÇAMDİBİ,,Yeşilova mahallesi 4070 sokak no:59/A Bornova/izmir,02324620999,,,2026-09-20T07:31:15.702Z,COMPLETE_FOR_MAPPABLE_ROWS,api,Tüm eczaneler,https://acikveri.bizizmir.com/dataset/nobetci-eczaneler-ve-eczane-listesi,CC BY 4.0,İzmir Büyükşehir Belediyesi Açık Veri Portalı
pharmacy:702:38.32101:27.125377,pharmacy,Pharmacy,GÜZEL ÇIGDEM ECZANESİ,38.32101,27.125377,GAZİEMİR,,YESIL MH.S.METIN HENKOGLU CD.NO.5/D,02322526276,,,2026-09-20T07:31:15.702Z,COMPLETE_FOR_MAPPABLE_ROWS,api,Tüm eczaneler,https://acikveri.bizizmir.com/dataset/nobetci-eczaneler-ve-eczane-listesi,CC BY 4.0,İzmir Büyükşehir Belediyesi Açık Veri Portalı
pharmacy:703:38.376799:27.131824,pharmacy,Pharmacy,OKYANUS ECZANESİ,38.376799,27.131824,KARABAĞLAR,,YUNUS EMRE MAH. 4012 SOK. NO:65/A,02322375737,,,2026-09-20T07:31:15.702Z,COMPLETE_FOR_MAPPABLE_ROWS,api,Tüm eczaneler,https://acikveri.bizizmir.com/dataset/nobetci-eczaneler-ve-eczane-listesi,CC BY 4.0,İzmir Büyükşehir Belediyesi Açık Veri Portalı
pharmacy:704:38.398234:27.123273,pharmacy,Pharmacy,BOZYAKA ÖZLEM ECZANESİ,38.398234,27.123273,BOZYAKA,,SAIM ÇIKRIKÇI CAD. NO.106/A BOZYAKA,02322553832,,,2026-09-20T07:31:15.702Z,COMPLETE_FOR_MAPPABLE_ROWS,api,Tüm eczaneler,https://acikveri.bizizmir.com/dataset/nobetci-eczaneler-ve-eczane-listesi,CC BY 4.0,İzmir Büyükşehir Belediyesi Açık Veri Portalı
pharmacy:705:38.392763:27.099516,pharmacy,Pharmacy,YENİ AYDINER ECZANESİ,38.392763,27.099516,BASIN SİTESİ,,MALIYECILER MH. 177/9 SK. NO:16/1,02322854200,,,2026-09-20T07:31:15.702Z,COMPLETE_FOR_MAPPABLE_ROWS,api,Tüm eczaneler,https://acikveri.bizizmir.com/dataset/nobetci-eczaneler-ve-eczane-listesi,CC BY 4.0,İzmir Büyükşehir Belediyesi Açık Veri Portalı
pharmacy:706:38.434341:27.203136,pharmacy,Pharmacy,YESILOVA HAYAT ECZANESİ,38.434341,27.203136,ÇAMDİBİ,,ABDI IPEKÇI CAD. NO:110/A YESILOVA,02324350071,,,2026-09-20T07:31:15.702Z,COMPLETE_FOR_MAPPABLE_ROWS,api,Tüm eczaneler,https://acikveri.bizizmir.com/dataset/nobetci-eczaneler-ve-eczane-listesi,CC BY 4.0,İzmir Büyükşehir Belediyesi Açık Veri Portalı
pharmacy:707:38.3829567697787:27.0584315033907,pharmacy,Pharmacy,AHMET NECAT,38.3829567697787,27.0584315033907,BALÇOVA,,Ata Cd. No:185/B,2776776,,,2026-09-20T07:31:15.702Z,COMPLETE_FOR_MAPPABLE_ROWS,api,Tüm eczaneler,https://acikveri.bizizmir.com/dataset/nobetci-eczaneler-ve-eczane-listesi,CC BY 4.0,İzmir Büyükşehir Belediyesi Açık Veri Portalı
pharmacy:708:38.302099:27.173426,pharmacy,Pharmacy,IŞIL ECZANESİ,38.302099,27.173426,ÜÇYOL,,FATİH MAH. 1099 SOK. NO:70/C,02322622025,,,2026-09-20T07:31:15.702Z,COMPLETE_FOR_MAPPABLE_ROWS,api,Tüm eczaneler,https://acikveri.bizizmir.com/dataset/nobetci-eczaneler-ve-eczane-listesi,CC BY 4.0,İzmir Büyükşehir Belediyesi Açık Veri Portalı
pharmacy:709:38.467846:27.219198,pharmacy,Pharmacy,YENI ARAS ECZANESİ,38.467846,27.219198,BORNOVA 1,,ERGENE MAH. 453 SOK.NO:9/D,02323736524,,,2026-09-20T07:31:15.702Z,COMPLETE_FOR_MAPPABLE_ROWS,api,Tüm eczaneler,https://acikveri.bizizmir.com/dataset/nobetci-eczaneler-ve-eczane-listesi,CC BY 4.0,İzmir Büyükşehir Belediyesi Açık Veri Portalı
pharmacy:710:38.4766518420756:27.1404207510273,pharmacy,Pharmacy,DOĞANÇAY,38.4766518420756,27.1404207510273,GÜMÜŞPALA,,7020 Sk No:241 İzsu Durağı,3635877,,,2026-09-20T07:31:15.702Z,COMPLETE_FOR_MAPPABLE_ROWS,api,Tüm eczaneler,https://acikveri.bizizmir.com/dataset/nobetci-eczaneler-ve-eczane-listesi,CC BY 4.0,İzmir Büyükşehir Belediyesi Açık Veri Portalı
pharmacy:711:38.38713:27.131312,pharmacy,Pharmacy,SÜER ECZANESİ,38.38713,27.131312,BOZYAKA,,SARIYER MH. COŞKUNKALE SK. NO:128/A,02322372075,,,2026-09-20T07:31:15.702Z,COMPLETE_FOR_MAPPABLE_ROWS,api,Tüm eczaneler,https://acikveri.bizizmir.com/dataset/nobetci-eczaneler-ve-eczane-listesi,CC BY 4.0,İzmir Büyükşehir Belediyesi Açık Veri Portalı
pharmacy:712:38.437064:27.193637,pharmacy,Pharmacy,GÜNGÖR ECZANESİ,38.437064,27.193637,ÇAMDİBİ,,BARBAROS MAH. 5234 SOK. NO:22/A (ÇAMDİBİ KARAKOL SOKAĞI),02324612616,,,2026-09-20T07:31:15.702Z,COMPLETE_FOR_MAPPABLE_ROWS,api,Tüm eczaneler,https://acikveri.bizizmir.com/dataset/nobetci-eczaneler-ve-eczane-listesi,CC BY 4.0,İzmir Büyükşehir Belediyesi Açık Veri Portalı
pharmacy:713:38.415852:27.181625,pharmacy,Pharmacy,CAN ATA ECZANESİ,38.415852,27.181625,GÜLTEPE,,MİLLET MAH. HIZIRREİS CAD. NO:66/A,02324562577,,,2026-09-20T07:31:15.702Z,COMPLETE_FOR_MAPPABLE_ROWS,api,Tüm eczaneler,https://acikveri.bizizmir.com/dataset/nobetci-eczaneler-ve-eczane-listesi,CC BY 4.0,İzmir Büyükşehir Belediyesi Açık Veri Portalı
pharmacy:714:38.47943:27.11907,pharmacy,Pharmacy,ECEM KAMBER ECZANESİ,38.47943,27.11907,GÜMÜŞPALA,,SOĞUKKUYU MAH. 1847/27 SOK. NO:7/B,02323636793,,,2026-09-20T07:31:15.702Z,COMPLETE_FOR_MAPPABLE_ROWS,api,Tüm eczaneler,https://acikveri.bizizmir.com/dataset/nobetci-eczaneler-ve-eczane-listesi,CC BY 4.0,İzmir Büyükşehir Belediyesi Açık Veri Portalı
pharmacy:716:38.39324:27.058129,pharmacy,Pharmacy,AYŞE PINAR ECZANESİ,38.39324,27.058129,BALÇOVA,,EĞİTİM MAH. ATA CAD. NO:25,02322592516,,,2026-09-20T07:31:15.702Z,COMPLETE_FOR_MAPPABLE_ROWS,api,Tüm eczaneler,https://acikveri.bizizmir.com/dataset/nobetci-eczaneler-ve-eczane-listesi,CC BY 4.0,İzmir Büyükşehir Belediyesi Açık Veri Portalı
pharmacy:717:38.437543:27.19155,pharmacy,Pharmacy,KANDEMİR ECZANESİ,38.437543,27.19155,ÇAMDİBİ,,BARBAROS MAH. BURAK REİS CAD. NO:136,02324612711,,,2026-09-20T07:31:15.702Z,COMPLETE_FOR_MAPPABLE_ROWS,api,Tüm eczaneler,https://acikveri.bizizmir.com/dataset/nobetci-eczaneler-ve-eczane-listesi,CC BY 4.0,İzmir Büyükşehir Belediyesi Açık Veri Portalı
pharmacy:718:38.439592:27.180538,pharmacy,Pharmacy,KURTULUŞ ECZANESİ,38.439592,27.180538,ÇAMDİBİ,,FATİH CD. NO:3/A ÇAMDİBİ,02324651262,,,2026-09-20T07:31:15.702Z,COMPLETE_FOR_MAPPABLE_ROWS,api,Tüm eczaneler,https://acikveri.bizizmir.com/dataset/nobetci-eczaneler-ve-eczane-listesi,CC BY 4.0,İzmir Büyükşehir Belediyesi Açık Veri Portalı
pharmacy:720:38.48314:27.124118,pharmacy,Pharmacy,ADA ECZANESİ,38.48314,27.124118,GÜMÜŞPALA,,POSTACILAR MAH. 7664 SOK. NO:36/B,02323632484,,,2026-09-20T07:31:15.702Z,COMPLETE_FOR_MAPPABLE_ROWS,api,Tüm eczaneler,https://acikveri.bizizmir.com/dataset/nobetci-eczaneler-ve-eczane-listesi,CC BY 4.0,İzmir Büyükşehir Belediyesi Açık Veri Portalı
pharmacy:721:38.4068459162134:27.1199042398998,pharmacy,Pharmacy,DİNÇER,38.4068459162134,27.1199042398998,ÜÇYOL,,356 Sk. No:16/1-A GARANTİ Bankası Arka Sokağı Kılıçreis Sağlık Ocağı Karşısı,2275408,,,2026-09-20T07:31:15.702Z,COMPLETE_FOR_MAPPABLE_ROWS,api,Tüm eczaneler,https://acikveri.bizizmir.com/dataset/nobetci-eczaneler-ve-eczane-listesi,CC BY 4.0,İzmir Büyükşehir Belediyesi Açık Veri Portalı
pharmacy:722:38.4356073854331:27.1953271696528,pharmacy,Pharmacy,SELİN,38.4356073854331,27.1953271696528,ÇAMDİBİ,,Çamdibi Barkoop Sitesi içi 5329/1 sk 6/B,4674402,,,2026-09-20T07:31:15.702Z,COMPLETE_FOR_MAPPABLE_ROWS,api,Tüm eczaneler,https://acikveri.bizizmir.com/dataset/nobetci-eczaneler-ve-eczane-listesi,CC BY 4.0,İzmir Büyükşehir Belediyesi Açık Veri Portalı
pharmacy:723:38.32577:27.138321,pharmacy,Pharmacy,GEÇIT ECZANESİ,38.32577,27.138321,GAZİEMİR,,9 EYLÜL MH. ÖNDER CD. NO:48/A,02322510085,,,2026-09-20T07:31:15.702Z,COMPLETE_FOR_MAPPABLE_ROWS,api,Tüm eczaneler,https://acikveri.bizizmir.com/dataset/nobetci-eczaneler-ve-eczane-listesi,CC BY 4.0,İzmir Büyükşehir Belediyesi Açık Veri Portalı
pharmacy:725:38.404625:27.120676,pharmacy,Pharmacy,ATAR ECZANESİ,38.404625,27.120676,ÜÇYOL,,502/2 SOK. NO:45/A ÜÇYOL,02322551128,,,2026-09-20T07:31:15.702Z,COMPLETE_FOR_MAPPABLE_ROWS,api,Tüm eczaneler,https://acikveri.bizizmir.com/dataset/nobetci-eczaneler-ve-eczane-listesi,CC BY 4.0,İzmir Büyükşehir Belediyesi Açık Veri Portalı
pharmacy:726:38.3973:27.1104,pharmacy,Pharmacy,PAMUKKALE ECZANESİ,38.3973,27.1104,YEŞİLYURT,,ORDU CAD. NO:261/A YESILYURT,02322325752,,,2026-09-20T07:31:15.702Z,COMPLETE_FOR_MAPPABLE_ROWS,api,Tüm eczaneler,https://acikveri.bizizmir.com/dataset/nobetci-eczaneler-ve-eczane-listesi,CC BY 4.0,İzmir Büyükşehir Belediyesi Açık Veri Portalı
pharmacy:727:38.437148:27.193775,pharmacy,Pharmacy,ADALAR ECZANESİ,38.437148,27.193775,ÇAMDİBİ,,BARBAROS MAH.5234 SOK. NO:17/A,02324619290,,,2026-09-20T07:31:15.702Z,COMPLETE_FOR_MAPPABLE_ROWS,api,Tüm eczaneler,https://acikveri.bizizmir.com/dataset/nobetci-eczaneler-ve-eczane-listesi,CC BY 4.0,İzmir Büyükşehir Belediyesi Açık Veri Portalı
pharmacy:728:38.3248493316898:27.1385020847547,pharmacy,Pharmacy,SERCAN,38.3248493316898,27.1385020847547,GAZİEMİR,,9 Eylül Mh. Havacılar Sk No:3/H 2 no lu Sağlık Ocağı yanı Başbey Sitesi,2520481,,,2026-09-20T07:31:15.702Z,COMPLETE_FOR_MAPPABLE_ROWS,api,Tüm eczaneler,https://acikveri.bizizmir.com/dataset/nobetci-eczaneler-ve-eczane-listesi,CC BY 4.0,İzmir Büyükşehir Belediyesi Açık Veri Portalı
pharmacy:730:38.396115:27.118336,pharmacy,Pharmacy,UMUT ECZANESİ,38.396115,27.118336,YEŞİLYURT,,DOĞANAY MAH. ULUÖNDER CAD. NO:83/A,02322567074,,,2026-09-20T07:31:15.702Z,COMPLETE_FOR_MAPPABLE_ROWS,api,Tüm eczaneler,https://acikveri.bizizmir.com/dataset/nobetci-eczaneler-ve-eczane-listesi,CC BY 4.0,İzmir Büyükşehir Belediyesi Açık Veri Portalı
pharmacy:731:38.4650032723252:27.2186408161234,pharmacy,Pharmacy,SOYDAN,38.4650032723252,27.2186408161234,BORNOVA 1,,Bornova Meydanı Fevzi Çakmak Cd. 26/A,3886004,,,2026-09-20T07:31:15.702Z,COMPLETE_FOR_MAPPABLE_ROWS,api,Tüm eczaneler,https://acikveri.bizizmir.com/dataset/nobetci-eczaneler-ve-eczane-listesi,CC BY 4.0,İzmir Büyükşehir Belediyesi Açık Veri Portalı
pharmacy:732:38.3176:27.1331,pharmacy,Pharmacy,GAZIKENT ECZANESİ,38.3176,27.1331,GAZİEMİR,,GAZİKENT MH. 80 SK. C2 BLOK NO:13/A,02322522229,,,2026-09-20T07:31:15.702Z,COMPLETE_FOR_MAPPABLE_ROWS,api,Tüm eczaneler,https://acikveri.bizizmir.com/dataset/nobetci-eczaneler-ve-eczane-listesi,CC BY 4.0,İzmir Büyükşehir Belediyesi Açık Veri Portalı
pharmacy:733:38.396859:27.110405,pharmacy,Pharmacy,YASEMIN ECZANESİ,38.396859,27.110405,YEŞİLYURT,,MIZRAKLI CAD.NO:36/A YESILYURT KARABAGLAR-IZMIR,02322315906,,,2026-09-20T07:31:15.702Z,COMPLETE_FOR_MAPPABLE_ROWS,api,Tüm eczaneler,https://acikveri.bizizmir.com/dataset/nobetci-eczaneler-ve-eczane-listesi,CC BY 4.0,İzmir Büyükşehir Belediyesi Açık Veri Portalı
pharmacy:735:38.423916:27.196723,pharmacy,Pharmacy,KARAKAŞ ECZANESİ,38.423916,27.196723,ALTINDAĞ,,SERINTEPE MAH. 4310 SOKAK NO:22/A,02324496151,,,2026-09-20T07:31:15.702Z,COMPLETE_FOR_MAPPABLE_ROWS,api,Tüm eczaneler,https://acikveri.bizizmir.com/dataset/nobetci-eczaneler-ve-eczane-listesi,CC BY 4.0,İzmir Büyükşehir Belediyesi Açık Veri Portalı
pharmacy:736:38.466379:27.22001,pharmacy,Pharmacy,YENİ BORNOVA ECZANESİ,38.466379,27.22001,BORNOVA 1,,ERZENE MAH. 1. SOKAK NO:4/A BORNOVA,02323390309,,,2026-09-20T07:31:15.702Z,COMPLETE_FOR_MAPPABLE_ROWS,api,Tüm eczaneler,https://acikveri.bizizmir.com/dataset/nobetci-eczaneler-ve-eczane-listesi,CC BY 4.0,İzmir Büyükşehir Belediyesi Açık Veri Portalı
pharmacy:738:38.329254:27.129906,pharmacy,Pharmacy,KAYHAN ECZANESİ,38.329254,27.129906,GAZİEMİR,,GAZI MAH. HASAN GÜVEN CAD. 104/A C BLOK,02322514426,,,2026-09-20T07:31:15.702Z,COMPLETE_FOR_MAPPABLE_ROWS,api,Tüm eczaneler,https://acikveri.bizizmir.com/dataset/nobetci-eczaneler-ve-eczane-listesi,CC BY 4.0,İzmir Büyükşehir Belediyesi Açık Veri Portalı
pharmacy:740:38.4068497738272:27.1208906713171,pharmacy,Pharmacy,BULUT,38.4068497738272,27.1208906713171,ÜÇYOL,,304 Sk.55/A Garanti Bankası Yan sokağı Üçyol,2627499,,,2026-09-20T07:31:15.702Z,COMPLETE_FOR_MAPPABLE_ROWS,api,Tüm eczaneler,https://acikveri.bizizmir.com/dataset/nobetci-eczaneler-ve-eczane-listesi,CC BY 4.0,İzmir Büyükşehir Belediyesi Açık Veri Portalı
pharmacy:743:38.406724:27.120224,pharmacy,Pharmacy,YENI ADALIOGLU ECZANESİ,38.406724,27.120224,ÜÇYOL,,356 SOK. NO:5/D ÜÇYOL-KONAK,02322617702,,,2026-09-20T07:31:15.702Z,COMPLETE_FOR_MAPPABLE_ROWS,api,Tüm eczaneler,https://acikveri.bizizmir.com/dataset/nobetci-eczaneler-ve-eczane-listesi,CC BY 4.0,İzmir Büyükşehir Belediyesi Açık Veri Portalı
pharmacy:746:38.238031:27.279253,pharmacy,Pharmacy,AYKUT ECZANESİ,38.238031,27.279253,AYRANCILAR,,İZMİR AYDIN CD. NO:61/B,02328546879,,,2026-09-20T07:31:15.702Z,COMPLETE_FOR_MAPPABLE_ROWS,api,Tüm eczaneler,https://acikveri.bizizmir.com/dataset/nobetci-eczaneler-ve-eczane-listesi,CC BY 4.0,İzmir Büyükşehir Belediyesi Açık Veri Portalı
pharmacy:747:38.4633944113268:27.2087975047068,pharmacy,Pharmacy,NUR,38.4633944113268,27.2087975047068,BORNOVA 2,,Gediz Cd. 30/C,3886012,,,2026-09-20T07:31:15.702Z,COMPLETE_FOR_MAPPABLE_ROWS,api,Tüm eczaneler,https://acikveri.bizizmir.com/dataset/nobetci-eczaneler-ve-eczane-listesi,CC BY 4.0,İzmir Büyükşehir Belediyesi Açık Veri Portalı
pharmacy:748:38.376527:27.166405,pharmacy,Pharmacy,HAYRİYE ECZANESİ,38.376527,27.166405,BUCA 2,,YENİGÜN MH. 222/11 SK. NO:22/A,02324404347,,,2026-09-20T07:31:15.702Z,COMPLETE_FOR_MAPPABLE_ROWS,api,Tüm eczaneler,https://acikveri.bizizmir.com/dataset/nobetci-eczaneler-ve-eczane-listesi,CC BY 4.0,İzmir Büyükşehir Belediyesi Açık Veri Portalı
pharmacy:750:38.5066417981509:27.0628731318579,pharmacy,Pharmacy,CEYLAN,38.5066417981509,27.0628731318579,ÇİĞLİ,,8845 Sk. 1/C Egekent,3290930,,,2026-09-20T07:31:15.702Z,COMPLETE_FOR_MAPPABLE_ROWS,api,Tüm eczaneler,https://acikveri.bizizmir.com/dataset/nobetci-eczaneler-ve-eczane-listesi,CC BY 4.0,İzmir Büyükşehir Belediyesi Açık Veri Portalı
pharmacy:751:38.3843:27.129858,pharmacy,Pharmacy,EDA ECZANESİ,38.3843,27.129858,KARABAĞLAR,,5757 SOK.NO:78/A,02322542025,,,2026-09-20T07:31:15.702Z,COMPLETE_FOR_MAPPABLE_ROWS,api,Tüm eczaneler,https://acikveri.bizizmir.com/dataset/nobetci-eczaneler-ve-eczane-listesi,CC BY 4.0,İzmir Büyükşehir Belediyesi Açık Veri Portalı
pharmacy:752:38.458643:27.175782,pharmacy,Pharmacy,TAN ECZANESİ,38.458643,27.175782,BORNOVA 3,,ADALET MAH. 1586/17 SOK. NO:4/D,02323711819,,,2026-09-20T07:31:15.702Z,COMPLETE_FOR_MAPPABLE_ROWS,api,Tüm eczaneler,https://acikveri.bizizmir.com/dataset/nobetci-eczaneler-ve-eczane-listesi,CC BY 4.0,İzmir Büyükşehir Belediyesi Açık Veri Portalı
pharmacy:753:38.472052:27.187707,pharmacy,Pharmacy,ORDU ECZANESİ,38.472052,27.187707,ATATÜRK,,OSMANGAZİ MH. 597 SK. NO:48/A,02323418487,,,2026-09-20T07:31:15.702Z,COMPLETE_FOR_MAPPABLE_ROWS,api,Tüm eczaneler,https://acikveri.bizizmir.com/dataset/nobetci-eczaneler-ve-eczane-listesi,CC BY 4.0,İzmir Büyükşehir Belediyesi Açık Veri Portalı
pharmacy:754:38.326103:27.132543,pharmacy,Pharmacy,TUĞBA ECZANESİ,38.326103,27.132543,GAZİEMİR,,GAZİ MH. 27 SK. NO:30/A,02322525264,,,2026-09-20T07:31:15.702Z,COMPLETE_FOR_MAPPABLE_ROWS,api,Tüm eczaneler,https://acikveri.bizizmir.com/dataset/nobetci-eczaneler-ve-eczane-listesi,CC BY 4.0,İzmir Büyükşehir Belediyesi Açık Veri Portalı
pharmacy:755:38.4125:27.1814,pharmacy,Pharmacy,YENI SULTAN ECZANESİ,38.4125,27.1814,GÜLTEPE,,ATAMER MH 2580 SK. NO:52/A,02324562222,,,2026-09-20T07:31:15.702Z,COMPLETE_FOR_MAPPABLE_ROWS,api,Tüm eczaneler,https://acikveri.bizizmir.com/dataset/nobetci-eczaneler-ve-eczane-listesi,CC BY 4.0,İzmir Büyükşehir Belediyesi Açık Veri Portalı
pharmacy:756:38.4636:27.2035,pharmacy,Pharmacy,BORNOVA ECE ECZANESİ,38.4636,27.2035,BORNOVA 3,,Kazım Dirik Mah..FATIH SULTAN MEHMET CAD. NO:34/A BAYRAKLI,02323735154,,,2026-09-20T07:31:15.702Z,COMPLETE_FOR_MAPPABLE_ROWS,api,Tüm eczaneler,https://acikveri.bizizmir.com/dataset/nobetci-eczaneler-ve-eczane-listesi,CC BY 4.0,İzmir Büyükşehir Belediyesi Açık Veri Portalı
pharmacy:757:38.394235:27.007119,pharmacy,Pharmacy,ÇIGDEM ECZANESİ,38.394235,27.007119,NARLIDERE,,ÇAMTEPE MAH.MITHATPASA CAD.NO:295/B NARLIDERE,02322385214,,,2026-09-20T07:31:15.702Z,COMPLETE_FOR_MAPPABLE_ROWS,api,Tüm eczaneler,https://acikveri.bizizmir.com/dataset/nobetci-eczaneler-ve-eczane-listesi,CC BY 4.0,İzmir Büyükşehir Belediyesi Açık Veri Portalı
pharmacy:758:38.229138:27.969673,pharmacy,Pharmacy,INCI ECZANESİ,38.229138,27.969673,ÖDEMİŞ,,BENGISU MH. LOZAN MEYD.3,02325431526,,,2026-09-20T07:31:15.702Z,COMPLETE_FOR_MAPPABLE_ROWS,api,Tüm eczaneler,https://acikveri.bizizmir.com/dataset/nobetci-eczaneler-ve-eczane-listesi,CC BY 4.0,İzmir Büyükşehir Belediyesi Açık Veri Portalı
pharmacy:759:38.437366:27.193402,pharmacy,Pharmacy,YALÇIN ECZANESİ,38.437366,27.193402,ÇAMDİBİ,,BARBAROS MAH. 5216 SOKAK NO:63/A BORNOVA,02324868010,,,2026-09-20T07:31:15.702Z,COMPLETE_FOR_MAPPABLE_ROWS,api,Tüm eczaneler,https://acikveri.bizizmir.com/dataset/nobetci-eczaneler-ve-eczane-listesi,CC BY 4.0,İzmir Büyükşehir Belediyesi Açık Veri Portalı
pharmacy:760:38.39805:27.128027,pharmacy,Pharmacy,ÖZHAYAT ECZANESİ,38.39805,27.128027,BOZYAKA,,ESKIIZMIR CAD. NO:61/F,02322503988,,,2026-09-20T07:31:15.702Z,COMPLETE_FOR_MAPPABLE_ROWS,api,Tüm eczaneler,https://acikveri.bizizmir.com/dataset/nobetci-eczaneler-ve-eczane-listesi,CC BY 4.0,İzmir Büyükşehir Belediyesi Açık Veri Portalı
pharmacy:761:38.229195:27.973828,pharmacy,Pharmacy,KÖYMEN ECZANESİ,38.229195,27.973828,ÖDEMİŞ,,AKINCILAR MAH. HÜRRİYET CAD. NO:16/C,02325448718,,,2026-09-20T07:31:15.702Z,COMPLETE_FOR_MAPPABLE_ROWS,api,Tüm eczaneler,https://acikveri.bizizmir.com/dataset/nobetci-eczaneler-ve-eczane-listesi,CC BY 4.0,İzmir Büyükşehir Belediyesi Açık Veri Portalı
pharmacy:763:38.322407:27.12951,pharmacy,Pharmacy,GAZI ECZANESİ,38.322407,27.12951,GAZİEMİR,,ATIFBEY MAH. ÖNDER CD.28/E,02322517088,,,2026-09-20T07:31:15.702Z,COMPLETE_FOR_MAPPABLE_ROWS,api,Tüm eczaneler,https://acikveri.bizizmir.com/dataset/nobetci-eczaneler-ve-eczane-listesi,CC BY 4.0,İzmir Büyükşehir Belediyesi Açık Veri Portalı
pharmacy:764:38.468285:27.17694,pharmacy,Pharmacy,KENDIRCI ECZANESİ,38.468285,27.17694,BAYRAKLI,,2091 SOKAK NO:17 BAYRAKLI,02323454637,,,2026-09-20T07:31:15.702Z,COMPLETE_FOR_MAPPABLE_ROWS,api,Tüm eczaneler,https://acikveri.bizizmir.com/dataset/nobetci-eczaneler-ve-eczane-listesi,CC BY 4.0,İzmir Büyükşehir Belediyesi Açık Veri Portalı
pharmacy:765:38.436055:27.202343,pharmacy,Pharmacy,YESILOVA GÜMÜS ECZANESİ,38.436055,27.202343,ÇAMDİBİ,,RAFETPASA MAH. ABDI IPEKÇI CAD. NO:141/A YESILOVA BORNOVA,02324617374,,,2026-09-20T07:31:15.702Z,COMPLETE_FOR_MAPPABLE_ROWS,api,Tüm eczaneler,https://acikveri.bizizmir.com/dataset/nobetci-eczaneler-ve-eczane-listesi,CC BY 4.0,İzmir Büyükşehir Belediyesi Açık Veri Portalı
pharmacy:766:38.384818:27.166991,pharmacy,Pharmacy,BUCA ITIR ECZANESİ,38.384818,27.166991,BUCA 1,,VALI RAHMI BEY MAH. ÖZMEN CAD. NO:112,02324488893,,,2026-09-20T07:31:15.702Z,COMPLETE_FOR_MAPPABLE_ROWS,api,Tüm eczaneler,https://acikveri.bizizmir.com/dataset/nobetci-eczaneler-ve-eczane-listesi,CC BY 4.0,İzmir Büyükşehir Belediyesi Açık Veri Portalı
pharmacy:768:38.457848:27.191309,pharmacy,Pharmacy,PARK ECZANESİ,38.457848,27.191309,BORNOVA 3,,MANSUROGLU MAH. 273/4 SOKAK NO:8/B BAYRAKLI,02323488585,,,2026-09-20T07:31:15.702Z,COMPLETE_FOR_MAPPABLE_ROWS,api,Tüm eczaneler,https://acikveri.bizizmir.com/dataset/nobetci-eczaneler-ve-eczane-listesi,CC BY 4.0,İzmir Büyükşehir Belediyesi Açık Veri Portalı
pharmacy:770:38.401687:27.126292,pharmacy,Pharmacy,NİHAN ECZANESİ,38.401687,27.126292,EŞREFPAŞA,,GÜNEŞLİ MAH. 529/1 SOK. NO:20,02322560637,,,2026-09-20T07:31:15.702Z,COMPLETE_FOR_MAPPABLE_ROWS,api,Tüm eczaneler,https://acikveri.bizizmir.com/dataset/nobetci-eczaneler-ve-eczane-listesi,CC BY 4.0,İzmir Büyükşehir Belediyesi Açık Veri Portalı
pharmacy:771:38.3900596776915:27.1756573913122,pharmacy,Pharmacy,YENİ NEVİN,38.3900596776915,27.1756573913122,BUCA 1,,Yaylacık Mh. Başarı Cd. No:98,4404514,,,2026-09-20T07:31:15.702Z,COMPLETE_FOR_MAPPABLE_ROWS,api,Tüm eczaneler,https://acikveri.bizizmir.com/dataset/nobetci-eczaneler-ve-eczane-listesi,CC BY 4.0,İzmir Büyükşehir Belediyesi Açık Veri Portalı
pharmacy:773:38.368165:27.173343,pharmacy,Pharmacy,MISRA ECZANESİ,38.368165,27.173343,BUCA 2,,BUCA KOOP. MAH. 220/21 SOK. NO:103/A,02323474682,,,2026-09-20T07:31:15.702Z,COMPLETE_FOR_MAPPABLE_ROWS,api,Tüm eczaneler,https://acikveri.bizizmir.com/dataset/nobetci-eczaneler-ve-eczane-listesi,CC BY 4.0,İzmir Büyükşehir Belediyesi Açık Veri Portalı
pharmacy:774:38.391207:27.124923,pharmacy,Pharmacy,RÜMEYSA HARMAN ECZANESİ,38.391207,27.124923,BOZYAKA,,BOZYAKA MAH. ESKİİZMİR CAD. NO:205/A,02322566687,,,2026-09-20T07:31:15.702Z,COMPLETE_FOR_MAPPABLE_ROWS,api,Tüm eczaneler,https://acikveri.bizizmir.com/dataset/nobetci-eczaneler-ve-eczane-listesi,CC BY 4.0,İzmir Büyükşehir Belediyesi Açık Veri Portalı
pharmacy:775:38.391454:27.120769,pharmacy,Pharmacy,PIRLANTA ECZANESİ,38.391454,27.120769,BOZYAKA,,GÜLYAKA MAH. 3012 SOK. NO:16 GÜLYAKA SAĞLIK OCAĞI KARŞISI,02322270013,,,2026-09-20T07:31:15.702Z,COMPLETE_FOR_MAPPABLE_ROWS,api,Tüm eczaneler,https://acikveri.bizizmir.com/dataset/nobetci-eczaneler-ve-eczane-listesi,CC BY 4.0,İzmir Büyükşehir Belediyesi Açık Veri Portalı
pharmacy:776:38.3826:27.1132,pharmacy,Pharmacy,MERVE ECZANESİ,38.3826,27.1132,ESKİİZMİR-CENNETÇEŞME,,ALİ FUAT CEBESOY MH.ESKI IZMIR CAD. NO:416,02322265222,,,2026-09-20T07:31:15.702Z,COMPLETE_FOR_MAPPABLE_ROWS,api,Tüm eczaneler,https://acikveri.bizizmir.com/dataset/nobetci-eczaneler-ve-eczane-listesi,CC BY 4.0,İzmir Büyükşehir Belediyesi Açık Veri Portalı
pharmacy:777:38.3943500627852:27.0048844005896,pharmacy,Pharmacy,NARLI,38.3943500627852,27.0048844005896,NARLIDERE,,Mithatpaşa Cd. 327/A,2380417,,,2026-09-20T07:31:15.702Z,COMPLETE_FOR_MAPPABLE_ROWS,api,Tüm eczaneler,https://acikveri.bizizmir.com/dataset/nobetci-eczaneler-ve-eczane-listesi,CC BY 4.0,İzmir Büyükşehir Belediyesi Açık Veri Portalı
pharmacy:778:38.4231648795036:27.1627071722389,pharmacy,Pharmacy,TEPECİK,38.4231648795036,27.1627071722389,YENİŞEHİR,,Güney Mh. Gaziler Cd. No:452,4581013,,,2026-09-20T07:31:15.702Z,COMPLETE_FOR_MAPPABLE_ROWS,api,Tüm eczaneler,https://acikveri.bizizmir.com/dataset/nobetci-eczaneler-ve-eczane-listesi,CC BY 4.0,İzmir Büyükşehir Belediyesi Açık Veri Portalı
pharmacy:779:38.394069:27.010639,pharmacy,Pharmacy,BAYRAM ECZANESİ,38.394069,27.010639,NARLIDERE,,ÇAMTEPE MAH. MİTHATPAŞA CAD. NO:241/A,02322394939,,,2026-09-20T07:31:15.702Z,COMPLETE_FOR_MAPPABLE_ROWS,api,Tüm eczaneler,https://acikveri.bizizmir.com/dataset/nobetci-eczaneler-ve-eczane-listesi,CC BY 4.0,İzmir Büyükşehir Belediyesi Açık Veri Portalı
pharmacy:780:38.4682:27.1768,pharmacy,Pharmacy,BAYRAKLI SINEM ECZANESİ,38.4682,27.1768,BAYRAKLI,,TEPEKULE MAH. 2120/2 SOK. NO:38,02323451714,,,2026-09-20T07:31:15.702Z,COMPLETE_FOR_MAPPABLE_ROWS,api,Tüm eczaneler,https://acikveri.bizizmir.com/dataset/nobetci-eczaneler-ve-eczane-listesi,CC BY 4.0,İzmir Büyükşehir Belediyesi Açık Veri Portalı
pharmacy:781:38.4705:27.1297,pharmacy,Pharmacy,BAGDATOGLU ECZANESİ,38.4705,27.1297,GÜMÜŞPALA,,EMEK MAH. 7226 SOKAK NO:41/A BAYRAKLI,02323671940,,,2026-09-20T07:31:15.702Z,COMPLETE_FOR_MAPPABLE_ROWS,api,Tüm eczaneler,https://acikveri.bizizmir.com/dataset/nobetci-eczaneler-ve-eczane-listesi,CC BY 4.0,İzmir Büyükşehir Belediyesi Açık Veri Portalı
pharmacy:782:38.3702:27.193103,pharmacy,Pharmacy,VİTAMİN ECZANESİ,38.3702,27.193103,BUCA 2,,KURUÇEŞME MAH. 205 SOK. NO:28/A Özel Tınaztepe Hastane Karşısı,02324530777,,,2026-09-20T07:31:15.702Z,COMPLETE_FOR_MAPPABLE_ROWS,api,Tüm eczaneler,https://acikveri.bizizmir.com/dataset/nobetci-eczaneler-ve-eczane-listesi,CC BY 4.0,İzmir Büyükşehir Belediyesi Açık Veri Portalı
pharmacy:783:38.462582:27.224684,pharmacy,Pharmacy,CADDE ECZANESİ,38.462582,27.224684,BORNOVA 1,,GENÇLIK CAD. NO:23/A,02323889326,,,2026-09-20T07:31:15.702Z,COMPLETE_FOR_MAPPABLE_ROWS,api,Tüm eczaneler,https://acikveri.bizizmir.com/dataset/nobetci-eczaneler-ve-eczane-listesi,CC BY 4.0,İzmir Büyükşehir Belediyesi Açık Veri Portalı
pharmacy:784:38.381395:27.121425,pharmacy,Pharmacy,NİLSU ECZANESİ,38.381395,27.121425,KARABAĞLAR,,BARIŞ MAH. 4545 SOK. NO:36/A,02322640171,,,2026-09-20T07:31:15.702Z,COMPLETE_FOR_MAPPABLE_ROWS,api,Tüm eczaneler,https://acikveri.bizizmir.com/dataset/nobetci-eczaneler-ve-eczane-listesi,CC BY 4.0,İzmir Büyükşehir Belediyesi Açık Veri Portalı
pharmacy:785:38.435627:27.200147,pharmacy,Pharmacy,FİDAN ECZANESİ,38.435627,27.200147,ÇAMDİBİ,,RAFETPAŞA MAH. 5381 SOK. NO:21/A,02324350118,,,2026-09-20T07:31:15.702Z,COMPLETE_FOR_MAPPABLE_ROWS,api,Tüm eczaneler,https://acikveri.bizizmir.com/dataset/nobetci-eczaneler-ve-eczane-listesi,CC BY 4.0,İzmir Büyükşehir Belediyesi Açık Veri Portalı
pharmacy:786:38.425847:27.200495,pharmacy,Pharmacy,EBRU ECZANESİ,38.425847,27.200495,ALTINDAĞ,,BİRLİK MAH KEMALPAŞA CAD. NO:235/A,02324671129,,,2026-09-20T07:31:15.702Z,COMPLETE_FOR_MAPPABLE_ROWS,api,Tüm eczaneler,https://acikveri.bizizmir.com/dataset/nobetci-eczaneler-ve-eczane-listesi,CC BY 4.0,İzmir Büyükşehir Belediyesi Açık Veri Portalı
pharmacy:787:38.4164709126697:27.1575138699067,pharmacy,Pharmacy,BAHAR DALIM,38.4164709126697,27.1575138699067,YENİŞEHİR,,Yeni Doğan Mh. 2223 Sk.No:34,4691224,,,2026-09-20T07:31:15.702Z,COMPLETE_FOR_MAPPABLE_ROWS,api,Tüm eczaneler,https://acikveri.bizizmir.com/dataset/nobetci-eczaneler-ve-eczane-listesi,CC BY 4.0,İzmir Büyükşehir Belediyesi Açık Veri Portalı
pharmacy:788:38.369431:27.095715,pharmacy,Pharmacy,ULUKAYA ECZANESİ,38.369431,27.095715,ESKİİZMİR-CENNETÇEŞME,,ALI FUAT ERDEM MAH.9801 SK. NO:6/B,02322673000,,,2026-09-20T07:31:15.702Z,COMPLETE_FOR_MAPPABLE_ROWS,api,Tüm eczaneler,https://acikveri.bizizmir.com/dataset/nobetci-eczaneler-ve-eczane-listesi,CC BY 4.0,İzmir Büyükşehir Belediyesi Açık Veri Portalı
pharmacy:789:38.3768:27.1472,pharmacy,Pharmacy,BUCA SEBNEM ECZANESİ,38.3768,27.1472,GEDİZ,,FIRAT MAH. 287/3 SK. NO:9/C,02323479944,,,2026-09-20T07:31:15.702Z,COMPLETE_FOR_MAPPABLE_ROWS,api,Tüm eczaneler,https://acikveri.bizizmir.com/dataset/nobetci-eczaneler-ve-eczane-listesi,CC BY 4.0,İzmir Büyükşehir Belediyesi Açık Veri Portalı
pharmacy:790:38.470098:27.166675,pharmacy,Pharmacy,BARIS SAHIN ECZANESİ,38.470098,27.166675,BAYRAKLI,,ALPARSLAN MH. 1620/15 SK. NO:9,02323458485,,,2026-09-20T07:31:15.702Z,COMPLETE_FOR_MAPPABLE_ROWS,api,Tüm eczaneler,https://acikveri.bizizmir.com/dataset/nobetci-eczaneler-ve-eczane-listesi,CC BY 4.0,İzmir Büyükşehir Belediyesi Açık Veri Portalı
pharmacy:791:38.368777:27.125802,pharmacy,Pharmacy,SIHHAT ECZANESİ,38.368777,27.125802,KARABAĞLAR,,İHSAN ALYANAK MH. 5027 SK. NO:2,02322544013,,,2026-09-20T07:31:15.702Z,COMPLETE_FOR_MAPPABLE_ROWS,api,Tüm eczaneler,https://acikveri.bizizmir.com/dataset/nobetci-eczaneler-ve-eczane-listesi,CC BY 4.0,İzmir Büyükşehir Belediyesi Açık Veri Portalı
pharmacy:792:38.384263:27.129823,pharmacy,Pharmacy,BADE ECZANESİ,38.384263,27.129823,KARABAĞLAR,,SARIYER MH. 5757 SK. NO:78/1,02322655544,,,2026-09-20T07:31:15.702Z,COMPLETE_FOR_MAPPABLE_ROWS,api,Tüm eczaneler,https://acikveri.bizizmir.com/dataset/nobetci-eczaneler-ve-eczane-listesi,CC BY 4.0,İzmir Büyükşehir Belediyesi Açık Veri Portalı
pharmacy:793:38.372905:27.167516,pharmacy,Pharmacy,CEBE ECZANESİ,38.372905,27.167516,BUCA 2,,ÇAMLIKULE MAH. 254 SOK. NO:184/2,02324425841,,,2026-09-20T07:31:15.702Z,COMPLETE_FOR_MAPPABLE_ROWS,api,Tüm eczaneler,https://acikveri.bizizmir.com/dataset/nobetci-eczaneler-ve-eczane-listesi,CC BY 4.0,İzmir Büyükşehir Belediyesi Açık Veri Portalı
pharmacy:794:38.484254:27.133103,pharmacy,Pharmacy,REY ECZANESİ,38.484254,27.133103,GÜMÜŞPALA,,ONUR MH. 7371/2 SK. NO:26/A GÜMÜŞPALA/İZMİR,02323636464,,,2026-09-20T07:31:15.702Z,COMPLETE_FOR_MAPPABLE_ROWS,api,Tüm eczaneler,https://acikveri.bizizmir.com/dataset/nobetci-eczaneler-ve-eczane-listesi,CC BY 4.0,İzmir Büyükşehir Belediyesi Açık Veri Portalı
pharmacy:795:38.4689:27.178,pharmacy,Pharmacy,ÖKE ECZANESİ,38.4689,27.178,EŞREFPAŞA,,529 SK. NO:8/B,02322627188,,,2026-09-20T07:31:15.702Z,COMPLETE_FOR_MAPPABLE_ROWS,api,Tüm eczaneler,https://acikveri.bizizmir.com/dataset/nobetci-eczaneler-ve-eczane-listesi,CC BY 4.0,İzmir Büyükşehir Belediyesi Açık Veri Portalı
pharmacy:796:38.433028:27.190659,pharmacy,Pharmacy,KARTAL ECZANESİ,38.433028,27.190659,ÇAMDİBİ,,GAZI OSMAN PASA MAH. 5227 SOKAK NO:77/A ÇAMDIBI,02324619047,,,2026-09-20T07:31:15.702Z,COMPLETE_FOR_MAPPABLE_ROWS,api,Tüm eczaneler,https://acikveri.bizizmir.com/dataset/nobetci-eczaneler-ve-eczane-listesi,CC BY 4.0,İzmir Büyükşehir Belediyesi Açık Veri Portalı
pharmacy:797:38.369867:27.194005,pharmacy,Pharmacy,SULTAN ECZANESİ,38.369867,27.194005,BUCA 2,,AHMET PIRISTINA BLV.NO.70/A-B,02324540676,,,2026-09-20T07:31:15.702Z,COMPLETE_FOR_MAPPABLE_ROWS,api,Tüm eczaneler,https://acikveri.bizizmir.com/dataset/nobetci-eczaneler-ve-eczane-listesi,CC BY 4.0,İzmir Büyükşehir Belediyesi Açık Veri Portalı
pharmacy:798:38.490114:27.214253,pharmacy,Pharmacy,FİLİZ ECZANESİ,38.490114,27.214253,ATATÜRK,,EVKA-4 MH. 1024 SK. 97 BLOK NO:3/A,02323511020,,,2026-09-20T07:31:15.702Z,COMPLETE_FOR_MAPPABLE_ROWS,api,Tüm eczaneler,https://acikveri.bizizmir.com/dataset/nobetci-eczaneler-ve-eczane-listesi,CC BY 4.0,İzmir Büyükşehir Belediyesi Açık Veri Portalı
pharmacy:799:38.3933417274185:27.1485032634494,pharmacy,Pharmacy,KASABOĞLU,38.3933417274185,27.1485032634494,ŞİRİNYER,,M.Akif Cd. No:4/M FIRIN KARŞISI EROĞLU İŞ MERKEZİ,4879537,,,2026-09-20T07:31:15.702Z,COMPLETE_FOR_MAPPABLE_ROWS,api,Tüm eczaneler,https://acikveri.bizizmir.com/dataset/nobetci-eczaneler-ve-eczane-listesi,CC BY 4.0,İzmir Büyükşehir Belediyesi Açık Veri Portalı
pharmacy:800:38.3884:27.1503,pharmacy,Pharmacy,YENI DAMLA ECZANESİ,38.3884,27.1503,ŞİRİNYER,,506 SOK. NO:8/A,02324486869,,,2026-09-20T07:31:15.702Z,COMPLETE_FOR_MAPPABLE_ROWS,api,Tüm eczaneler,https://acikveri.bizizmir.com/dataset/nobetci-eczaneler-ve-eczane-listesi,CC BY 4.0,İzmir Büyükşehir Belediyesi Açık Veri Portalı
pharmacy:801:38.3931:27.1466,pharmacy,Pharmacy,KIZILÇULLU ECZANESİ,38.3931,27.1466,ŞİRİNYER,,MEHMET AKIF CAD. NO:29/B SIRINYER,02324871372,,,2026-09-20T07:31:15.702Z,COMPLETE_FOR_MAPPABLE_ROWS,api,Tüm eczaneler,https://acikveri.bizizmir.com/dataset/nobetci-eczaneler-ve-eczane-listesi,CC BY 4.0,İzmir Büyükşehir Belediyesi Açık Veri Portalı
pharmacy:802:38.3927574173327:27.149353889179,pharmacy,Pharmacy,ÜMRAN CİVAN,38.3927574173327,27.149353889179,ŞİRİNYER,,Menderes Cd. No:253/C VAKIFBANK YANI,4526938,,,2026-09-20T07:31:15.702Z,COMPLETE_FOR_MAPPABLE_ROWS,api,Tüm eczaneler,https://acikveri.bizizmir.com/dataset/nobetci-eczaneler-ve-eczane-listesi,CC BY 4.0,İzmir Büyükşehir Belediyesi Açık Veri Portalı
pharmacy:803:38.392303:27.180625,pharmacy,Pharmacy,KOŞUYOLU ECZANESİ,38.392303,27.180625,ŞİRİNYER,,GAZİLER MAH. GAZİ OSMAN PAŞA CAD. NO:193/A (Eyüp Sultan Camii Yanı),02324523947,,,2026-09-20T07:31:15.702Z,COMPLETE_FOR_MAPPABLE_ROWS,api,Tüm eczaneler,https://acikveri.bizizmir.com/dataset/nobetci-eczaneler-ve-eczane-listesi,CC BY 4.0,İzmir Büyükşehir Belediyesi Açık Veri Portalı
pharmacy:804:38.394335:27.1485,pharmacy,Pharmacy,ATABEY ECZANESİ,38.394335,27.1485,ŞİRİNYER,,GÜVEN MAH. MENDERES CAD. NO:308/A,02324872823,,,2026-09-20T07:31:15.702Z,COMPLETE_FOR_MAPPABLE_ROWS,api,Tüm eczaneler,https://acikveri.bizizmir.com/dataset/nobetci-eczaneler-ve-eczane-listesi,CC BY 4.0,İzmir Büyükşehir Belediyesi Açık Veri Portalı
pharmacy:806:38.3906969786398:27.1604109168847,pharmacy,Pharmacy,KURUOĞLU,38.3906969786398,27.1604109168847,ŞİRİNYER,,Menderes Cd. 137/B VB. Durağı ile Hapishane arasıı,4874445,,,2026-09-20T07:31:15.702Z,COMPLETE_FOR_MAPPABLE_ROWS,api,Tüm eczaneler,https://acikveri.bizizmir.com/dataset/nobetci-eczaneler-ve-eczane-listesi,CC BY 4.0,İzmir Büyükşehir Belediyesi Açık Veri Portalı
pharmacy:807:38.391468:27.156497,pharmacy,Pharmacy,YENİ ÜNAL ECZANESİ,38.391468,27.156497,ŞİRİNYER,,YİĞİTLER MH..MENDERES CAD. NO:188/A,02324876395,,,2026-09-20T07:31:15.702Z,COMPLETE_FOR_MAPPABLE_ROWS,api,Tüm eczaneler,https://acikveri.bizizmir.com/dataset/nobetci-eczaneler-ve-eczane-listesi,CC BY 4.0,İzmir Büyükşehir Belediyesi Açık Veri Portalı
pharmacy:808:38.3912:27.157,pharmacy,Pharmacy,ILGAZ ECZANESİ,38.3912,27.157,ŞİRİNYER,,MENDERES CAD. NO:179/C SIRINYER,02324382123,,,2026-09-20T07:31:15.702Z,COMPLETE_FOR_MAPPABLE_ROWS,api,Tüm eczaneler,https://acikveri.bizizmir.com/dataset/nobetci-eczaneler-ve-eczane-listesi,CC BY 4.0,İzmir Büyükşehir Belediyesi Açık Veri Portalı
pharmacy:809:38.38962:27.156632,pharmacy,Pharmacy,GÖNENÇ ECZANESİ,38.38962,27.156632,ŞİRİNYER,,313 SK. NO:73 SIRINYER,02324484484,,,2026-09-20T07:31:15.702Z,COMPLETE_FOR_MAPPABLE_ROWS,api,Tüm eczaneler,https://acikveri.bizizmir.com/dataset/nobetci-eczaneler-ve-eczane-listesi,CC BY 4.0,İzmir Büyükşehir Belediyesi Açık Veri Portalı
pharmacy:810:38.3889225023344:27.0413535283041,pharmacy,Pharmacy,DAMLA ÇİÇEK,38.3889225023344,27.0413535283041,İNCİRALTI,,Korutürk Mh. Bora Sk. No:11/A,2788809,,,2026-09-20T07:31:15.702Z,COMPLETE_FOR_MAPPABLE_ROWS,api,Tüm eczaneler,https://acikveri.bizizmir.com/dataset/nobetci-eczaneler-ve-eczane-listesi,CC BY 4.0,İzmir Büyükşehir Belediyesi Açık Veri Portalı
pharmacy:811:38.3946:27.1561,pharmacy,Pharmacy,YAREN ECZANESİ,38.3946,27.1561,ŞİRİNYER,,347 SK. NO:61/1 ŞİRİNYER,02324877074,,,2026-09-20T07:31:15.702Z,COMPLETE_FOR_MAPPABLE_ROWS,api,Tüm eczaneler,https://acikveri.bizizmir.com/dataset/nobetci-eczaneler-ve-eczane-listesi,CC BY 4.0,İzmir Büyükşehir Belediyesi Açık Veri Portalı
pharmacy:812:38.38947:27.15515,pharmacy,Pharmacy,SIRINYER ECZANESİ,38.38947,27.15515,ŞİRİNYER,,EFELER MAH. 325 SOK. NO:49/A,02324875765,,,2026-09-20T07:31:15.702Z,COMPLETE_FOR_MAPPABLE_ROWS,api,Tüm eczaneler,https://acikveri.bizizmir.com/dataset/nobetci-eczaneler-ve-eczane-listesi,CC BY 4.0,İzmir Büyükşehir Belediyesi Açık Veri Portalı
pharmacy:813:38.396258:27.156794,pharmacy,Pharmacy,YENI BAYSAL ECZANESİ,38.396258,27.156794,ŞİRİNYER,,ÇAKMAK CAD. NO:67/C SIRINYER,02324488266,,,2026-09-20T07:31:15.702Z,COMPLETE_FOR_MAPPABLE_ROWS,api,Tüm eczaneler,https://acikveri.bizizmir.com/dataset/nobetci-eczaneler-ve-eczane-listesi,CC BY 4.0,İzmir Büyükşehir Belediyesi Açık Veri Portalı
pharmacy:814:38.39331:27.142847,pharmacy,Pharmacy,SIRINYER YONCA ECZANESİ,38.39331,27.142847,ŞİRİNYER,,INKLAP MAH.MEHMET AKIF CAD. NO:81,02324390908,,,2026-09-20T07:31:15.702Z,COMPLETE_FOR_MAPPABLE_ROWS,api,Tüm eczaneler,https://acikveri.bizizmir.com/dataset/nobetci-eczaneler-ve-eczane-listesi,CC BY 4.0,İzmir Büyükşehir Belediyesi Açık Veri Portalı
pharmacy:815:38.391601:27.152328,pharmacy,Pharmacy,FORBES ECZANESİ,38.391601,27.152328,ŞİRİNYER,,EFELER MAH.313 SOK.NO.5/B SIRINYER BUCA-IZMIR,02324526896,,,2026-09-20T07:31:15.702Z,COMPLETE_FOR_MAPPABLE_ROWS,api,Tüm eczaneler,https://acikveri.bizizmir.com/dataset/nobetci-eczaneler-ve-eczane-listesi,CC BY 4.0,İzmir Büyükşehir Belediyesi Açık Veri Portalı
pharmacy:816:38.4:27.1029,pharmacy,Pharmacy,SOYAK ECZANESİ,38.4,27.1029,BASIN SİTESİ,,GAZETECİ HASAN TAHSİN CADDESİ NO:170/A BASINSİTESİ KARABAĞLAR İZMİR,02322430308,,,2026-09-20T07:31:15.702Z,COMPLETE_FOR_MAPPABLE_ROWS,api,Tüm eczaneler,https://acikveri.bizizmir.com/dataset/nobetci-eczaneler-ve-eczane-listesi,CC BY 4.0,İzmir Büyükşehir Belediyesi Açık Veri Portalı
pharmacy:817:38.393538:27.142594,pharmacy,Pharmacy,SIRINYER ELIF ECZANESİ,38.393538,27.142594,ŞİRİNYER,,SIRINYER-MEHMET AKIF CAD. NO:108/A,02324260102,,,2026-09-20T07:31:15.702Z,COMPLETE_FOR_MAPPABLE_ROWS,api,Tüm eczaneler,https://acikveri.bizizmir.com/dataset/nobetci-eczaneler-ve-eczane-listesi,CC BY 4.0,İzmir Büyükşehir Belediyesi Açık Veri Portalı
pharmacy:818:38.389214:27.154888,pharmacy,Pharmacy,BÜYÜK ECZANESİ,38.389214,27.154888,ŞİRİNYER,,CEMIL SEBOY BULV. NO:98,02324877161,,,2026-09-20T07:31:15.702Z,COMPLETE_FOR_MAPPABLE_ROWS,api,Tüm eczaneler,https://acikveri.bizizmir.com/dataset/nobetci-eczaneler-ve-eczane-listesi,CC BY 4.0,İzmir Büyükşehir Belediyesi Açık Veri Portalı
pharmacy:821:38.401288:27.126947,pharmacy,Pharmacy,SAMANLIOĞLU ECZANESİ,38.401288,27.126947,EŞREFPAŞA,,GÜNEŞLİ MAH. 507 SK. NO:2/A,02324531545,,,2026-09-20T07:31:15.702Z,COMPLETE_FOR_MAPPABLE_ROWS,api,Tüm eczaneler,https://acikveri.bizizmir.com/dataset/nobetci-eczaneler-ve-eczane-listesi,CC BY 4.0,İzmir Büyükşehir Belediyesi Açık Veri Portalı
pharmacy:822:38.3942597468505:27.006508274608,pharmacy,Pharmacy,EREN,38.3942597468505,27.006508274608,NARLIDERE,,Narlı Mh. No:2/A SEMT POLİKLİNİK YANI,2397733,,,2026-09-20T07:31:15.702Z,COMPLETE_FOR_MAPPABLE_ROWS,api,Tüm eczaneler,https://acikveri.bizizmir.com/dataset/nobetci-eczaneler-ve-eczane-listesi,CC BY 4.0,İzmir Büyükşehir Belediyesi Açık Veri Portalı
pharmacy:823:38.386031:27.136522,pharmacy,Pharmacy,SANAYI ECZANESİ,38.386031,27.136522,KARABAĞLAR,,ASIKVEYSEL MAH 5733 SOK.82/2A KARABAGLAR IZMIR,02322104242,,,2026-09-20T07:31:15.702Z,COMPLETE_FOR_MAPPABLE_ROWS,api,Tüm eczaneler,https://acikveri.bizizmir.com/dataset/nobetci-eczaneler-ve-eczane-listesi,CC BY 4.0,İzmir Büyükşehir Belediyesi Açık Veri Portalı
pharmacy:824:38.395859:26.998171,pharmacy,Pharmacy,ŞEHİTLİK ECZANESİ,38.395859,26.998171,NARLIDERE,,ÇATALKAYA MAH. MİTHATPAŞA CAD. NO:427/A,02322384598,,,2026-09-20T07:31:15.702Z,COMPLETE_FOR_MAPPABLE_ROWS,api,Tüm eczaneler,https://acikveri.bizizmir.com/dataset/nobetci-eczaneler-ve-eczane-listesi,CC BY 4.0,İzmir Büyükşehir Belediyesi Açık Veri Portalı
pharmacy:825:38.50343:27.058303,pharmacy,Pharmacy,SEVCAN ECZANESİ,38.50343,27.058303,ÇİĞLİ,,8821 SK. NO:10/A,02323766621,,,2026-09-20T07:31:15.702Z,COMPLETE_FOR_MAPPABLE_ROWS,api,Tüm eczaneler,https://acikveri.bizizmir.com/dataset/nobetci-eczaneler-ve-eczane-listesi,CC BY 4.0,İzmir Büyükşehir Belediyesi Açık Veri Portalı
pharmacy:826:38.4738807396569:27.1278165565301,pharmacy,Pharmacy,YAMANLAR HAYAT,38.4738807396569,27.1278165565301,GÜMÜŞPALA,,Emek Mh. Barış Cd. No:17/B,3656425,,,2026-09-20T07:31:15.702Z,COMPLETE_FOR_MAPPABLE_ROWS,api,Tüm eczaneler,https://acikveri.bizizmir.com/dataset/nobetci-eczaneler-ve-eczane-listesi,CC BY 4.0,İzmir Büyükşehir Belediyesi Açık Veri Portalı
pharmacy:827:38.3982676710796:27.0981797819531,pharmacy,Pharmacy,NAZ,38.3982676710796,27.0981797819531,BASIN SİTESİ,,Basın sitesi Mh. 170 Sk. No:4/B,2447070,,,2026-09-20T07:31:15.702Z,COMPLETE_FOR_MAPPABLE_ROWS,api,Tüm eczaneler,https://acikveri.bizizmir.com/dataset/nobetci-eczaneler-ve-eczane-listesi,CC BY 4.0,İzmir Büyükşehir Belediyesi Açık Veri Portalı
pharmacy:828:38.392562:27.042858,pharmacy,Pharmacy,TÜRKAN ECZANESİ,38.392562,27.042858,İNCİRALTI,,KORUTÜRK MAAH.SIMSEK SOK.NO:29/C,02322778317,,,2026-09-20T07:31:15.702Z,COMPLETE_FOR_MAPPABLE_ROWS,api,Tüm eczaneler,https://acikveri.bizizmir.com/dataset/nobetci-eczaneler-ve-eczane-listesi,CC BY 4.0,İzmir Büyükşehir Belediyesi Açık Veri Portalı
pharmacy:829:38.383106:27.113407,pharmacy,Pharmacy,GÜNALTAY ECZANESİ,38.383106,27.113407,ESKİİZMİR-CENNETÇEŞME,,ESKİ İZMİR CD. NO:345/A,02322652299,,,2026-09-20T07:31:15.702Z,COMPLETE_FOR_MAPPABLE_ROWS,api,Tüm eczaneler,https://acikveri.bizizmir.com/dataset/nobetci-eczaneler-ve-eczane-listesi,CC BY 4.0,İzmir Büyükşehir Belediyesi Açık Veri Portalı
pharmacy:831:38.40287:27.113282,pharmacy,Pharmacy,SEDEF ECZANESİ,38.40287,27.113282,ÜÇYOL,,PIRIREIS MAH.269 SOKAK NO:93/D KONAK/IZMIR,02322501314,,,2026-09-20T07:31:15.702Z,COMPLETE_FOR_MAPPABLE_ROWS,api,Tüm eczaneler,https://acikveri.bizizmir.com/dataset/nobetci-eczaneler-ve-eczane-listesi,CC BY 4.0,İzmir Büyükşehir Belediyesi Açık Veri Portalı
pharmacy:832:38.468564:27.219125,pharmacy,Pharmacy,ÇINAR ECZANESİ,38.468564,27.219125,BORNOVA 1,,456 SOK.NO.17/B,02323736486,,,2026-09-20T07:31:15.702Z,COMPLETE_FOR_MAPPABLE_ROWS,api,Tüm eczaneler,https://acikveri.bizizmir.com/dataset/nobetci-eczaneler-ve-eczane-listesi,CC BY 4.0,İzmir Büyükşehir Belediyesi Açık Veri Portalı
pharmacy:833:38.4611:27.16667,pharmacy,Pharmacy,BIRANCI ECZANESİ,38.4611,27.16667,BAYRAKLI,,BAYRAKLI MH. 1898 SK. NO:1/A,02323462379,,,2026-09-20T07:31:15.702Z,COMPLETE_FOR_MAPPABLE_ROWS,api,Tüm eczaneler,https://acikveri.bizizmir.com/dataset/nobetci-eczaneler-ve-eczane-listesi,CC BY 4.0,İzmir Büyükşehir Belediyesi Açık Veri Portalı
pharmacy:835:38.397694:27.1654,pharmacy,Pharmacy,DENIZ ECZANESİ,38.397694,27.1654,EVKA 1,,UFUK MH.ISTIKLAL CAD. NO:76/B,02324528026,,,2026-09-20T07:31:15.702Z,COMPLETE_FOR_MAPPABLE_ROWS,api,Tüm eczaneler,https://acikveri.bizizmir.com/dataset/nobetci-eczaneler-ve-eczane-listesi,CC BY 4.0,İzmir Büyükşehir Belediyesi Açık Veri Portalı
pharmacy:836:38.381754:27.174373,pharmacy,Pharmacy,BUCA ERDEM ECZANESİ,38.381754,27.174373,BUCA 1,,KOZAGAÇ MAH. 223 SK. NO:20/A BUCA-IZMIR,02324421400,,,2026-09-20T07:31:15.702Z,COMPLETE_FOR_MAPPABLE_ROWS,api,Tüm eczaneler,https://acikveri.bizizmir.com/dataset/nobetci-eczaneler-ve-eczane-listesi,CC BY 4.0,İzmir Büyükşehir Belediyesi Açık Veri Portalı
pharmacy:837:38.381747:27.174065,pharmacy,Pharmacy,BUCA PARK ECZANESİ,38.381747,27.174065,BUCA 1,,KOZAGAÇ MAH.223SOK. NO:31/A,02324426088,,,2026-09-20T07:31:15.702Z,COMPLETE_FOR_MAPPABLE_ROWS,api,Tüm eczaneler,https://acikveri.bizizmir.com/dataset/nobetci-eczaneler-ve-eczane-listesi,CC BY 4.0,İzmir Büyükşehir Belediyesi Açık Veri Portalı
pharmacy:838:38.391529:27.166998,pharmacy,Pharmacy,HELIN ECZANESİ,38.391529,27.166998,BUCA 1,,MENDERES MAH. 157 SOK. NO:37/A,02324525343,,,2026-09-20T07:31:15.702Z,COMPLETE_FOR_MAPPABLE_ROWS,api,Tüm eczaneler,https://acikveri.bizizmir.com/dataset/nobetci-eczaneler-ve-eczane-listesi,CC BY 4.0,İzmir Büyükşehir Belediyesi Açık Veri Portalı
pharmacy:839:38.462233:27.199405,pharmacy,Pharmacy,YENİ ÖZTÜRK ECZANESİ,38.462233,27.199405,BORNOVA 3,,MANAVKUYU MH.243 SK.NO:10/D BAYRAKLI,02323747423,,,2026-09-20T07:31:15.702Z,COMPLETE_FOR_MAPPABLE_ROWS,api,Tüm eczaneler,https://acikveri.bizizmir.com/dataset/nobetci-eczaneler-ve-eczane-listesi,CC BY 4.0,İzmir Büyükşehir Belediyesi Açık Veri Portalı
pharmacy:840:38.436676:27.199539,pharmacy,Pharmacy,TAYFUN ECZANESİ,38.436676,27.199539,ÇAMDİBİ,,5373 SOK.NO:44/A RAFETPASA MAH.,02324621446,,,2026-09-20T07:31:15.702Z,COMPLETE_FOR_MAPPABLE_ROWS,api,Tüm eczaneler,https://acikveri.bizizmir.com/dataset/nobetci-eczaneler-ve-eczane-listesi,CC BY 4.0,İzmir Büyükşehir Belediyesi Açık Veri Portalı
pharmacy:841:38.400119:27.148779,pharmacy,Pharmacy,HÜRRİYET ECZANESİ,38.400119,27.148779,ŞİRİNYER,,HÜRRİYET MH.435 SK. NO:6/A,02324383822,,,2026-09-20T07:31:15.702Z,COMPLETE_FOR_MAPPABLE_ROWS,api,Tüm eczaneler,https://acikveri.bizizmir.com/dataset/nobetci-eczaneler-ve-eczane-listesi,CC BY 4.0,İzmir Büyükşehir Belediyesi Açık Veri Portalı
pharmacy:842:38.4582:27.184,pharmacy,Pharmacy,METROPOL ECZANESİ,38.4582,27.184,YENİŞEHİR,,GAZİLER CAD. NO:456 YENİŞEHİR-KONAK-İZMİR,02323758881,,,2026-09-20T07:31:15.702Z,COMPLETE_FOR_MAPPABLE_ROWS,api,Tüm eczaneler,https://acikveri.bizizmir.com/dataset/nobetci-eczaneler-ve-eczane-listesi,CC BY 4.0,İzmir Büyükşehir Belediyesi Açık Veri Portalı
pharmacy:843:38.3949:27.169011,pharmacy,Pharmacy,NAZ ECZANESİ,38.3949,27.169011,EVKA 1,,MENDERES MAH. GAZİ OSMAN PAŞA CAD. NO:3/A,02324520149,,,2026-09-20T07:31:15.702Z,COMPLETE_FOR_MAPPABLE_ROWS,api,Tüm eczaneler,https://acikveri.bizizmir.com/dataset/nobetci-eczaneler-ve-eczane-listesi,CC BY 4.0,İzmir Büyükşehir Belediyesi Açık Veri Portalı
pharmacy:844:38.801387:26.972784,pharmacy,Pharmacy,MELEK ECZANESİ,38.801387,26.972784,ALİAĞA,,KÜLTÜR MAH. ISTIKLAL CAD. NO:64/B ALIAGA/ IZMIR,02326161058,,,2026-09-20T07:31:15.702Z,COMPLETE_FOR_MAPPABLE_ROWS,api,Tüm eczaneler,https://acikveri.bizizmir.com/dataset/nobetci-eczaneler-ve-eczane-listesi,CC BY 4.0,İzmir Büyükşehir Belediyesi Açık Veri Portalı
pharmacy:845:38.799101:26.97415,pharmacy,Pharmacy,MERKEZ ECZANESİ,38.799101,26.97415,ALİAĞA,,KURTULUŞ MAH. FEVZİPAŞA CAD. NO:107/C,02326162707,,,2026-09-20T07:31:15.702Z,COMPLETE_FOR_MAPPABLE_ROWS,api,Tüm eczaneler,https://acikveri.bizizmir.com/dataset/nobetci-eczaneler-ve-eczane-listesi,CC BY 4.0,İzmir Büyükşehir Belediyesi Açık Veri Portalı
pharmacy:846:38.798078:26.974238,pharmacy,Pharmacy,ALİAĞA ECZANESİ,38.798078,26.974238,ALİAĞA,,KURTULUŞ MAH. FEVZİ PAŞA CAD. NO:121/A,02326162482,,,2026-09-20T07:31:15.702Z,COMPLETE_FOR_MAPPABLE_ROWS,api,Tüm eczaneler,https://acikveri.bizizmir.com/dataset/nobetci-eczaneler-ve-eczane-listesi,CC BY 4.0,İzmir Büyükşehir Belediyesi Açık Veri Portalı
pharmacy:847:38.8:26.9712,pharmacy,Pharmacy,DURU ECZANESİ,38.8,26.9712,ALİAĞA,,KAZIM DIRIK MAH. ISTIKLAL CAD. NO:86/C,02326162523,,,2026-09-20T07:31:15.702Z,COMPLETE_FOR_MAPPABLE_ROWS,api,Tüm eczaneler,https://acikveri.bizizmir.com/dataset/nobetci-eczaneler-ve-eczane-listesi,CC BY 4.0,İzmir Büyükşehir Belediyesi Açık Veri Portalı
pharmacy:848:38.799361:26.970842,pharmacy,Pharmacy,ÇİĞDEM ECZANESİ,38.799361,26.970842,ALİAĞA,,KAZIM DIRIK MAH. CUMHURIYET CAD. NO:3/B,02326164243,,,2026-09-20T07:31:15.702Z,COMPLETE_FOR_MAPPABLE_ROWS,api,Tüm eczaneler,https://acikveri.bizizmir.com/dataset/nobetci-eczaneler-ve-eczane-listesi,CC BY 4.0,İzmir Büyükşehir Belediyesi Açık Veri Portalı
pharmacy:849:38.802824:26.970419,pharmacy,Pharmacy,BAHAR ECZANESİ,38.802824,26.970419,ALİAĞA,,KÜLTÜR MAH. ATATÜRK CAD.NO:66,02326167321,,,2026-09-20T07:31:15.702Z,COMPLETE_FOR_MAPPABLE_ROWS,api,Tüm eczaneler,https://acikveri.bizizmir.com/dataset/nobetci-eczaneler-ve-eczane-listesi,CC BY 4.0,İzmir Büyükşehir Belediyesi Açık Veri Portalı
pharmacy:850:38.803:26.971,pharmacy,Pharmacy,GÜLER ECZANESİ,38.803,26.971,ALİAĞA,,KÜLTÜR MAH.ATATÜRK CAD.NO:68/A ALIAGA/IZMIR,02326164426,,,2026-09-20T07:31:15.702Z,COMPLETE_FOR_MAPPABLE_ROWS,api,Tüm eczaneler,https://acikveri.bizizmir.com/dataset/nobetci-eczaneler-ve-eczane-listesi,CC BY 4.0,İzmir Büyükşehir Belediyesi Açık Veri Portalı
pharmacy:851:38.796288:26.974554,pharmacy,Pharmacy,EDIKLI ECZANESİ,38.796288,26.974554,ALİAĞA,,KURTULUS MAH. FEVZIPASA CAD. NO:120/A ALIAGA-IZMIR,02326170998,,,2026-09-20T07:31:15.702Z,COMPLETE_FOR_MAPPABLE_ROWS,api,Tüm eczaneler,https://acikveri.bizizmir.com/dataset/nobetci-eczaneler-ve-eczane-listesi,CC BY 4.0,İzmir Büyükşehir Belediyesi Açık Veri Portalı
pharmacy:852:38.787039:26.976457,pharmacy,Pharmacy,BÜYÜK ECZANESİ,38.787039,26.976457,ALİAĞA,,YENI MAH.600 SOK.NO:2/A ALIAGA/IZMIR,02326160111,,,2026-09-20T07:31:15.702Z,COMPLETE_FOR_MAPPABLE_ROWS,api,Tüm eczaneler,https://acikveri.bizizmir.com/dataset/nobetci-eczaneler-ve-eczane-listesi,CC BY 4.0,İzmir Büyükşehir Belediyesi Açık Veri Portalı
pharmacy:853:38.803125:26.971302,pharmacy,Pharmacy,GÜLTEKIN ECZANESİ,38.803125,26.971302,ALİAĞA,,KÜLTÜR MAH. ATATÜRK CAD. NO:57/B ALIAGA-IZMIR,02326166725,,,2026-09-20T07:31:15.702Z,COMPLETE_FOR_MAPPABLE_ROWS,api,Tüm eczaneler,https://acikveri.bizizmir.com/dataset/nobetci-eczaneler-ve-eczane-listesi,CC BY 4.0,İzmir Büyükşehir Belediyesi Açık Veri Portalı
pharmacy:854:38.793653:26.971066,pharmacy,Pharmacy,İREM ECZANESİ,38.793653,26.971066,ALİAĞA,,ATATÜRK MAH. GÜNEŞ SOK. NO:6/B,02326162699,,,2026-09-20T07:31:15.702Z,COMPLETE_FOR_MAPPABLE_ROWS,api,Tüm eczaneler,https://acikveri.bizizmir.com/dataset/nobetci-eczaneler-ve-eczane-listesi,CC BY 4.0,İzmir Büyükşehir Belediyesi Açık Veri Portalı
pharmacy:855:38.800369:26.974818,pharmacy,Pharmacy,BİLGİN ECZANESİ,38.800369,26.974818,ALİAĞA,,KURTULUS MAH. FEVZIPASA CAD.NO:77/A ALIAGA/IZMIR,02326161312,,,2026-09-20T07:31:15.702Z,COMPLETE_FOR_MAPPABLE_ROWS,api,Tüm eczaneler,https://acikveri.bizizmir.com/dataset/nobetci-eczaneler-ve-eczane-listesi,CC BY 4.0,İzmir Büyükşehir Belediyesi Açık Veri Portalı
pharmacy:856:38.80748:26.96784,pharmacy,Pharmacy,MELTEM ECZANESİ,38.80748,26.96784,ALİAĞA,,KÜLTÜR MAH. ATATÜRK CAD. NO:66/B,02326171151,,,2026-09-20T07:31:15.702Z,COMPLETE_FOR_MAPPABLE_ROWS,api,Tüm eczaneler,https://acikveri.bizizmir.com/dataset/nobetci-eczaneler-ve-eczane-listesi,CC BY 4.0,İzmir Büyükşehir Belediyesi Açık Veri Portalı
pharmacy:857:38.79023:26.962517,pharmacy,Pharmacy,DENIZ ECZANESİ,38.79023,26.962517,ALİAĞA,,SİTELER MAHALLESİ ARİF BALAMİR CADDESİ NO:5/A E BLOK,02326163338,,,2026-09-20T07:31:15.702Z,COMPLETE_FOR_MAPPABLE_ROWS,api,Tüm eczaneler,https://acikveri.bizizmir.com/dataset/nobetci-eczaneler-ve-eczane-listesi,CC BY 4.0,İzmir Büyükşehir Belediyesi Açık Veri Portalı
pharmacy:858:38.221792:27.64947,pharmacy,Pharmacy,UMUT ECZANESİ,38.221792,27.64947,BAYINDIR,,MITHATPASA MAH.PARK GEu00c7IDI CAD.NO:16/C BAYINDIR,02325813782,,,2026-09-20T07:31:15.702Z,COMPLETE_FOR_MAPPABLE_ROWS,api,Tüm eczaneler,https://acikveri.bizizmir.com/dataset/nobetci-eczaneler-ve-eczane-listesi,CC BY 4.0,İzmir Büyükşehir Belediyesi Açık Veri Portalı
pharmacy:859:38.222295:27.649128,pharmacy,Pharmacy,HAYAT ECZANESİ,38.222295,27.649128,BAYINDIR,,MAHMUT SEVKET PASA CAD. NO:16,02325816362,,,2026-09-20T07:31:15.702Z,COMPLETE_FOR_MAPPABLE_ROWS,api,Tüm eczaneler,https://acikveri.bizizmir.com/dataset/nobetci-eczaneler-ve-eczane-listesi,CC BY 4.0,İzmir Büyükşehir Belediyesi Açık Veri Portalı
pharmacy:860:38.221267:27.649467,pharmacy,Pharmacy,ÇAPUK ECZANESİ,38.221267,27.649467,BAYINDIR,,HASTANE CAD.NO.20 BAYINDIR,02325813811,,,2026-09-20T07:31:15.702Z,COMPLETE_FOR_MAPPABLE_ROWS,api,Tüm eczaneler,https://acikveri.bizizmir.com/dataset/nobetci-eczaneler-ve-eczane-listesi,CC BY 4.0,İzmir Büyükşehir Belediyesi Açık Veri Portalı
pharmacy:861:38.221525:27.649199,pharmacy,Pharmacy,KARABENEK ECZANESİ,38.221525,27.649199,BAYINDIR,,MITHATPASA MAH.HASTANE CAD. NO:6 BAYINDIR,02325817045,,,2026-09-20T07:31:15.702Z,COMPLETE_FOR_MAPPABLE_ROWS,api,Tüm eczaneler,https://acikveri.bizizmir.com/dataset/nobetci-eczaneler-ve-eczane-listesi,CC BY 4.0,İzmir Büyükşehir Belediyesi Açık Veri Portalı
pharmacy:862:38.21452:27.648052,pharmacy,Pharmacy,BÜYÜK BAYINDIR ECZANESİ,38.21452,27.648052,BAYINDIR,,SADIKPASA MAH. ATATÜRK CAD. 104/A,02325817516,,,2026-09-20T07:31:15.702Z,COMPLETE_FOR_MAPPABLE_ROWS,api,Tüm eczaneler,https://acikveri.bizizmir.com/dataset/nobetci-eczaneler-ve-eczane-listesi,CC BY 4.0,İzmir Büyükşehir Belediyesi Açık Veri Portalı
pharmacy:863:38.256217:27.130722,pharmacy,Pharmacy,GÜVEN ECZANESİ,38.256217,27.130722,MENDERES,,KASIMPAŞA MH. ATATÜRK CD. NO:85/A-B,02327822254,,,2026-09-20T07:31:15.702Z,COMPLETE_FOR_MAPPABLE_ROWS,api,Tüm eczaneler,https://acikveri.bizizmir.com/dataset/nobetci-eczaneler-ve-eczane-listesi,CC BY 4.0,İzmir Büyükşehir Belediyesi Açık Veri Portalı
pharmacy:864:38.256825:27.130668,pharmacy,Pharmacy,ÖZGÜLER ECZANESİ,38.256825,27.130668,MENDERES,,KASIMPAŞA MH. ATATÜRK CAD. NO:91-93B,02327824041,,,2026-09-20T07:31:15.702Z,COMPLETE_FOR_MAPPABLE_ROWS,api,Tüm eczaneler,https://acikveri.bizizmir.com/dataset/nobetci-eczaneler-ve-eczane-listesi,CC BY 4.0,İzmir Büyükşehir Belediyesi Açık Veri Portalı
pharmacy:865:38.251786:27.133449,pharmacy,Pharmacy,YENI BALCI ECZANESİ,38.251786,27.133449,MENDERES,,KEMALPASA MAH.HÜKÜMET CD.NO:7,02327824093,,,2026-09-20T07:31:15.702Z,COMPLETE_FOR_MAPPABLE_ROWS,api,Tüm eczaneler,https://acikveri.bizizmir.com/dataset/nobetci-eczaneler-ve-eczane-listesi,CC BY 4.0,İzmir Büyükşehir Belediyesi Açık Veri Portalı
pharmacy:866:38.304801:26.364605,pharmacy,Pharmacy,CANAN ECZANESİ,38.304801,26.364605,ÇEŞME,,ILICA MH.5065 SK. NO:54/A,02327231481,,,2026-09-20T07:31:15.702Z,COMPLETE_FOR_MAPPABLE_ROWS,api,Tüm eczaneler,https://acikveri.bizizmir.com/dataset/nobetci-eczaneler-ve-eczane-listesi,CC BY 4.0,İzmir Büyükşehir Belediyesi Açık Veri Portalı
pharmacy:867:38.3052:26.3648,pharmacy,Pharmacy,FATIH ECZANESİ,38.3052,26.3648,ÇEŞME,,5065 SOK.NO:35/C ILICA- ÇESME,02327231888,,,2026-09-20T07:31:15.702Z,COMPLETE_FOR_MAPPABLE_ROWS,api,Tüm eczaneler,https://acikveri.bizizmir.com/dataset/nobetci-eczaneler-ve-eczane-listesi,CC BY 4.0,İzmir Büyükşehir Belediyesi Açık Veri Portalı
pharmacy:868:39.071:26.8881,pharmacy,Pharmacy,UMUT ECZANESİ,39.071,26.8881,DİKİLİ,,ISMET PASA MAH.S.SAMI AKBULUT CAD. NO: 44/A DIKILI/IZMIR,02326715357,,,2026-09-20T07:31:15.702Z,COMPLETE_FOR_MAPPABLE_ROWS,api,Tüm eczaneler,https://acikveri.bizizmir.com/dataset/nobetci-eczaneler-ve-eczane-listesi,CC BY 4.0,İzmir Büyükşehir Belediyesi Açık Veri Portalı
pharmacy:869:39.065722:26.892003,pharmacy,Pharmacy,CEREN ECZANESİ,39.065722,26.892003,DİKİLİ,,SALİMBEY MAH. 42/1 SOK. NO:1/A,02326718475,,,2026-09-20T07:31:15.702Z,COMPLETE_FOR_MAPPABLE_ROWS,api,Tüm eczaneler,https://acikveri.bizizmir.com/dataset/nobetci-eczaneler-ve-eczane-listesi,CC BY 4.0,İzmir Büyükşehir Belediyesi Açık Veri Portalı
pharmacy:870:38.4278125979436:27.4164837172961,pharmacy,Pharmacy,KEMALPAŞA,38.4278125979436,27.4164837172961,KEMALPAŞA,,MEHMET AKİF ERSOY MAH.ATATÜRK BULV NO: 9/D,8781061,,,2026-09-20T07:31:15.702Z,COMPLETE_FOR_MAPPABLE_ROWS,api,Tüm eczaneler,https://acikveri.bizizmir.com/dataset/nobetci-eczaneler-ve-eczane-listesi,CC BY 4.0,İzmir Büyükşehir Belediyesi Açık Veri Portalı
pharmacy:871:38.424729:27.427661,pharmacy,Pharmacy,KEMALPASA TUNA ECZANESİ,38.424729,27.427661,KEMALPAŞA,,MEHMET AKIF ERSOY MAH. ISMET INÖNÜ CAD. NO:81/B,02328782788,,,2026-09-20T07:31:15.702Z,COMPLETE_FOR_MAPPABLE_ROWS,api,Tüm eczaneler,https://acikveri.bizizmir.com/dataset/nobetci-eczaneler-ve-eczane-listesi,CC BY 4.0,İzmir Büyükşehir Belediyesi Açık Veri Portalı
pharmacy:872:38.435823:27.409075,pharmacy,Pharmacy,ONURTÜRK ECZANESİ,38.435823,27.409075,KEMALPAŞA,,SEKİZ EYLÜL MAH. 19 MAYIS CAD. NO:42/B,02328780019,,,2026-09-20T07:31:15.702Z,COMPLETE_FOR_MAPPABLE_ROWS,api,Tüm eczaneler,https://acikveri.bizizmir.com/dataset/nobetci-eczaneler-ve-eczane-listesi,CC BY 4.0,İzmir Büyükşehir Belediyesi Açık Veri Portalı
pharmacy:873:38.434352:27.409283,pharmacy,Pharmacy,KURUN ECZANESİ,38.434352,27.409283,KEMALPAŞA,,8 EYLÜL MH.110/1 SK. NO:46/A,02328783102,,,2026-09-20T07:31:15.702Z,COMPLETE_FOR_MAPPABLE_ROWS,api,Tüm eczaneler,https://acikveri.bizizmir.com/dataset/nobetci-eczaneler-ve-eczane-listesi,CC BY 4.0,İzmir Büyükşehir Belediyesi Açık Veri Portalı
pharmacy:874:38.422051:27.431774,pharmacy,Pharmacy,ÖZEN ECZANESİ,38.422051,27.431774,KEMALPAŞA,,SOĞUKPINAR MAH. 256 SOK. NO:12/A,02328781001,,,2026-09-20T07:31:15.702Z,COMPLETE_FOR_MAPPABLE_ROWS,api,Tüm eczaneler,https://acikveri.bizizmir.com/dataset/nobetci-eczaneler-ve-eczane-listesi,CC BY 4.0,İzmir Büyükşehir Belediyesi Açık Veri Portalı
pharmacy:875:38.436378:27.409167,pharmacy,Pharmacy,YENİ HASTANE YAZARLAR ECZANESİ,38.436378,27.409167,KEMALPAŞA,,SEKİZ EYLÜL MAH. 19 MAYIS CAD. NO:25/2A,02328789199,,,2026-09-20T07:31:15.702Z,COMPLETE_FOR_MAPPABLE_ROWS,api,Tüm eczaneler,https://acikveri.bizizmir.com/dataset/nobetci-eczaneler-ve-eczane-listesi,CC BY 4.0,İzmir Büyükşehir Belediyesi Açık Veri Portalı
pharmacy:876:38.230942:28.204461,pharmacy,Pharmacy,EKİN ECZANESİ,38.230942,28.204461,KİRAZ,,CUMHURİYET MAH. SABİT ARLI CAD. NO:12,02325723278,,,2026-09-20T07:31:15.702Z,COMPLETE_FOR_MAPPABLE_ROWS,api,Tüm eczaneler,https://acikveri.bizizmir.com/dataset/nobetci-eczaneler-ve-eczane-listesi,CC BY 4.0,İzmir Büyükşehir Belediyesi Açık Veri Portalı
pharmacy:877:38.231106:28.205247,pharmacy,Pharmacy,SIFA ECZANESİ,38.231106,28.205247,KİRAZ,,CUMHURİYET MAH. SABİT ARLI CAD. NO:24 KİRAZ,02325723086,,,2026-09-20T07:31:15.702Z,COMPLETE_FOR_MAPPABLE_ROWS,api,Tüm eczaneler,https://acikveri.bizizmir.com/dataset/nobetci-eczaneler-ve-eczane-listesi,CC BY 4.0,İzmir Büyükşehir Belediyesi Açık Veri Portalı
pharmacy:878:38.194088:26.838548,pharmacy,Pharmacy,ERTEM ECZANESİ,38.194088,26.838548,SEFERİHİSAR,,HIDIRLIK MH.İNÖNÜ CD. NO:1A,02327433311,,,2026-09-20T07:31:15.702Z,COMPLETE_FOR_MAPPABLE_ROWS,api,Tüm eczaneler,https://acikveri.bizizmir.com/dataset/nobetci-eczaneler-ve-eczane-listesi,CC BY 4.0,İzmir Büyükşehir Belediyesi Açık Veri Portalı
pharmacy:879:38.193996:26.83819,pharmacy,Pharmacy,BERKIM ECZANESİ,38.193996,26.83819,SEFERİHİSAR,,HIDIRLIK MH. İNÖNÜ CAD. NO:10,02327434460,,,2026-09-20T07:31:15.702Z,COMPLETE_FOR_MAPPABLE_ROWS,api,Tüm eczaneler,https://acikveri.bizizmir.com/dataset/nobetci-eczaneler-ve-eczane-listesi,CC BY 4.0,İzmir Büyükşehir Belediyesi Açık Veri Portalı
pharmacy:880:38.196006:26.84424,pharmacy,Pharmacy,MELİKE ECZANESİ,38.196006,26.84424,SEFERİHİSAR,,TURABİYE MAH. 52/4 SOK. NO:64/B,02327432520,,,2026-09-20T07:31:15.702Z,COMPLETE_FOR_MAPPABLE_ROWS,api,Tüm eczaneler,https://acikveri.bizizmir.com/dataset/nobetci-eczaneler-ve-eczane-listesi,CC BY 4.0,İzmir Büyükşehir Belediyesi Açık Veri Portalı
pharmacy:881:38.1931709427081:26.837855852897,pharmacy,Pharmacy,OZAN EMRE,38.1931709427081,26.837855852897,SEFERİHİSAR,,HIDIRLIK MH İNÖNÜ CD NO 20,7432407,,,2026-09-20T07:31:15.702Z,COMPLETE_FOR_MAPPABLE_ROWS,api,Tüm eczaneler,https://acikveri.bizizmir.com/dataset/nobetci-eczaneler-ve-eczane-listesi,CC BY 4.0,İzmir Büyükşehir Belediyesi Açık Veri Portalı
pharmacy:882:37.947883:27.370941,pharmacy,Pharmacy,BERAY ECZANESİ,37.947883,27.370941,SELÇUK,,ATATÜRK MAH. TAHSIN BASARAN CAD. 1005 SOKAK NO:2,02328926620,,,2026-09-20T07:31:15.702Z,COMPLETE_FOR_MAPPABLE_ROWS,api,Tüm eczaneler,https://acikveri.bizizmir.com/dataset/nobetci-eczaneler-ve-eczane-listesi,CC BY 4.0,İzmir Büyükşehir Belediyesi Açık Veri Portalı
pharmacy:883:37.949625:27.370951,pharmacy,Pharmacy,YUNUS EMRE ECZANESİ,37.949625,27.370951,SELÇUK,,ATATÜRK MAH. LIENZ SOKAK 15/A,02328923393,,,2026-09-20T07:31:15.702Z,COMPLETE_FOR_MAPPABLE_ROWS,api,Tüm eczaneler,https://acikveri.bizizmir.com/dataset/nobetci-eczaneler-ve-eczane-listesi,CC BY 4.0,İzmir Büyükşehir Belediyesi Açık Veri Portalı
pharmacy:884:37.943945:27.370194,pharmacy,Pharmacy,NAZAR ECZANESİ,37.943945,27.370194,SELÇUK,,ATATÜRK MAH. ESREF ARNA CAD. NO:24/A,02328921898,,,2026-09-20T07:31:15.702Z,COMPLETE_FOR_MAPPABLE_ROWS,api,Tüm eczaneler,https://acikveri.bizizmir.com/dataset/nobetci-eczaneler-ve-eczane-listesi,CC BY 4.0,İzmir Büyükşehir Belediyesi Açık Veri Portalı
pharmacy:885:37.950593:27.371117,pharmacy,Pharmacy,SELÇUK ECZANESİ,37.950593,27.371117,SELÇUK,,ATATÜRK MAH.CENGIZ TOPEL CD.14-A,02328926576,,,2026-09-20T07:31:15.702Z,COMPLETE_FOR_MAPPABLE_ROWS,api,Tüm eczaneler,https://acikveri.bizizmir.com/dataset/nobetci-eczaneler-ve-eczane-listesi,CC BY 4.0,İzmir Büyükşehir Belediyesi Açık Veri Portalı
pharmacy:886:37.950547:27.369526,pharmacy,Pharmacy,MELTEM ECZANESİ,37.950547,27.369526,SELÇUK,,ATATÜRK CAD.NO:6,02328927879,,,2026-09-20T07:31:15.702Z,COMPLETE_FOR_MAPPABLE_ROWS,api,Tüm eczaneler,https://acikveri.bizizmir.com/dataset/nobetci-eczaneler-ve-eczane-listesi,CC BY 4.0,İzmir Büyükşehir Belediyesi Açık Veri Portalı
pharmacy:887:37.949916:27.371211,pharmacy,Pharmacy,BASARAN ECZANESİ,37.949916,27.371211,SELÇUK,,ATATÜRK MAH. 1006 SOKAK NO:5/A,02328922076,,,2026-09-20T07:31:15.702Z,COMPLETE_FOR_MAPPABLE_ROWS,api,Tüm eczaneler,https://acikveri.bizizmir.com/dataset/nobetci-eczaneler-ve-eczane-listesi,CC BY 4.0,İzmir Büyükşehir Belediyesi Açık Veri Portalı
pharmacy:888:37.945025:27.369343,pharmacy,Pharmacy,KIYMET ECZANESİ,37.945025,27.369343,SELÇUK,,ATATÜRK MAH. KUBİLAY CAD. NO:11/B,02328922245,,,2026-09-20T07:31:15.702Z,COMPLETE_FOR_MAPPABLE_ROWS,api,Tüm eczaneler,https://acikveri.bizizmir.com/dataset/nobetci-eczaneler-ve-eczane-listesi,CC BY 4.0,İzmir Büyükşehir Belediyesi Açık Veri Portalı
pharmacy:889:37.9451:27.3712,pharmacy,Pharmacy,SAGLIK ECZANESİ,37.9451,27.3712,SELÇUK,,ATATÜRK MAH. 1027 NO:2/C,2328926928,,,2026-09-20T07:31:15.702Z,COMPLETE_FOR_MAPPABLE_ROWS,api,Tüm eczaneler,https://acikveri.bizizmir.com/dataset/nobetci-eczaneler-ve-eczane-listesi,CC BY 4.0,İzmir Büyükşehir Belediyesi Açık Veri Portalı
pharmacy:890:37.957433:27.373214,pharmacy,Pharmacy,YENI NERGIZ ECZANESİ,37.957433,27.373214,SELÇUK,,ZAFER MAH.3034 SOK.NO:2/10,02328927323,,,2026-09-20T07:31:15.702Z,COMPLETE_FOR_MAPPABLE_ROWS,api,Tüm eczaneler,https://acikveri.bizizmir.com/dataset/nobetci-eczaneler-ve-eczane-listesi,CC BY 4.0,İzmir Büyükşehir Belediyesi Açık Veri Portalı
pharmacy:891:37.949381:27.370911,pharmacy,Pharmacy,BAHAR ECZANESİ,37.949381,27.370911,SELÇUK,,ATATÜRK MAH. KIZILAY CAD. NO:20/A,02328920627,,,2026-09-20T07:31:15.702Z,COMPLETE_FOR_MAPPABLE_ROWS,api,Tüm eczaneler,https://acikveri.bizizmir.com/dataset/nobetci-eczaneler-ve-eczane-listesi,CC BY 4.0,İzmir Büyükşehir Belediyesi Açık Veri Portalı
pharmacy:892:38.239275:27.281397,pharmacy,Pharmacy,AYRANCILAR ECZANESİ,38.239275,27.281397,AYRANCILAR,,FEVZİ ÇAKMAK MAH. BARIŞ MANÇO CAD. NO:18/E,02328547112,,,2026-09-20T07:31:15.702Z,COMPLETE_FOR_MAPPABLE_ROWS,api,Tüm eczaneler,https://acikveri.bizizmir.com/dataset/nobetci-eczaneler-ve-eczane-listesi,CC BY 4.0,İzmir Büyükşehir Belediyesi Açık Veri Portalı
pharmacy:893:38.24409:27.276284,pharmacy,Pharmacy,YEŞİLKENT ECZANESİ,38.24409,27.276284,AYRANCILAR,,AYRANCILAR MAH.80/2 SOK. NO:2,02328540097,,,2026-09-20T07:31:15.702Z,COMPLETE_FOR_MAPPABLE_ROWS,api,Tüm eczaneler,https://acikveri.bizizmir.com/dataset/nobetci-eczaneler-ve-eczane-listesi,CC BY 4.0,İzmir Büyükşehir Belediyesi Açık Veri Portalı
pharmacy:894:38.32222:26.765769,pharmacy,Pharmacy,TUNA ECZANESİ,38.32222,26.765769,URLA,,YENIMAHALLE ZAFER CAD. 36,02327541047,,,2026-09-20T07:31:15.702Z,COMPLETE_FOR_MAPPABLE_ROWS,api,Tüm eczaneler,https://acikveri.bizizmir.com/dataset/nobetci-eczaneler-ve-eczane-listesi,CC BY 4.0,İzmir Büyükşehir Belediyesi Açık Veri Portalı
pharmacy:895:38.322219:26.765711,pharmacy,Pharmacy,GÜNEŞ ECZANESİ,38.322219,26.765711,URLA,,YENİ MAHALLE MAH. ZAFER CAD. NO:38,02327541648,,,2026-09-20T07:31:15.702Z,COMPLETE_FOR_MAPPABLE_ROWS,api,Tüm eczaneler,https://acikveri.bizizmir.com/dataset/nobetci-eczaneler-ve-eczane-listesi,CC BY 4.0,İzmir Büyükşehir Belediyesi Açık Veri Portalı
pharmacy:896:38.329251:26.746486,pharmacy,Pharmacy,İNCİR ECZANESİ,38.329251,26.746486,URLA,,TORASAN MH. 623 SK. NO:8/A,02327544592,,,2026-09-20T07:31:15.702Z,COMPLETE_FOR_MAPPABLE_ROWS,api,Tüm eczaneler,https://acikveri.bizizmir.com/dataset/nobetci-eczaneler-ve-eczane-listesi,CC BY 4.0,İzmir Büyükşehir Belediyesi Açık Veri Portalı
pharmacy:897:38.335487:26.770597,pharmacy,Pharmacy,URLA NATUREL ECZANESİ,38.335487,26.770597,URLA,,YENİKENT MAH. SAMANYOLU SOK. NO:6/6 (BAMBOO İŞ MERKEZİ),02327542939,,,2026-09-20T07:31:15.702Z,COMPLETE_FOR_MAPPABLE_ROWS,api,Tüm eczaneler,https://acikveri.bizizmir.com/dataset/nobetci-eczaneler-ve-eczane-listesi,CC BY 4.0,İzmir Büyükşehir Belediyesi Açık Veri Portalı
pharmacy:898:38.324943:26.76709,pharmacy,Pharmacy,DOGA ECZANESİ,38.324943,26.76709,URLA,,HACI İSA MH. BÜLENT BARATALI BLV. NO:48/E,02327545499,,,2026-09-20T07:31:15.702Z,COMPLETE_FOR_MAPPABLE_ROWS,api,Tüm eczaneler,https://acikveri.bizizmir.com/dataset/nobetci-eczaneler-ve-eczane-listesi,CC BY 4.0,İzmir Büyükşehir Belediyesi Açık Veri Portalı
pharmacy:899:38.323821:26.768333,pharmacy,Pharmacy,EGE DENİZ ECZANESİ,38.323821,26.768333,URLA,,YELALTI MAH.75.YIL CUMHURIYET CAD.NO:24,02327545266,,,2026-09-20T07:31:15.702Z,COMPLETE_FOR_MAPPABLE_ROWS,api,Tüm eczaneler,https://acikveri.bizizmir.com/dataset/nobetci-eczaneler-ve-eczane-listesi,CC BY 4.0,İzmir Büyükşehir Belediyesi Açık Veri Portalı
pharmacy:900:38.606976:27.087311,pharmacy,Pharmacy,ACUN ECZANESİ,38.606976,27.087311,MENEMEN,,UGUR MUMCU MAH.1249 SOKAK NO:9/B MENEMEN,02328328333,,,2026-09-20T07:31:15.702Z,COMPLETE_FOR_MAPPABLE_ROWS,api,Tüm eczaneler,https://acikveri.bizizmir.com/dataset/nobetci-eczaneler-ve-eczane-listesi,CC BY 4.0,İzmir Büyükşehir Belediyesi Açık Veri Portalı
pharmacy:901:38.605321:27.074233,pharmacy,Pharmacy,ALTINBILEK ECZANESİ,38.605321,27.074233,MENEMEN,,ESATPASA MAH. ATATÜRK CAD. NO:100/B,02328320220,,,2026-09-20T07:31:15.702Z,COMPLETE_FOR_MAPPABLE_ROWS,api,Tüm eczaneler,https://acikveri.bizizmir.com/dataset/nobetci-eczaneler-ve-eczane-listesi,CC BY 4.0,İzmir Büyükşehir Belediyesi Açık Veri Portalı
pharmacy:902:38.6089:27.0712,pharmacy,Pharmacy,INCI ECZANESİ,38.6089,27.0712,MENEMEN,,ATATÜRK CD. RAGIP DERE SK. NO:16,02328322481,,,2026-09-20T07:31:15.702Z,COMPLETE_FOR_MAPPABLE_ROWS,api,Tüm eczaneler,https://acikveri.bizizmir.com/dataset/nobetci-eczaneler-ve-eczane-listesi,CC BY 4.0,İzmir Büyükşehir Belediyesi Açık Veri Portalı
pharmacy:903:38.609168:27.071199,pharmacy,Pharmacy,MENEMEN ECZANESİ,38.609168,27.071199,MENEMEN,,KASIMPAŞA MAH. ATATÜRK CAD. NO:14,02328323763,,,2026-09-20T07:31:15.702Z,COMPLETE_FOR_MAPPABLE_ROWS,api,Tüm eczaneler,https://acikveri.bizizmir.com/dataset/nobetci-eczaneler-ve-eczane-listesi,CC BY 4.0,İzmir Büyükşehir Belediyesi Açık Veri Portalı
pharmacy:904:38.606364:27.078999,pharmacy,Pharmacy,BIZIM ECZANESİ,38.606364,27.078999,MENEMEN,,KASIMPASA MAH. 1028/2 SOKAK C BLOK NO:1/A MENEMEN/IZMIR,02328310818,,,2026-09-20T07:31:15.702Z,COMPLETE_FOR_MAPPABLE_ROWS,api,Tüm eczaneler,https://acikveri.bizizmir.com/dataset/nobetci-eczaneler-ve-eczane-listesi,CC BY 4.0,İzmir Büyükşehir Belediyesi Açık Veri Portalı
pharmacy:905:38.605908:27.078948,pharmacy,Pharmacy,DERMANCI ECZANESİ,38.605908,27.078948,MENEMEN,,KASIMPASA MAH. 1028/2 SOKAK,02328322404,,,2026-09-20T07:31:15.702Z,COMPLETE_FOR_MAPPABLE_ROWS,api,Tüm eczaneler,https://acikveri.bizizmir.com/dataset/nobetci-eczaneler-ve-eczane-listesi,CC BY 4.0,İzmir Büyükşehir Belediyesi Açık Veri Portalı
pharmacy:906:38.606436:27.079001,pharmacy,Pharmacy,MERT ECZANESİ,38.606436,27.079001,MENEMEN,,KASIMPASA MAH. 1028/2 SOK,02328315626,,,2026-09-20T07:31:15.702Z,COMPLETE_FOR_MAPPABLE_ROWS,api,Tüm eczaneler,https://acikveri.bizizmir.com/dataset/nobetci-eczaneler-ve-eczane-listesi,CC BY 4.0,İzmir Büyükşehir Belediyesi Açık Veri Portalı
pharmacy:907:39.117903:27.198977,pharmacy,Pharmacy,BURÇİN ECZANESİ,39.117903,27.198977,BERGAMA,,İSLAMSARAY MH. 930 SOK. NO:3/A,02328312923,,,2026-09-20T07:31:15.702Z,COMPLETE_FOR_MAPPABLE_ROWS,api,Tüm eczaneler,https://acikveri.bizizmir.com/dataset/nobetci-eczaneler-ve-eczane-listesi,CC BY 4.0,İzmir Büyükşehir Belediyesi Açık Veri Portalı
pharmacy:908:38.606706:27.087128,pharmacy,Pharmacy,MENEMEN DİLEK ECZANESİ,38.606706,27.087128,MENEMEN,,UGUR MUMCU MAH. 1249 SOK. NO:6,02328326962,,,2026-09-20T07:31:15.702Z,COMPLETE_FOR_MAPPABLE_ROWS,api,Tüm eczaneler,https://acikveri.bizizmir.com/dataset/nobetci-eczaneler-ve-eczane-listesi,CC BY 4.0,İzmir Büyükşehir Belediyesi Açık Veri Portalı
pharmacy:909:38.606966:27.087284,pharmacy,Pharmacy,POYRAZ ECZANESİ,38.606966,27.087284,MENEMEN,,UGUR MUMCU MH.1249 SK.NO.9/A,02328324505,,,2026-09-20T07:31:15.702Z,COMPLETE_FOR_MAPPABLE_ROWS,api,Tüm eczaneler,https://acikveri.bizizmir.com/dataset/nobetci-eczaneler-ve-eczane-listesi,CC BY 4.0,İzmir Büyükşehir Belediyesi Açık Veri Portalı
pharmacy:910:38.6068:27.0875,pharmacy,Pharmacy,SAĞLIK ECZANESİ,38.6068,27.0875,MENEMEN,,UGUR MUMCU MAH. 1249 SOK. NO:9/D,02328321816,,,2026-09-20T07:31:15.702Z,COMPLETE_FOR_MAPPABLE_ROWS,api,Tüm eczaneler,https://acikveri.bizizmir.com/dataset/nobetci-eczaneler-ve-eczane-listesi,CC BY 4.0,İzmir Büyükşehir Belediyesi Açık Veri Portalı
pharmacy:911:38.606529:27.08767,pharmacy,Pharmacy,SEDEF ECZANESİ,38.606529,27.08767,MENEMEN,,UĞUR MUMCU MAH. 1347 SOK. NO:12/C,02328326168,,,2026-09-20T07:31:15.702Z,COMPLETE_FOR_MAPPABLE_ROWS,api,Tüm eczaneler,https://acikveri.bizizmir.com/dataset/nobetci-eczaneler-ve-eczane-listesi,CC BY 4.0,İzmir Büyükşehir Belediyesi Açık Veri Portalı
pharmacy:912:38.6103:27.0715,pharmacy,Pharmacy,LALE ECZANESİ,38.6103,27.0715,MENEMEN,,MERMERLI MAH.CENGIZ TOPEL CAD. NO:31/D MENEMEN,02328322038,,,2026-09-20T07:31:15.702Z,COMPLETE_FOR_MAPPABLE_ROWS,api,Tüm eczaneler,https://acikveri.bizizmir.com/dataset/nobetci-eczaneler-ve-eczane-listesi,CC BY 4.0,İzmir Büyükşehir Belediyesi Açık Veri Portalı
pharmacy:913:38.609202:27.069323,pharmacy,Pharmacy,DEMİREL ECZANESİ,38.609202,27.069323,MENEMEN,,MERMERLİ MAH. ERTUĞRUL CAD. NO:13/A,02328321095,,,2026-09-20T07:31:15.702Z,COMPLETE_FOR_MAPPABLE_ROWS,api,Tüm eczaneler,https://acikveri.bizizmir.com/dataset/nobetci-eczaneler-ve-eczane-listesi,CC BY 4.0,İzmir Büyükşehir Belediyesi Açık Veri Portalı
pharmacy:914:38.610163:27.069524,pharmacy,Pharmacy,TARHAN ECZANESİ,38.610163,27.069524,MENEMEN,,Ş.AYŞAN AKSOY CD. NO:6/A,02328323074,,,2026-09-20T07:31:15.702Z,COMPLETE_FOR_MAPPABLE_ROWS,api,Tüm eczaneler,https://acikveri.bizizmir.com/dataset/nobetci-eczaneler-ve-eczane-listesi,CC BY 4.0,İzmir Büyükşehir Belediyesi Açık Veri Portalı
pharmacy:915:38.597408:27.079659,pharmacy,Pharmacy,POLAT ECZANESİ,38.597408,27.079659,MENEMEN,,İSMET İNÖNÜ MAH. 1271/1 SOK. NO:2/1A,02325073507,,,2026-09-20T07:31:15.702Z,COMPLETE_FOR_MAPPABLE_ROWS,api,Tüm eczaneler,https://acikveri.bizizmir.com/dataset/nobetci-eczaneler-ve-eczane-listesi,CC BY 4.0,İzmir Büyükşehir Belediyesi Açık Veri Portalı
pharmacy:916:38.087797:27.732666,pharmacy,Pharmacy,DÖRT EYLÜL ECZANESİ,38.087797,27.732666,TİRE,,YENI MAH.ENSTITÜ CAD.NO:16/A,02325115292,,,2026-09-20T07:31:15.702Z,COMPLETE_FOR_MAPPABLE_ROWS,api,Tüm eczaneler,https://acikveri.bizizmir.com/dataset/nobetci-eczaneler-ve-eczane-listesi,CC BY 4.0,İzmir Büyükşehir Belediyesi Açık Veri Portalı
pharmacy:917:38.0896:27.7323,pharmacy,Pharmacy,GÖKOGLU ECZANESİ,38.0896,27.7323,TİRE,,CUMHURIYET MH.AYDINOGLU CD.NO.26,02325121910,,,2026-09-20T07:31:15.702Z,COMPLETE_FOR_MAPPABLE_ROWS,api,Tüm eczaneler,https://acikveri.bizizmir.com/dataset/nobetci-eczaneler-ve-eczane-listesi,CC BY 4.0,İzmir Büyükşehir Belediyesi Açık Veri Portalı
pharmacy:918:38.0862:27.7333,pharmacy,Pharmacy,ILGI ECZANESİ,38.0862,27.7333,TİRE,,CUMHURIYET MAH. AYDINOGLU CD. 38,02325110230,,,2026-09-20T07:31:15.702Z,COMPLETE_FOR_MAPPABLE_ROWS,api,Tüm eczaneler,https://acikveri.bizizmir.com/dataset/nobetci-eczaneler-ve-eczane-listesi,CC BY 4.0,İzmir Büyükşehir Belediyesi Açık Veri Portalı
pharmacy:919:38.0978044014612:27.7293783589307,pharmacy,Pharmacy,KARAOĞLAN,38.0978044014612,27.7293783589307,TİRE,,HÜRRİYET MH. ORHAN AKSAY CD. NO:19/B,5110530,,,2026-09-20T07:31:15.702Z,COMPLETE_FOR_MAPPABLE_ROWS,api,Tüm eczaneler,https://acikveri.bizizmir.com/dataset/nobetci-eczaneler-ve-eczane-listesi,CC BY 4.0,İzmir Büyükşehir Belediyesi Açık Veri Portalı
pharmacy:920:38.099975:27.720335,pharmacy,Pharmacy,GÜNER ECZANESİ,38.099975,27.720335,TİRE,,ATATÜRK MH.ISTASYON CAD.86/1B BLOK NO:1,02325112598,,,2026-09-20T07:31:15.702Z,COMPLETE_FOR_MAPPABLE_ROWS,api,Tüm eczaneler,https://acikveri.bizizmir.com/dataset/nobetci-eczaneler-ve-eczane-listesi,CC BY 4.0,İzmir Büyükşehir Belediyesi Açık Veri Portalı
pharmacy:921:38.0882645787774:27.7371215627994,pharmacy,Pharmacy,OKUROĞLU,38.0882645787774,27.7371215627994,TİRE,,KURTULUŞ MH GÜMÜŞPALA CD NO 94/A,5121345,,,2026-09-20T07:31:15.702Z,COMPLETE_FOR_MAPPABLE_ROWS,api,Tüm eczaneler,https://acikveri.bizizmir.com/dataset/nobetci-eczaneler-ve-eczane-listesi,CC BY 4.0,İzmir Büyükşehir Belediyesi Açık Veri Portalı
pharmacy:923:38.089501:27.739494,pharmacy,Pharmacy,EGE ÖMÜR ECZANESİ,38.089501,27.739494,TİRE,,İPEKÇİLER MAH. ADLİYE MEYDANI NO:2/F,02325110109,,,2026-09-20T07:31:15.702Z,COMPLETE_FOR_MAPPABLE_ROWS,api,Tüm eczaneler,https://acikveri.bizizmir.com/dataset/nobetci-eczaneler-ve-eczane-listesi,CC BY 4.0,İzmir Büyükşehir Belediyesi Açık Veri Portalı
pharmacy:924:38.0891:27.7394,pharmacy,Pharmacy,BIZIM ECZANESİ,38.0891,27.7394,TİRE,,ATATÜRK MH.TOPLU KONUT SİTESİ İÇİ,02325110044,,,2026-09-20T07:31:15.702Z,COMPLETE_FOR_MAPPABLE_ROWS,api,Tüm eczaneler,https://acikveri.bizizmir.com/dataset/nobetci-eczaneler-ve-eczane-listesi,CC BY 4.0,İzmir Büyükşehir Belediyesi Açık Veri Portalı
pharmacy:925:38.091391:27.721276,pharmacy,Pharmacy,ŞİFA ECZANESİ,38.091391,27.721276,TİRE,,FATİH MAH. FAHRETTİN ALTAY CAD. NO:64/B,02325121297,,,2026-09-20T07:31:15.702Z,COMPLETE_FOR_MAPPABLE_ROWS,api,Tüm eczaneler,https://acikveri.bizizmir.com/dataset/nobetci-eczaneler-ve-eczane-listesi,CC BY 4.0,İzmir Büyükşehir Belediyesi Açık Veri Portalı
pharmacy:926:38.100011:27.720363,pharmacy,Pharmacy,TANSU ECZANESİ,38.100011,27.720363,TİRE,,ATATÜRK MAH. ISTASYON CAD. NO:86/1 G,02325112525,,,2026-09-20T07:31:15.702Z,COMPLETE_FOR_MAPPABLE_ROWS,api,Tüm eczaneler,https://acikveri.bizizmir.com/dataset/nobetci-eczaneler-ve-eczane-listesi,CC BY 4.0,İzmir Büyükşehir Belediyesi Açık Veri Portalı
pharmacy:927:38.087502:27.735622,pharmacy,Pharmacy,DEVA ECZANESİ,38.087502,27.735622,TİRE,,KURTULUS MAH.TÜRKOCAGI CAD. NO:1/A TIRE/IZMIR,02325123595,,,2026-09-20T07:31:15.702Z,COMPLETE_FOR_MAPPABLE_ROWS,api,Tüm eczaneler,https://acikveri.bizizmir.com/dataset/nobetci-eczaneler-ve-eczane-listesi,CC BY 4.0,İzmir Büyükşehir Belediyesi Açık Veri Portalı
pharmacy:928:38.09981:27.72021,pharmacy,Pharmacy,BARIS ECZANESİ,38.09981,27.72021,TİRE,,ATATÜRK MAH.ISTASYON CAD.86/1-A BLOK NO:2,02325110878,,,2026-09-20T07:31:15.702Z,COMPLETE_FOR_MAPPABLE_ROWS,api,Tüm eczaneler,https://acikveri.bizizmir.com/dataset/nobetci-eczaneler-ve-eczane-listesi,CC BY 4.0,İzmir Büyükşehir Belediyesi Açık Veri Portalı
pharmacy:929:38.088807:27.739181,pharmacy,Pharmacy,SÖNMEZ ECZANESİ,38.088807,27.739181,TİRE,,BALCI CAD. 41,02325124295,,,2026-09-20T07:31:15.702Z,COMPLETE_FOR_MAPPABLE_ROWS,api,Tüm eczaneler,https://acikveri.bizizmir.com/dataset/nobetci-eczaneler-ve-eczane-listesi,CC BY 4.0,İzmir Büyükşehir Belediyesi Açık Veri Portalı
pharmacy:930:38.087384:27.725885,pharmacy,Pharmacy,KIVRAK ECZANESİ,38.087384,27.725885,TİRE,,4 EYLÜL MAH. YUNUS EMRE CAD. NO:31/A,02325115909,,,2026-09-20T07:31:15.702Z,COMPLETE_FOR_MAPPABLE_ROWS,api,Tüm eczaneler,https://acikveri.bizizmir.com/dataset/nobetci-eczaneler-ve-eczane-listesi,CC BY 4.0,İzmir Büyükşehir Belediyesi Açık Veri Portalı
pharmacy:931:38.099852:27.720238,pharmacy,Pharmacy,KESELİ ECZANESİ,38.099852,27.720238,TİRE,,ATATÜRK MAH. ISTASYON CAD. NO:86/1 A BLOK NO.3 TIRE,02325115841,,,2026-09-20T07:31:15.702Z,COMPLETE_FOR_MAPPABLE_ROWS,api,Tüm eczaneler,https://acikveri.bizizmir.com/dataset/nobetci-eczaneler-ve-eczane-listesi,CC BY 4.0,İzmir Büyükşehir Belediyesi Açık Veri Portalı
pharmacy:932:38.096948:27.728202,pharmacy,Pharmacy,İDİL ECZANESİ,38.096948,27.728202,TİRE,,YENI MAH.GÜVEN CAD.42/A-B BLOK NO:5,02325001600,,,2026-09-20T07:31:15.702Z,COMPLETE_FOR_MAPPABLE_ROWS,api,Tüm eczaneler,https://acikveri.bizizmir.com/dataset/nobetci-eczaneler-ve-eczane-listesi,CC BY 4.0,İzmir Büyükşehir Belediyesi Açık Veri Portalı
pharmacy:933:38.091708:27.720766,pharmacy,Pharmacy,GÜLSEVER ECZANESİ,38.091708,27.720766,TİRE,,FATİH MH. CAN EGELİ SK. NO:14/A Z-7,02325129811,,,2026-09-20T07:31:15.702Z,COMPLETE_FOR_MAPPABLE_ROWS,api,Tüm eczaneler,https://acikveri.bizizmir.com/dataset/nobetci-eczaneler-ve-eczane-listesi,CC BY 4.0,İzmir Büyükşehir Belediyesi Açık Veri Portalı
pharmacy:934:38.2273713282055:27.9678621263567,pharmacy,Pharmacy,DERMAN,38.2273713282055,27.9678621263567,ÖDEMİŞ,,ORDU CD NO 1/C,5452127,,,2026-09-20T07:31:15.702Z,COMPLETE_FOR_MAPPABLE_ROWS,api,Tüm eczaneler,https://acikveri.bizizmir.com/dataset/nobetci-eczaneler-ve-eczane-listesi,CC BY 4.0,İzmir Büyükşehir Belediyesi Açık Veri Portalı
pharmacy:935:38.229338:27.972337,pharmacy,Pharmacy,HALK ECZANESİ,38.229338,27.972337,ÖDEMİŞ,,AKINCILAR MAH. HÜRRİYET CAD. NO:32/B,02325451521,,,2026-09-20T07:31:15.702Z,COMPLETE_FOR_MAPPABLE_ROWS,api,Tüm eczaneler,https://acikveri.bizizmir.com/dataset/nobetci-eczaneler-ve-eczane-listesi,CC BY 4.0,İzmir Büyükşehir Belediyesi Açık Veri Portalı
pharmacy:936:38.231881:27.987494,pharmacy,Pharmacy,UYSAL ECZANESİ,38.231881,27.987494,ÖDEMİŞ,,ZAFER MH. ORTAÇ SK. NO:13/D,02329993677,,,2026-09-20T07:31:15.702Z,COMPLETE_FOR_MAPPABLE_ROWS,api,Tüm eczaneler,https://acikveri.bizizmir.com/dataset/nobetci-eczaneler-ve-eczane-listesi,CC BY 4.0,İzmir Büyükşehir Belediyesi Açık Veri Portalı
pharmacy:937:38.229303:27.972543,pharmacy,Pharmacy,ÇAKAR ECZANESİ,38.229303,27.972543,ÖDEMİŞ,,AKINCILAR MAH.HÜRRIYET CD.NO:28/1-D,02325444792,,,2026-09-20T07:31:15.702Z,COMPLETE_FOR_MAPPABLE_ROWS,api,Tüm eczaneler,https://acikveri.bizizmir.com/dataset/nobetci-eczaneler-ve-eczane-listesi,CC BY 4.0,İzmir Büyükşehir Belediyesi Açık Veri Portalı
pharmacy:938:38.228139:27.979648,pharmacy,Pharmacy,VATAN ECZANESİ,38.228139,27.979648,ÖDEMİŞ,,ATATÜRK MH. ATATÜRK CD.NO:43/A,02325443039,,,2026-09-20T07:31:15.702Z,COMPLETE_FOR_MAPPABLE_ROWS,api,Tüm eczaneler,https://acikveri.bizizmir.com/dataset/nobetci-eczaneler-ve-eczane-listesi,CC BY 4.0,İzmir Büyükşehir Belediyesi Açık Veri Portalı
pharmacy:939:38.227953:27.978717,pharmacy,Pharmacy,GARAJ ECZANESİ,38.227953,27.978717,ÖDEMİŞ,,CUMHURIYET MAH. ATATÜRK CD. 20/21,02325442657,,,2026-09-20T07:31:15.702Z,COMPLETE_FOR_MAPPABLE_ROWS,api,Tüm eczaneler,https://acikveri.bizizmir.com/dataset/nobetci-eczaneler-ve-eczane-listesi,CC BY 4.0,İzmir Büyükşehir Belediyesi Açık Veri Portalı
pharmacy:940:38.2281:27.9797,pharmacy,Pharmacy,UMUT ECZANESİ,38.2281,27.9797,ÖDEMİŞ,,ATATÜRK MH.ATATÜRK CD.91/B,02325453010,,,2026-09-20T07:31:15.702Z,COMPLETE_FOR_MAPPABLE_ROWS,api,Tüm eczaneler,https://acikveri.bizizmir.com/dataset/nobetci-eczaneler-ve-eczane-listesi,CC BY 4.0,İzmir Büyükşehir Belediyesi Açık Veri Portalı
pharmacy:941:38.231885:27.987457,pharmacy,Pharmacy,SOYUER ECZANESİ,38.231885,27.987457,ÖDEMİŞ,,ZAFER MAH. ORTAÇ SOK. NO:13/C,02325448686,,,2026-09-20T07:31:15.702Z,COMPLETE_FOR_MAPPABLE_ROWS,api,Tüm eczaneler,https://acikveri.bizizmir.com/dataset/nobetci-eczaneler-ve-eczane-listesi,CC BY 4.0,İzmir Büyükşehir Belediyesi Açık Veri Portalı
pharmacy:942:38.2279:27.9718,pharmacy,Pharmacy,KENT ECZANESİ,38.2279,27.9718,ÖDEMİŞ,,UMUR BEY MH.MITHATPASA CD.69/C,02325451209,,,2026-09-20T07:31:15.702Z,COMPLETE_FOR_MAPPABLE_ROWS,api,Tüm eczaneler,https://acikveri.bizizmir.com/dataset/nobetci-eczaneler-ve-eczane-listesi,CC BY 4.0,İzmir Büyükşehir Belediyesi Açık Veri Portalı
pharmacy:943:38.2281:27.9738,pharmacy,Pharmacy,IRFAN ECZANESİ,38.2281,27.9738,ÖDEMİŞ,,UMURBEY MAH. MITHATPASA CAD. 19/A,02325446314,,,2026-09-20T07:31:15.702Z,COMPLETE_FOR_MAPPABLE_ROWS,api,Tüm eczaneler,https://acikveri.bizizmir.com/dataset/nobetci-eczaneler-ve-eczane-listesi,CC BY 4.0,İzmir Büyükşehir Belediyesi Açık Veri Portalı
pharmacy:944:38.227458:27.968728,pharmacy,Pharmacy,EVIN ECZANESİ,38.227458,27.968728,ÖDEMİŞ,,EMMİOĞLU MH.HÜRRIYET MEYD.35,02325431522,,,2026-09-20T07:31:15.702Z,COMPLETE_FOR_MAPPABLE_ROWS,api,Tüm eczaneler,https://acikveri.bizizmir.com/dataset/nobetci-eczaneler-ve-eczane-listesi,CC BY 4.0,İzmir Büyükşehir Belediyesi Açık Veri Portalı
pharmacy:945:38.2292:27.9732,pharmacy,Pharmacy,BAYEZIT ECZANESİ,38.2292,27.9732,ÖDEMİŞ,,HÜRRIYET CAD.NO:16/D,02325449666,,,2026-09-20T07:31:15.702Z,COMPLETE_FOR_MAPPABLE_ROWS,api,Tüm eczaneler,https://acikveri.bizizmir.com/dataset/nobetci-eczaneler-ve-eczane-listesi,CC BY 4.0,İzmir Büyükşehir Belediyesi Açık Veri Portalı
pharmacy:946:38.232932:27.964891,pharmacy,Pharmacy,ÖMÜR ECZANESİ,38.232932,27.964891,ÖDEMİŞ,,MİMAR SİNAN MAH. GEDİZ CAD. NO:34/A,02325432442,,,2026-09-20T07:31:15.702Z,COMPLETE_FOR_MAPPABLE_ROWS,api,Tüm eczaneler,https://acikveri.bizizmir.com/dataset/nobetci-eczaneler-ve-eczane-listesi,CC BY 4.0,İzmir Büyükşehir Belediyesi Açık Veri Portalı
pharmacy:947:38.2334:27.9767,pharmacy,Pharmacy,SARAÇOGLU ECZANESİ,38.2334,27.9767,ÖDEMİŞ,,ATATÜRK MAH.SARAÇOGLU CD.74/A,02325441381,,,2026-09-20T07:31:15.702Z,COMPLETE_FOR_MAPPABLE_ROWS,api,Tüm eczaneler,https://acikveri.bizizmir.com/dataset/nobetci-eczaneler-ve-eczane-listesi,CC BY 4.0,İzmir Büyükşehir Belediyesi Açık Veri Portalı
pharmacy:948:38.229785:27.975483,pharmacy,Pharmacy,BALCI ECZANESİ,38.229785,27.975483,ÖDEMİŞ,,ATATÜRK MH.SARAÇOGLU CD.12,02325445577,,,2026-09-20T07:31:15.702Z,COMPLETE_FOR_MAPPABLE_ROWS,api,Tüm eczaneler,https://acikveri.bizizmir.com/dataset/nobetci-eczaneler-ve-eczane-listesi,CC BY 4.0,İzmir Büyükşehir Belediyesi Açık Veri Portalı
pharmacy:949:38.232828:27.976184,pharmacy,Pharmacy,SELİN ECZANESİ,38.232828,27.976184,ÖDEMİŞ,,INÖNÜ MH.SARAÇOGLU CD.63/A,02325448853,,,2026-09-20T07:31:15.702Z,COMPLETE_FOR_MAPPABLE_ROWS,api,Tüm eczaneler,https://acikveri.bizizmir.com/dataset/nobetci-eczaneler-ve-eczane-listesi,CC BY 4.0,İzmir Büyükşehir Belediyesi Açık Veri Portalı
pharmacy:950:38.234206:27.976952,pharmacy,Pharmacy,DENİZ ECZANESİ,38.234206,27.976952,ÖDEMİŞ,,İNÖNÜ MAH. SARAÇOĞLU CAD. NO:75/A,02325448788,,,2026-09-20T07:31:15.702Z,COMPLETE_FOR_MAPPABLE_ROWS,api,Tüm eczaneler,https://acikveri.bizizmir.com/dataset/nobetci-eczaneler-ve-eczane-listesi,CC BY 4.0,İzmir Büyükşehir Belediyesi Açık Veri Portalı
pharmacy:951:38.2303189684767:27.9756812974024,pharmacy,Pharmacy,ÜZÜMOĞLU,38.2303189684767,27.9756812974024,ÖDEMİŞ,,SARAÇOĞLU CD NO 28,5451377,,,2026-09-20T07:31:15.702Z,COMPLETE_FOR_MAPPABLE_ROWS,api,Tüm eczaneler,https://acikveri.bizizmir.com/dataset/nobetci-eczaneler-ve-eczane-listesi,CC BY 4.0,İzmir Büyükşehir Belediyesi Açık Veri Portalı
pharmacy:952:38.232588:27.976374,pharmacy,Pharmacy,GÜRBÜZ ECZANESİ,38.232588,27.976374,ÖDEMİŞ,,SARAÇOGLU CAD. 70/A,02322544304,,,2026-09-20T07:31:15.702Z,COMPLETE_FOR_MAPPABLE_ROWS,api,Tüm eczaneler,https://acikveri.bizizmir.com/dataset/nobetci-eczaneler-ve-eczane-listesi,CC BY 4.0,İzmir Büyükşehir Belediyesi Açık Veri Portalı
pharmacy:953:38.234286:27.977001,pharmacy,Pharmacy,MÜMTAZ ECZANESİ,38.234286,27.977001,ÖDEMİŞ,,İNÖNÜ MAH. SARAÇOĞLU CAD. NO:77/A,02325452676,,,2026-09-20T07:31:15.702Z,COMPLETE_FOR_MAPPABLE_ROWS,api,Tüm eczaneler,https://acikveri.bizizmir.com/dataset/nobetci-eczaneler-ve-eczane-listesi,CC BY 4.0,İzmir Büyükşehir Belediyesi Açık Veri Portalı
pharmacy:954:38.231716:27.975897,pharmacy,Pharmacy,SARIKAYA ECZANESİ,38.231716,27.975897,ÖDEMİŞ,,SARAÇOGLU CD.45,02325454479,,,2026-09-20T07:31:15.702Z,COMPLETE_FOR_MAPPABLE_ROWS,api,Tüm eczaneler,https://acikveri.bizizmir.com/dataset/nobetci-eczaneler-ve-eczane-listesi,CC BY 4.0,İzmir Büyükşehir Belediyesi Açık Veri Portalı
pharmacy:955:38.232146:27.985983,pharmacy,Pharmacy,ARTUN ECZANESİ,38.232146,27.985983,ÖDEMİŞ,,ZAFER MAH. ORTAÇ SOK. NO:3/A,02325432793,,,2026-09-20T07:31:15.702Z,COMPLETE_FOR_MAPPABLE_ROWS,api,Tüm eczaneler,https://acikveri.bizizmir.com/dataset/nobetci-eczaneler-ve-eczane-listesi,CC BY 4.0,İzmir Büyükşehir Belediyesi Açık Veri Portalı
pharmacy:956:38.231833:27.987813,pharmacy,Pharmacy,HAYAT ECZANESİ,38.231833,27.987813,ÖDEMİŞ,,ÖDEMİŞ ZAFER MAHALLESİ ORTAÇ SOKAK NO:15,02325451525,,,2026-09-20T07:31:15.702Z,COMPLETE_FOR_MAPPABLE_ROWS,api,Tüm eczaneler,https://acikveri.bizizmir.com/dataset/nobetci-eczaneler-ve-eczane-listesi,CC BY 4.0,İzmir Büyükşehir Belediyesi Açık Veri Portalı
pharmacy:957:38.231838:27.963697,pharmacy,Pharmacy,GENÇER ECZANESİ,38.231838,27.963697,ÖDEMİŞ,,KUVVETLİ MH. MANYASI CD. NO:146/A,02325459255,,,2026-09-20T07:31:15.702Z,COMPLETE_FOR_MAPPABLE_ROWS,api,Tüm eczaneler,https://acikveri.bizizmir.com/dataset/nobetci-eczaneler-ve-eczane-listesi,CC BY 4.0,İzmir Büyükşehir Belediyesi Açık Veri Portalı
pharmacy:958:38.2282:27.9784,pharmacy,Pharmacy,ÇAMLIBEL ECZANESİ,38.2282,27.9784,ÖDEMİŞ,,ATATÜRK MH. DENIZCILER SOK.NO:8 ÖDEMIS,02325452530,,,2026-09-20T07:31:15.702Z,COMPLETE_FOR_MAPPABLE_ROWS,api,Tüm eczaneler,https://acikveri.bizizmir.com/dataset/nobetci-eczaneler-ve-eczane-listesi,CC BY 4.0,İzmir Büyükşehir Belediyesi Açık Veri Portalı
pharmacy:959:38.232617:27.976385,pharmacy,Pharmacy,ÖDEMIS ECZANESİ,38.232617,27.976385,ÖDEMİŞ,,ATATÜRK MAH. DENIZCILER SOKAK NO:2/A,02325441844,,,2026-09-20T07:31:15.702Z,COMPLETE_FOR_MAPPABLE_ROWS,api,Tüm eczaneler,https://acikveri.bizizmir.com/dataset/nobetci-eczaneler-ve-eczane-listesi,CC BY 4.0,İzmir Büyükşehir Belediyesi Açık Veri Portalı
pharmacy:960:38.228982:27.976425,pharmacy,Pharmacy,BÜTÜN ECZANESİ,38.228982,27.976425,ÖDEMİŞ,,ATATÜRK MH. ENSTİTÜ CD. NO:15/A,02325440776,,,2026-09-20T07:31:15.702Z,COMPLETE_FOR_MAPPABLE_ROWS,api,Tüm eczaneler,https://acikveri.bizizmir.com/dataset/nobetci-eczaneler-ve-eczane-listesi,CC BY 4.0,İzmir Büyükşehir Belediyesi Açık Veri Portalı
pharmacy:961:38.229416:27.97116,pharmacy,Pharmacy,YASAM ECZANESİ,38.229416,27.97116,ÖDEMİŞ,,AKINCILAR MH. HÜRRIYET CD.58,02325453532,,,2026-09-20T07:31:15.702Z,COMPLETE_FOR_MAPPABLE_ROWS,api,Tüm eczaneler,https://acikveri.bizizmir.com/dataset/nobetci-eczaneler-ve-eczane-listesi,CC BY 4.0,İzmir Büyükşehir Belediyesi Açık Veri Portalı
pharmacy:962:38.228882:27.968205,pharmacy,Pharmacy,FAZILET ECZANESİ,38.228882,27.968205,ÖDEMİŞ,,MESRUTIYET MH.HAYAT SK.4/A,02325453509,,,2026-09-20T07:31:15.702Z,COMPLETE_FOR_MAPPABLE_ROWS,api,Tüm eczaneler,https://acikveri.bizizmir.com/dataset/nobetci-eczaneler-ve-eczane-listesi,CC BY 4.0,İzmir Büyükşehir Belediyesi Açık Veri Portalı
pharmacy:963:38.235515:27.974377,pharmacy,Pharmacy,EGE ECZANESİ,38.235515,27.974377,ÖDEMİŞ,,İNÖNÜ MAH. ÇAĞLAYAN SOK. NO:16/A,02325448911,,,2026-09-20T07:31:15.702Z,COMPLETE_FOR_MAPPABLE_ROWS,api,Tüm eczaneler,https://acikveri.bizizmir.com/dataset/nobetci-eczaneler-ve-eczane-listesi,CC BY 4.0,İzmir Büyükşehir Belediyesi Açık Veri Portalı
pharmacy:964:38.233562:27.976508,pharmacy,Pharmacy,MURAT ECZANESİ,38.233562,27.976508,ÖDEMİŞ,,İNÖNÜ MAH. SARAÇOĞLU CAD. NO:67/1B,02325450977,,,2026-09-20T07:31:15.702Z,COMPLETE_FOR_MAPPABLE_ROWS,api,Tüm eczaneler,https://acikveri.bizizmir.com/dataset/nobetci-eczaneler-ve-eczane-listesi,CC BY 4.0,İzmir Büyükşehir Belediyesi Açık Veri Portalı
pharmacy:965:38.231802:27.986065,pharmacy,Pharmacy,SARAY ECZANESİ,38.231802,27.986065,ÖDEMİŞ,,ZAFER MH. ORTAÇ SK. NO:8/BA,02325453391,,,2026-09-20T07:31:15.702Z,COMPLETE_FOR_MAPPABLE_ROWS,api,Tüm eczaneler,https://acikveri.bizizmir.com/dataset/nobetci-eczaneler-ve-eczane-listesi,CC BY 4.0,İzmir Büyükşehir Belediyesi Açık Veri Portalı
pharmacy:966:38.232244:27.986969,pharmacy,Pharmacy,ERSİN ECZANESİ,38.232244,27.986969,ÖDEMİŞ,,ZAFER MH. KARAASLANOĞLU SK. NO:6/A,02325431829,,,2026-09-20T07:31:15.702Z,COMPLETE_FOR_MAPPABLE_ROWS,api,Tüm eczaneler,https://acikveri.bizizmir.com/dataset/nobetci-eczaneler-ve-eczane-listesi,CC BY 4.0,İzmir Büyükşehir Belediyesi Açık Veri Portalı
pharmacy:967:38.2292347015152:27.9703079954864,pharmacy,Pharmacy,MAYACI,38.2292347015152,27.9703079954864,ÖDEMİŞ,,GAZİ CD NO 12,5457276,,,2026-09-20T07:31:15.702Z,COMPLETE_FOR_MAPPABLE_ROWS,api,Tüm eczaneler,https://acikveri.bizizmir.com/dataset/nobetci-eczaneler-ve-eczane-listesi,CC BY 4.0,İzmir Büyükşehir Belediyesi Açık Veri Portalı
pharmacy:968:38.231286:27.971349,pharmacy,Pharmacy,GÖKTÜRK ECZANESİ,38.231286,27.971349,ÖDEMİŞ,,BENGİSU MAH. GAZİ CAD. NO:55,02325446441,,,2026-09-20T07:31:15.702Z,COMPLETE_FOR_MAPPABLE_ROWS,api,Tüm eczaneler,https://acikveri.bizizmir.com/dataset/nobetci-eczaneler-ve-eczane-listesi,CC BY 4.0,İzmir Büyükşehir Belediyesi Açık Veri Portalı
pharmacy:969:38.242483:27.985839,pharmacy,Pharmacy,VARDAR ECZANESİ,38.242483,27.985839,ÖDEMİŞ,,SÜLEYMAN DEMIREL MH.EFE TOPLU KONUT NO:5/A,02325460586,,,2026-09-20T07:31:15.702Z,COMPLETE_FOR_MAPPABLE_ROWS,api,Tüm eczaneler,https://acikveri.bizizmir.com/dataset/nobetci-eczaneler-ve-eczane-listesi,CC BY 4.0,İzmir Büyükşehir Belediyesi Açık Veri Portalı
pharmacy:970:38.235415:27.975032,pharmacy,Pharmacy,ÖZKOÇ ECZANESİ,38.235415,27.975032,ÖDEMİŞ,,İNÖNÜ MAHALLESİ ŞEHİT SALİM İZLEYEN CADDESİ NO:41/A,02325453136,,,2026-09-20T07:31:15.702Z,COMPLETE_FOR_MAPPABLE_ROWS,api,Tüm eczaneler,https://acikveri.bizizmir.com/dataset/nobetci-eczaneler-ve-eczane-listesi,CC BY 4.0,İzmir Büyükşehir Belediyesi Açık Veri Portalı
pharmacy:971:38.226028:27.97608,pharmacy,Pharmacy,SEVEN ECZANESİ,38.226028,27.97608,ÖDEMİŞ,,CUMHURİYET MH. YEŞİM SK. NO:36/A,02325443940,,,2026-09-20T07:31:15.702Z,COMPLETE_FOR_MAPPABLE_ROWS,api,Tüm eczaneler,https://acikveri.bizizmir.com/dataset/nobetci-eczaneler-ve-eczane-listesi,CC BY 4.0,İzmir Büyükşehir Belediyesi Açık Veri Portalı
pharmacy:972:38.2314216279035:27.9645907467394,pharmacy,Pharmacy,AKAR,38.2314216279035,27.9645907467394,ÖDEMİŞ,,MİMAR SİNAN MH GEDİZ CD NO 2,5443895,,,2026-09-20T07:31:15.702Z,COMPLETE_FOR_MAPPABLE_ROWS,api,Tüm eczaneler,https://acikveri.bizizmir.com/dataset/nobetci-eczaneler-ve-eczane-listesi,CC BY 4.0,İzmir Büyükşehir Belediyesi Açık Veri Portalı
pharmacy:973:38.227612:27.979926,pharmacy,Pharmacy,ÜÇ EYLÜL ECZANESİ (VERESELİ) ECZANESİ,38.227612,27.979926,ÖDEMİŞ,,CUMHURİYET MAH. TALATPAŞA CAD. NO:3/A,02325441193,,,2026-09-20T07:31:15.702Z,COMPLETE_FOR_MAPPABLE_ROWS,api,Tüm eczaneler,https://acikveri.bizizmir.com/dataset/nobetci-eczaneler-ve-eczane-listesi,CC BY 4.0,İzmir Büyükşehir Belediyesi Açık Veri Portalı
pharmacy:974:38.459513:27.205642,pharmacy,Pharmacy,ÖZKAN ECZANESİ,38.459513,27.205642,BORNOVA 2,,KAZIM DİRİK MH. 213 SK. NO:29/A,02323888022,,,2026-09-20T07:31:15.702Z,COMPLETE_FOR_MAPPABLE_ROWS,api,Tüm eczaneler,https://acikveri.bizizmir.com/dataset/nobetci-eczaneler-ve-eczane-listesi,CC BY 4.0,İzmir Büyükşehir Belediyesi Açık Veri Portalı
pharmacy:975:38.228784:27.970481,pharmacy,Pharmacy,BALIKÇIOGLU ECZANESİ,38.228784,27.970481,ÖDEMİŞ,,AKINCILAR MH.MUSTAFA BEY CAD.NO:26/B,02325450077,,,2026-09-20T07:31:15.702Z,COMPLETE_FOR_MAPPABLE_ROWS,api,Tüm eczaneler,https://acikveri.bizizmir.com/dataset/nobetci-eczaneler-ve-eczane-listesi,CC BY 4.0,İzmir Büyükşehir Belediyesi Açık Veri Portalı
pharmacy:976:38.151079:27.361014,pharmacy,Pharmacy,SIHHAT ECZANESİ,38.151079,27.361014,TORBALI,,1071 SOK.NO:7/C,02328562299,,,2026-09-20T07:31:15.702Z,COMPLETE_FOR_MAPPABLE_ROWS,api,Tüm eczaneler,https://acikveri.bizizmir.com/dataset/nobetci-eczaneler-ve-eczane-listesi,CC BY 4.0,İzmir Büyükşehir Belediyesi Açık Veri Portalı
pharmacy:977:38.15057:27.360725,pharmacy,Pharmacy,ÖZGÜR ECZANESİ,38.15057,27.360725,TORBALI,,HÜKÜMET CAD. NO:6,02328561284,,,2026-09-20T07:31:15.702Z,COMPLETE_FOR_MAPPABLE_ROWS,api,Tüm eczaneler,https://acikveri.bizizmir.com/dataset/nobetci-eczaneler-ve-eczane-listesi,CC BY 4.0,İzmir Büyükşehir Belediyesi Açık Veri Portalı
pharmacy:978:38.15087:27.363579,pharmacy,Pharmacy,PINAR ECZANESİ,38.15087,27.363579,TORBALI,,TEPEKÖY MAH.SERDAR GENÇ CAD.NO:16,02328561337,,,2026-09-20T07:31:15.702Z,COMPLETE_FOR_MAPPABLE_ROWS,api,Tüm eczaneler,https://acikveri.bizizmir.com/dataset/nobetci-eczaneler-ve-eczane-listesi,CC BY 4.0,İzmir Büyükşehir Belediyesi Açık Veri Portalı
pharmacy:979:38.1497482730647:27.3623358894576,pharmacy,Pharmacy,SEKBAN,38.1497482730647,27.3623358894576,TORBALI,,İNÖNÜ CD NO 18 AKBANK SIRASI,8564460,,,2026-09-20T07:31:15.702Z,COMPLETE_FOR_MAPPABLE_ROWS,api,Tüm eczaneler,https://acikveri.bizizmir.com/dataset/nobetci-eczaneler-ve-eczane-listesi,CC BY 4.0,İzmir Büyükşehir Belediyesi Açık Veri Portalı
pharmacy:980:38.176836:27.358909,pharmacy,Pharmacy,SIFA ECZANESİ,38.176836,27.358909,TORBALI,,YEDİ EYLÜL MAH.EKOTEN CADDESİ NO:9 TORBALI,02328562547,,,2026-09-20T07:31:15.702Z,COMPLETE_FOR_MAPPABLE_ROWS,api,Tüm eczaneler,https://acikveri.bizizmir.com/dataset/nobetci-eczaneler-ve-eczane-listesi,CC BY 4.0,İzmir Büyükşehir Belediyesi Açık Veri Portalı
pharmacy:981:38.158669:27.351864,pharmacy,Pharmacy,ERSEK ECZANESİ,38.158669,27.351864,TORBALI,,CUMHURİYET MAH. HALUK ALPSU BULVARI C BLOK NO:43/35F,02328560094,,,2026-09-20T07:31:15.702Z,COMPLETE_FOR_MAPPABLE_ROWS,api,Tüm eczaneler,https://acikveri.bizizmir.com/dataset/nobetci-eczaneler-ve-eczane-listesi,CC BY 4.0,İzmir Büyükşehir Belediyesi Açık Veri Portalı
pharmacy:982:38.155804:27.361414,pharmacy,Pharmacy,ELİF ECZANESİ,38.155804,27.361414,TORBALI,,ERTUGRUL MAH.TORBALI CAD.NO:10/B,02328566260,,,2026-09-20T07:31:15.702Z,COMPLETE_FOR_MAPPABLE_ROWS,api,Tüm eczaneler,https://acikveri.bizizmir.com/dataset/nobetci-eczaneler-ve-eczane-listesi,CC BY 4.0,İzmir Büyükşehir Belediyesi Açık Veri Portalı
pharmacy:983:38.149881:27.353815,pharmacy,Pharmacy,GÜLERYÜZ ECZANESİ,38.149881,27.353815,TORBALI,,MURATBEY MAH. ATİLLA SUNAR CAD. NO:51/A,02328561484,,,2026-09-20T07:31:15.702Z,COMPLETE_FOR_MAPPABLE_ROWS,api,Tüm eczaneler,https://acikveri.bizizmir.com/dataset/nobetci-eczaneler-ve-eczane-listesi,CC BY 4.0,İzmir Büyükşehir Belediyesi Açık Veri Portalı
pharmacy:984:38.176904:27.358306,pharmacy,Pharmacy,VİTAMİN ECZANESİ,38.176904,27.358306,TORBALI,,YEDİ EYLÜL MH. 5548 SK. NO:1,02328567080,,,2026-09-20T07:31:15.702Z,COMPLETE_FOR_MAPPABLE_ROWS,api,Tüm eczaneler,https://acikveri.bizizmir.com/dataset/nobetci-eczaneler-ve-eczane-listesi,CC BY 4.0,İzmir Büyükşehir Belediyesi Açık Veri Portalı
pharmacy:985:38.154897:27.357927,pharmacy,Pharmacy,UYSAL ECZANESİ,38.154897,27.357927,TORBALI,,ERTUĞRUL MAH. MİTHATPAŞA CAD. NO:67/B,02328561024,,,2026-09-20T07:31:15.702Z,COMPLETE_FOR_MAPPABLE_ROWS,api,Tüm eczaneler,https://acikveri.bizizmir.com/dataset/nobetci-eczaneler-ve-eczane-listesi,CC BY 4.0,İzmir Büyükşehir Belediyesi Açık Veri Portalı
pharmacy:986:38.152063:27.353303,pharmacy,Pharmacy,TORBALI DEVA ECZANESİ,38.152063,27.353303,TORBALI,,MURATBEY MH.DOGAN BURSALIOGLU CD.NO.22/D,02328569595,,,2026-09-20T07:31:15.702Z,COMPLETE_FOR_MAPPABLE_ROWS,api,Tüm eczaneler,https://acikveri.bizizmir.com/dataset/nobetci-eczaneler-ve-eczane-listesi,CC BY 4.0,İzmir Büyükşehir Belediyesi Açık Veri Portalı
pharmacy:987:38.160832:27.357013,pharmacy,Pharmacy,İNCEOĞLU ECZANESİ,38.160832,27.357013,TORBALI,,ERTUĞRUL MAH. 2026 SOK. SADIK İLERİ BULVARI NO:36/A,02328561037,,,2026-09-20T07:31:15.702Z,COMPLETE_FOR_MAPPABLE_ROWS,api,Tüm eczaneler,https://acikveri.bizizmir.com/dataset/nobetci-eczaneler-ve-eczane-listesi,CC BY 4.0,İzmir Büyükşehir Belediyesi Açık Veri Portalı
pharmacy:988:38.1498:27.3621,pharmacy,Pharmacy,SAADET ECZANESİ,38.1498,27.3621,TORBALI,,ATATÜRK MAH. BELEDIYE BINASI 1/Z,02328561067,,,2026-09-20T07:31:15.702Z,COMPLETE_FOR_MAPPABLE_ROWS,api,Tüm eczaneler,https://acikveri.bizizmir.com/dataset/nobetci-eczaneler-ve-eczane-listesi,CC BY 4.0,İzmir Büyükşehir Belediyesi Açık Veri Portalı
pharmacy:989:38.425611:27.200164,pharmacy,Pharmacy,EGEM ECZANESİ,38.425611,27.200164,ALTINDAĞ,,KEMALPASA CAD. NO:110/C,02324580410,,,2026-09-20T07:31:15.702Z,COMPLETE_FOR_MAPPABLE_ROWS,api,Tüm eczaneler,https://acikveri.bizizmir.com/dataset/nobetci-eczaneler-ve-eczane-listesi,CC BY 4.0,İzmir Büyükşehir Belediyesi Açık Veri Portalı
pharmacy:990:38.490355:27.074384,pharmacy,Pharmacy,ATADENIZ ECZANESİ,38.490355,27.074384,ÇİĞLİ,,MALTEPE MAH. 8104 SOKAK NO:16/A ÇIGLI,02323624818,,,2026-09-20T07:31:15.702Z,COMPLETE_FOR_MAPPABLE_ROWS,api,Tüm eczaneler,https://acikveri.bizizmir.com/dataset/nobetci-eczaneler-ve-eczane-listesi,CC BY 4.0,İzmir Büyükşehir Belediyesi Açık Veri Portalı
pharmacy:991:38.3722:27.109,pharmacy,Pharmacy,ONGUN ECZANESİ,38.3722,27.109,ESKİİZMİR-CENNETÇEŞME,,DEVRİM MH.3817 SOK.NO:10,02322326446,,,2026-09-20T07:31:15.702Z,COMPLETE_FOR_MAPPABLE_ROWS,api,Tüm eczaneler,https://acikveri.bizizmir.com/dataset/nobetci-eczaneler-ve-eczane-listesi,CC BY 4.0,İzmir Büyükşehir Belediyesi Açık Veri Portalı
pharmacy:992:38.3216:27.1253,pharmacy,Pharmacy,NAZ ECZANESİ,38.3216,27.1253,GAZİEMİR,,GAZI MAH. HASAN GÜVEN CAD. NO:20,02324797969,,,2026-09-20T07:31:15.702Z,COMPLETE_FOR_MAPPABLE_ROWS,api,Tüm eczaneler,https://acikveri.bizizmir.com/dataset/nobetci-eczaneler-ve-eczane-listesi,CC BY 4.0,İzmir Büyükşehir Belediyesi Açık Veri Portalı
pharmacy:993:39.115817:27.17761,pharmacy,Pharmacy,TEKİN ECZANESİ,39.115817,27.17761,BERGAMA,,ERTUGRUL MAH. MUSTAFA YAZICI CAD.NO:21 BERGAMA/IZMIR,02326315049,,,2026-09-20T07:31:15.702Z,COMPLETE_FOR_MAPPABLE_ROWS,api,Tüm eczaneler,https://acikveri.bizizmir.com/dataset/nobetci-eczaneler-ve-eczane-listesi,CC BY 4.0,İzmir Büyükşehir Belediyesi Açık Veri Portalı
pharmacy:994:39.1158670285157:27.1770390065736,pharmacy,Pharmacy,OKKAOĞLU,39.1158670285157,27.1770390065736,BERGAMA,,ERTUĞRUL MH M. YAZICI CD NO 13,6315542,,,2026-09-20T07:31:15.702Z,COMPLETE_FOR_MAPPABLE_ROWS,api,Tüm eczaneler,https://acikveri.bizizmir.com/dataset/nobetci-eczaneler-ve-eczane-listesi,CC BY 4.0,İzmir Büyükşehir Belediyesi Açık Veri Portalı
pharmacy:995:39.1191743345754:27.1779453444106,pharmacy,Pharmacy,YENİ ÇAĞRI,39.1191743345754,27.1779453444106,BERGAMA,,GAZİ PAŞA MH OSMAN BAYATLI CD NO 3,6315581,,,2026-09-20T07:31:15.702Z,COMPLETE_FOR_MAPPABLE_ROWS,api,Tüm eczaneler,https://acikveri.bizizmir.com/dataset/nobetci-eczaneler-ve-eczane-listesi,CC BY 4.0,İzmir Büyükşehir Belediyesi Açık Veri Portalı
pharmacy:996:39.121979:27.180422,pharmacy,Pharmacy,BIZIM ECZANESİ,39.121979,27.180422,BERGAMA,,ISTIKLAL MEYD. NO:47/A,02326335994,,,2026-09-20T07:31:15.702Z,COMPLETE_FOR_MAPPABLE_ROWS,api,Tüm eczaneler,https://acikveri.bizizmir.com/dataset/nobetci-eczaneler-ve-eczane-listesi,CC BY 4.0,İzmir Büyükşehir Belediyesi Açık Veri Portalı
pharmacy:997:39.110881:27.185539,pharmacy,Pharmacy,GALIP ECZANESİ,39.110881,27.185539,BERGAMA,,GAZIOSMANPASA MAH. HASAN ÇELEBI CAD. NO:35/A,02326321825,,,2026-09-20T07:31:15.702Z,COMPLETE_FOR_MAPPABLE_ROWS,api,Tüm eczaneler,https://acikveri.bizizmir.com/dataset/nobetci-eczaneler-ve-eczane-listesi,CC BY 4.0,İzmir Büyükşehir Belediyesi Açık Veri Portalı
pharmacy:998:39.119054:27.198944,pharmacy,Pharmacy,ÇİÇEKSEVER ECZANESİ,39.119054,27.198944,BERGAMA,,KURTULUS MAH. KESTEL CAD. NO:71/7,02326328777,,,2026-09-20T07:31:15.702Z,COMPLETE_FOR_MAPPABLE_ROWS,api,Tüm eczaneler,https://acikveri.bizizmir.com/dataset/nobetci-eczaneler-ve-eczane-listesi,CC BY 4.0,İzmir Büyükşehir Belediyesi Açık Veri Portalı
pharmacy:999:39.1166036303875:27.194842591998,pharmacy,Pharmacy,ÜNAL,39.1166036303875,27.194842591998,BERGAMA,,İSLAM SARAY MH. ADNAN MENDERES BULV. NO:219,6325015,,,2026-09-20T07:31:15.702Z,COMPLETE_FOR_MAPPABLE_ROWS,api,Tüm eczaneler,https://acikveri.bizizmir.com/dataset/nobetci-eczaneler-ve-eczane-listesi,CC BY 4.0,İzmir Büyükşehir Belediyesi Açık Veri Portalı
pharmacy:1000:39.113442:27.176812,pharmacy,Pharmacy,ECENUR ECZANESİ,39.113442,27.176812,BERGAMA,,MALTEPE MAH. BÖBLİNGEN CAD. NO:50/B,02326322229,,,2026-09-20T07:31:15.702Z,COMPLETE_FOR_MAPPABLE_ROWS,api,Tüm eczaneler,https://acikveri.bizizmir.com/dataset/nobetci-eczaneler-ve-eczane-listesi,CC BY 4.0,İzmir Büyükşehir Belediyesi Açık Veri Portalı
pharmacy:1001:39.118289:27.175608,pharmacy,Pharmacy,ŞEKER ECZANESİ,39.118289,27.175608,BERGAMA,,ZAFER MH. 623 SK. NO:3/24,02326332638,,,2026-09-20T07:31:15.702Z,COMPLETE_FOR_MAPPABLE_ROWS,api,Tüm eczaneler,https://acikveri.bizizmir.com/dataset/nobetci-eczaneler-ve-eczane-listesi,CC BY 4.0,İzmir Büyükşehir Belediyesi Açık Veri Portalı
pharmacy:1002:39.113318:27.176613,pharmacy,Pharmacy,MOLVALI ECZANESİ,39.113318,27.176613,BERGAMA,,MALTEPE MAH. KAYMAKAM KEMALBEY CAD. NO:29/B,02326311057,,,2026-09-20T07:31:15.702Z,COMPLETE_FOR_MAPPABLE_ROWS,api,Tüm eczaneler,https://acikveri.bizizmir.com/dataset/nobetci-eczaneler-ve-eczane-listesi,CC BY 4.0,İzmir Büyükşehir Belediyesi Açık Veri Portalı
pharmacy:1003:39.1134315583691:27.1777515105078,pharmacy,Pharmacy,ÖZGE,39.1134315583691,27.1777515105078,BERGAMA,,MALTEPE MH BOBLİNGEN CD NO 62/A,6327222,,,2026-09-20T07:31:15.702Z,COMPLETE_FOR_MAPPABLE_ROWS,api,Tüm eczaneler,https://acikveri.bizizmir.com/dataset/nobetci-eczaneler-ve-eczane-listesi,CC BY 4.0,İzmir Büyükşehir Belediyesi Açık Veri Portalı
pharmacy:1004:39.112345:27.183609,pharmacy,Pharmacy,ÇAGRI ECZANESİ,39.112345,27.183609,BERGAMA,,GAZIOSMANPASA MAH. HASAN ÇELEBI CAD. NO:7,02326320631,,,2026-09-20T07:31:15.702Z,COMPLETE_FOR_MAPPABLE_ROWS,api,Tüm eczaneler,https://acikveri.bizizmir.com/dataset/nobetci-eczaneler-ve-eczane-listesi,CC BY 4.0,İzmir Büyükşehir Belediyesi Açık Veri Portalı
pharmacy:1005:39.103592:27.166571,pharmacy,Pharmacy,UMUT ECZANESİ,39.103592,27.166571,BERGAMA,,FATİH MH. TUNA CD. NO:29/3,02326321656,,,2026-09-20T07:31:15.702Z,COMPLETE_FOR_MAPPABLE_ROWS,api,Tüm eczaneler,https://acikveri.bizizmir.com/dataset/nobetci-eczaneler-ve-eczane-listesi,CC BY 4.0,İzmir Büyükşehir Belediyesi Açık Veri Portalı
pharmacy:1007:39.119161:27.177907,pharmacy,Pharmacy,SELİN ECZANESİ,39.119161,27.177907,BERGAMA,,GAZİPAŞA MAH. SARAY SOK. NO:2/A,02326331234,,,2026-09-20T07:31:15.702Z,COMPLETE_FOR_MAPPABLE_ROWS,api,Tüm eczaneler,https://acikveri.bizizmir.com/dataset/nobetci-eczaneler-ve-eczane-listesi,CC BY 4.0,İzmir Büyükşehir Belediyesi Açık Veri Portalı
pharmacy:1008:39.126077:27.177719,pharmacy,Pharmacy,BENEK ECZANESİ,39.126077,27.177719,BERGAMA,,SELÇUK MH. UZUNYOL CD.No:44/2,02326310321,,,2026-09-20T07:31:15.702Z,COMPLETE_FOR_MAPPABLE_ROWS,api,Tüm eczaneler,https://acikveri.bizizmir.com/dataset/nobetci-eczaneler-ve-eczane-listesi,CC BY 4.0,İzmir Büyükşehir Belediyesi Açık Veri Portalı
pharmacy:1009:39.119104:27.198851,pharmacy,Pharmacy,MEVSİM ECZANESİ,39.119104,27.198851,BERGAMA,,KURTULUŞ MAH. KINIK CAD. NO. 141/B,02326315478,,,2026-09-20T07:31:15.702Z,COMPLETE_FOR_MAPPABLE_ROWS,api,Tüm eczaneler,https://acikveri.bizizmir.com/dataset/nobetci-eczaneler-ve-eczane-listesi,CC BY 4.0,İzmir Büyükşehir Belediyesi Açık Veri Portalı
pharmacy:1010:39.1103663074389:27.1727578177522,pharmacy,Pharmacy,YÖRÜKOĞLU,39.1103663074389,27.1727578177522,BERGAMA,,Maltepe Mah. Maltepe 18. Sokak No:7/A,6312754,,,2026-09-20T07:31:15.702Z,COMPLETE_FOR_MAPPABLE_ROWS,api,Tüm eczaneler,https://acikveri.bizizmir.com/dataset/nobetci-eczaneler-ve-eczane-listesi,CC BY 4.0,İzmir Büyükşehir Belediyesi Açık Veri Portalı
pharmacy:1011:38.239535:27.281481,pharmacy,Pharmacy,ESİN ECZANESİ,38.239535,27.281481,AYRANCILAR,,FEVZİ ÇAKMAK MH. BARIŞ MANÇO CD. NO:16/A AYRANCILAR,02328546324,,,2026-09-20T07:31:15.702Z,COMPLETE_FOR_MAPPABLE_ROWS,api,Tüm eczaneler,https://acikveri.bizizmir.com/dataset/nobetci-eczaneler-ve-eczane-listesi,CC BY 4.0,İzmir Büyükşehir Belediyesi Açık Veri Portalı
pharmacy:1012:38.147108:27.362766,pharmacy,Pharmacy,SEHER ECZANESİ,38.147108,27.362766,TORBALI,,TEPEKÖY MH.ERDİNÇ TEKERLİ CD. NO:30/,02328564099,,,2026-09-20T07:31:15.702Z,COMPLETE_FOR_MAPPABLE_ROWS,api,Tüm eczaneler,https://acikveri.bizizmir.com/dataset/nobetci-eczaneler-ve-eczane-listesi,CC BY 4.0,İzmir Büyükşehir Belediyesi Açık Veri Portalı
pharmacy:1013:38.4927:27.0391,pharmacy,Pharmacy,VERESELİ ORGANİZE ECZANESİ,38.4927,27.0391,ÇİĞLİ,,AOSB MUSTAFA KEMAL BULV 42/34,02323283384,,,2026-09-20T07:31:15.702Z,COMPLETE_FOR_MAPPABLE_ROWS,api,Tüm eczaneler,https://acikveri.bizizmir.com/dataset/nobetci-eczaneler-ve-eczane-listesi,CC BY 4.0,İzmir Büyükşehir Belediyesi Açık Veri Portalı
pharmacy:1015:38.423245:27.16087,pharmacy,Pharmacy,YASEMİN ECZANESİ,38.423245,27.16087,YENİŞEHİR,,GÜNEY MAH. GAZILER CAD. NO:402/B,02324333013,,,2026-09-20T07:31:15.702Z,COMPLETE_FOR_MAPPABLE_ROWS,api,Tüm eczaneler,https://acikveri.bizizmir.com/dataset/nobetci-eczaneler-ve-eczane-listesi,CC BY 4.0,İzmir Büyükşehir Belediyesi Açık Veri Portalı
pharmacy:1016:38.31101:27.134963,pharmacy,Pharmacy,DOLUNAY ECZANESİ,38.31101,27.134963,GAZİEMİR,,SEVGİ MAH. 656 SOK. NO:45/1,02322747500,,,2026-09-20T07:31:15.702Z,COMPLETE_FOR_MAPPABLE_ROWS,api,Tüm eczaneler,https://acikveri.bizizmir.com/dataset/nobetci-eczaneler-ve-eczane-listesi,CC BY 4.0,İzmir Büyükşehir Belediyesi Açık Veri Portalı
pharmacy:1017:39.070184:26.887687,pharmacy,Pharmacy,ÇAVDAR ECZANESİ,39.070184,26.887687,DİKİLİ,,SALİM BEY MH. ATATÜRK CD. NO:14/E,02326714114,,,2026-09-20T07:31:15.702Z,COMPLETE_FOR_MAPPABLE_ROWS,api,Tüm eczaneler,https://acikveri.bizizmir.com/dataset/nobetci-eczaneler-ve-eczane-listesi,CC BY 4.0,İzmir Büyükşehir Belediyesi Açık Veri Portalı
pharmacy:1018:38.389619:27.051042,pharmacy,Pharmacy,YENI GÖKSEN ECZANESİ,38.389619,27.051042,BALÇOVA,,ONUR MAH.KAAN SOK. NO:5/b BALÇOVA,02322779989,,,2026-09-20T07:31:15.702Z,COMPLETE_FOR_MAPPABLE_ROWS,api,Tüm eczaneler,https://acikveri.bizizmir.com/dataset/nobetci-eczaneler-ve-eczane-listesi,CC BY 4.0,İzmir Büyükşehir Belediyesi Açık Veri Portalı
pharmacy:1019:38.458538:27.20879,pharmacy,Pharmacy,KAFTAN ECZANESİ,38.458538,27.20879,BORNOVA 2,,KAZIM DIRIK MAH.ANKARA CAD.NO:233,02323480869,,,2026-09-20T07:31:15.702Z,COMPLETE_FOR_MAPPABLE_ROWS,api,Tüm eczaneler,https://acikveri.bizizmir.com/dataset/nobetci-eczaneler-ve-eczane-listesi,CC BY 4.0,İzmir Büyükşehir Belediyesi Açık Veri Portalı
pharmacy:1020:38.4569:27.1896,pharmacy,Pharmacy,NECATİBEY ECZANESİ,38.4569,27.1896,BORNOVA 3,,MANSUROGLU MAH. 273/6 SOKAK NO:6/A,02323477997,,,2026-09-20T07:31:15.702Z,COMPLETE_FOR_MAPPABLE_ROWS,api,Tüm eczaneler,https://acikveri.bizizmir.com/dataset/nobetci-eczaneler-ve-eczane-listesi,CC BY 4.0,İzmir Büyükşehir Belediyesi Açık Veri Portalı
pharmacy:1021:38.457011:27.189742,pharmacy,Pharmacy,LİLA ECZANESİ,38.457011,27.189742,BORNOVA 3,,MANSUROĞLU MAH. 273/6 SOK. NO:6/C,02322253777,,,2026-09-20T07:31:15.702Z,COMPLETE_FOR_MAPPABLE_ROWS,api,Tüm eczaneler,https://acikveri.bizizmir.com/dataset/nobetci-eczaneler-ve-eczane-listesi,CC BY 4.0,İzmir Büyükşehir Belediyesi Açık Veri Portalı
pharmacy:1022:38.454312:27.18769,pharmacy,Pharmacy,ÖVÜNÇ ECZANESİ,38.454312,27.18769,BORNOVA 3,,MANSUROĞLU MAH. 286/10 SOK. NO:15/B,02323440434,,,2026-09-20T07:31:15.702Z,COMPLETE_FOR_MAPPABLE_ROWS,api,Tüm eczaneler,https://acikveri.bizizmir.com/dataset/nobetci-eczaneler-ve-eczane-listesi,CC BY 4.0,İzmir Büyükşehir Belediyesi Açık Veri Portalı
pharmacy:1023:38.372805:27.167177,pharmacy,Pharmacy,IRMAK ECZANESİ,38.372805,27.167177,BUCA 2,,222/24 SOKAK NO:22/A ÇAMLIKULE MAH.BUCA,02324207777,,,2026-09-20T07:31:15.702Z,COMPLETE_FOR_MAPPABLE_ROWS,api,Tüm eczaneler,https://acikveri.bizizmir.com/dataset/nobetci-eczaneler-ve-eczane-listesi,CC BY 4.0,İzmir Büyükşehir Belediyesi Açık Veri Portalı
pharmacy:1024:38.326582:27.137652,pharmacy,Pharmacy,IKIZLER ECZANESİ,38.326582,27.137652,GAZİEMİR,,DOKUZ EYLÜL MAH.ULASTIRMA CD.NO.7/A,02322312039,,,2026-09-20T07:31:15.702Z,COMPLETE_FOR_MAPPABLE_ROWS,api,Tüm eczaneler,https://acikveri.bizizmir.com/dataset/nobetci-eczaneler-ve-eczane-listesi,CC BY 4.0,İzmir Büyükşehir Belediyesi Açık Veri Portalı
pharmacy:1025:38.39268:27.043799,pharmacy,Pharmacy,GÖZDE ŞAHİN ECZANESİ,38.39268,27.043799,İNCİRALTI,,KORUTÜRK MAH. TAYFUN SOK. NO:1/B,02322776621,,,2026-09-20T07:31:15.702Z,COMPLETE_FOR_MAPPABLE_ROWS,api,Tüm eczaneler,https://acikveri.bizizmir.com/dataset/nobetci-eczaneler-ve-eczane-listesi,CC BY 4.0,İzmir Büyükşehir Belediyesi Açık Veri Portalı
pharmacy:1026:38.385109:27.124061,pharmacy,Pharmacy,RÜYA ECZANESİ,38.385109,27.124061,KARABAĞLAR,,UGUR MUMCU MAH 4171 SK NO:5/B KARABAGLAR IZMIR,02322373756,,,2026-09-20T07:31:15.702Z,COMPLETE_FOR_MAPPABLE_ROWS,api,Tüm eczaneler,https://acikveri.bizizmir.com/dataset/nobetci-eczaneler-ve-eczane-listesi,CC BY 4.0,İzmir Büyükşehir Belediyesi Açık Veri Portalı
pharmacy:1028:38.39588:26.998382,pharmacy,Pharmacy,NARLIDERE ECZANESİ,38.39588,26.998382,NARLIDERE,,ÇATALKAYA MH.MITHATPASA CD.NO:423/B,02322382500,,,2026-09-20T07:31:15.702Z,COMPLETE_FOR_MAPPABLE_ROWS,api,Tüm eczaneler,https://acikveri.bizizmir.com/dataset/nobetci-eczaneler-ve-eczane-listesi,CC BY 4.0,İzmir Büyükşehir Belediyesi Açık Veri Portalı
pharmacy:1029:38.606499:27.087677,pharmacy,Pharmacy,AYAZ ECZANESİ,38.606499,27.087677,MENEMEN,,UGUR MUMCU MAH.1347 SOKAK 12/D,02328315656,,,2026-09-20T07:31:15.702Z,COMPLETE_FOR_MAPPABLE_ROWS,api,Tüm eczaneler,https://acikveri.bizizmir.com/dataset/nobetci-eczaneler-ve-eczane-listesi,CC BY 4.0,İzmir Büyükşehir Belediyesi Açık Veri Portalı
pharmacy:1030:38.091956:27.721132,pharmacy,Pharmacy,YEŞİLADA ECZANESİ,38.091956,27.721132,TİRE,,FATİH MH. MEHMET KURŞAKLI SK. NO:14/B,02325007979,,,2026-09-20T07:31:15.702Z,COMPLETE_FOR_MAPPABLE_ROWS,api,Tüm eczaneler,https://acikveri.bizizmir.com/dataset/nobetci-eczaneler-ve-eczane-listesi,CC BY 4.0,İzmir Büyükşehir Belediyesi Açık Veri Portalı
pharmacy:1031:38.237733:27.992639,pharmacy,Pharmacy,ERLER ECZANESİ,38.237733,27.992639,ÖDEMİŞ,,ZAFER MH. ŞEHİT TURAN EMEKSİZ CD. NO:40/A,02325091818,,,2026-09-20T07:31:15.702Z,COMPLETE_FOR_MAPPABLE_ROWS,api,Tüm eczaneler,https://acikveri.bizizmir.com/dataset/nobetci-eczaneler-ve-eczane-listesi,CC BY 4.0,İzmir Büyükşehir Belediyesi Açık Veri Portalı
pharmacy:1032:38.164885:27.35621,pharmacy,Pharmacy,BULVAR ECZANESİ,38.164885,27.35621,TORBALI,,ALP KENT MH. CEMALİ TUNCER CD. NO:22/A,02328560112,,,2026-09-20T07:31:15.702Z,COMPLETE_FOR_MAPPABLE_ROWS,api,Tüm eczaneler,https://acikveri.bizizmir.com/dataset/nobetci-eczaneler-ve-eczane-listesi,CC BY 4.0,İzmir Büyükşehir Belediyesi Açık Veri Portalı
pharmacy:1033:38.423262:27.160405,pharmacy,Pharmacy,YENİ TÜRSEN ECZANESİ,38.423262,27.160405,YENİŞEHİR,,GÜNEY MH.GAZILER CD. NO:392,02324338100,,,2026-09-20T07:31:15.702Z,COMPLETE_FOR_MAPPABLE_ROWS,api,Tüm eczaneler,https://acikveri.bizizmir.com/dataset/nobetci-eczaneler-ve-eczane-listesi,CC BY 4.0,İzmir Büyükşehir Belediyesi Açık Veri Portalı
pharmacy:1034:38.385239:27.166405,pharmacy,Pharmacy,BUCA CAN ECZANESİ,38.385239,27.166405,BUCA 1,,VALI RAHMI BEY MH.ÖZMEN CAD.124/A,02324526416,,,2026-09-20T07:31:15.702Z,COMPLETE_FOR_MAPPABLE_ROWS,api,Tüm eczaneler,https://acikveri.bizizmir.com/dataset/nobetci-eczaneler-ve-eczane-listesi,CC BY 4.0,İzmir Büyükşehir Belediyesi Açık Veri Portalı
pharmacy:1035:38.381574:27.172786,pharmacy,Pharmacy,TUNALI CEREN ECZANESİ,38.381574,27.172786,BUCA 1,,KOZAĞAÇ MAH. 223 SOK. NO:45,02324822878,,,2026-09-20T07:31:15.702Z,COMPLETE_FOR_MAPPABLE_ROWS,api,Tüm eczaneler,https://acikveri.bizizmir.com/dataset/nobetci-eczaneler-ve-eczane-listesi,CC BY 4.0,İzmir Büyükşehir Belediyesi Açık Veri Portalı
pharmacy:1036:38.436081:27.409328,pharmacy,Pharmacy,YENİ YILDIZ ECZANESİ,38.436081,27.409328,KEMALPAŞA,,SEKİZ EYLÜL MH. KIROVASI KÜME EVLERİ NO:81/A,02328787766,,,2026-09-20T07:31:15.702Z,COMPLETE_FOR_MAPPABLE_ROWS,api,Tüm eczaneler,https://acikveri.bizizmir.com/dataset/nobetci-eczaneler-ve-eczane-listesi,CC BY 4.0,İzmir Büyükşehir Belediyesi Açık Veri Portalı
pharmacy:1037:38.370527:27.193287,pharmacy,Pharmacy,BAYRAM ECZANESİ,38.370527,27.193287,BUCA 2,,KURUÇEŞME MH. 205 SK. NO:23/A (ÖZEL TINAZTEPE ACİL YANI ),02324541121,,,2026-09-20T07:31:15.702Z,COMPLETE_FOR_MAPPABLE_ROWS,api,Tüm eczaneler,https://acikveri.bizizmir.com/dataset/nobetci-eczaneler-ve-eczane-listesi,CC BY 4.0,İzmir Büyükşehir Belediyesi Açık Veri Portalı
pharmacy:1038:38.384399:27.130116,pharmacy,Pharmacy,SALIH ECZANESİ,38.384399,27.130116,KARABAĞLAR,,KARABAĞLAR MH. 5769 SK. NO:34/A,02322618011,,,2026-09-20T07:31:15.702Z,COMPLETE_FOR_MAPPABLE_ROWS,api,Tüm eczaneler,https://acikveri.bizizmir.com/dataset/nobetci-eczaneler-ve-eczane-listesi,CC BY 4.0,İzmir Büyükşehir Belediyesi Açık Veri Portalı
pharmacy:1039:38.464146:27.21454,pharmacy,Pharmacy,BORNOVA MAVİ ECZANESİ,38.464146,27.21454,BORNOVA 2,,KAZIM DİRİK MAH. MUSTAFA KEMAL CAD. NO:37/A,02323398280,,,2026-09-20T07:31:15.702Z,COMPLETE_FOR_MAPPABLE_ROWS,api,Tüm eczaneler,https://acikveri.bizizmir.com/dataset/nobetci-eczaneler-ve-eczane-listesi,CC BY 4.0,İzmir Büyükşehir Belediyesi Açık Veri Portalı
pharmacy:1040:38.461124:27.204061,pharmacy,Pharmacy,ECZANE NATUREL ECZANESİ,38.461124,27.204061,BORNOVA 3,,KAZIM DIRIK MAH. MUSTAFA KEMAL CAD.121/1-D BORNOVA,02323436061,,,2026-09-20T07:31:15.702Z,COMPLETE_FOR_MAPPABLE_ROWS,api,Tüm eczaneler,https://acikveri.bizizmir.com/dataset/nobetci-eczaneler-ve-eczane-listesi,CC BY 4.0,İzmir Büyükşehir Belediyesi Açık Veri Portalı
pharmacy:1041:38.32673:27.131663,pharmacy,Pharmacy,ATA ECZANESİ,38.32673,27.131663,GAZİEMİR,,GAZİ MH. ALBAY İBRAHİM KARAOĞLANOĞLU CD. NO:39/2A,02322515187,,,2026-09-20T07:31:15.702Z,COMPLETE_FOR_MAPPABLE_ROWS,api,Tüm eczaneler,https://acikveri.bizizmir.com/dataset/nobetci-eczaneler-ve-eczane-listesi,CC BY 4.0,İzmir Büyükşehir Belediyesi Açık Veri Portalı
pharmacy:1042:38.376566:27.147568,pharmacy,Pharmacy,ARZU MAYRUK ECZANESİ,38.376566,27.147568,GEDİZ,,FIRAT MH. 287/3 SK. NO:11/A,02324530403,,,2026-09-20T07:31:15.702Z,COMPLETE_FOR_MAPPABLE_ROWS,api,Tüm eczaneler,https://acikveri.bizizmir.com/dataset/nobetci-eczaneler-ve-eczane-listesi,CC BY 4.0,İzmir Büyükşehir Belediyesi Açık Veri Portalı
pharmacy:1045:37.94843:27.368247,pharmacy,Pharmacy,ARAT ECZANESİ,37.94843,27.368247,SELÇUK,,ATATÜRK MH. ATATÜRK CD. NO:8/A SELÇUK,02328929542,,,2026-09-20T07:31:15.702Z,COMPLETE_FOR_MAPPABLE_ROWS,api,Tüm eczaneler,https://acikveri.bizizmir.com/dataset/nobetci-eczaneler-ve-eczane-listesi,CC BY 4.0,İzmir Büyükşehir Belediyesi Açık Veri Portalı
pharmacy:1046:38.100082:27.720421,pharmacy,Pharmacy,ÇEŞMECİ ECZANESİ,38.100082,27.720421,TİRE,,ATATÜRK MH. İSTASYON CD. NO:86/1-B BLOK NO:4 TİRE,02325004015,,,2026-09-20T07:31:15.702Z,COMPLETE_FOR_MAPPABLE_ROWS,api,Tüm eczaneler,https://acikveri.bizizmir.com/dataset/nobetci-eczaneler-ve-eczane-listesi,CC BY 4.0,İzmir Büyükşehir Belediyesi Açık Veri Portalı
pharmacy:1047:38.4578:27.2093,pharmacy,Pharmacy,ÜNİVERSİTE ECZANESİ,38.4578,27.2093,BORNOVA 2,,KAZIM DİRİK MH. ÜNİVERSİTE CD. NO:14/A,02323880297,,,2026-09-20T07:31:15.702Z,COMPLETE_FOR_MAPPABLE_ROWS,api,Tüm eczaneler,https://acikveri.bizizmir.com/dataset/nobetci-eczaneler-ve-eczane-listesi,CC BY 4.0,İzmir Büyükşehir Belediyesi Açık Veri Portalı
pharmacy:1048:39.103576:27.166861,pharmacy,Pharmacy,ÖZCAN ECZANESİ,39.103576,27.166861,BERGAMA,,FATİH MH. 303 SK. NO:4,02326331111,,,2026-09-20T07:31:15.702Z,COMPLETE_FOR_MAPPABLE_ROWS,api,Tüm eczaneler,https://acikveri.bizizmir.com/dataset/nobetci-eczaneler-ve-eczane-listesi,CC BY 4.0,İzmir Büyükşehir Belediyesi Açık Veri Portalı
pharmacy:1049:38.53577:27.04323,pharmacy,Pharmacy,DEMİR ECZANESİ,38.53577,27.04323,ÇİĞLİ,,UĞUR MUMCU MAH. 8790/5 SOK. NO:132/B,02323860607,,,2026-09-20T07:31:15.702Z,COMPLETE_FOR_MAPPABLE_ROWS,api,Tüm eczaneler,https://acikveri.bizizmir.com/dataset/nobetci-eczaneler-ve-eczane-listesi,CC BY 4.0,İzmir Büyükşehir Belediyesi Açık Veri Portalı
pharmacy:1050:38.39303:27.033796,pharmacy,Pharmacy,AİLE ECZANESİ,38.39303,27.033796,İNCİRALTI,,KORUTÜRK MAH. MİTHATPAŞA CAD. NO:285/1A,02322590208,,,2026-09-20T07:31:15.702Z,COMPLETE_FOR_MAPPABLE_ROWS,api,Tüm eczaneler,https://acikveri.bizizmir.com/dataset/nobetci-eczaneler-ve-eczane-listesi,CC BY 4.0,İzmir Büyükşehir Belediyesi Açık Veri Portalı
pharmacy:1051:38.17593:27.350985,pharmacy,Pharmacy,TORBALI ECZANESİ,38.17593,27.350985,TORBALI,,TORBALI MH. METROPOLİS BLV.NO:70 TORBALI/İZMİR,02328562514,,,2026-09-20T07:31:15.702Z,COMPLETE_FOR_MAPPABLE_ROWS,api,Tüm eczaneler,https://acikveri.bizizmir.com/dataset/nobetci-eczaneler-ve-eczane-listesi,CC BY 4.0,İzmir Büyükşehir Belediyesi Açık Veri Portalı
pharmacy:1052:38.1512:27.3713,pharmacy,Pharmacy,İLKNUR ECZANESİ,38.1512,27.3713,TORBALI,,ATATÜRK MAH. 1596 SOKAK NO:2,02328565260,,,2026-09-20T07:31:15.702Z,COMPLETE_FOR_MAPPABLE_ROWS,api,Tüm eczaneler,https://acikveri.bizizmir.com/dataset/nobetci-eczaneler-ve-eczane-listesi,CC BY 4.0,İzmir Büyükşehir Belediyesi Açık Veri Portalı
pharmacy:1053:38.400141:27.102316,pharmacy,Pharmacy,RENKLİ ECZANESİ,38.400141,27.102316,BASIN SİTESİ,,BASINSİTESİ MH. 168 SK. NO:59/1A BASINSİTESİ,02322327088,,,2026-09-20T07:31:15.702Z,COMPLETE_FOR_MAPPABLE_ROWS,api,Tüm eczaneler,https://acikveri.bizizmir.com/dataset/nobetci-eczaneler-ve-eczane-listesi,CC BY 4.0,İzmir Büyükşehir Belediyesi Açık Veri Portalı
pharmacy:1054:38.4648995166814:27.2218757474765,pharmacy,Pharmacy,ALPER,38.4648995166814,27.2218757474765,BORNOVA 1,,Erzene Mh. Kazım Karabekir Cd. No:32/C Ata Durağı Erbil Süel karşısı,3423392,,,2026-09-20T07:31:15.702Z,COMPLETE_FOR_MAPPABLE_ROWS,api,Tüm eczaneler,https://acikveri.bizizmir.com/dataset/nobetci-eczaneler-ve-eczane-listesi,CC BY 4.0,İzmir Büyükşehir Belediyesi Açık Veri Portalı
pharmacy:1055:38.3887780579646:27.1702706347238,pharmacy,Pharmacy,BAŞAK,38.3887780579646,27.1702706347238,BUCA 1,,BUCA HEYKEL ŞİFA HASTANESİ KARŞISI DENİZBANK YANI,4426565,,,2026-09-20T07:31:15.702Z,COMPLETE_FOR_MAPPABLE_ROWS,api,Tüm eczaneler,https://acikveri.bizizmir.com/dataset/nobetci-eczaneler-ve-eczane-listesi,CC BY 4.0,İzmir Büyükşehir Belediyesi Açık Veri Portalı
pharmacy:1056:38.489022:27.07244,pharmacy,Pharmacy,MALTEPE ECZANESİ,38.489022,27.07244,ÇİĞLİ,,ÇİĞLİ İLÇESİ MALTEPE MAH 8110/5 SOK NO:9/B,02323761113,,,2026-09-20T07:31:15.702Z,COMPLETE_FOR_MAPPABLE_ROWS,api,Tüm eczaneler,https://acikveri.bizizmir.com/dataset/nobetci-eczaneler-ve-eczane-listesi,CC BY 4.0,İzmir Büyükşehir Belediyesi Açık Veri Portalı
pharmacy:1057:38.368278:27.145947,pharmacy,Pharmacy,YENİ LOKMAN HEKİM ECZANESİ,38.368278,27.145947,GEDİZ,,GÖKSU MH.692/3 SK.NO:20/A,02322761733,,,2026-09-20T07:31:15.702Z,COMPLETE_FOR_MAPPABLE_ROWS,api,Tüm eczaneler,https://acikveri.bizizmir.com/dataset/nobetci-eczaneler-ve-eczane-listesi,CC BY 4.0,İzmir Büyükşehir Belediyesi Açık Veri Portalı
pharmacy:1058:38.360924:26.88388,pharmacy,Pharmacy,ŞAHAN ECZANESİ,38.360924,26.88388,GÜZELBAHÇE,,ŞEHİT KEMAL CD. NO:128/A GÜZELBAHÇE,02322348081,,,2026-09-20T07:31:15.702Z,COMPLETE_FOR_MAPPABLE_ROWS,api,Tüm eczaneler,https://acikveri.bizizmir.com/dataset/nobetci-eczaneler-ve-eczane-listesi,CC BY 4.0,İzmir Büyükşehir Belediyesi Açık Veri Portalı
pharmacy:1059:38.3932:27.0337,pharmacy,Pharmacy,SPİL ECZANESİ,38.3932,27.0337,İNCİRALTI,,KORUTÜRK MH. MİTHATPAŞA CD. NO:285 İNCİRALTI,02322596234,,,2026-09-20T07:31:15.702Z,COMPLETE_FOR_MAPPABLE_ROWS,api,Tüm eczaneler,https://acikveri.bizizmir.com/dataset/nobetci-eczaneler-ve-eczane-listesi,CC BY 4.0,İzmir Büyükşehir Belediyesi Açık Veri Portalı
pharmacy:1060:38.376026:27.118743,pharmacy,Pharmacy,LOKMAN HEKIM ECZANESİ,38.376026,27.118743,KARABAĞLAR,,GÜNALTAY MH. 4811 SK. NO:22/A,02322655533,,,2026-09-20T07:31:15.702Z,COMPLETE_FOR_MAPPABLE_ROWS,api,Tüm eczaneler,https://acikveri.bizizmir.com/dataset/nobetci-eczaneler-ve-eczane-listesi,CC BY 4.0,İzmir Büyükşehir Belediyesi Açık Veri Portalı
pharmacy:1061:38.3861944259418:27.1451457055723,pharmacy,Pharmacy,İKSİR,38.3861944259418,27.1451457055723,ŞİRİNYER,,Akıncılar Mh. 549 Sk. No:40/B,4876988,,,2026-09-20T07:31:15.702Z,COMPLETE_FOR_MAPPABLE_ROWS,api,Tüm eczaneler,https://acikveri.bizizmir.com/dataset/nobetci-eczaneler-ve-eczane-listesi,CC BY 4.0,İzmir Büyükşehir Belediyesi Açık Veri Portalı
pharmacy:1062:38.423184:27.161579,pharmacy,Pharmacy,BİLGİ (VERESELİ) ECZANESİ,38.423184,27.161579,YENİŞEHİR,,GÜNEY MAH. GAZİLER CAD. NO:426 KONAK,02324571735,,,2026-09-20T07:31:15.702Z,COMPLETE_FOR_MAPPABLE_ROWS,api,Tüm eczaneler,https://acikveri.bizizmir.com/dataset/nobetci-eczaneler-ve-eczane-listesi,CC BY 4.0,İzmir Büyükşehir Belediyesi Açık Veri Portalı
pharmacy:1063:38.431185:27.417961,pharmacy,Pharmacy,KARTAL ECZANESİ,38.431185,27.417961,KEMALPAŞA,,MEHMET AKİF ERSOY MH. 157 SK. NO:41/A,02328788090,,,2026-09-20T07:31:15.702Z,COMPLETE_FOR_MAPPABLE_ROWS,api,Tüm eczaneler,https://acikveri.bizizmir.com/dataset/nobetci-eczaneler-ve-eczane-listesi,CC BY 4.0,İzmir Büyükşehir Belediyesi Açık Veri Portalı
pharmacy:1064:39.1173194767926:27.1991001888387,pharmacy,Pharmacy,DURUSU,39.1173194767926,27.1991001888387,BERGAMA,,Adnan Menderes Bulv. No:225/2,6312228,,,2026-09-20T07:31:15.702Z,COMPLETE_FOR_MAPPABLE_ROWS,api,Tüm eczaneler,https://acikveri.bizizmir.com/dataset/nobetci-eczaneler-ve-eczane-listesi,CC BY 4.0,İzmir Büyükşehir Belediyesi Açık Veri Portalı
pharmacy:1065:38.42927:27.195993,pharmacy,Pharmacy,ECE SARI ECZANESİ,38.42927,27.195993,ALTINDAĞ,,BİRLİK MH. 4202/2 SK. NO:58/A ALTINDAĞ,02324337033,,,2026-09-20T07:31:15.702Z,COMPLETE_FOR_MAPPABLE_ROWS,api,Tüm eczaneler,https://acikveri.bizizmir.com/dataset/nobetci-eczaneler-ve-eczane-listesi,CC BY 4.0,İzmir Büyükşehir Belediyesi Açık Veri Portalı
pharmacy:1066:38.459735:27.198988,pharmacy,Pharmacy,YAZGAN ECZANESİ,38.459735,27.198988,BORNOVA 3,,KAZIM DİRİK MAH. SAKARYA CAD. NO:1/1C,02323440003,,,2026-09-20T07:31:15.702Z,COMPLETE_FOR_MAPPABLE_ROWS,api,Tüm eczaneler,https://acikveri.bizizmir.com/dataset/nobetci-eczaneler-ve-eczane-listesi,CC BY 4.0,İzmir Büyükşehir Belediyesi Açık Veri Portalı
pharmacy:1067:38.386195:27.145147,pharmacy,Pharmacy,ADA ECZANESİ,38.386195,27.145147,ŞİRİNYER,,AKINCILAR MH. 549 SK. NO:40/B,02324520054,,,2026-09-20T07:31:15.702Z,COMPLETE_FOR_MAPPABLE_ROWS,api,Tüm eczaneler,https://acikveri.bizizmir.com/dataset/nobetci-eczaneler-ve-eczane-listesi,CC BY 4.0,İzmir Büyükşehir Belediyesi Açık Veri Portalı
pharmacy:1068:38.3794768582555:27.1703428137192,pharmacy,Pharmacy,EGE IŞIK,38.3794768582555,27.1703428137192,BUCA 1,,Kozağaç Mh. 240/4 Sk No:22/A,4426790,,,2026-09-20T07:31:15.702Z,COMPLETE_FOR_MAPPABLE_ROWS,api,Tüm eczaneler,https://acikveri.bizizmir.com/dataset/nobetci-eczaneler-ve-eczane-listesi,CC BY 4.0,İzmir Büyükşehir Belediyesi Açık Veri Portalı
pharmacy:1069:38.486761:27.061859,pharmacy,Pharmacy,UZMAN ECZANESİ,38.486761,27.061859,ÇİĞLİ,,ATAŞEHİR MAH. 8019 11 SOK. NO:10/C,02323860085,,,2026-09-20T07:31:15.702Z,COMPLETE_FOR_MAPPABLE_ROWS,api,Tüm eczaneler,https://acikveri.bizizmir.com/dataset/nobetci-eczaneler-ve-eczane-listesi,CC BY 4.0,İzmir Büyükşehir Belediyesi Açık Veri Portalı
pharmacy:1070:38.0893590685634:27.741308393582,pharmacy,Pharmacy,KOCABIYIK,38.0893590685634,27.741308393582,TİRE,,İpekçiler Mah. Sabri Kurtoğlu Cad. No: 7/B,5004080,,,2026-09-20T07:31:15.702Z,COMPLETE_FOR_MAPPABLE_ROWS,api,Tüm eczaneler,https://acikveri.bizizmir.com/dataset/nobetci-eczaneler-ve-eczane-listesi,CC BY 4.0,İzmir Büyükşehir Belediyesi Açık Veri Portalı
pharmacy:1071:38.591236:27.074252,pharmacy,Pharmacy,TİMAÇ ECZANESİ,38.591236,27.074252,MENEMEN,,ESAT PAŞA MH. ÇANAKKALE ASFALTI NO:169,02328312291,,,2026-09-20T07:31:15.702Z,COMPLETE_FOR_MAPPABLE_ROWS,api,Tüm eczaneler,https://acikveri.bizizmir.com/dataset/nobetci-eczaneler-ve-eczane-listesi,CC BY 4.0,İzmir Büyükşehir Belediyesi Açık Veri Portalı
pharmacy:1072:38.398213:27.098175,pharmacy,Pharmacy,EGE İNCİ ECZANESİ,38.398213,27.098175,BASIN SİTESİ,,BASINSİTESİ MAH. 170 SOK. NO:4/A,02322448611,,,2026-09-20T07:31:15.702Z,COMPLETE_FOR_MAPPABLE_ROWS,api,Tüm eczaneler,https://acikveri.bizizmir.com/dataset/nobetci-eczaneler-ve-eczane-listesi,CC BY 4.0,İzmir Büyükşehir Belediyesi Açık Veri Portalı
pharmacy:1073:38.398281:27.123338,pharmacy,Pharmacy,KARDELEN ECZANESİ,38.398281,27.123338,BOZYAKA,,BAHÇELİEVLER MH. SAİM ÇIKRIKÇI CD. NO:104/A BOZYAKA,02322621068,,,2026-09-20T07:31:15.702Z,COMPLETE_FOR_MAPPABLE_ROWS,api,Tüm eczaneler,https://acikveri.bizizmir.com/dataset/nobetci-eczaneler-ve-eczane-listesi,CC BY 4.0,İzmir Büyükşehir Belediyesi Açık Veri Portalı
pharmacy:1074:38.398303:27.123366,pharmacy,Pharmacy,BURÇAK ECZANESİ,38.398303,27.123366,BOZYAKA,,BAHÇELİEVLER MH. SAİM ÇIKRIKÇI CD. NO:104 BOZYAKA,02322621058,,,2026-09-20T07:31:15.702Z,COMPLETE_FOR_MAPPABLE_ROWS,api,Tüm eczaneler,https://acikveri.bizizmir.com/dataset/nobetci-eczaneler-ve-eczane-listesi,CC BY 4.0,İzmir Büyükşehir Belediyesi Açık Veri Portalı
pharmacy:1075:38.3906370674349:27.1733507238379,pharmacy,Pharmacy,METEGÜN,38.3906370674349,27.1733507238379,BUCA 1,,YAYLACIK MH. ERDEM CAD.NO:164,4482216,,,2026-09-20T07:31:15.702Z,COMPLETE_FOR_MAPPABLE_ROWS,api,Tüm eczaneler,https://acikveri.bizizmir.com/dataset/nobetci-eczaneler-ve-eczane-listesi,CC BY 4.0,İzmir Büyükşehir Belediyesi Açık Veri Portalı
pharmacy:1076:38.433697:27.191106,pharmacy,Pharmacy,TÜLAY ECZANESİ,38.433697,27.191106,ÇAMDİBİ,,GAZİOSMANPAŞA MH. 5227 SK. NO:67/B ÇAMDİBİ,02324619514,,,2026-09-20T07:31:15.702Z,COMPLETE_FOR_MAPPABLE_ROWS,api,Tüm eczaneler,https://acikveri.bizizmir.com/dataset/nobetci-eczaneler-ve-eczane-listesi,CC BY 4.0,İzmir Büyükşehir Belediyesi Açık Veri Portalı
pharmacy:1077:38.483768:27.058581,pharmacy,Pharmacy,ECZANE ECEM ECZANESİ,38.483768,27.058581,ÇİĞLİ,,ATAŞEHİR MH. 8019/21 SK. NO:11/B,02323291103,,,2026-09-20T07:31:15.702Z,COMPLETE_FOR_MAPPABLE_ROWS,api,Tüm eczaneler,https://acikveri.bizizmir.com/dataset/nobetci-eczaneler-ve-eczane-listesi,CC BY 4.0,İzmir Büyükşehir Belediyesi Açık Veri Portalı
pharmacy:1078:38.370849:27.107644,pharmacy,Pharmacy,ECZANE YENİ ECZANESİ,38.370849,27.107644,ESKİİZMİR-CENNETÇEŞME,,GAZİ MH. ESKİİZMİR CD. NO:662/A ESKİİZMİR,02322711099,,,2026-09-20T07:31:15.702Z,COMPLETE_FOR_MAPPABLE_ROWS,api,Tüm eczaneler,https://acikveri.bizizmir.com/dataset/nobetci-eczaneler-ve-eczane-listesi,CC BY 4.0,İzmir Büyükşehir Belediyesi Açık Veri Portalı
pharmacy:1080:38.247887:28.164825,pharmacy,Pharmacy,TİRE ÜMİT ECZANESİ,38.247887,28.164825,TİRE,,YENİ MH. ENSTİTÜ CD. 7/A,02325127499,,,2026-09-20T07:31:15.702Z,COMPLETE_FOR_MAPPABLE_ROWS,api,Tüm eczaneler,https://acikveri.bizizmir.com/dataset/nobetci-eczaneler-ve-eczane-listesi,CC BY 4.0,İzmir Büyükşehir Belediyesi Açık Veri Portalı
pharmacy:1081:38.6066:27.0751,pharmacy,Pharmacy,DENİZ ECZANESİ,38.6066,27.0751,MENEMEN,,ESATPAŞA MH. ALTUĞ KARABURUN CD. NO:14/B,02328312919,,,2026-09-20T07:31:15.702Z,COMPLETE_FOR_MAPPABLE_ROWS,api,Tüm eczaneler,https://acikveri.bizizmir.com/dataset/nobetci-eczaneler-ve-eczane-listesi,CC BY 4.0,İzmir Büyükşehir Belediyesi Açık Veri Portalı
pharmacy:1082:38.429895:27.136773,pharmacy,Pharmacy,SİMYA ECZANESİ,38.429895,27.136773,YENİŞEHİR,,KÜLTÜR MH. MUSTAFA MÜNİR BİRSEL SK. NO:10/A,02323433000,,,2026-09-20T07:31:15.702Z,COMPLETE_FOR_MAPPABLE_ROWS,api,Tüm eczaneler,https://acikveri.bizizmir.com/dataset/nobetci-eczaneler-ve-eczane-listesi,CC BY 4.0,İzmir Büyükşehir Belediyesi Açık Veri Portalı
pharmacy:1083:38.389804:27.058115,pharmacy,Pharmacy,ILAYDA ECZANESİ,38.389804,27.058115,BALÇOVA,,ONUR MH. ATA CD. NO:92/B,02322481422,,,2026-09-20T07:31:15.702Z,COMPLETE_FOR_MAPPABLE_ROWS,api,Tüm eczaneler,https://acikveri.bizizmir.com/dataset/nobetci-eczaneler-ve-eczane-listesi,CC BY 4.0,İzmir Büyükşehir Belediyesi Açık Veri Portalı
pharmacy:1084:38.432827:27.190632,pharmacy,Pharmacy,TUNA ECZANESİ,38.432827,27.190632,ÇAMDİBİ,,GAZİOSMANPAŞA MAH. 5460 SOK. NO:6,02324626281,,,2026-09-20T07:31:15.702Z,COMPLETE_FOR_MAPPABLE_ROWS,api,Tüm eczaneler,https://acikveri.bizizmir.com/dataset/nobetci-eczaneler-ve-eczane-listesi,CC BY 4.0,İzmir Büyükşehir Belediyesi Açık Veri Portalı
pharmacy:1086:38.422021:27.154172,pharmacy,Pharmacy,DOĞA ECZANESİ,38.422021,27.154172,YENİŞEHİR,,YENİDOĞAN MH. 1138/1 SK. NO:3/A YENİŞEHİR,02324698585,,,2026-09-20T07:31:15.702Z,COMPLETE_FOR_MAPPABLE_ROWS,api,Tüm eczaneler,https://acikveri.bizizmir.com/dataset/nobetci-eczaneler-ve-eczane-listesi,CC BY 4.0,İzmir Büyükşehir Belediyesi Açık Veri Portalı
pharmacy:1087:38.324981:26.752099,pharmacy,Pharmacy,URLA PAZAR ECZANESİ,38.324981,26.752099,URLA,,YAKA MAH. ERDOĞAN KER CAD. NO:128/B,02327546434,,,2026-09-20T07:31:15.702Z,COMPLETE_FOR_MAPPABLE_ROWS,api,Tüm eczaneler,https://acikveri.bizizmir.com/dataset/nobetci-eczaneler-ve-eczane-listesi,CC BY 4.0,İzmir Büyükşehir Belediyesi Açık Veri Portalı
pharmacy:1089:38.460996:27.212849,pharmacy,Pharmacy,ARZUM ECZANESİ,38.460996,27.212849,BORNOVA 2,,KAZIM DİRİK MAH.SÜVARİ CAD.NO:51/A BORNOVA IZMIR,02323421432,,,2026-09-20T07:31:15.702Z,COMPLETE_FOR_MAPPABLE_ROWS,api,Tüm eczaneler,https://acikveri.bizizmir.com/dataset/nobetci-eczaneler-ve-eczane-listesi,CC BY 4.0,İzmir Büyükşehir Belediyesi Açık Veri Portalı
pharmacy:1090:38.459783:27.205645,pharmacy,Pharmacy,BORNOVA PALANDUZ ECZANESİ,38.459783,27.205645,BORNOVA 2,,KAZIM DİRİK MH. 213 SK. NO:21/A BORNOVA - İZMİR,02323420142,,,2026-09-20T07:31:15.702Z,COMPLETE_FOR_MAPPABLE_ROWS,api,Tüm eczaneler,https://acikveri.bizizmir.com/dataset/nobetci-eczaneler-ve-eczane-listesi,CC BY 4.0,İzmir Büyükşehir Belediyesi Açık Veri Portalı
pharmacy:1091:38.459705:27.188222,pharmacy,Pharmacy,BAYRAKLI INCI ECZANESİ,38.459705,27.188222,BORNOVA 3,,MANAKUYU MH. ALİJA İZET BEGOVİÇ CD. NO:54/A,02322646489,,,2026-09-20T07:31:15.702Z,COMPLETE_FOR_MAPPABLE_ROWS,api,Tüm eczaneler,https://acikveri.bizizmir.com/dataset/nobetci-eczaneler-ve-eczane-listesi,CC BY 4.0,İzmir Büyükşehir Belediyesi Açık Veri Portalı
pharmacy:1093:38.474752:27.196263,pharmacy,Pharmacy,HARİKA ECZANESİ,38.474752,27.196263,ATATÜRK,,ATATÜRK MAH. YAVUZ CAD. NO:148/A,02323425500,,,2026-09-20T07:31:15.702Z,COMPLETE_FOR_MAPPABLE_ROWS,api,Tüm eczaneler,https://acikveri.bizizmir.com/dataset/nobetci-eczaneler-ve-eczane-listesi,CC BY 4.0,İzmir Büyükşehir Belediyesi Açık Veri Portalı
pharmacy:1094:38.4623:27.1966,pharmacy,Pharmacy,NİHAN OKUTAN ECZANESİ,38.4623,27.1966,BORNOVA 3,,MANAVKUYU MAH. FATİH SULTAN MEHMET CAD.NO:70/C,02329993991,,,2026-09-20T07:31:15.702Z,COMPLETE_FOR_MAPPABLE_ROWS,api,Tüm eczaneler,https://acikveri.bizizmir.com/dataset/nobetci-eczaneler-ve-eczane-listesi,CC BY 4.0,İzmir Büyükşehir Belediyesi Açık Veri Portalı
pharmacy:1095:38.3723988574243:27.1902027144615,pharmacy,Pharmacy,KAYNAKLAR,38.3723988574243,27.1902027144615,BUCA 2,,KURUÇEŞME MAH. HOCA AHMET YESEVİ CAD. NO:168/B,4529995,,,2026-09-20T07:31:15.702Z,COMPLETE_FOR_MAPPABLE_ROWS,api,Tüm eczaneler,https://acikveri.bizizmir.com/dataset/nobetci-eczaneler-ve-eczane-listesi,CC BY 4.0,İzmir Büyükşehir Belediyesi Açık Veri Portalı
pharmacy:1096:38.369795:27.193728,pharmacy,Pharmacy,ASLIM ECZANESİ,38.369795,27.193728,BUCA 2,,KURUÇEŞME MAH. AHMET PRİŞTİNA CAD. 66/C,02324535970,,,2026-09-20T07:31:15.702Z,COMPLETE_FOR_MAPPABLE_ROWS,api,Tüm eczaneler,https://acikveri.bizizmir.com/dataset/nobetci-eczaneler-ve-eczane-listesi,CC BY 4.0,İzmir Büyükşehir Belediyesi Açık Veri Portalı
pharmacy:1097:38.495836:27.050079,pharmacy,Pharmacy,ROZA ECZANESİ,38.495836,27.050079,ÇİĞLİ,,YENİMAHALLE MAH.MURAT KARAYALÇIN BULVARI NO:6/E,02323636313,,,2026-09-20T07:31:15.702Z,COMPLETE_FOR_MAPPABLE_ROWS,api,Tüm eczaneler,https://acikveri.bizizmir.com/dataset/nobetci-eczaneler-ve-eczane-listesi,CC BY 4.0,İzmir Büyükşehir Belediyesi Açık Veri Portalı
pharmacy:1099:38.097466:27.728088,pharmacy,Pharmacy,TİRE YENİPARK ECZANESİ,38.097466,27.728088,TİRE,,HÜRRİYET MAH ORHAN AKSAY CAD NO:10B/5,02325055454,,,2026-09-20T07:31:15.702Z,COMPLETE_FOR_MAPPABLE_ROWS,api,Tüm eczaneler,https://acikveri.bizizmir.com/dataset/nobetci-eczaneler-ve-eczane-listesi,CC BY 4.0,İzmir Büyükşehir Belediyesi Açık Veri Portalı
pharmacy:1100:38.4243:27.167,pharmacy,Pharmacy,SAYHAN ECZANESİ,38.4243,27.167,YENİŞEHİR,,YENİŞEHİR MAH. GAZİLER CAD. NO:341/H,02324492335,,,2026-09-20T07:31:15.702Z,COMPLETE_FOR_MAPPABLE_ROWS,api,Tüm eczaneler,https://acikveri.bizizmir.com/dataset/nobetci-eczaneler-ve-eczane-listesi,CC BY 4.0,İzmir Büyükşehir Belediyesi Açık Veri Portalı
pharmacy:1102:39.071035:26.888878,pharmacy,Pharmacy,OKUDUR ECZANESİ,39.071035,26.888878,DİKİLİ,,İSMETPAŞA MAH 9 SOK NO:3/C,02326712211,,,2026-09-20T07:31:15.702Z,COMPLETE_FOR_MAPPABLE_ROWS,api,Tüm eczaneler,https://acikveri.bizizmir.com/dataset/nobetci-eczaneler-ve-eczane-listesi,CC BY 4.0,İzmir Büyükşehir Belediyesi Açık Veri Portalı
pharmacy:1103:38.389472:27.155088,pharmacy,Pharmacy,YENİ DÖRTEL ECZANESİ,38.389472,27.155088,ŞİRİNYER,,EFELER MAH. 325 SK NO:49,02324483439,,,2026-09-20T07:31:15.702Z,COMPLETE_FOR_MAPPABLE_ROWS,api,Tüm eczaneler,https://acikveri.bizizmir.com/dataset/nobetci-eczaneler-ve-eczane-listesi,CC BY 4.0,İzmir Büyükşehir Belediyesi Açık Veri Portalı
pharmacy:1104:38.465607:27.122483,pharmacy,Pharmacy,ESMA ECZANESİ,38.465607,27.122483,KARŞIYAKA 2,,CEVDET BILSAY CAD.1851/5 SOKAK NO:53 KARSIYAKA/IZMIR,02323652620,,,2026-09-20T07:31:15.702Z,COMPLETE_FOR_MAPPABLE_ROWS,api,Tüm eczaneler,https://acikveri.bizizmir.com/dataset/nobetci-eczaneler-ve-eczane-listesi,CC BY 4.0,İzmir Büyükşehir Belediyesi Açık Veri Portalı
pharmacy:1105:38.4632:27.1162,pharmacy,Pharmacy,UGURUM ECZANESİ,38.4632,27.1162,KARŞIYAKA 2,,BAHARIYE MAH. ZÜBEYDE HANIM CAD. NO:102/A KARSIYAKA/IZMIR,02323661650,,,2026-09-20T07:31:15.702Z,COMPLETE_FOR_MAPPABLE_ROWS,api,Tüm eczaneler,https://acikveri.bizizmir.com/dataset/nobetci-eczaneler-ve-eczane-listesi,CC BY 4.0,İzmir Büyükşehir Belediyesi Açık Veri Portalı
pharmacy:1106:38.463794:27.120399,pharmacy,Pharmacy,PAKSOY ECZANESİ,38.463794,27.120399,KARŞIYAKA 2,,SOGUKKUYU MAH.1707 SOKAK NO:5/1-A KARSIYAKA,02323661647,,,2026-09-20T07:31:15.702Z,COMPLETE_FOR_MAPPABLE_ROWS,api,Tüm eczaneler,https://acikveri.bizizmir.com/dataset/nobetci-eczaneler-ve-eczane-listesi,CC BY 4.0,İzmir Büyükşehir Belediyesi Açık Veri Portalı
pharmacy:1107:38.463267:27.121621,pharmacy,Pharmacy,BORAN ECZANESİ,38.463267,27.121621,KARŞIYAKA 2,,BAHÇELİEVLER MAH. 1851 SOK. NO:1/A,02323651538,,,2026-09-20T07:31:15.702Z,COMPLETE_FOR_MAPPABLE_ROWS,api,Tüm eczaneler,https://acikveri.bizizmir.com/dataset/nobetci-eczaneler-ve-eczane-listesi,CC BY 4.0,İzmir Büyükşehir Belediyesi Açık Veri Portalı
pharmacy:1108:38.459197:27.114313,pharmacy,Pharmacy,BULVAR ECZANESİ,38.459197,27.114313,KARŞIYAKA 2,,BAHRİYE ÜÇOK MAH. DOÇ. DR. BAHRİYE ÜÇOK BULV. NO:1/2A,02323643753,,,2026-09-20T07:31:15.702Z,COMPLETE_FOR_MAPPABLE_ROWS,api,Tüm eczaneler,https://acikveri.bizizmir.com/dataset/nobetci-eczaneler-ve-eczane-listesi,CC BY 4.0,İzmir Büyükşehir Belediyesi Açık Veri Portalı
pharmacy:1109:38.461476:27.115906,pharmacy,Pharmacy,EPİR ECZANESİ,38.461476,27.115906,KARŞIYAKA 2,,ATATÜRK BULVARI NO:3/B,02323671666,,,2026-09-20T07:31:15.702Z,COMPLETE_FOR_MAPPABLE_ROWS,api,Tüm eczaneler,https://acikveri.bizizmir.com/dataset/nobetci-eczaneler-ve-eczane-listesi,CC BY 4.0,İzmir Büyükşehir Belediyesi Açık Veri Portalı
pharmacy:1110:38.463916:27.120675,pharmacy,Pharmacy,KÖRFEZ ECZANESİ,38.463916,27.120675,KARŞIYAKA 2,,1707 SOKAK NO:10/B,02323826503,,,2026-09-20T07:31:15.702Z,COMPLETE_FOR_MAPPABLE_ROWS,api,Tüm eczaneler,https://acikveri.bizizmir.com/dataset/nobetci-eczaneler-ve-eczane-listesi,CC BY 4.0,İzmir Büyükşehir Belediyesi Açık Veri Portalı
pharmacy:1111:38.462086:27.118875,pharmacy,Pharmacy,SERDAROGLU ECZANESİ,38.462086,27.118875,KARŞIYAKA 2,,BAHARIYE MAH. YAŞAR AKSOY SOKAK NO:18/A,02323828339,,,2026-09-20T07:31:15.702Z,COMPLETE_FOR_MAPPABLE_ROWS,api,Tüm eczaneler,https://acikveri.bizizmir.com/dataset/nobetci-eczaneler-ve-eczane-listesi,CC BY 4.0,İzmir Büyükşehir Belediyesi Açık Veri Portalı
pharmacy:1112:38.465:27.1222,pharmacy,Pharmacy,LIDER ECZANESİ,38.465,27.1222,KARŞIYAKA 2,,1703 SOKAK NO:50/F KARSIYAKA,02323657960,,,2026-09-20T07:31:15.702Z,COMPLETE_FOR_MAPPABLE_ROWS,api,Tüm eczaneler,https://acikveri.bizizmir.com/dataset/nobetci-eczaneler-ve-eczane-listesi,CC BY 4.0,İzmir Büyükşehir Belediyesi Açık Veri Portalı
pharmacy:1113:38.460197:27.114833,pharmacy,Pharmacy,KARAHISARLI ECZANESİ,38.460197,27.114833,KARŞIYAKA 2,,BAHRİYE ÜÇOK BULVARI NO:4/1-C,02323683623,,,2026-09-20T07:31:15.702Z,COMPLETE_FOR_MAPPABLE_ROWS,api,Tüm eczaneler,https://acikveri.bizizmir.com/dataset/nobetci-eczaneler-ve-eczane-listesi,CC BY 4.0,İzmir Büyükşehir Belediyesi Açık Veri Portalı
pharmacy:1114:38.4641:27.113952,pharmacy,Pharmacy,YENI AKYÜZ ECZANESİ,38.4641,27.113952,KARŞIYAKA 2,,ORHAN SAIK GÖKYAY CAD.1834 SOK.NO:20/A,02323822303,,,2026-09-20T07:31:15.702Z,COMPLETE_FOR_MAPPABLE_ROWS,api,Tüm eczaneler,https://acikveri.bizizmir.com/dataset/nobetci-eczaneler-ve-eczane-listesi,CC BY 4.0,İzmir Büyükşehir Belediyesi Açık Veri Portalı
pharmacy:1115:38.464333:27.112269,pharmacy,Pharmacy,AKUT ECZANESİ,38.464333,27.112269,KARŞIYAKA 2,,ORHAN ŞAİK GÖKYAY CD.1834 SK. NO:38/B,02323822300,,,2026-09-20T07:31:15.702Z,COMPLETE_FOR_MAPPABLE_ROWS,api,Tüm eczaneler,https://acikveri.bizizmir.com/dataset/nobetci-eczaneler-ve-eczane-listesi,CC BY 4.0,İzmir Büyükşehir Belediyesi Açık Veri Portalı
pharmacy:1116:38.459087:27.108078,pharmacy,Pharmacy,TÜRKER ECZANESİ,38.459087,27.108078,KARŞIYAKA 2,,BAHRIYE ÜÇOK MAH. LATIFE HANIM SOKAK 1879 SK. NO:91/A KARSIYAKA/IZMIR,02323813848,,,2026-09-20T07:31:15.702Z,COMPLETE_FOR_MAPPABLE_ROWS,api,Tüm eczaneler,https://acikveri.bizizmir.com/dataset/nobetci-eczaneler-ve-eczane-listesi,CC BY 4.0,İzmir Büyükşehir Belediyesi Açık Veri Portalı
pharmacy:1117:38.467349:27.112699,pharmacy,Pharmacy,BEYAZ ECZANESİ,38.467349,27.112699,KARŞIYAKA 2,,BAHÇELİEVLER MAH. GÜN SAZAK BULVARI NO:30/C,02323661862,,,2026-09-20T07:31:15.702Z,COMPLETE_FOR_MAPPABLE_ROWS,api,Tüm eczaneler,https://acikveri.bizizmir.com/dataset/nobetci-eczaneler-ve-eczane-listesi,CC BY 4.0,İzmir Büyükşehir Belediyesi Açık Veri Portalı
pharmacy:1118:38.466597:27.118847,pharmacy,Pharmacy,TANSELİ ECZANESİ,38.466597,27.118847,KARŞIYAKA 2,,BAHÇELİEVLER MAH. YAŞAR AKSOY SOK. NO:121/D,02323727574,,,2026-09-20T07:31:15.702Z,COMPLETE_FOR_MAPPABLE_ROWS,api,Tüm eczaneler,https://acikveri.bizizmir.com/dataset/nobetci-eczaneler-ve-eczane-listesi,CC BY 4.0,İzmir Büyükşehir Belediyesi Açık Veri Portalı
pharmacy:1119:38.4664:27.1172,pharmacy,Pharmacy,BARBAROS ECZANESİ,38.4664,27.1172,KARŞIYAKA 2,,CEVDET BILSAY CD.NO.114/C SOGUKKUYU,02323669997,,,2026-09-20T07:31:15.702Z,COMPLETE_FOR_MAPPABLE_ROWS,api,Tüm eczaneler,https://acikveri.bizizmir.com/dataset/nobetci-eczaneler-ve-eczane-listesi,CC BY 4.0,İzmir Büyükşehir Belediyesi Açık Veri Portalı
pharmacy:1120:38.4618:27.1141,pharmacy,Pharmacy,AKKOYUN ECZANESİ,38.4618,27.1141,KARŞIYAKA 2,,SOGUKKUYU MAH.ATATÜRK BLV.NO.19/C,02323656602,,,2026-09-20T07:31:15.702Z,COMPLETE_FOR_MAPPABLE_ROWS,api,Tüm eczaneler,https://acikveri.bizizmir.com/dataset/nobetci-eczaneler-ve-eczane-listesi,CC BY 4.0,İzmir Büyükşehir Belediyesi Açık Veri Portalı
pharmacy:1121:38.461512:27.114425,pharmacy,Pharmacy,KARŞIYAKA İPEK ECZANESİ,38.461512,27.114425,KARŞIYAKA 2,,BAHRİYE ÜÇOK MAH. DOÇ. DR. BAHRİYE ÜÇOK BULVARI NO:15/3A,02323662051,,,2026-09-20T07:31:15.702Z,COMPLETE_FOR_MAPPABLE_ROWS,api,Tüm eczaneler,https://acikveri.bizizmir.com/dataset/nobetci-eczaneler-ve-eczane-listesi,CC BY 4.0,İzmir Büyükşehir Belediyesi Açık Veri Portalı
pharmacy:1122:38.458449:27.114309,pharmacy,Pharmacy,KARSIYAKA ILKE ECZANESİ,38.458449,27.114309,KARŞIYAKA 2,,BAHRİYE ÜÇOK MH. LATİF HN. SK. NO:19/A KARSIYAKA/IZMIR,02323696730,,,2026-09-20T07:31:15.702Z,COMPLETE_FOR_MAPPABLE_ROWS,api,Tüm eczaneler,https://acikveri.bizizmir.com/dataset/nobetci-eczaneler-ve-eczane-listesi,CC BY 4.0,İzmir Büyükşehir Belediyesi Açık Veri Portalı
pharmacy:1123:38.461318:27.114463,pharmacy,Pharmacy,KARSIYAKA MERKEZ ECZANESİ,38.461318,27.114463,KARŞIYAKA 2,,BAHRIYE ÜÇOK BLV. 15/1-A,02323698850,,,2026-09-20T07:31:15.702Z,COMPLETE_FOR_MAPPABLE_ROWS,api,Tüm eczaneler,https://acikveri.bizizmir.com/dataset/nobetci-eczaneler-ve-eczane-listesi,CC BY 4.0,İzmir Büyükşehir Belediyesi Açık Veri Portalı
pharmacy:1124:38.4614894944272:27.1145314476719,pharmacy,Pharmacy,KARSIYAKA SAGLIK ECZANESİ,38.4614894944272,27.1145314476719,KARŞIYAKA 2,,SOGUKKUYU MAH.BAHRIYE ÜÇOK BULVARI NO:15/3-B,2323677311,,,2026-09-20T07:31:15.702Z,COMPLETE_FOR_MAPPABLE_ROWS,api,Tüm eczaneler,https://acikveri.bizizmir.com/dataset/nobetci-eczaneler-ve-eczane-listesi,CC BY 4.0,İzmir Büyükşehir Belediyesi Açık Veri Portalı
pharmacy:1125:38.458769:27.113422,pharmacy,Pharmacy,OKYANUS ECZANESİ,38.458769,27.113422,KARŞIYAKA 2,,BAHRİYE ÜÇOK MAH. LATİFE HANIM SOK. NO:22/A,02323697234,,,2026-09-20T07:31:15.702Z,COMPLETE_FOR_MAPPABLE_ROWS,api,Tüm eczaneler,https://acikveri.bizizmir.com/dataset/nobetci-eczaneler-ve-eczane-listesi,CC BY 4.0,İzmir Büyükşehir Belediyesi Açık Veri Portalı
pharmacy:1126:38.4580331936858:27.0968180144243,pharmacy,Pharmacy,ÇAYLI,38.4580331936858,27.0968180144243,KARŞIYAKA 3,,CEMAL GÜRSEL CD. NO:516/B ÇEŞME DURAĞI,3363314,,,2026-09-20T07:31:15.702Z,COMPLETE_FOR_MAPPABLE_ROWS,api,Tüm eczaneler,https://acikveri.bizizmir.com/dataset/nobetci-eczaneler-ve-eczane-listesi,CC BY 4.0,İzmir Büyükşehir Belediyesi Açık Veri Portalı
pharmacy:1127:38.4555616581563:27.1177496873782,pharmacy,Pharmacy,USMEN,38.4555616581563,27.1177496873782,KARŞIYAKA 1,,CAMİ SOKAĞI 1721 SOKAK NO:16/A,3810875,,,2026-09-20T07:31:15.702Z,COMPLETE_FOR_MAPPABLE_ROWS,api,Tüm eczaneler,https://acikveri.bizizmir.com/dataset/nobetci-eczaneler-ve-eczane-listesi,CC BY 4.0,İzmir Büyükşehir Belediyesi Açık Veri Portalı
pharmacy:1128:38.4578:27.1212,pharmacy,Pharmacy,MAVI KÖSE ECZANESİ,38.4578,27.1212,KARŞIYAKA 1,,TUNA MAH. ŞEHİT ÜSTEĞMEN AHMET KONUKSEVER SOK. NO. 54/A,02323233264,,,2026-09-20T07:31:15.702Z,COMPLETE_FOR_MAPPABLE_ROWS,api,Tüm eczaneler,https://acikveri.bizizmir.com/dataset/nobetci-eczaneler-ve-eczane-listesi,CC BY 4.0,İzmir Büyükşehir Belediyesi Açık Veri Portalı
pharmacy:1129:38.456172:27.118948,pharmacy,Pharmacy,ATAŞEN ECZANESİ,38.456172,27.118948,KARŞIYAKA 1,,TUNA MAH. 1690 SOK. NO:8,02323815600,,,2026-09-20T07:31:15.702Z,COMPLETE_FOR_MAPPABLE_ROWS,api,Tüm eczaneler,https://acikveri.bizizmir.com/dataset/nobetci-eczaneler-ve-eczane-listesi,CC BY 4.0,İzmir Büyükşehir Belediyesi Açık Veri Portalı
pharmacy:1130:38.452598:27.108301,pharmacy,Pharmacy,RESADIYE ECZANESİ,38.452598,27.108301,KARŞIYAKA 1,,1748 SOK.NO:44/A-B,02323810860,,,2026-09-20T07:31:15.702Z,COMPLETE_FOR_MAPPABLE_ROWS,api,Tüm eczaneler,https://acikveri.bizizmir.com/dataset/nobetci-eczaneler-ve-eczane-listesi,CC BY 4.0,İzmir Büyükşehir Belediyesi Açık Veri Portalı
pharmacy:1131:38.4564:27.1179,pharmacy,Pharmacy,FERAH ECZANESİ,38.4564,27.1179,KARŞIYAKA 1,,1717 SOKAK NO:75,02323815023,,,2026-09-20T07:31:15.702Z,COMPLETE_FOR_MAPPABLE_ROWS,api,Tüm eczaneler,https://acikveri.bizizmir.com/dataset/nobetci-eczaneler-ve-eczane-listesi,CC BY 4.0,İzmir Büyükşehir Belediyesi Açık Veri Portalı
pharmacy:1132:38.454587:27.111038,pharmacy,Pharmacy,FIGEN ECZANESİ,38.454587,27.111038,KARŞIYAKA 1,,FAZLI BEY CD. NO:73/A,02323688112,,,2026-09-20T07:31:15.702Z,COMPLETE_FOR_MAPPABLE_ROWS,api,Tüm eczaneler,https://acikveri.bizizmir.com/dataset/nobetci-eczaneler-ve-eczane-listesi,CC BY 4.0,İzmir Büyükşehir Belediyesi Açık Veri Portalı
pharmacy:1133:38.4567741542542:27.1198167361969,pharmacy,Pharmacy,YENİ İPEK,38.4567741542542,27.1198167361969,KARŞIYAKA 1,,1710 SK NO:33/1,3694648,,,2026-09-20T07:31:15.702Z,COMPLETE_FOR_MAPPABLE_ROWS,api,Tüm eczaneler,https://acikveri.bizizmir.com/dataset/nobetci-eczaneler-ve-eczane-listesi,CC BY 4.0,İzmir Büyükşehir Belediyesi Açık Veri Portalı
pharmacy:1134:38.450943:27.113249,pharmacy,Pharmacy,NAZLI ECZANESİ,38.450943,27.113249,KARŞIYAKA 1,,DONANMACI MH. CEMAL GÜRSEL CD. NO:352/A,02323680136,,,2026-09-20T07:31:15.702Z,COMPLETE_FOR_MAPPABLE_ROWS,api,Tüm eczaneler,https://acikveri.bizizmir.com/dataset/nobetci-eczaneler-ve-eczane-listesi,CC BY 4.0,İzmir Büyükşehir Belediyesi Açık Veri Portalı
pharmacy:1135:38.457523:27.1155,pharmacy,Pharmacy,AK ECZANESİ,38.457523,27.1155,KARŞIYAKA 1,,1728 SOKAK NO:1/C KARSIYAKA/IZMIR,02323683534,,,2026-09-20T07:31:15.702Z,COMPLETE_FOR_MAPPABLE_ROWS,api,Tüm eczaneler,https://acikveri.bizizmir.com/dataset/nobetci-eczaneler-ve-eczane-listesi,CC BY 4.0,İzmir Büyükşehir Belediyesi Açık Veri Portalı
pharmacy:1136:38.457651:27.118671,pharmacy,Pharmacy,ALİ ECZANESİ,38.457651,27.118671,KARŞIYAKA 1,,1713 SOKAK NO:56 KARSIYAKA/IZMIR,02323647059,,,2026-09-20T07:31:15.702Z,COMPLETE_FOR_MAPPABLE_ROWS,api,Tüm eczaneler,https://acikveri.bizizmir.com/dataset/nobetci-eczaneler-ve-eczane-listesi,CC BY 4.0,İzmir Büyükşehir Belediyesi Açık Veri Portalı
pharmacy:1137:38.462986:27.124304,pharmacy,Pharmacy,YENİ FİGEN ECZANESİ,38.462986,27.124304,KARŞIYAKA 1,,BAHÇELİEVLER MAH. ŞEHİT İBRAHİM ER SOK. NO:137/A,02323661761,,,2026-09-20T07:31:15.702Z,COMPLETE_FOR_MAPPABLE_ROWS,api,Tüm eczaneler,https://acikveri.bizizmir.com/dataset/nobetci-eczaneler-ve-eczane-listesi,CC BY 4.0,İzmir Büyükşehir Belediyesi Açık Veri Portalı
pharmacy:1138:38.460873:27.123184,pharmacy,Pharmacy,BAGCI ECZANESİ,38.460873,27.123184,KARŞIYAKA 1,,TERSANE MAH. ŞEHİT ASIM AKSOY CAD.NO:50/A,02323675719,,,2026-09-20T07:31:15.702Z,COMPLETE_FOR_MAPPABLE_ROWS,api,Tüm eczaneler,https://acikveri.bizizmir.com/dataset/nobetci-eczaneler-ve-eczane-listesi,CC BY 4.0,İzmir Büyükşehir Belediyesi Açık Veri Portalı
pharmacy:1139:38.4605:27.1242,pharmacy,Pharmacy,BATI ECZANESİ,38.4605,27.1242,KARŞIYAKA 1,,SEHIT ASIM AKSOY CAD. NO:25/A KARSIYAKA/IZMIR,02323659440,,,2026-09-20T07:31:15.702Z,COMPLETE_FOR_MAPPABLE_ROWS,api,Tüm eczaneler,https://acikveri.bizizmir.com/dataset/nobetci-eczaneler-ve-eczane-listesi,CC BY 4.0,İzmir Büyükşehir Belediyesi Açık Veri Portalı
pharmacy:1140:38.4625:27.125,pharmacy,Pharmacy,BAGDATLI ECZANESİ,38.4625,27.125,KARŞIYAKA 1,,1671 SOKAK NO:27/B,2323726300,,,2026-09-20T07:31:15.702Z,COMPLETE_FOR_MAPPABLE_ROWS,api,Tüm eczaneler,https://acikveri.bizizmir.com/dataset/nobetci-eczaneler-ve-eczane-listesi,CC BY 4.0,İzmir Büyükşehir Belediyesi Açık Veri Portalı
pharmacy:1141:38.458444:27.120956,pharmacy,Pharmacy,SEFA ECZANESİ,38.458444,27.120956,KARŞIYAKA 1,,ALAYBEY MH. MEHMET İHSAN ZEYREK SK. NO:56/A KARŞIYAKA - İZMİR,02323687355,,,2026-09-20T07:31:15.702Z,COMPLETE_FOR_MAPPABLE_ROWS,api,Tüm eczaneler,https://acikveri.bizizmir.com/dataset/nobetci-eczaneler-ve-eczane-listesi,CC BY 4.0,İzmir Büyükşehir Belediyesi Açık Veri Portalı
pharmacy:1142:38.4576950193635:27.1156479470422,pharmacy,Pharmacy,KARŞIYAKA ÇAĞDAŞ,38.4576950193635,27.1156479470422,KARŞIYAKA 1,,ÇARŞI CAD. 1717 SK NO:169/B İSTASYON KARŞISI,3686894,,,2026-09-20T07:31:15.702Z,COMPLETE_FOR_MAPPABLE_ROWS,api,Tüm eczaneler,https://acikveri.bizizmir.com/dataset/nobetci-eczaneler-ve-eczane-listesi,CC BY 4.0,İzmir Büyükşehir Belediyesi Açık Veri Portalı
pharmacy:1143:38.454522:27.114788,pharmacy,Pharmacy,ATA DEMİR ECZANESİ,38.454522,27.114788,KARŞIYAKA 1,,DONANMACI MH. 1728 SK. NO:65/A,02323648886,,,2026-09-20T07:31:15.702Z,COMPLETE_FOR_MAPPABLE_ROWS,api,Tüm eczaneler,https://acikveri.bizizmir.com/dataset/nobetci-eczaneler-ve-eczane-listesi,CC BY 4.0,İzmir Büyükşehir Belediyesi Açık Veri Portalı
pharmacy:1144:38.454353:27.114664,pharmacy,Pharmacy,KARSIYAKA ÇINAR ECZANESİ,38.454353,27.114664,KARŞIYAKA 1,,DONANMACI MAH. 1728 SOK. NO:68/B,02323687475,,,2026-09-20T07:31:15.702Z,COMPLETE_FOR_MAPPABLE_ROWS,api,Tüm eczaneler,https://acikveri.bizizmir.com/dataset/nobetci-eczaneler-ve-eczane-listesi,CC BY 4.0,İzmir Büyükşehir Belediyesi Açık Veri Portalı
pharmacy:1145:38.456884:27.110706,pharmacy,Pharmacy,MOLAY ECZANESİ,38.456884,27.110706,KARŞIYAKA 1,,AKSOY MAH. 1767 SOK. NO:43/A,02323644405,,,2026-09-20T07:31:15.702Z,COMPLETE_FOR_MAPPABLE_ROWS,api,Tüm eczaneler,https://acikveri.bizizmir.com/dataset/nobetci-eczaneler-ve-eczane-listesi,CC BY 4.0,İzmir Büyükşehir Belediyesi Açık Veri Portalı
pharmacy:1146:38.45705:27.10905,pharmacy,Pharmacy,BILIM ECZANESİ,38.45705,27.10905,KARŞIYAKA 1,,AKSOY MH. 1748 SK. NO:115/A GİRNE-KARŞIYAKA,02323642320,,,2026-09-20T07:31:15.702Z,COMPLETE_FOR_MAPPABLE_ROWS,api,Tüm eczaneler,https://acikveri.bizizmir.com/dataset/nobetci-eczaneler-ve-eczane-listesi,CC BY 4.0,İzmir Büyükşehir Belediyesi Açık Veri Portalı
pharmacy:1147:38.457014:27.120024,pharmacy,Pharmacy,KARSIYAKA SEVGI ECZANESİ,38.457014,27.120024,KARŞIYAKA 1,,1710 SOK.NO:48/A,02323814381,,,2026-09-20T07:31:15.702Z,COMPLETE_FOR_MAPPABLE_ROWS,api,Tüm eczaneler,https://acikveri.bizizmir.com/dataset/nobetci-eczaneler-ve-eczane-listesi,CC BY 4.0,İzmir Büyükşehir Belediyesi Açık Veri Portalı
pharmacy:1148:38.462588:27.125225,pharmacy,Pharmacy,BERRA ECZANESİ,38.462588,27.125225,KARŞIYAKA 1,,KARŞIYAKA TERSANE MAHALLESİ 1671 SOKAK NO:21/B,02323674150,,,2026-09-20T07:31:15.702Z,COMPLETE_FOR_MAPPABLE_ROWS,api,Tüm eczaneler,https://acikveri.bizizmir.com/dataset/nobetci-eczaneler-ve-eczane-listesi,CC BY 4.0,İzmir Büyükşehir Belediyesi Açık Veri Portalı
pharmacy:1149:38.4551:27.1179,pharmacy,Pharmacy,AYLİN ÇOBAN ECZANESİ,38.4551,27.1179,KARŞIYAKA 1,,DONANMACI MAH ULVİ BAŞMAN SOK. NO:19/A,02323680806,,,2026-09-20T07:31:15.702Z,COMPLETE_FOR_MAPPABLE_ROWS,api,Tüm eczaneler,https://acikveri.bizizmir.com/dataset/nobetci-eczaneler-ve-eczane-listesi,CC BY 4.0,İzmir Büyükşehir Belediyesi Açık Veri Portalı
pharmacy:1150:38.459121:27.098502,pharmacy,Pharmacy,KUMBASAR ECZANESİ,38.459121,27.098502,KARŞIYAKA 3,,BOSTANLI MAH. 1735 SOK. NO:194/B,02322738372,,,2026-09-20T07:31:15.702Z,COMPLETE_FOR_MAPPABLE_ROWS,api,Tüm eczaneler,https://acikveri.bizizmir.com/dataset/nobetci-eczaneler-ve-eczane-listesi,CC BY 4.0,İzmir Büyükşehir Belediyesi Açık Veri Portalı
pharmacy:1151:38.4547444405425:27.1186288273346,pharmacy,Pharmacy,KARŞIYAKA İLKER,38.4547444405425,27.1186288273346,KARŞIYAKA 1,,DONANMACI MAH. CEMAL GÜRSEL CAD. NO:242/A KARŞIYAKA VAPUR İSKELESİ KARŞISI,3683391,,,2026-09-20T07:31:15.702Z,COMPLETE_FOR_MAPPABLE_ROWS,api,Tüm eczaneler,https://acikveri.bizizmir.com/dataset/nobetci-eczaneler-ve-eczane-listesi,CC BY 4.0,İzmir Büyükşehir Belediyesi Açık Veri Portalı
pharmacy:1152:38.458142:27.120886,pharmacy,Pharmacy,ÇAKIL ECZANESİ,38.458142,27.120886,KARŞIYAKA 1,,TUNA MAH. 1696 SOK. NO:41/C,02323697739,,,2026-09-20T07:31:15.702Z,COMPLETE_FOR_MAPPABLE_ROWS,api,Tüm eczaneler,https://acikveri.bizizmir.com/dataset/nobetci-eczaneler-ve-eczane-listesi,CC BY 4.0,İzmir Büyükşehir Belediyesi Açık Veri Portalı
pharmacy:1153:38.456494:27.115287,pharmacy,Pharmacy,TÜRKAN ECZANESİ,38.456494,27.115287,KARŞIYAKA 1,,DONANMACI MAH. 1728 SOK. NO:25/A,02323815310,,,2026-09-20T07:31:15.702Z,COMPLETE_FOR_MAPPABLE_ROWS,api,Tüm eczaneler,https://acikveri.bizizmir.com/dataset/nobetci-eczaneler-ve-eczane-listesi,CC BY 4.0,İzmir Büyükşehir Belediyesi Açık Veri Portalı
pharmacy:1154:38.457128809896:27.0980314616046,pharmacy,Pharmacy,YOSUN,38.457128809896,27.0980314616046,KARŞIYAKA 3,,CEMAL GÜRSEL CAD. NO:75/1C,3361511,,,2026-09-20T07:31:15.702Z,COMPLETE_FOR_MAPPABLE_ROWS,api,Tüm eczaneler,https://acikveri.bizizmir.com/dataset/nobetci-eczaneler-ve-eczane-listesi,CC BY 4.0,İzmir Büyükşehir Belediyesi Açık Veri Portalı
pharmacy:1155:38.4588234955913:27.0941271689045,pharmacy,Pharmacy,KÖPRÜ,38.4588234955913,27.0941271689045,KARŞIYAKA 3,,CENGİZ TOPEL CAD. NO:10/A KÖPRÜ,3366946,,,2026-09-20T07:31:15.702Z,COMPLETE_FOR_MAPPABLE_ROWS,api,Tüm eczaneler,https://acikveri.bizizmir.com/dataset/nobetci-eczaneler-ve-eczane-listesi,CC BY 4.0,İzmir Büyükşehir Belediyesi Açık Veri Portalı
pharmacy:1156:38.45888:27.098532,pharmacy,Pharmacy,GÜNEŞ ECZANESİ,38.45888,27.098532,KARŞIYAKA 3,,BOSTANLI MH. 1735 SK. NO:177/A,02323369944,,,2026-09-20T07:31:15.702Z,COMPLETE_FOR_MAPPABLE_ROWS,api,Tüm eczaneler,https://acikveri.bizizmir.com/dataset/nobetci-eczaneler-ve-eczane-listesi,CC BY 4.0,İzmir Büyükşehir Belediyesi Açık Veri Portalı
pharmacy:1157:38.463321:27.089253,pharmacy,Pharmacy,ALTINIRMAK ECZANESİ,38.463321,27.089253,KARŞIYAKA 3,,2031 SOKAK NO:7/A BOSTANLI KARSIYAKA/IZMIR,02323620376,,,2026-09-20T07:31:15.702Z,COMPLETE_FOR_MAPPABLE_ROWS,api,Tüm eczaneler,https://acikveri.bizizmir.com/dataset/nobetci-eczaneler-ve-eczane-listesi,CC BY 4.0,İzmir Büyükşehir Belediyesi Açık Veri Portalı
pharmacy:1158:38.458492:27.097591,pharmacy,Pharmacy,AYSAN ECZANESİ,38.458492,27.097591,KARŞIYAKA 3,,BOSTANLI MAH. CEMAL BÜLBÜL SOK. NO:14/A,02323365194,,,2026-09-20T07:31:15.702Z,COMPLETE_FOR_MAPPABLE_ROWS,api,Tüm eczaneler,https://acikveri.bizizmir.com/dataset/nobetci-eczaneler-ve-eczane-listesi,CC BY 4.0,İzmir Büyükşehir Belediyesi Açık Veri Portalı
pharmacy:1159:38.4579532324293:27.096423552321,pharmacy,Pharmacy,TANRIVERDİ,38.4579532324293,27.096423552321,KARŞIYAKA 3,,CEMAL GÜRSEL CAD. NO:97/A,3306903,,,2026-09-20T07:31:15.702Z,COMPLETE_FOR_MAPPABLE_ROWS,api,Tüm eczaneler,https://acikveri.bizizmir.com/dataset/nobetci-eczaneler-ve-eczane-listesi,CC BY 4.0,İzmir Büyükşehir Belediyesi Açık Veri Portalı
pharmacy:1160:38.4527:27.1048,pharmacy,Pharmacy,GÖKÇE ECZANESİ,38.4527,27.1048,KARŞIYAKA 3,,GİRNE BULVARI NO. 5/C KARŞIYAKA,02323646426,,,2026-09-20T07:31:15.702Z,COMPLETE_FOR_MAPPABLE_ROWS,api,Tüm eczaneler,https://acikveri.bizizmir.com/dataset/nobetci-eczaneler-ve-eczane-listesi,CC BY 4.0,İzmir Büyükşehir Belediyesi Açık Veri Portalı
pharmacy:1161:38.460864:27.105151,pharmacy,Pharmacy,ALTUNAY ECZANESİ,38.460864,27.105151,KARŞIYAKA 3,,NERGİZ MAH. 2004 SOK. NO:3/A,02323369280,,,2026-09-20T07:31:15.702Z,COMPLETE_FOR_MAPPABLE_ROWS,api,Tüm eczaneler,https://acikveri.bizizmir.com/dataset/nobetci-eczaneler-ve-eczane-listesi,CC BY 4.0,İzmir Büyükşehir Belediyesi Açık Veri Portalı
pharmacy:1162:38.4639061105021:27.0930709467575,pharmacy,Pharmacy,HANIMELİ,38.4639061105021,27.0930709467575,KARŞIYAKA 3,,BOSTANLI MAH. CAHER DUDAYEV BULVARI NO:173/A,3306618,,,2026-09-20T07:31:15.702Z,COMPLETE_FOR_MAPPABLE_ROWS,api,Tüm eczaneler,https://acikveri.bizizmir.com/dataset/nobetci-eczaneler-ve-eczane-listesi,CC BY 4.0,İzmir Büyükşehir Belediyesi Açık Veri Portalı
pharmacy:1163:38.459:27.0985,pharmacy,Pharmacy,AKSEN ECZANESİ,38.459,27.0985,KARŞIYAKA 3,,1735 SOK.NO:192/A BOSTANLI,02323360119,,,2026-09-20T07:31:15.702Z,COMPLETE_FOR_MAPPABLE_ROWS,api,Tüm eczaneler,https://acikveri.bizizmir.com/dataset/nobetci-eczaneler-ve-eczane-listesi,CC BY 4.0,İzmir Büyükşehir Belediyesi Açık Veri Portalı
pharmacy:1164:38.468247:27.088975,pharmacy,Pharmacy,AY ECZANESİ,38.468247,27.088975,KARŞIYAKA 3,,YALI MAH. 6439 SOK. NO:59,02323371033,,,2026-09-20T07:31:15.702Z,COMPLETE_FOR_MAPPABLE_ROWS,api,Tüm eczaneler,https://acikveri.bizizmir.com/dataset/nobetci-eczaneler-ve-eczane-listesi,CC BY 4.0,İzmir Büyükşehir Belediyesi Açık Veri Portalı
pharmacy:1165:38.457862:27.106999,pharmacy,Pharmacy,DERMAN ECZANESİ,38.457862,27.106999,KARŞIYAKA 3,,GİRNE BULVARI NO:77/A,02323236980,,,2026-09-20T07:31:15.702Z,COMPLETE_FOR_MAPPABLE_ROWS,api,Tüm eczaneler,https://acikveri.bizizmir.com/dataset/nobetci-eczaneler-ve-eczane-listesi,CC BY 4.0,İzmir Büyükşehir Belediyesi Açık Veri Portalı
pharmacy:1166:38.472189:27.089884,pharmacy,Pharmacy,SIMAY ECZANESİ,38.472189,27.089884,KARŞIYAKA 3,,YALI MAH. 6482 SOKAK NO:10,02323309268,,,2026-09-20T07:31:15.702Z,COMPLETE_FOR_MAPPABLE_ROWS,api,Tüm eczaneler,https://acikveri.bizizmir.com/dataset/nobetci-eczaneler-ve-eczane-listesi,CC BY 4.0,İzmir Büyükşehir Belediyesi Açık Veri Portalı
pharmacy:1167:38.469088:27.087388,pharmacy,Pharmacy,YENİ AKHİSAR ECZANESİ,38.469088,27.087388,KARŞIYAKA 3,,YALI MAH. 6440/4 SOK. NO:2/B,02323362837,,,2026-09-20T07:31:15.702Z,COMPLETE_FOR_MAPPABLE_ROWS,api,Tüm eczaneler,https://acikveri.bizizmir.com/dataset/nobetci-eczaneler-ve-eczane-listesi,CC BY 4.0,İzmir Büyükşehir Belediyesi Açık Veri Portalı
pharmacy:1168:38.462201:27.092451,pharmacy,Pharmacy,BOSTANLI SEVINÇ ECZANESİ,38.462201,27.092451,KARŞIYAKA 3,,6351 BESTEKAR SADI HOSSES SOKAK NO:33 BOSTANLI,02323621318,,,2026-09-20T07:31:15.702Z,COMPLETE_FOR_MAPPABLE_ROWS,api,Tüm eczaneler,https://acikveri.bizizmir.com/dataset/nobetci-eczaneler-ve-eczane-listesi,CC BY 4.0,İzmir Büyükşehir Belediyesi Açık Veri Portalı
pharmacy:1169:38.456451:27.097909,pharmacy,Pharmacy,BOSTANLI AYFER ECZANESİ,38.456451,27.097909,KARŞIYAKA 3,,BOSTANLI MH. İSMAİL SİVRİ SK. NO:12/A,02323368494,,,2026-09-20T07:31:15.702Z,COMPLETE_FOR_MAPPABLE_ROWS,api,Tüm eczaneler,https://acikveri.bizizmir.com/dataset/nobetci-eczaneler-ve-eczane-listesi,CC BY 4.0,İzmir Büyükşehir Belediyesi Açık Veri Portalı
pharmacy:1170:38.461913:27.088562,pharmacy,Pharmacy,ERASLAN ECZANESİ,38.461913,27.088562,KARŞIYAKA 3,,ATAKENT MAH. CENGİZ TOPEL CAD. NO:48/F,02323620068,,,2026-09-20T07:31:15.702Z,COMPLETE_FOR_MAPPABLE_ROWS,api,Tüm eczaneler,https://acikveri.bizizmir.com/dataset/nobetci-eczaneler-ve-eczane-listesi,CC BY 4.0,İzmir Büyükşehir Belediyesi Açık Veri Portalı
pharmacy:1171:38.458516:27.099241,pharmacy,Pharmacy,HANDE ECZANESİ,38.458516,27.099241,KARŞIYAKA 3,,SEHITLER BULVARI NO:27/B BOSTANLI,02323622646,,,2026-09-20T07:31:15.702Z,COMPLETE_FOR_MAPPABLE_ROWS,api,Tüm eczaneler,https://acikveri.bizizmir.com/dataset/nobetci-eczaneler-ve-eczane-listesi,CC BY 4.0,İzmir Büyükşehir Belediyesi Açık Veri Portalı
pharmacy:1172:38.45927:27.098052,pharmacy,Pharmacy,ERDEM ECZANESİ,38.45927,27.098052,KARŞIYAKA 3,,BOSTANLI MAH. 1735 SOK. NO:198/A,02323369020,,,2026-09-20T07:31:15.702Z,COMPLETE_FOR_MAPPABLE_ROWS,api,Tüm eczaneler,https://acikveri.bizizmir.com/dataset/nobetci-eczaneler-ve-eczane-listesi,CC BY 4.0,İzmir Büyükşehir Belediyesi Açık Veri Portalı
pharmacy:1173:38.4722:27.0896,pharmacy,Pharmacy,PLEVNE ECZANESİ,38.4722,27.0896,KARŞIYAKA 3,,6479 SOK. NO:32 SEMIKLER,02323363800,,,2026-09-20T07:31:15.702Z,COMPLETE_FOR_MAPPABLE_ROWS,api,Tüm eczaneler,https://acikveri.bizizmir.com/dataset/nobetci-eczaneler-ve-eczane-listesi,CC BY 4.0,İzmir Büyükşehir Belediyesi Açık Veri Portalı
pharmacy:1174:38.468043:27.088325,pharmacy,Pharmacy,BAL ECZANESİ,38.468043,27.088325,KARŞIYAKA 3,,YALI MAH. 6439 SOK. NO:62/B,02323308992,,,2026-09-20T07:31:15.702Z,COMPLETE_FOR_MAPPABLE_ROWS,api,Tüm eczaneler,https://acikveri.bizizmir.com/dataset/nobetci-eczaneler-ve-eczane-listesi,CC BY 4.0,İzmir Büyükşehir Belediyesi Açık Veri Portalı
pharmacy:1175:38.463906:27.093071,pharmacy,Pharmacy,BOSTANLI PINAR ECZANESİ,38.463906,27.093071,KARŞIYAKA 3,,BOSTANLI MH. CAHER DUDAYEV BLV. NO:173/A,02323367584,,,2026-09-20T07:31:15.702Z,COMPLETE_FOR_MAPPABLE_ROWS,api,Tüm eczaneler,https://acikveri.bizizmir.com/dataset/nobetci-eczaneler-ve-eczane-listesi,CC BY 4.0,İzmir Büyükşehir Belediyesi Açık Veri Portalı
pharmacy:1176:38.4593:27.0977,pharmacy,Pharmacy,DAMLA ECZANESİ,38.4593,27.0977,KARŞIYAKA 3,,1735 SOKAK NO:202/A KARSIYAKA/IZMIR,02323372730,,,2026-09-20T07:31:15.702Z,COMPLETE_FOR_MAPPABLE_ROWS,api,Tüm eczaneler,https://acikveri.bizizmir.com/dataset/nobetci-eczaneler-ve-eczane-listesi,CC BY 4.0,İzmir Büyükşehir Belediyesi Açık Veri Portalı
pharmacy:1177:38.458765:27.097947,pharmacy,Pharmacy,BAHAR ECZANESİ,38.458765,27.097947,KARŞIYAKA 3,,BOSTANLI MAH. CEMAL BÜLBÜL SOK. NO:7/B,02323303930,,,2026-09-20T07:31:15.702Z,COMPLETE_FOR_MAPPABLE_ROWS,api,Tüm eczaneler,https://acikveri.bizizmir.com/dataset/nobetci-eczaneler-ve-eczane-listesi,CC BY 4.0,İzmir Büyükşehir Belediyesi Açık Veri Portalı
pharmacy:1178:38.468988:27.087838,pharmacy,Pharmacy,ÖZGÖREN ECZANESİ,38.468988,27.087838,KARŞIYAKA 3,,YALI MAH. 6440/3 SOK. NO:4/D,02323308363,,,2026-09-20T07:31:15.702Z,COMPLETE_FOR_MAPPABLE_ROWS,api,Tüm eczaneler,https://acikveri.bizizmir.com/dataset/nobetci-eczaneler-ve-eczane-listesi,CC BY 4.0,İzmir Büyükşehir Belediyesi Açık Veri Portalı
pharmacy:1179:38.469902:27.08915,pharmacy,Pharmacy,BENGİ ECZANESİ,38.469902,27.08915,KARŞIYAKA 3,,YALI MAH. OKAN YÜKSEL CAD. NO:23/A,02323621815,,,2026-09-20T07:31:15.702Z,COMPLETE_FOR_MAPPABLE_ROWS,api,Tüm eczaneler,https://acikveri.bizizmir.com/dataset/nobetci-eczaneler-ve-eczane-listesi,CC BY 4.0,İzmir Büyükşehir Belediyesi Açık Veri Portalı
pharmacy:1180:38.455935:27.106563,pharmacy,Pharmacy,LİMON ECZANESİ,38.455935,27.106563,KARŞIYAKA 3,,BOSTANLI MAH. GİRNE BULVARI NO:51/3B(05060464245),02323693726,,,2026-09-20T07:31:15.702Z,COMPLETE_FOR_MAPPABLE_ROWS,api,Tüm eczaneler,https://acikveri.bizizmir.com/dataset/nobetci-eczaneler-ve-eczane-listesi,CC BY 4.0,İzmir Büyükşehir Belediyesi Açık Veri Portalı
pharmacy:1181:38.4557:27.1066,pharmacy,Pharmacy,GIRNE NEHIR ECZANESİ,38.4557,27.1066,KARŞIYAKA 3,,GIRNE CAD.NO:51/1B,02323691109,,,2026-09-20T07:31:15.702Z,COMPLETE_FOR_MAPPABLE_ROWS,api,Tüm eczaneler,https://acikveri.bizizmir.com/dataset/nobetci-eczaneler-ve-eczane-listesi,CC BY 4.0,İzmir Büyükşehir Belediyesi Açık Veri Portalı
pharmacy:1182:38.4591346917831:27.0984650077378,pharmacy,Pharmacy,BOSTANLI ŞÜKRAN,38.4591346917831,27.0984650077378,KARŞIYAKA 3,,BOSTANLI MAH. 1735 SK NO:194/B,3621088,,,2026-09-20T07:31:15.702Z,COMPLETE_FOR_MAPPABLE_ROWS,api,Tüm eczaneler,https://acikveri.bizizmir.com/dataset/nobetci-eczaneler-ve-eczane-listesi,CC BY 4.0,İzmir Büyükşehir Belediyesi Açık Veri Portalı
pharmacy:1183:38.464012:27.09018,pharmacy,Pharmacy,SITE ECZANESİ,38.464012,27.09018,KARŞIYAKA 3,,ATAKENT MAH.BESTEKAR SADİ HOŞSES SK. NO:40/A,02323362734,,,2026-09-20T07:31:15.702Z,COMPLETE_FOR_MAPPABLE_ROWS,api,Tüm eczaneler,https://acikveri.bizizmir.com/dataset/nobetci-eczaneler-ve-eczane-listesi,CC BY 4.0,İzmir Büyükşehir Belediyesi Açık Veri Portalı
pharmacy:1184:38.472293:27.086056,pharmacy,Pharmacy,DİKMEN ECZANESİ,38.472293,27.086056,KARŞIYAKA 3,,YALI MH. 6471/5 SK. NO:3/A KARŞIYAKA,02323303776,,,2026-09-20T07:31:15.702Z,COMPLETE_FOR_MAPPABLE_ROWS,api,Tüm eczaneler,https://acikveri.bizizmir.com/dataset/nobetci-eczaneler-ve-eczane-listesi,CC BY 4.0,İzmir Büyükşehir Belediyesi Açık Veri Portalı
pharmacy:1185:38.4571318793813:27.0992306178909,pharmacy,Pharmacy,BOSTANLI ELİF,38.4571318793813,27.0992306178909,KARŞIYAKA 3,,1794 SK NO:6/C,3309242,,,2026-09-20T07:31:15.702Z,COMPLETE_FOR_MAPPABLE_ROWS,api,Tüm eczaneler,https://acikveri.bizizmir.com/dataset/nobetci-eczaneler-ve-eczane-listesi,CC BY 4.0,İzmir Büyükşehir Belediyesi Açık Veri Portalı
pharmacy:1186:38.453707:27.1056,pharmacy,Pharmacy,AYŞEN SÜYECE ECZANESİ,38.453707,27.1056,KARŞIYAKA 3,,BOSTANLI MAH. GİRNE BULVARI NO:29/B,02323236561,,,2026-09-20T07:31:15.702Z,COMPLETE_FOR_MAPPABLE_ROWS,api,Tüm eczaneler,https://acikveri.bizizmir.com/dataset/nobetci-eczaneler-ve-eczane-listesi,CC BY 4.0,İzmir Büyükşehir Belediyesi Açık Veri Portalı
pharmacy:1187:38.471455:27.092703,pharmacy,Pharmacy,PALMIYE ECZANESİ,38.471455,27.092703,KARŞIYAKA 3,,YALI MAH.6436 SOKAK NO:2/D KARSIYAKA/IZMIR,02323366586,,,2026-09-20T07:31:15.702Z,COMPLETE_FOR_MAPPABLE_ROWS,api,Tüm eczaneler,https://acikveri.bizizmir.com/dataset/nobetci-eczaneler-ve-eczane-listesi,CC BY 4.0,İzmir Büyükşehir Belediyesi Açık Veri Portalı
pharmacy:1188:38.4723637682354:27.0900093484575,pharmacy,Pharmacy,PAPATYA,38.4723637682354,27.0900093484575,KARŞIYAKA 3,,YALI MAH. 6474 SK NO:18 ŞEMİKLER SO SOKAĞI,3300060,,,2026-09-20T07:31:15.702Z,COMPLETE_FOR_MAPPABLE_ROWS,api,Tüm eczaneler,https://acikveri.bizizmir.com/dataset/nobetci-eczaneler-ve-eczane-listesi,CC BY 4.0,İzmir Büyükşehir Belediyesi Açık Veri Portalı
pharmacy:1189:38.466857:27.090182,pharmacy,Pharmacy,ÇAĞLAR ECZANESİ,38.466857,27.090182,KARŞIYAKA 3,,YALI MH. 6418 SK. NO:131/B,02323371452,,,2026-09-20T07:31:15.702Z,COMPLETE_FOR_MAPPABLE_ROWS,api,Tüm eczaneler,https://acikveri.bizizmir.com/dataset/nobetci-eczaneler-ve-eczane-listesi,CC BY 4.0,İzmir Büyükşehir Belediyesi Açık Veri Portalı
pharmacy:1190:38.471543:27.089247,pharmacy,Pharmacy,NAZIN ECZANESİ,38.471543,27.089247,KARŞIYAKA 3,,YALI MH. 6479 SK. NO:17/C,02323247873,,,2026-09-20T07:31:15.702Z,COMPLETE_FOR_MAPPABLE_ROWS,api,Tüm eczaneler,https://acikveri.bizizmir.com/dataset/nobetci-eczaneler-ve-eczane-listesi,CC BY 4.0,İzmir Büyükşehir Belediyesi Açık Veri Portalı
pharmacy:1191:38.459102:27.09852,pharmacy,Pharmacy,UMUTLU ECZANESİ,38.459102,27.09852,KARŞIYAKA 3,,BOSTANLI MH. 1735 SK. NO:192/B,02324647508,,,2026-09-20T07:31:15.702Z,COMPLETE_FOR_MAPPABLE_ROWS,api,Tüm eczaneler,https://acikveri.bizizmir.com/dataset/nobetci-eczaneler-ve-eczane-listesi,CC BY 4.0,İzmir Büyükşehir Belediyesi Açık Veri Portalı
pharmacy:1192:38.457694:27.099033,pharmacy,Pharmacy,BARLAS ECZANESİ,38.457694,27.099033,KARŞIYAKA 3,,BOSTANLI MAH. 1799 SOK. NO:14/A,02323622425,,,2026-09-20T07:31:15.702Z,COMPLETE_FOR_MAPPABLE_ROWS,api,Tüm eczaneler,https://acikveri.bizizmir.com/dataset/nobetci-eczaneler-ve-eczane-listesi,CC BY 4.0,İzmir Büyükşehir Belediyesi Açık Veri Portalı
pharmacy:1193:38.4608690708829:27.0964270958465,pharmacy,Pharmacy,DURU,38.4608690708829,27.0964270958465,KARŞIYAKA 3,,BOSTANLI MAH. BESTEKAR YUSUF NALKESEN SK NO:38/A,3373631,,,2026-09-20T07:31:15.702Z,COMPLETE_FOR_MAPPABLE_ROWS,api,Tüm eczaneler,https://acikveri.bizizmir.com/dataset/nobetci-eczaneler-ve-eczane-listesi,CC BY 4.0,İzmir Büyükşehir Belediyesi Açık Veri Portalı
pharmacy:1194:38.4746111950054:27.1043932817333,pharmacy,Pharmacy,ŞİFA,38.4746111950054,27.1043932817333,KARŞIYAKA 4,,ANADOLU CAD NO:408 KARŞIYAKA DEVLET HAST YANI,3653743,,,2026-09-20T07:31:15.702Z,COMPLETE_FOR_MAPPABLE_ROWS,api,Tüm eczaneler,https://acikveri.bizizmir.com/dataset/nobetci-eczaneler-ve-eczane-listesi,CC BY 4.0,İzmir Büyükşehir Belediyesi Açık Veri Portalı
pharmacy:1195:38.4755150971879:27.1012287018572,pharmacy,Pharmacy,SEZEN,38.4755150971879,27.1012287018572,KARŞIYAKA 4,,ERDOĞAN AKKAYA SK NO:6/A ŞEMİKLER YOLU GİRİŞİ SERİNKUYU,3303754,,,2026-09-20T07:31:15.702Z,COMPLETE_FOR_MAPPABLE_ROWS,api,Tüm eczaneler,https://acikveri.bizizmir.com/dataset/nobetci-eczaneler-ve-eczane-listesi,CC BY 4.0,İzmir Büyükşehir Belediyesi Açık Veri Portalı
pharmacy:1196:38.464534:27.105767,pharmacy,Pharmacy,YESILDAG ECZANESİ,38.464534,27.105767,KARŞIYAKA 4,,GONCALAR MH. ALİ ALP BÖKE CD. NO:84/A,02323812857,,,2026-09-20T07:31:15.702Z,COMPLETE_FOR_MAPPABLE_ROWS,api,Tüm eczaneler,https://acikveri.bizizmir.com/dataset/nobetci-eczaneler-ve-eczane-listesi,CC BY 4.0,İzmir Büyükşehir Belediyesi Açık Veri Portalı
pharmacy:1197:38.45989:27.104916,pharmacy,Pharmacy,AKGÜL ECZANESİ,38.45989,27.104916,KARŞIYAKA 4,,NERGİZ MAH. 2002 SOK. NO:6/A,02323689661,,,2026-09-20T07:31:15.702Z,COMPLETE_FOR_MAPPABLE_ROWS,api,Tüm eczaneler,https://acikveri.bizizmir.com/dataset/nobetci-eczaneler-ve-eczane-listesi,CC BY 4.0,İzmir Büyükşehir Belediyesi Açık Veri Portalı
pharmacy:1198:38.469911:27.099185,pharmacy,Pharmacy,YAZICIOĞLU ECZANESİ,38.469911,27.099185,KARŞIYAKA 4,,DEMİRKÖPRÜ MAH. 6178 SOK. NO:3/B,02323360088,,,2026-09-20T07:31:15.702Z,COMPLETE_FOR_MAPPABLE_ROWS,api,Tüm eczaneler,https://acikveri.bizizmir.com/dataset/nobetci-eczaneler-ve-eczane-listesi,CC BY 4.0,İzmir Büyükşehir Belediyesi Açık Veri Portalı
pharmacy:1199:38.477497:27.111051,pharmacy,Pharmacy,AKİL ECZANESİ,38.477497,27.111051,KARŞIYAKA 4,,ÖRNEKKÖY MH. 7401 SK. NO:17/B,02323822051,,,2026-09-20T07:31:15.702Z,COMPLETE_FOR_MAPPABLE_ROWS,api,Tüm eczaneler,https://acikveri.bizizmir.com/dataset/nobetci-eczaneler-ve-eczane-listesi,CC BY 4.0,İzmir Büyükşehir Belediyesi Açık Veri Portalı
pharmacy:1200:38.458566:27.107171,pharmacy,Pharmacy,ÖMÜR ECZANESİ,38.458566,27.107171,KARŞIYAKA 4,,GIRNE CAD. NO:81/B KARSIYAKA,02323233732,,,2026-09-20T07:31:15.702Z,COMPLETE_FOR_MAPPABLE_ROWS,api,Tüm eczaneler,https://acikveri.bizizmir.com/dataset/nobetci-eczaneler-ve-eczane-listesi,CC BY 4.0,İzmir Büyükşehir Belediyesi Açık Veri Portalı
pharmacy:1201:38.470971:27.098734,pharmacy,Pharmacy,YENİ DEMİRKÖPRÜ ECZANESİ,38.470971,27.098734,KARŞIYAKA 4,,ŞEMİKLER MAH. 6182 SOK. NO:69/A,02323306729,,,2026-09-20T07:31:15.702Z,COMPLETE_FOR_MAPPABLE_ROWS,api,Tüm eczaneler,https://acikveri.bizizmir.com/dataset/nobetci-eczaneler-ve-eczane-listesi,CC BY 4.0,İzmir Büyükşehir Belediyesi Açık Veri Portalı
pharmacy:1202:38.461203:27.105374,pharmacy,Pharmacy,KARACA ECZANESİ,38.461203,27.105374,KARŞIYAKA 4,,1775 SOKAK NO:171/B NERGIS,02323642523,,,2026-09-20T07:31:15.702Z,COMPLETE_FOR_MAPPABLE_ROWS,api,Tüm eczaneler,https://acikveri.bizizmir.com/dataset/nobetci-eczaneler-ve-eczane-listesi,CC BY 4.0,İzmir Büyükşehir Belediyesi Açık Veri Portalı
pharmacy:1204:38.468365:27.108087,pharmacy,Pharmacy,PAKER ECZANESİ,38.468365,27.108087,KARŞIYAKA 4,,1777 SOK.ALI ALP BÖKE CAD.NO:169,02323820393,,,2026-09-20T07:31:15.702Z,COMPLETE_FOR_MAPPABLE_ROWS,api,Tüm eczaneler,https://acikveri.bizizmir.com/dataset/nobetci-eczaneler-ve-eczane-listesi,CC BY 4.0,İzmir Büyükşehir Belediyesi Açık Veri Portalı
pharmacy:1205:38.465941:27.106189,pharmacy,Pharmacy,BARISIN ECZANESİ,38.465941,27.106189,KARŞIYAKA 4,,ALİ ALP BÖKE CD. NO:111/A,02323720200,,,2026-09-20T07:31:15.702Z,COMPLETE_FOR_MAPPABLE_ROWS,api,Tüm eczaneler,https://acikveri.bizizmir.com/dataset/nobetci-eczaneler-ve-eczane-listesi,CC BY 4.0,İzmir Büyükşehir Belediyesi Açık Veri Portalı
pharmacy:1206:38.4757:27.1046,pharmacy,Pharmacy,ÖZGENÇ ECZANESİ,38.4757,27.1046,KARŞIYAKA 4,,1595 SOK.NO:206/F,02323660663,,,2026-09-20T07:31:15.702Z,COMPLETE_FOR_MAPPABLE_ROWS,api,Tüm eczaneler,https://acikveri.bizizmir.com/dataset/nobetci-eczaneler-ve-eczane-listesi,CC BY 4.0,İzmir Büyükşehir Belediyesi Açık Veri Portalı
pharmacy:1207:38.462128:27.105387,pharmacy,Pharmacy,SEBNEM ECZANESİ,38.462128,27.105387,KARŞIYAKA 4,,NERGIS MAH. 1775 SOKAK NO:187/C KARSIYAKA,02323690668,,,2026-09-20T07:31:15.702Z,COMPLETE_FOR_MAPPABLE_ROWS,api,Tüm eczaneler,https://acikveri.bizizmir.com/dataset/nobetci-eczaneler-ve-eczane-listesi,CC BY 4.0,İzmir Büyükşehir Belediyesi Açık Veri Portalı
pharmacy:1208:38.475346:27.10118,pharmacy,Pharmacy,KALE ECZANESİ,38.475346,27.10118,KARŞIYAKA 4,,FİKRİ ALTAY MH. ERDOĞAN AKKAYA SK. NO:7/A,02323620606,,,2026-09-20T07:31:15.702Z,COMPLETE_FOR_MAPPABLE_ROWS,api,Tüm eczaneler,https://acikveri.bizizmir.com/dataset/nobetci-eczaneler-ve-eczane-listesi,CC BY 4.0,İzmir Büyükşehir Belediyesi Açık Veri Portalı
pharmacy:1209:38.469912:27.10574,pharmacy,Pharmacy,KARŞIYAKA PINAR ECZANESİ,38.469912,27.10574,KARŞIYAKA 4,,6120 SOK. NO:8/D,02323654645,,,2026-09-20T07:31:15.702Z,COMPLETE_FOR_MAPPABLE_ROWS,api,Tüm eczaneler,https://acikveri.bizizmir.com/dataset/nobetci-eczaneler-ve-eczane-listesi,CC BY 4.0,İzmir Büyükşehir Belediyesi Açık Veri Portalı
pharmacy:1210:38.4827880509251:27.0978594889632,pharmacy,Pharmacy,PERK,38.4827880509251,27.0978594889632,KARŞIYAKA 4,,CUMHURİYET MAH. 6719 SK NO:1 MİGROS YANI,3617799,,,2026-09-20T07:31:15.702Z,COMPLETE_FOR_MAPPABLE_ROWS,api,Tüm eczaneler,https://acikveri.bizizmir.com/dataset/nobetci-eczaneler-ve-eczane-listesi,CC BY 4.0,İzmir Büyükşehir Belediyesi Açık Veri Portalı
pharmacy:1211:38.461843:27.103931,pharmacy,Pharmacy,DENIZER ECZANESİ,38.461843,27.103931,KARŞIYAKA 4,,ALI ALP BÖKE CAD. 19/A NERGIZ,02323686650,,,2026-09-20T07:31:15.702Z,COMPLETE_FOR_MAPPABLE_ROWS,api,Tüm eczaneler,https://acikveri.bizizmir.com/dataset/nobetci-eczaneler-ve-eczane-listesi,CC BY 4.0,İzmir Büyükşehir Belediyesi Açık Veri Portalı
pharmacy:1213:38.46083:27.106736,pharmacy,Pharmacy,SELİN MERDİN ECZANESİ,38.46083,27.106736,KARŞIYAKA 4,,NERGİZ MAH. BERRİN TAŞAN SOK. NO:79/A,02323233435,,,2026-09-20T07:31:15.702Z,COMPLETE_FOR_MAPPABLE_ROWS,api,Tüm eczaneler,https://acikveri.bizizmir.com/dataset/nobetci-eczaneler-ve-eczane-listesi,CC BY 4.0,İzmir Büyükşehir Belediyesi Açık Veri Portalı
pharmacy:1214:38.471365:27.099771,pharmacy,Pharmacy,CADDE KARŞIYAKA ECZANESİ,38.471365,27.099771,KARŞIYAKA 4,,FİKRİ ALTAY MAH. ORDU BULVARI NO:174/B,02323301030,,,2026-09-20T07:31:15.702Z,COMPLETE_FOR_MAPPABLE_ROWS,api,Tüm eczaneler,https://acikveri.bizizmir.com/dataset/nobetci-eczaneler-ve-eczane-listesi,CC BY 4.0,İzmir Büyükşehir Belediyesi Açık Veri Portalı
pharmacy:1215:38.46994:27.10575,pharmacy,Pharmacy,ELİF ECZANESİ,38.46994,27.10575,KARŞIYAKA 4,,DEDEBAŞI MAH. 6120 SOK. NO:8/E,02323824001,,,2026-09-20T07:31:15.702Z,COMPLETE_FOR_MAPPABLE_ROWS,api,Tüm eczaneler,https://acikveri.bizizmir.com/dataset/nobetci-eczaneler-ve-eczane-listesi,CC BY 4.0,İzmir Büyükşehir Belediyesi Açık Veri Portalı
pharmacy:1216:38.472145:27.092904,pharmacy,Pharmacy,BAŞARI ECZANESİ,38.472145,27.092904,KARŞIYAKA 4,,ŞEMİKLER MH. 1671 SK. NO:416/A,02323626663,,,2026-09-20T07:31:15.702Z,COMPLETE_FOR_MAPPABLE_ROWS,api,Tüm eczaneler,https://acikveri.bizizmir.com/dataset/nobetci-eczaneler-ve-eczane-listesi,CC BY 4.0,İzmir Büyükşehir Belediyesi Açık Veri Portalı
pharmacy:1217:38.477767:27.111623,pharmacy,Pharmacy,CANGÜL ECZANESİ,38.477767,27.111623,KARŞIYAKA 4,,ÖRNEKKÖY MH. 7401 SK. NO:28/A,02323664545,,,2026-09-20T07:31:15.702Z,COMPLETE_FOR_MAPPABLE_ROWS,api,Tüm eczaneler,https://acikveri.bizizmir.com/dataset/nobetci-eczaneler-ve-eczane-listesi,CC BY 4.0,İzmir Büyükşehir Belediyesi Açık Veri Portalı
pharmacy:1218:38.4940692768493:27.1079865293582,pharmacy,Pharmacy,ANADOLU,38.4940692768493,27.1079865293582,KARŞIYAKA 4,,ZÜBEYDE HANIM MAH 7448/4 SK NO:35/A ELİT SİTESİ İŞ MERKEZİ,3611284,,,2026-09-20T07:31:15.702Z,COMPLETE_FOR_MAPPABLE_ROWS,api,Tüm eczaneler,https://acikveri.bizizmir.com/dataset/nobetci-eczaneler-ve-eczane-listesi,CC BY 4.0,İzmir Büyükşehir Belediyesi Açık Veri Portalı
pharmacy:1219:38.4630064268042:27.1646682909392,pharmacy,Pharmacy,GÜZELBAHÇE,38.4630064268042,27.1646682909392,KARŞIYAKA 4,,ŞEMİKLER MAH ANADOLU CAD NO:591/B METROPOL TIP MERKEZİ YANI,3301006 - 3626469,,,2026-09-20T07:31:15.702Z,COMPLETE_FOR_MAPPABLE_ROWS,api,Tüm eczaneler,https://acikveri.bizizmir.com/dataset/nobetci-eczaneler-ve-eczane-listesi,CC BY 4.0,İzmir Büyükşehir Belediyesi Açık Veri Portalı
pharmacy:1220:38.4936179871052:27.1083212162654,pharmacy,Pharmacy,GÖKSU,38.4936179871052,27.1083212162654,KARŞIYAKA 4,,ZÜBEYDE HANIM MAH 7448/11 SK NO:7/A ELİT SİTESİ 100. YIL PARKI KARŞISI,3614461,,,2026-09-20T07:31:15.702Z,COMPLETE_FOR_MAPPABLE_ROWS,api,Tüm eczaneler,https://acikveri.bizizmir.com/dataset/nobetci-eczaneler-ve-eczane-listesi,CC BY 4.0,İzmir Büyükşehir Belediyesi Açık Veri Portalı
pharmacy:1221:38.473777:27.111047,pharmacy,Pharmacy,MERCAN ECZANESİ,38.473777,27.111047,KARŞIYAKA 4,,İMBATLI MAH. 6070 SOK. NO:1,02323663819,,,2026-09-20T07:31:15.702Z,COMPLETE_FOR_MAPPABLE_ROWS,api,Tüm eczaneler,https://acikveri.bizizmir.com/dataset/nobetci-eczaneler-ve-eczane-listesi,CC BY 4.0,İzmir Büyükşehir Belediyesi Açık Veri Portalı
pharmacy:1222:38.4621:27.106,pharmacy,Pharmacy,NERGİZ ECZANESİ,38.4621,27.106,KARŞIYAKA 4,,NERGIZ MAH. 1775/2 SOKAK NO:24/A,02323642007,,,2026-09-20T07:31:15.702Z,COMPLETE_FOR_MAPPABLE_ROWS,api,Tüm eczaneler,https://acikveri.bizizmir.com/dataset/nobetci-eczaneler-ve-eczane-listesi,CC BY 4.0,İzmir Büyükşehir Belediyesi Açık Veri Portalı
pharmacy:1223:38.477886:27.111467,pharmacy,Pharmacy,COŞKUN ECZANESİ,38.477886,27.111467,KARŞIYAKA 4,,ÖRNEKKÖY MH. 7401 SK. NO:27/A,02323657515,,,2026-09-20T07:31:15.702Z,COMPLETE_FOR_MAPPABLE_ROWS,api,Tüm eczaneler,https://acikveri.bizizmir.com/dataset/nobetci-eczaneler-ve-eczane-listesi,CC BY 4.0,İzmir Büyükşehir Belediyesi Açık Veri Portalı
pharmacy:1224:38.465065:27.106694,pharmacy,Pharmacy,VOLKAN ECZANESİ,38.465065,27.106694,KARŞIYAKA 4,,GONCALAR MH.1777/1 SK. NO:14/B,02323815340,,,2026-09-20T07:31:15.702Z,COMPLETE_FOR_MAPPABLE_ROWS,api,Tüm eczaneler,https://acikveri.bizizmir.com/dataset/nobetci-eczaneler-ve-eczane-listesi,CC BY 4.0,İzmir Büyükşehir Belediyesi Açık Veri Portalı
pharmacy:1225:38.467572:27.109096,pharmacy,Pharmacy,DİLFET ECZANESİ,38.467572,27.109096,KARŞIYAKA 4,,GONCALAR MAH.GÜNSAZAK BLV.NO:61/C,02323411585,,,2026-09-20T07:31:15.702Z,COMPLETE_FOR_MAPPABLE_ROWS,api,Tüm eczaneler,https://acikveri.bizizmir.com/dataset/nobetci-eczaneler-ve-eczane-listesi,CC BY 4.0,İzmir Büyükşehir Belediyesi Açık Veri Portalı
pharmacy:1226:38.474523:27.093107,pharmacy,Pharmacy,SAHRA ECZANESİ,38.474523,27.093107,KARŞIYAKA 4,,ŞEMİKLER MH. 6294 SOK.NO:32/A,02323626241,,,2026-09-20T07:31:15.702Z,COMPLETE_FOR_MAPPABLE_ROWS,api,Tüm eczaneler,https://acikveri.bizizmir.com/dataset/nobetci-eczaneler-ve-eczane-listesi,CC BY 4.0,İzmir Büyükşehir Belediyesi Açık Veri Portalı
pharmacy:1227:38.473128:27.113146,pharmacy,Pharmacy,MEDİGÜL ECZANESİ,38.473128,27.113146,KARŞIYAKA 4,,IMBATLI MAH. 6076/4 SOK. NO.5/F,02323434294,,,2026-09-20T07:31:15.702Z,COMPLETE_FOR_MAPPABLE_ROWS,api,Tüm eczaneler,https://acikveri.bizizmir.com/dataset/nobetci-eczaneler-ve-eczane-listesi,CC BY 4.0,İzmir Büyükşehir Belediyesi Açık Veri Portalı
pharmacy:1228:38.47437:27.105536,pharmacy,Pharmacy,ÖZÜN ECZANESİ,38.47437,27.105536,KARŞIYAKA 4,,İMBATLI MAH. 6092 SOK. NO:8/A,02323723819,,,2026-09-20T07:31:15.702Z,COMPLETE_FOR_MAPPABLE_ROWS,api,Tüm eczaneler,https://acikveri.bizizmir.com/dataset/nobetci-eczaneler-ve-eczane-listesi,CC BY 4.0,İzmir Büyükşehir Belediyesi Açık Veri Portalı
pharmacy:1229:38.471649:27.093356,pharmacy,Pharmacy,SENCER ECZANESİ,38.471649,27.093356,KARŞIYAKA 4,,ŞEMİKLER MAH. 1671 SOK. NO:410/A,02323693769,,,2026-09-20T07:31:15.702Z,COMPLETE_FOR_MAPPABLE_ROWS,api,Tüm eczaneler,https://acikveri.bizizmir.com/dataset/nobetci-eczaneler-ve-eczane-listesi,CC BY 4.0,İzmir Büyükşehir Belediyesi Açık Veri Portalı
pharmacy:1230:38.4741343057961:27.105142829309,pharmacy,Pharmacy,TOMBULOĞLU,38.4741343057961,27.105142829309,KARŞIYAKA 4,,ANADOLU CAD NO:380/1A,3654111,,,2026-09-20T07:31:15.702Z,COMPLETE_FOR_MAPPABLE_ROWS,api,Tüm eczaneler,https://acikveri.bizizmir.com/dataset/nobetci-eczaneler-ve-eczane-listesi,CC BY 4.0,İzmir Büyükşehir Belediyesi Açık Veri Portalı
pharmacy:1231:38.475306:27.095884,pharmacy,Pharmacy,İREM ERDEM ECZANESİ,38.475306,27.095884,KARŞIYAKA 4,,ŞEMİKLER MAH. ORDU BULVARI NO:224/C,02323623510,,,2026-09-20T07:31:15.702Z,COMPLETE_FOR_MAPPABLE_ROWS,api,Tüm eczaneler,https://acikveri.bizizmir.com/dataset/nobetci-eczaneler-ve-eczane-listesi,CC BY 4.0,İzmir Büyükşehir Belediyesi Açık Veri Portalı
pharmacy:1232:38.470118:27.099245,pharmacy,Pharmacy,MERTOĞLU ECZANESİ,38.470118,27.099245,KARŞIYAKA 4,,DEMİRKÖPRÜ MAH. ŞEHİT P.ER TURABİ KARAGÖZ SK. NO:109/A,02323302713,,,2026-09-20T07:31:15.702Z,COMPLETE_FOR_MAPPABLE_ROWS,api,Tüm eczaneler,https://acikveri.bizizmir.com/dataset/nobetci-eczaneler-ve-eczane-listesi,CC BY 4.0,İzmir Büyükşehir Belediyesi Açık Veri Portalı
pharmacy:1233:38.430991:27.417912,pharmacy,Pharmacy,ÇİMEN ECZANESİ,38.430991,27.417912,KEMALPAŞA,,MEHMET AKİF ERSOY MAH. 157 SOK. NO:37/A,02328783274,,,2026-09-20T07:31:15.702Z,COMPLETE_FOR_MAPPABLE_ROWS,api,Tüm eczaneler,https://acikveri.bizizmir.com/dataset/nobetci-eczaneler-ve-eczane-listesi,CC BY 4.0,İzmir Büyükşehir Belediyesi Açık Veri Portalı
pharmacy:1234:37.951:27.3702,pharmacy,Pharmacy,TUĞÇE ECZANESİ,37.951,27.3702,SELÇUK,,İSABEY MH. ATATÜRK CD. NO:103/A SELÇUK,02328926349,,,2026-09-20T07:31:15.702Z,COMPLETE_FOR_MAPPABLE_ROWS,api,Tüm eczaneler,https://acikveri.bizizmir.com/dataset/nobetci-eczaneler-ve-eczane-listesi,CC BY 4.0,İzmir Büyükşehir Belediyesi Açık Veri Portalı
pharmacy:1235:38.401:27.0931,pharmacy,Pharmacy,BORAS ECZANESİ,38.401,27.0931,BUCA 2,,YILDIZ MH. 220/18 SK. NO:19,02324542303,,,2026-09-20T07:31:15.702Z,COMPLETE_FOR_MAPPABLE_ROWS,api,Tüm eczaneler,https://acikveri.bizizmir.com/dataset/nobetci-eczaneler-ve-eczane-listesi,CC BY 4.0,İzmir Büyükşehir Belediyesi Açık Veri Portalı
pharmacy:1236:38.492499:27.065572,pharmacy,Pharmacy,EGEGÜL ECZANESİ,38.492499,27.065572,ÇİĞLİ,,DERE CD. NO:12/A,02323290061,,,2026-09-20T07:31:15.702Z,COMPLETE_FOR_MAPPABLE_ROWS,api,Tüm eczaneler,https://acikveri.bizizmir.com/dataset/nobetci-eczaneler-ve-eczane-listesi,CC BY 4.0,İzmir Büyükşehir Belediyesi Açık Veri Portalı
pharmacy:1237:38.372071:27.108795,pharmacy,Pharmacy,REYYAN ECZANESİ,38.372071,27.108795,ESKİİZMİR-CENNETÇEŞME,,DEVRİM MH. 3817 SK. NO:10/C,02322711071,,,2026-09-20T07:31:15.702Z,COMPLETE_FOR_MAPPABLE_ROWS,api,Tüm eczaneler,https://acikveri.bizizmir.com/dataset/nobetci-eczaneler-ve-eczane-listesi,CC BY 4.0,İzmir Büyükşehir Belediyesi Açık Veri Portalı
pharmacy:1238:39.0827793985201:26.8938814627154,pharmacy,Pharmacy,YAĞMUR FİLİZ,39.0827793985201,26.8938814627154,KARŞIYAKA 2,,BAHÇELİEVLER MAH. BAHRİYE ÜÇOK CAD. NO:47/A,3655511,,,2026-09-20T07:31:15.702Z,COMPLETE_FOR_MAPPABLE_ROWS,api,Tüm eczaneler,https://acikveri.bizizmir.com/dataset/nobetci-eczaneler-ve-eczane-listesi,CC BY 4.0,İzmir Büyükşehir Belediyesi Açık Veri Portalı
pharmacy:1240:38.424606:27.167898,pharmacy,Pharmacy,ÇİNKILIÇ ECZANESİ,38.424606,27.167898,YENİŞEHİR,,GAZİLER CD. NO:353/2E,02322642909,,,2026-09-20T07:31:15.702Z,COMPLETE_FOR_MAPPABLE_ROWS,api,Tüm eczaneler,https://acikveri.bizizmir.com/dataset/nobetci-eczaneler-ve-eczane-listesi,CC BY 4.0,İzmir Büyükşehir Belediyesi Açık Veri Portalı
pharmacy:1241:38.741609146769:26.8362704103734,pharmacy,Pharmacy,ARDA,38.741609146769,26.8362704103734,YENİ FOÇA,,Fevzi Çakmak Mah. Kurtuluş Cad. No:6/B,8145018,,,2026-09-20T07:31:15.702Z,COMPLETE_FOR_MAPPABLE_ROWS,api,Tüm eczaneler,https://acikveri.bizizmir.com/dataset/nobetci-eczaneler-ve-eczane-listesi,CC BY 4.0,İzmir Büyükşehir Belediyesi Açık Veri Portalı
pharmacy:1243:38.457069:27.196982,pharmacy,Pharmacy,YELİZ ECZANESİ,38.457069,27.196982,BORNOVA 3,,MANSUROĞLU MH. 267/1 SK. NO:8/D,02323395181,,,2026-09-20T07:31:15.702Z,COMPLETE_FOR_MAPPABLE_ROWS,api,Tüm eczaneler,https://acikveri.bizizmir.com/dataset/nobetci-eczaneler-ve-eczane-listesi,CC BY 4.0,İzmir Büyükşehir Belediyesi Açık Veri Portalı
pharmacy:1244:38.4599368036664:27.1945567290867,pharmacy,Pharmacy,SİMYA,38.4599368036664,27.1945567290867,BORNOVA 3,,Manavkuyu Mah. Mustafa Kemal Cad. No:166/D,3471414,,,2026-09-20T07:31:15.702Z,COMPLETE_FOR_MAPPABLE_ROWS,api,Tüm eczaneler,https://acikveri.bizizmir.com/dataset/nobetci-eczaneler-ve-eczane-listesi,CC BY 4.0,İzmir Büyükşehir Belediyesi Açık Veri Portalı
pharmacy:1245:38.484237:27.106213,pharmacy,Pharmacy,ECZANE LOTUS ECZANESİ,38.484237,27.106213,BORNOVA 3,,ÖRNEKKÖY MAH. 7532 SOK. NO:64/A,02323444544,,,2026-09-20T07:31:15.702Z,COMPLETE_FOR_MAPPABLE_ROWS,api,Tüm eczaneler,https://acikveri.bizizmir.com/dataset/nobetci-eczaneler-ve-eczane-listesi,CC BY 4.0,İzmir Büyükşehir Belediyesi Açık Veri Portalı
pharmacy:1246:38.4376:27.1741,pharmacy,Pharmacy,CİHANGİR ECZANESİ,38.4376,27.1741,ÇAMDİBİ,,MERSİNLİ MH. 2812 SK. NO:10/A ÇAMDİBİ -İZMİR,02324627914,,,2026-09-20T07:31:15.702Z,COMPLETE_FOR_MAPPABLE_ROWS,api,Tüm eczaneler,https://acikveri.bizizmir.com/dataset/nobetci-eczaneler-ve-eczane-listesi,CC BY 4.0,İzmir Büyükşehir Belediyesi Açık Veri Portalı
pharmacy:1247:38.435356:27.187884,pharmacy,Pharmacy,BORNOVA CANAN ECZANESİ,38.435356,27.187884,ÇAMDİBİ,,REFİK TULGA CD. 5311 SK. NO:16/A,02323511313,,,2026-09-20T07:31:15.702Z,COMPLETE_FOR_MAPPABLE_ROWS,api,Tüm eczaneler,https://acikveri.bizizmir.com/dataset/nobetci-eczaneler-ve-eczane-listesi,CC BY 4.0,İzmir Büyükşehir Belediyesi Açık Veri Portalı
pharmacy:1248:38.498302:27.047959,pharmacy,Pharmacy,ATA SANAYİ ECZANESİ,38.498302,27.047959,ÇİĞLİ,,KÜÇÜK ÇİĞLİ MH.8730/33 SK. NO:72,02323280018,,,2026-09-20T07:31:15.702Z,COMPLETE_FOR_MAPPABLE_ROWS,api,Tüm eczaneler,https://acikveri.bizizmir.com/dataset/nobetci-eczaneler-ve-eczane-listesi,CC BY 4.0,İzmir Büyükşehir Belediyesi Açık Veri Portalı
pharmacy:1249:38.500057:27.05119,pharmacy,Pharmacy,ASLAN ECZANESİ,38.500057,27.05119,ÇİĞLİ,,YENİ MAHALLE MH. 8764/5 SK. NO:22A,02323290494,,,2026-09-20T07:31:15.702Z,COMPLETE_FOR_MAPPABLE_ROWS,api,Tüm eczaneler,https://acikveri.bizizmir.com/dataset/nobetci-eczaneler-ve-eczane-listesi,CC BY 4.0,İzmir Büyükşehir Belediyesi Açık Veri Portalı
pharmacy:1250:38.4997983153251:27.0507444465785,pharmacy,Pharmacy,EGE ÖZLEM,38.4997983153251,27.0507444465785,ÇİĞLİ,,Yeni Mah. 8764/5 Sk. No:18/B Çiğli Eğitim Araştırma Acil çıkışı,3292660,,,2026-09-20T07:31:15.702Z,COMPLETE_FOR_MAPPABLE_ROWS,api,Tüm eczaneler,https://acikveri.bizizmir.com/dataset/nobetci-eczaneler-ve-eczane-listesi,CC BY 4.0,İzmir Büyükşehir Belediyesi Açık Veri Portalı
pharmacy:1251:38.4982236958007:27.0479378372367,pharmacy,Pharmacy,TUNGAY,38.4982236958007,27.0479378372367,ÇİĞLİ,,8780/34 Sk. No:67 Atasanayi Çiğli Eğitim Araştırma Poliklinik karşısı,3251516,,,2026-09-20T07:31:15.702Z,COMPLETE_FOR_MAPPABLE_ROWS,api,Tüm eczaneler,https://acikveri.bizizmir.com/dataset/nobetci-eczaneler-ve-eczane-listesi,CC BY 4.0,İzmir Büyükşehir Belediyesi Açık Veri Portalı
pharmacy:1252:38.3657:27.1497,pharmacy,Pharmacy,EFE YILDIZ ECZANESİ,38.3657,27.1497,GEDİZ,,GÖKSU MH. 679 SK.NO:57/A,02322606061,,,2026-09-20T07:31:15.702Z,COMPLETE_FOR_MAPPABLE_ROWS,api,Tüm eczaneler,https://acikveri.bizizmir.com/dataset/nobetci-eczaneler-ve-eczane-listesi,CC BY 4.0,İzmir Büyükşehir Belediyesi Açık Veri Portalı
pharmacy:1253:38.369602:27.149232,pharmacy,Pharmacy,BUCA ADA ECZANESİ,38.369602,27.149232,GEDİZ,,YEŞİLBAĞLAR MH. 637/19 SK. NO:71/A,02322768676,,,2026-09-20T07:31:15.702Z,COMPLETE_FOR_MAPPABLE_ROWS,api,Tüm eczaneler,https://acikveri.bizizmir.com/dataset/nobetci-eczaneler-ve-eczane-listesi,CC BY 4.0,İzmir Büyükşehir Belediyesi Açık Veri Portalı
pharmacy:1256:38.420725:27.143771,pharmacy,Pharmacy,YENI PARK ECZANESİ,38.420725,27.143771,ALSANCAK-BASMANE,,ANAFARTALAR CAD. NO:846 BASMANE KONAK,02324822834,,,2026-09-20T07:31:15.702Z,COMPLETE_FOR_MAPPABLE_ROWS,api,Tüm eczaneler,https://acikveri.bizizmir.com/dataset/nobetci-eczaneler-ve-eczane-listesi,CC BY 4.0,İzmir Büyükşehir Belediyesi Açık Veri Portalı
pharmacy:1258:38.422343:27.132336,pharmacy,Pharmacy,GAMZE ECZANESİ,38.422343,27.132336,ALSANCAK-BASMANE,,FEVZIPASA BULVARI NO:12/A KONAK,02324414636,,,2026-09-20T07:31:15.702Z,COMPLETE_FOR_MAPPABLE_ROWS,api,Tüm eczaneler,https://acikveri.bizizmir.com/dataset/nobetci-eczaneler-ve-eczane-listesi,CC BY 4.0,İzmir Büyükşehir Belediyesi Açık Veri Portalı
pharmacy:1261:38.422846:27.137421,pharmacy,Pharmacy,BEYAZ ECZANESİ,38.422846,27.137421,ALSANCAK-BASMANE,,GAZİOSMANPAŞA BLV.NO:48/B-Z01,02324847247,,,2026-09-20T07:31:15.702Z,COMPLETE_FOR_MAPPABLE_ROWS,api,Tüm eczaneler,https://acikveri.bizizmir.com/dataset/nobetci-eczaneler-ve-eczane-listesi,CC BY 4.0,İzmir Büyükşehir Belediyesi Açık Veri Portalı
pharmacy:1263:38.427142:27.138984,pharmacy,Pharmacy,DİNÇARSLAN ECZANESİ,38.427142,27.138984,ALSANCAK-BASMANE,,ISMET KAPTAN MAH.SEZER DOĞAN SK. NO:22/B,02324831893,,,2026-09-20T07:31:15.702Z,COMPLETE_FOR_MAPPABLE_ROWS,api,Tüm eczaneler,https://acikveri.bizizmir.com/dataset/nobetci-eczaneler-ve-eczane-listesi,CC BY 4.0,İzmir Büyükşehir Belediyesi Açık Veri Portalı
pharmacy:1264:38.426395:27.138315,pharmacy,Pharmacy,ADA ECZANESİ,38.426395,27.138315,ALSANCAK-BASMANE,,İSMET KAPTAN MH. HÜRRİYET BULV. NO:4/1A,02324844241,,,2026-09-20T07:31:15.702Z,COMPLETE_FOR_MAPPABLE_ROWS,api,Tüm eczaneler,https://acikveri.bizizmir.com/dataset/nobetci-eczaneler-ve-eczane-listesi,CC BY 4.0,İzmir Büyükşehir Belediyesi Açık Veri Portalı
pharmacy:1265:38.426146:27.139318,pharmacy,Pharmacy,ASRIN ECZANESİ,38.426146,27.139318,ALSANCAK-BASMANE,,SAIR ESREF BULVARI NO:13/A,02324461310,,,2026-09-20T07:31:15.702Z,COMPLETE_FOR_MAPPABLE_ROWS,api,Tüm eczaneler,https://acikveri.bizizmir.com/dataset/nobetci-eczaneler-ve-eczane-listesi,CC BY 4.0,İzmir Büyükşehir Belediyesi Açık Veri Portalı
pharmacy:1266:38.427052:27.139454,pharmacy,Pharmacy,ALİ ÇETİNKAYA ECZANESİ,38.427052,27.139454,ALSANCAK-BASMANE,,İSMET KAPTAN MAH. 1373 SOK. NO:4/C,02324219771,,,2026-09-20T07:31:15.702Z,COMPLETE_FOR_MAPPABLE_ROWS,api,Tüm eczaneler,https://acikveri.bizizmir.com/dataset/nobetci-eczaneler-ve-eczane-listesi,CC BY 4.0,İzmir Büyükşehir Belediyesi Açık Veri Portalı
pharmacy:1267:38.098179:27.728896,pharmacy,Pharmacy,AŞIK ECZANESİ,38.098179,27.728896,TİRE,,HÜRRİYET MH. SÜLEYMAN ŞAH CD. NO:22/B,02325051055,,,2026-09-20T07:31:15.702Z,COMPLETE_FOR_MAPPABLE_ROWS,api,Tüm eczaneler,https://acikveri.bizizmir.com/dataset/nobetci-eczaneler-ve-eczane-listesi,CC BY 4.0,İzmir Büyükşehir Belediyesi Açık Veri Portalı
pharmacy:1268:38.1592085026547:27.3604845516333,pharmacy,Pharmacy,DİLŞEKER,38.1592085026547,27.3604845516333,TORBALI,,Ertuğrul Mh. 3117 Sk. No:2/A Eski Diş Hastanesi yanı,8561027,,,2026-09-20T07:31:15.702Z,COMPLETE_FOR_MAPPABLE_ROWS,api,Tüm eczaneler,https://acikveri.bizizmir.com/dataset/nobetci-eczaneler-ve-eczane-listesi,CC BY 4.0,İzmir Büyükşehir Belediyesi Açık Veri Portalı
pharmacy:1269:38.385164:27.166509,pharmacy,Pharmacy,DEMİRSOY ECZANESİ,38.385164,27.166509,BUCA 1,,VALİ RAHMİ BEY MH. ÖZMEN CD. NO:122/A,02324870166,,,2026-09-20T07:31:15.702Z,COMPLETE_FOR_MAPPABLE_ROWS,api,Tüm eczaneler,https://acikveri.bizizmir.com/dataset/nobetci-eczaneler-ve-eczane-listesi,CC BY 4.0,İzmir Büyükşehir Belediyesi Açık Veri Portalı
pharmacy:1270:38.384566:27.167088,pharmacy,Pharmacy,EGE ELİF ECZANESİ,38.384566,27.167088,BUCA 1,,ÖZMEN CD. NO:145,02324269509,,,2026-09-20T07:31:15.702Z,COMPLETE_FOR_MAPPABLE_ROWS,api,Tüm eczaneler,https://acikveri.bizizmir.com/dataset/nobetci-eczaneler-ve-eczane-listesi,CC BY 4.0,İzmir Büyükşehir Belediyesi Açık Veri Portalı
pharmacy:1271:38.158148:27.359961,pharmacy,Pharmacy,ŞÖLEN ECZANESİ,38.158148,27.359961,TORBALI,,ERTUĞRUL MH. İLKER DOĞAN CD. NO:10/A,02328662727,,,2026-09-20T07:31:15.702Z,COMPLETE_FOR_MAPPABLE_ROWS,api,Tüm eczaneler,https://acikveri.bizizmir.com/dataset/nobetci-eczaneler-ve-eczane-listesi,CC BY 4.0,İzmir Büyükşehir Belediyesi Açık Veri Portalı
pharmacy:1272:38.789212:26.960378,pharmacy,Pharmacy,EYLÜL YILMAZ ECZANESİ,38.789212,26.960378,ALİAĞA,,SİTELER MH. 9 EYLÜL CD. NO:11/3,02325022084,,,2026-09-20T07:31:15.702Z,COMPLETE_FOR_MAPPABLE_ROWS,api,Tüm eczaneler,https://acikveri.bizizmir.com/dataset/nobetci-eczaneler-ve-eczane-listesi,CC BY 4.0,İzmir Büyükşehir Belediyesi Açık Veri Portalı
pharmacy:1273:37.943369:27.371279,pharmacy,Pharmacy,METİN ERKAN ECZANESİ,37.943369,27.371279,SELÇUK,,CUMHURİYETR MH. 5017 SK. NO:8/Z-1,02328920242,,,2026-09-20T07:31:15.702Z,COMPLETE_FOR_MAPPABLE_ROWS,api,Tüm eczaneler,https://acikveri.bizizmir.com/dataset/nobetci-eczaneler-ve-eczane-listesi,CC BY 4.0,İzmir Büyükşehir Belediyesi Açık Veri Portalı
pharmacy:1274:38.434238:27.409218,pharmacy,Pharmacy,GÜLSÜM ECZANESİ,38.434238,27.409218,KEMALPAŞA,,SEKİZ EYLÜL MAH. 110/1 SOK. NO:40/A,02329351262,,,2026-09-20T07:31:15.702Z,COMPLETE_FOR_MAPPABLE_ROWS,api,Tüm eczaneler,https://acikveri.bizizmir.com/dataset/nobetci-eczaneler-ve-eczane-listesi,CC BY 4.0,İzmir Büyükşehir Belediyesi Açık Veri Portalı
pharmacy:1275:38.426478:27.140358,pharmacy,Pharmacy,FESLEĞEN ECZANESİ,38.426478,27.140358,ALSANCAK-BASMANE,,İSMET KAPTAN MH. 1373 SK. NO:8/A ALSANCAK,02324845020,,,2026-09-20T07:31:15.702Z,COMPLETE_FOR_MAPPABLE_ROWS,api,Tüm eczaneler,https://acikveri.bizizmir.com/dataset/nobetci-eczaneler-ve-eczane-listesi,CC BY 4.0,İzmir Büyükşehir Belediyesi Açık Veri Portalı
pharmacy:1277:38.396209:27.106578,pharmacy,Pharmacy,EGE EMRE ECZANESİ,38.396209,27.106578,BASIN SİTESİ,,VATAN MAH. FARUK AKAR KARASU CAD. NO:17/A,02322327788,,,2026-09-20T07:31:15.702Z,COMPLETE_FOR_MAPPABLE_ROWS,api,Tüm eczaneler,https://acikveri.bizizmir.com/dataset/nobetci-eczaneler-ve-eczane-listesi,CC BY 4.0,İzmir Büyükşehir Belediyesi Açık Veri Portalı
pharmacy:1278:38.370161:27.177607,pharmacy,Pharmacy,BUCA KARDELEN ECZANESİ,38.370161,27.177607,BUCA 2,,BUCA KOOP.MH. 200/17 SK. NO:48/B,02324530400,,,2026-09-20T07:31:15.702Z,COMPLETE_FOR_MAPPABLE_ROWS,api,Tüm eczaneler,https://acikveri.bizizmir.com/dataset/nobetci-eczaneler-ve-eczane-listesi,CC BY 4.0,İzmir Büyükşehir Belediyesi Açık Veri Portalı
pharmacy:1279:38.369676:27.191118,pharmacy,Pharmacy,GÜLİN ECZANESİ,38.369676,27.191118,BUCA 2,,KURUÇEŞME MH. AHMET PİRİŞTİNA BULVARI NO:56/B,02324332373,,,2026-09-20T07:31:15.702Z,COMPLETE_FOR_MAPPABLE_ROWS,api,Tüm eczaneler,https://acikveri.bizizmir.com/dataset/nobetci-eczaneler-ve-eczane-listesi,CC BY 4.0,İzmir Büyükşehir Belediyesi Açık Veri Portalı
pharmacy:1280:38.499947:27.051047,pharmacy,Pharmacy,ZÜHRE ECZANESİ,38.499947,27.051047,ÇİĞLİ,,YENİ MAHALLE MAH. 8764/5 SOK. NO:20/B,02328800312,,,2026-09-20T07:31:15.702Z,COMPLETE_FOR_MAPPABLE_ROWS,api,Tüm eczaneler,https://acikveri.bizizmir.com/dataset/nobetci-eczaneler-ve-eczane-listesi,CC BY 4.0,İzmir Büyükşehir Belediyesi Açık Veri Portalı
pharmacy:1281:38.397075:27.164566,pharmacy,Pharmacy,EGE ARAS ECZANESİ,38.397075,27.164566,EVKA 1,,BARIŞ MAH. 152/2 SK. NO:9/A,02324878748,,,2026-09-20T07:31:15.702Z,COMPLETE_FOR_MAPPABLE_ROWS,api,Tüm eczaneler,https://acikveri.bizizmir.com/dataset/nobetci-eczaneler-ve-eczane-listesi,CC BY 4.0,İzmir Büyükşehir Belediyesi Açık Veri Portalı
pharmacy:1282:38.3213931999167:27.1309496716334,pharmacy,Pharmacy,ECZANE ŞENOĞLU,38.3213931999167,27.1309496716334,GAZİEMİR,,Atıf Bey Mah. 8/1 Sk. No:17/A,2512438,,,2026-09-20T07:31:15.702Z,COMPLETE_FOR_MAPPABLE_ROWS,api,Tüm eczaneler,https://acikveri.bizizmir.com/dataset/nobetci-eczaneler-ve-eczane-listesi,CC BY 4.0,İzmir Büyükşehir Belediyesi Açık Veri Portalı
pharmacy:1283:38.468504:27.092002,pharmacy,Pharmacy,RIDVAN ECZANESİ,38.468504,27.092002,KARŞIYAKA 3,,YALI MAH. 6418 SOK. NO:58,02323373335,,,2026-09-20T07:31:15.702Z,COMPLETE_FOR_MAPPABLE_ROWS,api,Tüm eczaneler,https://acikveri.bizizmir.com/dataset/nobetci-eczaneler-ve-eczane-listesi,CC BY 4.0,İzmir Büyükşehir Belediyesi Açık Veri Portalı
pharmacy:1285:38.424413:27.169103,pharmacy,Pharmacy,ILGIN ECZANESİ,38.424413,27.169103,YENİŞEHİR,,EMİR SULTAN MH. GAZİLER CD.NO:478/B YENİŞEHİR,02322646462,,,2026-09-20T07:31:15.702Z,COMPLETE_FOR_MAPPABLE_ROWS,api,Tüm eczaneler,https://acikveri.bizizmir.com/dataset/nobetci-eczaneler-ve-eczane-listesi,CC BY 4.0,İzmir Büyükşehir Belediyesi Açık Veri Portalı
pharmacy:1286:38.435395:27.144034,pharmacy,Pharmacy,KOZMOS ECZANESİ,38.435395,27.144034,ALSANCAK,,ALSANCAK MAH. TALATPAŞA BULVARI NO:47/B,02324211213,,,2026-09-20T07:31:15.702Z,COMPLETE_FOR_MAPPABLE_ROWS,api,Tüm eczaneler,https://acikveri.bizizmir.com/dataset/nobetci-eczaneler-ve-eczane-listesi,CC BY 4.0,İzmir Büyükşehir Belediyesi Açık Veri Portalı
pharmacy:1287:38.435955:27.145329,pharmacy,Pharmacy,BULVAR ECZANESİ,38.435955,27.145329,ALSANCAK,,TALATPASA BULV. 61/E ALSANCAK,02324223702,,,2026-09-20T07:31:15.702Z,COMPLETE_FOR_MAPPABLE_ROWS,api,Tüm eczaneler,https://acikveri.bizizmir.com/dataset/nobetci-eczaneler-ve-eczane-listesi,CC BY 4.0,İzmir Büyükşehir Belediyesi Açık Veri Portalı
pharmacy:1289:38.436307:27.146165,pharmacy,Pharmacy,TALATPAŞA ECZANESİ,38.436307,27.146165,ALSANCAK,,ALSANCAK MAH. TALATPAŞA BULVARI NO:71/C,02324226044,,,2026-09-20T07:31:15.702Z,COMPLETE_FOR_MAPPABLE_ROWS,api,Tüm eczaneler,https://acikveri.bizizmir.com/dataset/nobetci-eczaneler-ve-eczane-listesi,CC BY 4.0,İzmir Büyükşehir Belediyesi Açık Veri Portalı
pharmacy:1290:38.435495:27.144736,pharmacy,Pharmacy,ERENGİN ECZANESİ,38.435495,27.144736,ALSANCAK,,KÜLTÜR MH.TALATPAŞA BLV.NO:64/A ALSANCAK,02324224440,,,2026-09-20T07:31:15.702Z,COMPLETE_FOR_MAPPABLE_ROWS,api,Tüm eczaneler,https://acikveri.bizizmir.com/dataset/nobetci-eczaneler-ve-eczane-listesi,CC BY 4.0,İzmir Büyükşehir Belediyesi Açık Veri Portalı
pharmacy:1292:38.439700831414:27.1470120508357,pharmacy,Pharmacy,ŞÜKRAN,38.439700831414,27.1470120508357,ALSANCAK,,Atatürk Cad. No:414/A Alsancak Garı metro girişi karşısı,4223415,,,2026-09-20T07:31:15.702Z,COMPLETE_FOR_MAPPABLE_ROWS,api,Tüm eczaneler,https://acikveri.bizizmir.com/dataset/nobetci-eczaneler-ve-eczane-listesi,CC BY 4.0,İzmir Büyükşehir Belediyesi Açık Veri Portalı
pharmacy:1293:38.439846:27.146502,pharmacy,Pharmacy,NILGÜN ECZANESİ,38.439846,27.146502,ALSANCAK,,1472 SOKAK NO:42/A ALSANCAK KONAK,02324644880,,,2026-09-20T07:31:15.702Z,COMPLETE_FOR_MAPPABLE_ROWS,api,Tüm eczaneler,https://acikveri.bizizmir.com/dataset/nobetci-eczaneler-ve-eczane-listesi,CC BY 4.0,İzmir Büyükşehir Belediyesi Açık Veri Portalı
pharmacy:1294:38.431822:27.139615,pharmacy,Pharmacy,ÇAĞIN ECZANESİ,38.431822,27.139615,ALSANCAK,,KÜLTÜR MAH. 1382 SOK. NO:15/A,02324224892,,,2026-09-20T07:31:15.702Z,COMPLETE_FOR_MAPPABLE_ROWS,api,Tüm eczaneler,https://acikveri.bizizmir.com/dataset/nobetci-eczaneler-ve-eczane-listesi,CC BY 4.0,İzmir Büyükşehir Belediyesi Açık Veri Portalı
pharmacy:1295:38.434487:27.143512,pharmacy,Pharmacy,YENI ÖZCAN ECZANESİ,38.434487,27.143512,ALSANCAK,,ALI ÇETINKAYA BULVARI NO:37/A ALSANCAK KONAK,02324631386,,,2026-09-20T07:31:15.702Z,COMPLETE_FOR_MAPPABLE_ROWS,api,Tüm eczaneler,https://acikveri.bizizmir.com/dataset/nobetci-eczaneler-ve-eczane-listesi,CC BY 4.0,İzmir Büyükşehir Belediyesi Açık Veri Portalı
pharmacy:1296:38.434471:27.143589,pharmacy,Pharmacy,LIMAN ECZANESİ,38.434471,27.143589,ALSANCAK,,KÜLTÜR MH.ALIÇETINKAYA BULVARI NO:39/B,02324636895,,,2026-09-20T07:31:15.702Z,COMPLETE_FOR_MAPPABLE_ROWS,api,Tüm eczaneler,https://acikveri.bizizmir.com/dataset/nobetci-eczaneler-ve-eczane-listesi,CC BY 4.0,İzmir Büyükşehir Belediyesi Açık Veri Portalı
pharmacy:1297:38.43429:27.144316,pharmacy,Pharmacy,ESER ECZANESİ,38.43429,27.144316,ALSANCAK,,ALI ÇETINKAYA BULV.51/A,02324211411,,,2026-09-20T07:31:15.702Z,COMPLETE_FOR_MAPPABLE_ROWS,api,Tüm eczaneler,https://acikveri.bizizmir.com/dataset/nobetci-eczaneler-ve-eczane-listesi,CC BY 4.0,İzmir Büyükşehir Belediyesi Açık Veri Portalı
pharmacy:1298:38.4344:27.1434,pharmacy,Pharmacy,ALSANCAK DINÇARSLAN ECZANESİ,38.4344,27.1434,ALSANCAK,,ALI ÇETINKAYA BULV. NO:35-B,02324216611,,,2026-09-20T07:31:15.702Z,COMPLETE_FOR_MAPPABLE_ROWS,api,Tüm eczaneler,https://acikveri.bizizmir.com/dataset/nobetci-eczaneler-ve-eczane-listesi,CC BY 4.0,İzmir Büyükşehir Belediyesi Açık Veri Portalı
pharmacy:1299:38.434529:27.143279,pharmacy,Pharmacy,ALSANCAK AKAY ECZANESİ,38.434529,27.143279,ALSANCAK,,KÜLTÜR MH. ALİ ÇETİNKAYA CD. NO:33/C,02324214648,,,2026-09-20T07:31:15.702Z,COMPLETE_FOR_MAPPABLE_ROWS,api,Tüm eczaneler,https://acikveri.bizizmir.com/dataset/nobetci-eczaneler-ve-eczane-listesi,CC BY 4.0,İzmir Büyükşehir Belediyesi Açık Veri Portalı
pharmacy:1300:38.434613:27.144504,pharmacy,Pharmacy,UYGUN ECZANESİ,38.434613,27.144504,ALSANCAK,,1437 SOKAK NO:13/A ALSANCAK,02324636820,,,2026-09-20T07:31:15.702Z,COMPLETE_FOR_MAPPABLE_ROWS,api,Tüm eczaneler,https://acikveri.bizizmir.com/dataset/nobetci-eczaneler-ve-eczane-listesi,CC BY 4.0,İzmir Büyükşehir Belediyesi Açık Veri Portalı
pharmacy:1301:38.434367:27.140002,pharmacy,Pharmacy,SAM ECZANESİ,38.434367,27.140002,ALSANCAK,,KÜLTÜR MAH. CUMHURIYET BUL. NO:180/A,02324210604,,,2026-09-20T07:31:15.702Z,COMPLETE_FOR_MAPPABLE_ROWS,api,Tüm eczaneler,https://acikveri.bizizmir.com/dataset/nobetci-eczaneler-ve-eczane-listesi,CC BY 4.0,İzmir Büyükşehir Belediyesi Açık Veri Portalı
pharmacy:1302:38.435937:27.144759,pharmacy,Pharmacy,BERRIN ECZANESİ,38.435937,27.144759,ALSANCAK,,1456 SOKAK NO:98/A ALSANCAK KONAK,02324634086,,,2026-09-20T07:31:15.702Z,COMPLETE_FOR_MAPPABLE_ROWS,api,Tüm eczaneler,https://acikveri.bizizmir.com/dataset/nobetci-eczaneler-ve-eczane-listesi,CC BY 4.0,İzmir Büyükşehir Belediyesi Açık Veri Portalı
pharmacy:1303:38.433551:27.140241,pharmacy,Pharmacy,FLAMİNGO ECZANESİ,38.433551,27.140241,ALSANCAK,,KÜLTÜR MH. TALATPAŞA BULVARI NO:16/A,02324638560,,,2026-09-20T07:31:15.702Z,COMPLETE_FOR_MAPPABLE_ROWS,api,Tüm eczaneler,https://acikveri.bizizmir.com/dataset/nobetci-eczaneler-ve-eczane-listesi,CC BY 4.0,İzmir Büyükşehir Belediyesi Açık Veri Portalı
pharmacy:1304:38.433872:27.143731,pharmacy,Pharmacy,TÜRKSOY ECZANESİ,38.433872,27.143731,ALSANCAK,,KÜLTÜR MAH. 1392 SOK. NO:5/A ALSANCAK,02324223097,,,2026-09-20T07:31:15.702Z,COMPLETE_FOR_MAPPABLE_ROWS,api,Tüm eczaneler,https://acikveri.bizizmir.com/dataset/nobetci-eczaneler-ve-eczane-listesi,CC BY 4.0,İzmir Büyükşehir Belediyesi Açık Veri Portalı
pharmacy:1305:38.434004:27.143705,pharmacy,Pharmacy,İNANÇ SİBEL ECZANESİ,38.434004,27.143705,ALSANCAK,,KÜLTÜR MAH. 1392 SOK. NO:3/B,02324222906,,,2026-09-20T07:31:15.702Z,COMPLETE_FOR_MAPPABLE_ROWS,api,Tüm eczaneler,https://acikveri.bizizmir.com/dataset/nobetci-eczaneler-ve-eczane-listesi,CC BY 4.0,İzmir Büyükşehir Belediyesi Açık Veri Portalı
pharmacy:1306:38.439651:27.143767,pharmacy,Pharmacy,EFES ECZANESİ,38.439651,27.143767,ALSANCAK,,ALSANCAK MH. KIBRIS ŞEHİTLERİ CD. NO:159/B,02324640454,,,2026-09-20T07:31:15.702Z,COMPLETE_FOR_MAPPABLE_ROWS,api,Tüm eczaneler,https://acikveri.bizizmir.com/dataset/nobetci-eczaneler-ve-eczane-listesi,CC BY 4.0,İzmir Büyükşehir Belediyesi Açık Veri Portalı
pharmacy:1307:38.436442:27.142883,pharmacy,Pharmacy,ÖZLEM ECZANESİ,38.436442,27.142883,ALSANCAK,,ALSANCAK MH. KIBRIS ŞEHİTLERİ CD. NO:53/B,02323672597,,,2026-09-20T07:31:15.702Z,COMPLETE_FOR_MAPPABLE_ROWS,api,Tüm eczaneler,https://acikveri.bizizmir.com/dataset/nobetci-eczaneler-ve-eczane-listesi,CC BY 4.0,İzmir Büyükşehir Belediyesi Açık Veri Portalı
pharmacy:1308:38.4410823428846:27.1439026420276,pharmacy,Pharmacy,ALSANCAK GÜNEŞ,38.4410823428846,27.1439026420276,ALSANCAK,,ALSANCAK MAH. KIBRIS ŞEHİTLERİ CAD. NO:179/A,8789466,,,2026-09-20T07:31:15.702Z,COMPLETE_FOR_MAPPABLE_ROWS,api,Tüm eczaneler,https://acikveri.bizizmir.com/dataset/nobetci-eczaneler-ve-eczane-listesi,CC BY 4.0,İzmir Büyükşehir Belediyesi Açık Veri Portalı
pharmacy:1309:38.447317:27.205741,pharmacy,Pharmacy,PLATİN ECZANESİ,38.447317,27.205741,BORNOVA 2,,KAZIM DİRİK MH. 367/7 SK. NO:14/I,02324633737,,,2026-09-20T07:31:15.702Z,COMPLETE_FOR_MAPPABLE_ROWS,api,Tüm eczaneler,https://acikveri.bizizmir.com/dataset/nobetci-eczaneler-ve-eczane-listesi,CC BY 4.0,İzmir Büyükşehir Belediyesi Açık Veri Portalı
pharmacy:1310:38.430532:27.139995,pharmacy,Pharmacy,LOZAN ECZANESİ,38.430532,27.139995,ALSANCAK,,KÜLTÜR MH. VASIF ÇINAR BULVARI NO:17/B,02324223091,,,2026-09-20T07:31:15.702Z,COMPLETE_FOR_MAPPABLE_ROWS,api,Tüm eczaneler,https://acikveri.bizizmir.com/dataset/nobetci-eczaneler-ve-eczane-listesi,CC BY 4.0,İzmir Büyükşehir Belediyesi Açık Veri Portalı
pharmacy:1312:38.430596:27.139852,pharmacy,Pharmacy,ALSANCAK ECZANESİ,38.430596,27.139852,ALSANCAK,,ŞEVKET ÖZÇELİK SOK. NO:33/D ALSANCAK,02324642981,,,2026-09-20T07:31:15.702Z,COMPLETE_FOR_MAPPABLE_ROWS,api,Tüm eczaneler,https://acikveri.bizizmir.com/dataset/nobetci-eczaneler-ve-eczane-listesi,CC BY 4.0,İzmir Büyükşehir Belediyesi Açık Veri Portalı
pharmacy:1313:38.432933:27.143773,pharmacy,Pharmacy,ÇUBUKÇU ECZANESİ,38.432933,27.143773,ALSANCAK,,SAIR ESREF BULV.NO:57/G ALSANCAK KONAK,02324634630,,,2026-09-20T07:31:15.702Z,COMPLETE_FOR_MAPPABLE_ROWS,api,Tüm eczaneler,https://acikveri.bizizmir.com/dataset/nobetci-eczaneler-ve-eczane-listesi,CC BY 4.0,İzmir Büyükşehir Belediyesi Açık Veri Portalı
pharmacy:1314:38.434046:27.145391,pharmacy,Pharmacy,GÜR ECZANESİ,38.434046,27.145391,ALSANCAK,,ALI ÇETINKAYA BULV. NO:61/B ALSANCAK,02324649014,,,2026-09-20T07:31:15.702Z,COMPLETE_FOR_MAPPABLE_ROWS,api,Tüm eczaneler,https://acikveri.bizizmir.com/dataset/nobetci-eczaneler-ve-eczane-listesi,CC BY 4.0,İzmir Büyükşehir Belediyesi Açık Veri Portalı
pharmacy:1315:38.4326:27.1483,pharmacy,Pharmacy,IZMIROGLU ECZANESİ,38.4326,27.1483,ALSANCAK,,1399 SOK. NO:15/A,02324647363,,,2026-09-20T07:31:15.702Z,COMPLETE_FOR_MAPPABLE_ROWS,api,Tüm eczaneler,https://acikveri.bizizmir.com/dataset/nobetci-eczaneler-ve-eczane-listesi,CC BY 4.0,İzmir Büyükşehir Belediyesi Açık Veri Portalı
pharmacy:1316:38.4321:27.1476,pharmacy,Pharmacy,FUAR ECZANESİ,38.4321,27.1476,ALSANCAK,,MIMAR SINAN MAH.1400 SOKAK NO:11/D KONAK,02324636115,,,2026-09-20T07:31:15.702Z,COMPLETE_FOR_MAPPABLE_ROWS,api,Tüm eczaneler,https://acikveri.bizizmir.com/dataset/nobetci-eczaneler-ve-eczane-listesi,CC BY 4.0,İzmir Büyükşehir Belediyesi Açık Veri Portalı
pharmacy:1317:38.429936:27.151653,pharmacy,Pharmacy,YENİ KAYHAN ECZANESİ,38.429936,27.151653,ALSANCAK-BASMANE,,MİMAR SİNAN MAH. CAN KULDUK SOK. NO:13/A-B,02324633655,,,2026-09-20T07:31:15.702Z,COMPLETE_FOR_MAPPABLE_ROWS,api,Tüm eczaneler,https://acikveri.bizizmir.com/dataset/nobetci-eczaneler-ve-eczane-listesi,CC BY 4.0,İzmir Büyükşehir Belediyesi Açık Veri Portalı
pharmacy:1319:38.427716:27.149932,pharmacy,Pharmacy,ATAGÜN ECZANESİ,38.427716,27.149932,ALSANCAK-BASMANE,,1396 SOKAK NO:3/C KAHRAMANLAR KONAK,02324839436,,,2026-09-20T07:31:15.702Z,COMPLETE_FOR_MAPPABLE_ROWS,api,Tüm eczaneler,https://acikveri.bizizmir.com/dataset/nobetci-eczaneler-ve-eczane-listesi,CC BY 4.0,İzmir Büyükşehir Belediyesi Açık Veri Portalı
pharmacy:1320:38.42992:27.151921,pharmacy,Pharmacy,ÇETİN ECZANESİ,38.42992,27.151921,ALSANCAK-BASMANE,,MİMAR SİNAN MAH. CAN KULDUK SOK. NO:15(ÖZEL GAZİ HASTANESİ KÖŞESİ),02324632600,,,2026-09-20T07:31:15.702Z,COMPLETE_FOR_MAPPABLE_ROWS,api,Tüm eczaneler,https://acikveri.bizizmir.com/dataset/nobetci-eczaneler-ve-eczane-listesi,CC BY 4.0,İzmir Büyükşehir Belediyesi Açık Veri Portalı
pharmacy:1323:38.4261:27.1503,pharmacy,Pharmacy,SEL ECZANESİ,38.4261,27.1503,ALSANCAK-BASMANE,,KAHRAMANLAR MH. 1416 SOK. NO:16/A,02324410049,,,2026-09-20T07:31:15.702Z,COMPLETE_FOR_MAPPABLE_ROWS,api,Tüm eczaneler,https://acikveri.bizizmir.com/dataset/nobetci-eczaneler-ve-eczane-listesi,CC BY 4.0,İzmir Büyükşehir Belediyesi Açık Veri Portalı
pharmacy:1324:38.425827:27.150703,pharmacy,Pharmacy,ZEYNEP ECZANESİ,38.425827,27.150703,ALSANCAK-BASMANE,,KAHRAMANLAR MH. 1416 SOK. NO:5/A,02324822505,,,2026-09-20T07:31:15.702Z,COMPLETE_FOR_MAPPABLE_ROWS,api,Tüm eczaneler,https://acikveri.bizizmir.com/dataset/nobetci-eczaneler-ve-eczane-listesi,CC BY 4.0,İzmir Büyükşehir Belediyesi Açık Veri Portalı
pharmacy:1325:38.425372:27.149167,pharmacy,Pharmacy,KARADENIZ ECZANESİ,38.425372,27.149167,ALSANCAK-BASMANE,,KAHRAMANLAR CD. 1397 SOKAK NO:16/A,02324820289,,,2026-09-20T07:31:15.702Z,COMPLETE_FOR_MAPPABLE_ROWS,api,Tüm eczaneler,https://acikveri.bizizmir.com/dataset/nobetci-eczaneler-ve-eczane-listesi,CC BY 4.0,İzmir Büyükşehir Belediyesi Açık Veri Portalı
pharmacy:1327:38.307945:26.361266,pharmacy,Pharmacy,ÇEŞME ILICA ECZANESİ,38.307945,26.361266,ÇEŞME,,ILICA MH. 5065 SK. NO:2/A,02327230011,,,2026-09-20T07:31:15.702Z,COMPLETE_FOR_MAPPABLE_ROWS,api,Tüm eczaneler,https://acikveri.bizizmir.com/dataset/nobetci-eczaneler-ve-eczane-listesi,CC BY 4.0,İzmir Büyükşehir Belediyesi Açık Veri Portalı
pharmacy:1328:38.453521:27.182574,pharmacy,Pharmacy,ÇAKIROĞLU ECZANESİ,38.453521,27.182574,BORNOVA 3,,MANSUROĞLU MH. 286 SK. NO:29/A,02324350283,,,2026-09-20T07:31:15.702Z,COMPLETE_FOR_MAPPABLE_ROWS,api,Tüm eczaneler,https://acikveri.bizizmir.com/dataset/nobetci-eczaneler-ve-eczane-listesi,CC BY 4.0,İzmir Büyükşehir Belediyesi Açık Veri Portalı
pharmacy:1329:38.150859:27.371489,pharmacy,Pharmacy,DİLAN ECZANESİ,38.150859,27.371489,TORBALI,,ATATÜRK MH. 1551 SK. NO:22/A,02322506006,,,2026-09-20T07:31:15.702Z,COMPLETE_FOR_MAPPABLE_ROWS,api,Tüm eczaneler,https://acikveri.bizizmir.com/dataset/nobetci-eczaneler-ve-eczane-listesi,CC BY 4.0,İzmir Büyükşehir Belediyesi Açık Veri Portalı
pharmacy:1330:38.403725:27.117167,pharmacy,Pharmacy,ONANÇ ARSLAN ECZANESİ,38.403725,27.117167,ÜÇYOL,,PİRİ REİS MAH. İNÖNÜ CAD. NO:228A-228B,02322610262,,,2026-09-20T07:31:15.702Z,COMPLETE_FOR_MAPPABLE_ROWS,api,Tüm eczaneler,https://acikveri.bizizmir.com/dataset/nobetci-eczaneler-ve-eczane-listesi,CC BY 4.0,İzmir Büyükşehir Belediyesi Açık Veri Portalı
pharmacy:1332:38.4658860336522:27.2148635024393,pharmacy,Pharmacy,UMUT BARIŞ,38.4658860336522,27.2148635024393,BORNOVA 1,,ERGENE MAH. 554 SK. NO:22/A,08509334693,,,2026-09-20T07:31:15.702Z,COMPLETE_FOR_MAPPABLE_ROWS,api,Tüm eczaneler,https://acikveri.bizizmir.com/dataset/nobetci-eczaneler-ve-eczane-listesi,CC BY 4.0,İzmir Büyükşehir Belediyesi Açık Veri Portalı
pharmacy:1333:38.49848:27.047721,pharmacy,Pharmacy,ÇİĞLİ KENT ECZANESİ,38.49848,27.047721,ÇİĞLİ,,KÜÇÜK ÇİĞLİ MH. 8780/33 NO:15,02323252221,,,2026-09-20T07:31:15.702Z,COMPLETE_FOR_MAPPABLE_ROWS,api,Tüm eczaneler,https://acikveri.bizizmir.com/dataset/nobetci-eczaneler-ve-eczane-listesi,CC BY 4.0,İzmir Büyükşehir Belediyesi Açık Veri Portalı
pharmacy:1334:38.4981794353731:27.0479672187889,pharmacy,Pharmacy,DEVAKENT,38.4981794353731,27.0479672187889,ÇİĞLİ,,KÜÇÜK ÇİĞLİ MAH.8780/34 SK. NO:69 ÇİĞLİ EĞİT. VE ARAŞT. HASTANESİ KARŞISI ATA SANAYİ SİTESİ,3280077,,,2026-09-20T07:31:15.702Z,COMPLETE_FOR_MAPPABLE_ROWS,api,Tüm eczaneler,https://acikveri.bizizmir.com/dataset/nobetci-eczaneler-ve-eczane-listesi,CC BY 4.0,İzmir Büyükşehir Belediyesi Açık Veri Portalı
pharmacy:1335:38.474906:27.105628,pharmacy,Pharmacy,TURGAY ECZANESİ,38.474906,27.105628,ÇİĞLİ,,YENİMAHALLE MAH 8764/5 SOK NO:24/A,02326042446,,,2026-09-20T07:31:15.702Z,COMPLETE_FOR_MAPPABLE_ROWS,api,Tüm eczaneler,https://acikveri.bizizmir.com/dataset/nobetci-eczaneler-ve-eczane-listesi,CC BY 4.0,İzmir Büyükşehir Belediyesi Açık Veri Portalı
pharmacy:1336:38.4927120698954:27.0659012457891,pharmacy,Pharmacy,ZİRVE,38.4927120698954,27.0659012457891,ÇİĞLİ,,ŞİRİNTEPE MAH. 8145 SK NO:16/A,3290402,,,2026-09-20T07:31:15.702Z,COMPLETE_FOR_MAPPABLE_ROWS,api,Tüm eczaneler,https://acikveri.bizizmir.com/dataset/nobetci-eczaneler-ve-eczane-listesi,CC BY 4.0,İzmir Büyükşehir Belediyesi Açık Veri Portalı
pharmacy:1337:38.415486:27.172372,pharmacy,Pharmacy,FAHRİ İNAN ECZANESİ,38.415486,27.172372,GÜLTEPE,,ZEYBEK MH. 2388 SK. NO:4/A GÜLTEPE,02324690050,,,2026-09-20T07:31:15.702Z,COMPLETE_FOR_MAPPABLE_ROWS,api,Tüm eczaneler,https://acikveri.bizizmir.com/dataset/nobetci-eczaneler-ve-eczane-listesi,CC BY 4.0,İzmir Büyükşehir Belediyesi Açık Veri Portalı
pharmacy:1338:38.463399:27.116301,pharmacy,Pharmacy,YALI ECZANESİ,38.463399,27.116301,KARŞIYAKA 2,,BAHARİYE MH. ZÜBEYDE HANIM CD. NO:102/B,02323664184,,,2026-09-20T07:31:15.702Z,COMPLETE_FOR_MAPPABLE_ROWS,api,Tüm eczaneler,https://acikveri.bizizmir.com/dataset/nobetci-eczaneler-ve-eczane-listesi,CC BY 4.0,İzmir Büyükşehir Belediyesi Açık Veri Portalı
pharmacy:1339:38.394881:27.147801,pharmacy,Pharmacy,ECZANE SÜRMELİ ECZANESİ,38.394881,27.147801,ŞİRİNYER,,HÜRRİYET MH. 463/4 SK. NO:5/A,02324522283,,,2026-09-20T07:31:15.702Z,COMPLETE_FOR_MAPPABLE_ROWS,api,Tüm eczaneler,https://acikveri.bizizmir.com/dataset/nobetci-eczaneler-ve-eczane-listesi,CC BY 4.0,İzmir Büyükşehir Belediyesi Açık Veri Portalı
pharmacy:1340:38.394691:27.091138,pharmacy,Pharmacy,DEFNE ECZANESİ,38.394691,27.091138,HATAY,,INÖNÜ CAD.NO.603/A HATAY KARABAGLAR-IZMIR,02322850230,,,2026-09-20T07:31:15.702Z,COMPLETE_FOR_MAPPABLE_ROWS,api,Tüm eczaneler,https://acikveri.bizizmir.com/dataset/nobetci-eczaneler-ve-eczane-listesi,CC BY 4.0,İzmir Büyükşehir Belediyesi Açık Veri Portalı
pharmacy:1341:38.401633433518:27.1053104903776,pharmacy,Pharmacy,ALTINOK,38.401633433518,27.1053104903776,HATAY,,İnönü Cad. No:310/D Hatay Lambalar Nokta,2313528,,,2026-09-20T07:31:15.702Z,COMPLETE_FOR_MAPPABLE_ROWS,api,Tüm eczaneler,https://acikveri.bizizmir.com/dataset/nobetci-eczaneler-ve-eczane-listesi,CC BY 4.0,İzmir Büyükşehir Belediyesi Açık Veri Portalı
pharmacy:1342:38.394882:27.0917,pharmacy,Pharmacy,EYLÜL ECZANESİ,38.394882,27.0917,HATAY,,INÖNÜ CAD. NO:595/F,02322460769,,,2026-09-20T07:31:15.702Z,COMPLETE_FOR_MAPPABLE_ROWS,api,Tüm eczaneler,https://acikveri.bizizmir.com/dataset/nobetci-eczaneler-ve-eczane-listesi,CC BY 4.0,İzmir Büyükşehir Belediyesi Açık Veri Portalı
pharmacy:1343:38.4029001361269:27.1059946314997,pharmacy,Pharmacy,DEĞERLİ,38.4029001361269,27.1059946314997,HATAY,,156 Sok. No:15,2430037-2435213,,,2026-09-20T07:31:15.702Z,COMPLETE_FOR_MAPPABLE_ROWS,api,Tüm eczaneler,https://acikveri.bizizmir.com/dataset/nobetci-eczaneler-ve-eczane-listesi,CC BY 4.0,İzmir Büyükşehir Belediyesi Açık Veri Portalı
pharmacy:1344:38.401693:27.105101,pharmacy,Pharmacy,HATAY BANU ECZANESİ,38.401693,27.105101,HATAY,,ÇANKAYA MH. İNÖNÜ CD. 131 SK. NO:86,02322448545,,,2026-09-20T07:31:15.702Z,COMPLETE_FOR_MAPPABLE_ROWS,api,Tüm eczaneler,https://acikveri.bizizmir.com/dataset/nobetci-eczaneler-ve-eczane-listesi,CC BY 4.0,İzmir Büyükşehir Belediyesi Açık Veri Portalı
pharmacy:1345:38.40169:27.104124,pharmacy,Pharmacy,GÜLEÇ ECZANESİ,38.40169,27.104124,HATAY,,İNÖNÜ CD. 320/B,02322313493,,,2026-09-20T07:31:15.702Z,COMPLETE_FOR_MAPPABLE_ROWS,api,Tüm eczaneler,https://acikveri.bizizmir.com/dataset/nobetci-eczaneler-ve-eczane-listesi,CC BY 4.0,İzmir Büyükşehir Belediyesi Açık Veri Portalı
pharmacy:1346:38.400786:27.106616,pharmacy,Pharmacy,ÖZÜNAL ECZANESİ,38.400786,27.106616,HATAY,,238 SOK. NO:8/A,02322435581,,,2026-09-20T07:31:15.702Z,COMPLETE_FOR_MAPPABLE_ROWS,api,Tüm eczaneler,https://acikveri.bizizmir.com/dataset/nobetci-eczaneler-ve-eczane-listesi,CC BY 4.0,İzmir Büyükşehir Belediyesi Açık Veri Portalı
pharmacy:1347:38.4022360712688:27.1048063353145,pharmacy,Pharmacy,ÖZBEN,38.4022360712688,27.1048063353145,HATAY,,Çankaya Mah. 150 Sok. No: 11/C,2431091,,,2026-09-20T07:31:15.702Z,COMPLETE_FOR_MAPPABLE_ROWS,api,Tüm eczaneler,https://acikveri.bizizmir.com/dataset/nobetci-eczaneler-ve-eczane-listesi,CC BY 4.0,İzmir Büyükşehir Belediyesi Açık Veri Portalı
pharmacy:1348:38.379369:27.176447,pharmacy,Pharmacy,OPAL ECZANESİ,38.379369,27.176447,HATAY,,ATATÜRK MAH. 220 SOK. NO:41/A,02322447051,,,2026-09-20T07:31:15.702Z,COMPLETE_FOR_MAPPABLE_ROWS,api,Tüm eczaneler,https://acikveri.bizizmir.com/dataset/nobetci-eczaneler-ve-eczane-listesi,CC BY 4.0,İzmir Büyükşehir Belediyesi Açık Veri Portalı
pharmacy:1349:38.4020511483462:27.1086509611419,pharmacy,Pharmacy,NADIDE ECZANESİ,38.4020511483462,27.1086509611419,HATAY,,MURAT REİS MH. 201 SK. NO:50/A,02322323630,,,2026-09-20T07:31:15.702Z,COMPLETE_FOR_MAPPABLE_ROWS,api,Tüm eczaneler,https://acikveri.bizizmir.com/dataset/nobetci-eczaneler-ve-eczane-listesi,CC BY 4.0,İzmir Büyükşehir Belediyesi Açık Veri Portalı
pharmacy:1350:38.391724:27.097026,pharmacy,Pharmacy,DENİZ ECZANESİ,38.391724,27.097026,BASIN SİTESİ,,ADNAN SÜVARI MAH. POLAT CD. NO:212/A,02322475996,,,2026-09-20T07:31:15.702Z,COMPLETE_FOR_MAPPABLE_ROWS,api,Tüm eczaneler,https://acikveri.bizizmir.com/dataset/nobetci-eczaneler-ve-eczane-listesi,CC BY 4.0,İzmir Büyükşehir Belediyesi Açık Veri Portalı
pharmacy:1351:38.399806:27.109173,pharmacy,Pharmacy,NEFES ECZANESİ,38.399806,27.109173,HATAY,,259 SOK. NO:35/A ARAPHASAN MAH.,02322455511,,,2026-09-20T07:31:15.702Z,COMPLETE_FOR_MAPPABLE_ROWS,api,Tüm eczaneler,https://acikveri.bizizmir.com/dataset/nobetci-eczaneler-ve-eczane-listesi,CC BY 4.0,İzmir Büyükşehir Belediyesi Açık Veri Portalı
pharmacy:1352:38.40176:27.108929,pharmacy,Pharmacy,LAMİA RAİF ECZANESİ,38.40176,27.108929,HATAY,,İNÖNÜ CD. NO:284/A,02322447105,,,2026-09-20T07:31:15.702Z,COMPLETE_FOR_MAPPABLE_ROWS,api,Tüm eczaneler,https://acikveri.bizizmir.com/dataset/nobetci-eczaneler-ve-eczane-listesi,CC BY 4.0,İzmir Büyükşehir Belediyesi Açık Veri Portalı
pharmacy:1353:38.398743:27.095052,pharmacy,Pharmacy,EGE ELİT ECZANESİ,38.398743,27.095052,HATAY,,GÖZTEPE MH. İNÖNÜ CD. NO:406/C HATAY,02322323237,,,2026-09-20T07:31:15.702Z,COMPLETE_FOR_MAPPABLE_ROWS,api,Tüm eczaneler,https://acikveri.bizizmir.com/dataset/nobetci-eczaneler-ve-eczane-listesi,CC BY 4.0,İzmir Büyükşehir Belediyesi Açık Veri Portalı
pharmacy:1354:38.40178:27.105198,pharmacy,Pharmacy,YENİ HATAY ECZANESİ,38.40178,27.105198,HATAY,,ÇANKAYA MAH. 131 SK. 85/C,02324898678,,,2026-09-20T07:31:15.702Z,COMPLETE_FOR_MAPPABLE_ROWS,api,Tüm eczaneler,https://acikveri.bizizmir.com/dataset/nobetci-eczaneler-ve-eczane-listesi,CC BY 4.0,İzmir Büyükşehir Belediyesi Açık Veri Portalı
pharmacy:1355:38.400953:27.099126,pharmacy,Pharmacy,YENİ ECE ECZANESİ,38.400953,27.099126,HATAY,,İNÖNÜ CD. NO:429D,02322322425,,,2026-09-20T07:31:15.702Z,COMPLETE_FOR_MAPPABLE_ROWS,api,Tüm eczaneler,https://acikveri.bizizmir.com/dataset/nobetci-eczaneler-ve-eczane-listesi,CC BY 4.0,İzmir Büyükşehir Belediyesi Açık Veri Portalı
pharmacy:1356:38.401639:27.105318,pharmacy,Pharmacy,BERK ÖKTEM ECZANESİ,38.401639,27.105318,HATAY,,HATAY/NOKTA 131 SK NO:89,02322432277,,,2026-09-20T07:31:15.702Z,COMPLETE_FOR_MAPPABLE_ROWS,api,Tüm eczaneler,https://acikveri.bizizmir.com/dataset/nobetci-eczaneler-ve-eczane-listesi,CC BY 4.0,İzmir Büyükşehir Belediyesi Açık Veri Portalı
pharmacy:1357:38.396435:27.065023,pharmacy,Pharmacy,YENI TUNÇ ECZANESİ,38.396435,27.065023,HATAY,,Fahrettin Altay Mah. 65/16 Sok. No:2/1C,02322778929,,,2026-09-20T07:31:15.702Z,COMPLETE_FOR_MAPPABLE_ROWS,api,Tüm eczaneler,https://acikveri.bizizmir.com/dataset/nobetci-eczaneler-ve-eczane-listesi,CC BY 4.0,İzmir Büyükşehir Belediyesi Açık Veri Portalı
pharmacy:1358:38.391947:27.088375,pharmacy,Pharmacy,AYAR ECZANESİ,38.391947,27.088375,HATAY,,İHSAN ALYANAK BULVARI .NO:7 ESENDERE,02322857644,,,2026-09-20T07:31:15.702Z,COMPLETE_FOR_MAPPABLE_ROWS,api,Tüm eczaneler,https://acikveri.bizizmir.com/dataset/nobetci-eczaneler-ve-eczane-listesi,CC BY 4.0,İzmir Büyükşehir Belediyesi Açık Veri Portalı
pharmacy:1359:38.393312:27.085555,pharmacy,Pharmacy,KÖSE ECZANESİ,38.393312,27.085555,HATAY,,INÖNÜ CD.NO.522/A GÜZELYALI,02322475895,,,2026-09-20T07:31:15.702Z,COMPLETE_FOR_MAPPABLE_ROWS,api,Tüm eczaneler,https://acikveri.bizizmir.com/dataset/nobetci-eczaneler-ve-eczane-listesi,CC BY 4.0,İzmir Büyükşehir Belediyesi Açık Veri Portalı
pharmacy:1360:38.393887:27.069478,pharmacy,Pharmacy,ÖZBERK ECZANESİ,38.393887,27.069478,HATAY,,FAHRETTIN ALTAY MAHALLESİ 65/8 SOK. NO:10,02322774005,,,2026-09-20T07:31:15.702Z,COMPLETE_FOR_MAPPABLE_ROWS,api,Tüm eczaneler,https://acikveri.bizizmir.com/dataset/nobetci-eczaneler-ve-eczane-listesi,CC BY 4.0,İzmir Büyükşehir Belediyesi Açık Veri Portalı
pharmacy:1361:38.394773:27.074701,pharmacy,Pharmacy,TAÇ ECZANESİ,38.394773,27.074701,HATAY,,İNÖNÜ CADDESİ GÜRSEL AKSEL BULVARI NO:22/1A ÜÇKUYULAR,02322859985,,,2026-09-20T07:31:15.702Z,COMPLETE_FOR_MAPPABLE_ROWS,api,Tüm eczaneler,https://acikveri.bizizmir.com/dataset/nobetci-eczaneler-ve-eczane-listesi,CC BY 4.0,İzmir Büyükşehir Belediyesi Açık Veri Portalı
pharmacy:1362:38.393057:27.084912,pharmacy,Pharmacy,BALIN ECZANESİ,38.393057,27.084912,HATAY,,INÖNÜ CAD. NO:697/1-A POLIGON,02322483435,,,2026-09-20T07:31:15.702Z,COMPLETE_FOR_MAPPABLE_ROWS,api,Tüm eczaneler,https://acikveri.bizizmir.com/dataset/nobetci-eczaneler-ve-eczane-listesi,CC BY 4.0,İzmir Büyükşehir Belediyesi Açık Veri Portalı
pharmacy:1363:38.050347:27.051814,pharmacy,Pharmacy,ORTAKÖY ECZANESİ,38.050347,27.051814,ÖZDERE,,ORTA MH. MUSTAFA KEMAL PAŞA CD. NO:450/B,02322855862,,,2026-09-20T07:31:15.702Z,COMPLETE_FOR_MAPPABLE_ROWS,api,Tüm eczaneler,https://acikveri.bizizmir.com/dataset/nobetci-eczaneler-ve-eczane-listesi,CC BY 4.0,İzmir Büyükşehir Belediyesi Açık Veri Portalı
pharmacy:1364:38.395424:27.074472,pharmacy,Pharmacy,KAPTAN ECZANESİ,38.395424,27.074472,HATAY,,INÖNÜ CAD. NO:825/C ÜÇKUYULAR,02322472604,,,2026-09-20T07:31:15.702Z,COMPLETE_FOR_MAPPABLE_ROWS,api,Tüm eczaneler,https://acikveri.bizizmir.com/dataset/nobetci-eczaneler-ve-eczane-listesi,CC BY 4.0,İzmir Büyükşehir Belediyesi Açık Veri Portalı
pharmacy:1365:38.396449:27.069143,pharmacy,Pharmacy,DOGAL SIFA ECZANESİ,38.396449,27.069143,HATAY,,Fahrettin Altay Mah. 65/11 Sok No:4/A,02322792568,,,2026-09-20T07:31:15.702Z,COMPLETE_FOR_MAPPABLE_ROWS,api,Tüm eczaneler,https://acikveri.bizizmir.com/dataset/nobetci-eczaneler-ve-eczane-listesi,CC BY 4.0,İzmir Büyükşehir Belediyesi Açık Veri Portalı
pharmacy:1366:38.390307:27.073249,pharmacy,Pharmacy,ESENTEPE ECZANESİ,38.390307,27.073249,HATAY,,ESENTEPE MH. 14 SK. NO:122/A,02322474134,,,2026-09-20T07:31:15.702Z,COMPLETE_FOR_MAPPABLE_ROWS,api,Tüm eczaneler,https://acikveri.bizizmir.com/dataset/nobetci-eczaneler-ve-eczane-listesi,CC BY 4.0,İzmir Büyükşehir Belediyesi Açık Veri Portalı
pharmacy:1367:38.392767:27.087415,pharmacy,Pharmacy,POLİGON ECZANESİ,38.392767,27.087415,HATAY,,POLİGON MAH. İNÖNÜ CAD. NO:661,02322859874,,,2026-09-20T07:31:15.702Z,COMPLETE_FOR_MAPPABLE_ROWS,api,Tüm eczaneler,https://acikveri.bizizmir.com/dataset/nobetci-eczaneler-ve-eczane-listesi,CC BY 4.0,İzmir Büyükşehir Belediyesi Açık Veri Portalı
pharmacy:1368:38.3894:27.0718,pharmacy,Pharmacy,PINAR ECZANESİ,38.3894,27.0718,HATAY,,MEHMETCIK BULV.NO:95/D,02322240302,,,2026-09-20T07:31:15.702Z,COMPLETE_FOR_MAPPABLE_ROWS,api,Tüm eczaneler,https://acikveri.bizizmir.com/dataset/nobetci-eczaneler-ve-eczane-listesi,CC BY 4.0,İzmir Büyükşehir Belediyesi Açık Veri Portalı
pharmacy:1369:38.395589:27.069663,pharmacy,Pharmacy,ÜÇKUYULAR ECZANESİ,38.395589,27.069663,HATAY,,ÜÇKUYULAR MAH. MEHMETÇİK BULVARI NO:23/C,02322482031,,,2026-09-20T07:31:15.702Z,COMPLETE_FOR_MAPPABLE_ROWS,api,Tüm eczaneler,https://acikveri.bizizmir.com/dataset/nobetci-eczaneler-ve-eczane-listesi,CC BY 4.0,İzmir Büyükşehir Belediyesi Açık Veri Portalı
pharmacy:1370:38.3889:27.0764,pharmacy,Pharmacy,BARIŞ ECZANESİ,38.3889,27.0764,HATAY,,GENERAL KAZIM ÖZALP MH. 46 SOK. NO:135/B ESENTEPE,02322474807,,,2026-09-20T07:31:15.702Z,COMPLETE_FOR_MAPPABLE_ROWS,api,Tüm eczaneler,https://acikveri.bizizmir.com/dataset/nobetci-eczaneler-ve-eczane-listesi,CC BY 4.0,İzmir Büyükşehir Belediyesi Açık Veri Portalı
pharmacy:1371:38.3989:27.0914,pharmacy,Pharmacy,GÖZTEPE ECZANESİ,38.3989,27.0914,MİTHATPAŞA,,GÖZTEPE MAH.MITHATPASA CAD. NO:857/A,02322464864,,,2026-09-20T07:31:15.702Z,COMPLETE_FOR_MAPPABLE_ROWS,api,Tüm eczaneler,https://acikveri.bizizmir.com/dataset/nobetci-eczaneler-ve-eczane-listesi,CC BY 4.0,İzmir Büyükşehir Belediyesi Açık Veri Portalı
pharmacy:1372:38.39766:27.079501,pharmacy,Pharmacy,ÇILER ECZANESİ,38.39766,27.079501,MİTHATPAŞA,,34 SOKAK NO:20/A GÜZELYALI,02322858390,,,2026-09-20T07:31:15.702Z,COMPLETE_FOR_MAPPABLE_ROWS,api,Tüm eczaneler,https://acikveri.bizizmir.com/dataset/nobetci-eczaneler-ve-eczane-listesi,CC BY 4.0,İzmir Büyükşehir Belediyesi Açık Veri Portalı
pharmacy:1373:38.4109231199651:27.1215931820522,pharmacy,Pharmacy,YENİ KARATAŞ,38.4109231199651,27.1215931820522,MİTHATPAŞA,,Mithatpaşa cad. No:99/A Karataş,4842784,,,2026-09-20T07:31:15.702Z,COMPLETE_FOR_MAPPABLE_ROWS,api,Tüm eczaneler,https://acikveri.bizizmir.com/dataset/nobetci-eczaneler-ve-eczane-listesi,CC BY 4.0,İzmir Büyükşehir Belediyesi Açık Veri Portalı
pharmacy:1374:38.406343:27.105478,pharmacy,Pharmacy,DILSEN ECZANESİ,38.406343,27.105478,MİTHATPAŞA,,211 SOKAK NO:5/C KÜÇÜKYALI,02322311987,,,2026-09-20T07:31:15.702Z,COMPLETE_FOR_MAPPABLE_ROWS,api,Tüm eczaneler,https://acikveri.bizizmir.com/dataset/nobetci-eczaneler-ve-eczane-listesi,CC BY 4.0,İzmir Büyükşehir Belediyesi Açık Veri Portalı
pharmacy:1375:38.400959:27.093,pharmacy,Pharmacy,ÇİLOĞLU ECZANESİ,38.400959,27.093,MİTHATPAŞA,,GÖZTEPE MH. MİTHATPAŞA CD.NO:878/A,02322432939,,,2026-09-20T07:31:15.702Z,COMPLETE_FOR_MAPPABLE_ROWS,api,Tüm eczaneler,https://acikveri.bizizmir.com/dataset/nobetci-eczaneler-ve-eczane-listesi,CC BY 4.0,İzmir Büyükşehir Belediyesi Açık Veri Portalı
pharmacy:1376:38.4069:27.1059,pharmacy,Pharmacy,MERIÇ ECZANESİ,38.4069,27.1059,MİTHATPAŞA,,MITHATPASA MAH. MITHATPASA CAD. NO:507/A KONAK,02322329488,,,2026-09-20T07:31:15.702Z,COMPLETE_FOR_MAPPABLE_ROWS,api,Tüm eczaneler,https://acikveri.bizizmir.com/dataset/nobetci-eczaneler-ve-eczane-listesi,CC BY 4.0,İzmir Büyükşehir Belediyesi Açık Veri Portalı
pharmacy:1377:38.4092104896771:27.1157809495962,pharmacy,Pharmacy,SAHİL,38.4092104896771,27.1157809495962,MİTHATPAŞA,,Karataş mah. Mithatpaşa cad. No:273/A TARİHİ ASANSÖR SİNEGOG YANI,4831641,,,2026-09-20T07:31:15.702Z,COMPLETE_FOR_MAPPABLE_ROWS,api,Tüm eczaneler,https://acikveri.bizizmir.com/dataset/nobetci-eczaneler-ve-eczane-listesi,CC BY 4.0,İzmir Büyükşehir Belediyesi Açık Veri Portalı
pharmacy:1378:38.398772:27.09156,pharmacy,Pharmacy,İPEK ECZANESİ,38.398772,27.09156,MİTHATPAŞA,,GÜZELYALI MAH. MİTHATPAŞA CAD. 95 SOK. NO:3/E,02322854225,,,2026-09-20T07:31:15.702Z,COMPLETE_FOR_MAPPABLE_ROWS,api,Tüm eczaneler,https://acikveri.bizizmir.com/dataset/nobetci-eczaneler-ve-eczane-listesi,CC BY 4.0,İzmir Büyükşehir Belediyesi Açık Veri Portalı
pharmacy:1379:38.397783:27.086847,pharmacy,Pharmacy,FULYA ECZANESİ,38.397783,27.086847,MİTHATPAŞA,,GÜZELYALI MAH. MİTHATPAŞA CAD. NO:1032/B,02322854527,,,2026-09-20T07:31:15.702Z,COMPLETE_FOR_MAPPABLE_ROWS,api,Tüm eczaneler,https://acikveri.bizizmir.com/dataset/nobetci-eczaneler-ve-eczane-listesi,CC BY 4.0,İzmir Büyükşehir Belediyesi Açık Veri Portalı
pharmacy:1380:38.411521:27.12205,pharmacy,Pharmacy,ECZANE NİLGE ECZANESİ,38.411521,27.12205,MİTHATPAŞA,,BARBAROS MH. MİTHATPAŞA CD. 333 SK. NO:2 KARATAŞ,02324846272,,,2026-09-20T07:31:15.702Z,COMPLETE_FOR_MAPPABLE_ROWS,api,Tüm eczaneler,https://acikveri.bizizmir.com/dataset/nobetci-eczaneler-ve-eczane-listesi,CC BY 4.0,İzmir Büyükşehir Belediyesi Açık Veri Portalı
pharmacy:1381:38.39784:27.088229,pharmacy,Pharmacy,MİTHATPAŞA ECZANESİ,38.39784,27.088229,MİTHATPAŞA,,GÖZTEPE MAH. MİTHATPAŞA CAD. NO:897/D,02322483332,,,2026-09-20T07:31:15.702Z,COMPLETE_FOR_MAPPABLE_ROWS,api,Tüm eczaneler,https://acikveri.bizizmir.com/dataset/nobetci-eczaneler-ve-eczane-listesi,CC BY 4.0,İzmir Büyükşehir Belediyesi Açık Veri Portalı
pharmacy:1382:38.398824:27.091503,pharmacy,Pharmacy,IŞIN ECZANESİ,38.398824,27.091503,MİTHATPAŞA,,95 SOK.NO:3/B GÖZTEPE,02322859202,,,2026-09-20T07:31:15.702Z,COMPLETE_FOR_MAPPABLE_ROWS,api,Tüm eczaneler,https://acikveri.bizizmir.com/dataset/nobetci-eczaneler-ve-eczane-listesi,CC BY 4.0,İzmir Büyükşehir Belediyesi Açık Veri Portalı
pharmacy:1383:38.393579:27.12683,pharmacy,Pharmacy,KANTARCIOĞLU ECZANESİ,38.393579,27.12683,MİTHATPAŞA,,ÇALIKUŞU MAH. ESKİ İZMİR CAD. NO:165,02324830305,,,2026-09-20T07:31:15.702Z,COMPLETE_FOR_MAPPABLE_ROWS,api,Tüm eczaneler,https://acikveri.bizizmir.com/dataset/nobetci-eczaneler-ve-eczane-listesi,CC BY 4.0,İzmir Büyükşehir Belediyesi Açık Veri Portalı
pharmacy:1384:38.406981:27.105044,pharmacy,Pharmacy,KARANTINA ECZANESİ,38.406981,27.105044,MİTHATPAŞA,,MITHATPASA CAD.NO:525/A KÜÇÜKYALI,02322443187,,,2026-09-20T07:31:15.702Z,COMPLETE_FOR_MAPPABLE_ROWS,api,Tüm eczaneler,https://acikveri.bizizmir.com/dataset/nobetci-eczaneler-ve-eczane-listesi,CC BY 4.0,İzmir Büyükşehir Belediyesi Açık Veri Portalı
pharmacy:1385:38.409628:27.117879,pharmacy,Pharmacy,MİMOZA ECZANESİ,38.409628,27.117879,MİTHATPAŞA,,TURGUT REİS MAH. MİTHATPAŞA CAD. NO:374/A,02324845838,,,2026-09-20T07:31:15.702Z,COMPLETE_FOR_MAPPABLE_ROWS,api,Tüm eczaneler,https://acikveri.bizizmir.com/dataset/nobetci-eczaneler-ve-eczane-listesi,CC BY 4.0,İzmir Büyükşehir Belediyesi Açık Veri Portalı
pharmacy:1386:38.4068:27.1038,pharmacy,Pharmacy,SEFKAT ECZANESİ,38.4068,27.1038,MİTHATPAŞA,,MITHATPASA CAD.NO:559/A KÜÇÜKYALI,02322320405,,,2026-09-20T07:31:15.702Z,COMPLETE_FOR_MAPPABLE_ROWS,api,Tüm eczaneler,https://acikveri.bizizmir.com/dataset/nobetci-eczaneler-ve-eczane-listesi,CC BY 4.0,İzmir Büyükşehir Belediyesi Açık Veri Portalı
pharmacy:1387:38.406894125804:27.1040270258364,pharmacy,Pharmacy,ALTINKAN,38.406894125804,27.1040270258364,MİTHATPAŞA,,Mithatpaşa cad. No:553/10 Küçükyalı,2312419,,,2026-09-20T07:31:15.702Z,COMPLETE_FOR_MAPPABLE_ROWS,api,Tüm eczaneler,https://acikveri.bizizmir.com/dataset/nobetci-eczaneler-ve-eczane-listesi,CC BY 4.0,İzmir Büyükşehir Belediyesi Açık Veri Portalı
pharmacy:1388:38.4063:27.1056,pharmacy,Pharmacy,MITHATPASA DORUK ECZANESİ,38.4063,27.1056,MİTHATPAŞA,,211 SOK. NO:7 KÜÇÜKYALI,02322444521,,,2026-09-20T07:31:15.702Z,COMPLETE_FOR_MAPPABLE_ROWS,api,Tüm eczaneler,https://acikveri.bizizmir.com/dataset/nobetci-eczaneler-ve-eczane-listesi,CC BY 4.0,İzmir Büyükşehir Belediyesi Açık Veri Portalı
pharmacy:1389:38.4089:27.1103,pharmacy,Pharmacy,AYDIN ECZANESİ,38.4089,27.1103,MİTHATPAŞA,,MITHATPASA CAD. NO:552/B KONAK,02324840164,,,2026-09-20T07:31:15.702Z,COMPLETE_FOR_MAPPABLE_ROWS,api,Tüm eczaneler,https://acikveri.bizizmir.com/dataset/nobetci-eczaneler-ve-eczane-listesi,CC BY 4.0,İzmir Büyükşehir Belediyesi Açık Veri Portalı
pharmacy:1390:38.4071:27.1046,pharmacy,Pharmacy,YENI PETEK ECZANESİ,38.4071,27.1046,MİTHATPAŞA,,MITHATPASA CAD. NO:535/A KÜÇÜKYALI KONAK,02322455101,,,2026-09-20T07:31:15.702Z,COMPLETE_FOR_MAPPABLE_ROWS,api,Tüm eczaneler,https://acikveri.bizizmir.com/dataset/nobetci-eczaneler-ve-eczane-listesi,CC BY 4.0,İzmir Büyükşehir Belediyesi Açık Veri Portalı
pharmacy:1391:38.398978:27.079687,pharmacy,Pharmacy,ATA MERT ECZANESİ,38.398978,27.079687,MİTHATPAŞA,,GÜZELYALI MAH. MİTHATPAŞA CAD. NO:1176/A,02322855143,,,2026-09-20T07:31:15.702Z,COMPLETE_FOR_MAPPABLE_ROWS,api,Tüm eczaneler,https://acikveri.bizizmir.com/dataset/nobetci-eczaneler-ve-eczane-listesi,CC BY 4.0,İzmir Büyükşehir Belediyesi Açık Veri Portalı
pharmacy:1392:38.398058:27.079335,pharmacy,Pharmacy,BAHADIR ECZANESİ,38.398058,27.079335,MİTHATPAŞA,,GÜZELYALI MAH. 34 SOK. NO:10/C,02322480315,,,2026-09-20T07:31:15.702Z,COMPLETE_FOR_MAPPABLE_ROWS,api,Tüm eczaneler,https://acikveri.bizizmir.com/dataset/nobetci-eczaneler-ve-eczane-listesi,CC BY 4.0,İzmir Büyükşehir Belediyesi Açık Veri Portalı
pharmacy:1393:38.398154:27.079324,pharmacy,Pharmacy,ÜLKÜM ECZANESİ,38.398154,27.079324,MİTHATPAŞA,,34 SOK. NO:10/A GÜZELYALI,02322461246,,,2026-09-20T07:31:15.702Z,COMPLETE_FOR_MAPPABLE_ROWS,api,Tüm eczaneler,https://acikveri.bizizmir.com/dataset/nobetci-eczaneler-ve-eczane-listesi,CC BY 4.0,İzmir Büyükşehir Belediyesi Açık Veri Portalı
pharmacy:1394:38.398276:27.079435,pharmacy,Pharmacy,MAYIS ECZANESİ,38.398276,27.079435,MİTHATPAŞA,,34 SOK. NO:3/C-D GÜZELYALI,02322465544,,,2026-09-20T07:31:15.702Z,COMPLETE_FOR_MAPPABLE_ROWS,api,Tüm eczaneler,https://acikveri.bizizmir.com/dataset/nobetci-eczaneler-ve-eczane-listesi,CC BY 4.0,İzmir Büyükşehir Belediyesi Açık Veri Portalı
pharmacy:1395:38.3970658706727:27.0798530453484,pharmacy,Pharmacy,AVUNDUK,38.3970658706727,27.0798530453484,MİTHATPAŞA,,34 sok. No:27/A,2479320,,,2026-09-20T07:31:15.702Z,COMPLETE_FOR_MAPPABLE_ROWS,api,Tüm eczaneler,https://acikveri.bizizmir.com/dataset/nobetci-eczaneler-ve-eczane-listesi,CC BY 4.0,İzmir Büyükşehir Belediyesi Açık Veri Portalı
pharmacy:1396:38.3980694662913:27.0793707338523,pharmacy,Pharmacy,AYPAR,38.3980694662913,27.0793707338523,MİTHATPAŞA,,34 Sk. No 10/C Güzelyalı,2467943,,,2026-09-20T07:31:15.702Z,COMPLETE_FOR_MAPPABLE_ROWS,api,Tüm eczaneler,https://acikveri.bizizmir.com/dataset/nobetci-eczaneler-ve-eczane-listesi,CC BY 4.0,İzmir Büyükşehir Belediyesi Açık Veri Portalı
pharmacy:1397:38.397916:27.079405,pharmacy,Pharmacy,TARÇIN ECZANESİ,38.397916,27.079405,MİTHATPAŞA,,34 SOKAK NO:14/A GÜZELYALI KONAK,02322468372,,,2026-09-20T07:31:15.702Z,COMPLETE_FOR_MAPPABLE_ROWS,api,Tüm eczaneler,https://acikveri.bizizmir.com/dataset/nobetci-eczaneler-ve-eczane-listesi,CC BY 4.0,İzmir Büyükşehir Belediyesi Açık Veri Portalı
pharmacy:1398:38.398113:27.079501,pharmacy,Pharmacy,YENİ ÇİĞDEM ECZANESİ,38.398113,27.079501,MİTHATPAŞA,,34 SOK. NO:7/A GÜZELYALI,02322248215,,,2026-09-20T07:31:15.702Z,COMPLETE_FOR_MAPPABLE_ROWS,api,Tüm eczaneler,https://acikveri.bizizmir.com/dataset/nobetci-eczaneler-ve-eczane-listesi,CC BY 4.0,İzmir Büyükşehir Belediyesi Açık Veri Portalı
pharmacy:1399:38.398036:27.074399,pharmacy,Pharmacy,MUCİZE ECZANESİ,38.398036,27.074399,MİTHATPAŞA,,MEHMET ALİ AKMAN MAH. GÜRSEL AKSEL BULVARI NO:49/A,02322460157,,,2026-09-20T07:31:15.702Z,COMPLETE_FOR_MAPPABLE_ROWS,api,Tüm eczaneler,https://acikveri.bizizmir.com/dataset/nobetci-eczaneler-ve-eczane-listesi,CC BY 4.0,İzmir Büyükşehir Belediyesi Açık Veri Portalı
pharmacy:1400:38.398423:27.075825,pharmacy,Pharmacy,EFESOĞLU ECZANESİ,38.398423,27.075825,MİTHATPAŞA,,ÜÇKUYULAR MAH. MITHATPASA CAD. NO:1105/A KONAK,02322240450,,,2026-09-20T07:31:15.702Z,COMPLETE_FOR_MAPPABLE_ROWS,api,Tüm eczaneler,https://acikveri.bizizmir.com/dataset/nobetci-eczaneler-ve-eczane-listesi,CC BY 4.0,İzmir Büyükşehir Belediyesi Açık Veri Portalı
pharmacy:1401:38.15396:27.361535,pharmacy,Pharmacy,CEMRECAN ECZANESİ,38.15396,27.361535,TORBALI,,ERTUĞRUL MAH. KAZIM DİRİK CD. NO:62/A,02328556160,,,2026-09-20T07:31:15.702Z,COMPLETE_FOR_MAPPABLE_ROWS,api,Tüm eczaneler,https://acikveri.bizizmir.com/dataset/nobetci-eczaneler-ve-eczane-listesi,CC BY 4.0,İzmir Büyükşehir Belediyesi Açık Veri Portalı
pharmacy:1402:38.605654:27.075433,pharmacy,Pharmacy,CAN ECZANESİ,38.605654,27.075433,MENEMEN,,ESATPAŞA MH. ABDİ İPEKÇİ CD. NO:9/15,02328329797,,,2026-09-20T07:31:15.702Z,COMPLETE_FOR_MAPPABLE_ROWS,api,Tüm eczaneler,https://acikveri.bizizmir.com/dataset/nobetci-eczaneler-ve-eczane-listesi,CC BY 4.0,İzmir Büyükşehir Belediyesi Açık Veri Portalı
pharmacy:1403:38.5915:27.0746,pharmacy,Pharmacy,ELİF ECZANESİ,38.5915,27.0746,MENEMEN,,ESATPAŞA MAH. ÇANAKKALE ASFALTI NO:2/C,02328315546,,,2026-09-20T07:31:15.702Z,COMPLETE_FOR_MAPPABLE_ROWS,api,Tüm eczaneler,https://acikveri.bizizmir.com/dataset/nobetci-eczaneler-ve-eczane-listesi,CC BY 4.0,İzmir Büyükşehir Belediyesi Açık Veri Portalı
pharmacy:1404:38.2182623478342:27.9593261841512,pharmacy,Pharmacy,ALTAY,38.2182623478342,27.9593261841512,ÖDEMİŞ,,Üç Eylül Mah. 2038 Sk. No:6/A,5096447,,,2026-09-20T07:31:15.702Z,COMPLETE_FOR_MAPPABLE_ROWS,api,Tüm eczaneler,https://acikveri.bizizmir.com/dataset/nobetci-eczaneler-ve-eczane-listesi,CC BY 4.0,İzmir Büyükşehir Belediyesi Açık Veri Portalı
pharmacy:1405:38.45875:27.190893,pharmacy,Pharmacy,LAVANTA ECZANESİ,38.45875,27.190893,BORNOVA 3,,MANSUROĞLU MAH. SAKARYA CAD. NO:47/B,02323480966,,,2026-09-20T07:31:15.702Z,COMPLETE_FOR_MAPPABLE_ROWS,api,Tüm eczaneler,https://acikveri.bizizmir.com/dataset/nobetci-eczaneler-ve-eczane-listesi,CC BY 4.0,İzmir Büyükşehir Belediyesi Açık Veri Portalı
pharmacy:1406:38.372105:27.17844,pharmacy,Pharmacy,BUCA YILDIZ ECZANESİ,38.372105,27.17844,BUCA 2,,YILDIZ MAH. 206/5 SOK. NO:91/B,02324535025,,,2026-09-20T07:31:15.702Z,COMPLETE_FOR_MAPPABLE_ROWS,api,Tüm eczaneler,https://acikveri.bizizmir.com/dataset/nobetci-eczaneler-ve-eczane-listesi,CC BY 4.0,İzmir Büyükşehir Belediyesi Açık Veri Portalı
pharmacy:1407:38.500364:27.051285,pharmacy,Pharmacy,HAZİRAN ECZANESİ,38.500364,27.051285,ÇİĞLİ,,YENİ MAHALLE MH. 8762/2 SK. NO:6/B,02328862823,,,2026-09-20T07:31:15.702Z,COMPLETE_FOR_MAPPABLE_ROWS,api,Tüm eczaneler,https://acikveri.bizizmir.com/dataset/nobetci-eczaneler-ve-eczane-listesi,CC BY 4.0,İzmir Büyükşehir Belediyesi Açık Veri Portalı
pharmacy:1408:38.483031:27.058808,pharmacy,Pharmacy,NAZ ECZANESİ,38.483031,27.058808,ÇİĞLİ,,ATAŞEHİR MH. 8019/23 SK. NO:1/A,02323763637,,,2026-09-20T07:31:15.702Z,COMPLETE_FOR_MAPPABLE_ROWS,api,Tüm eczaneler,https://acikveri.bizizmir.com/dataset/nobetci-eczaneler-ve-eczane-listesi,CC BY 4.0,İzmir Büyükşehir Belediyesi Açık Veri Portalı
pharmacy:1409:38.483502:27.058584,pharmacy,Pharmacy,LİLYUM ECZANESİ,38.483502,27.058584,ÇİĞLİ,,ATAŞEHİR MAH. 8019/16 SOK. NO:16/B,02323825754,,,2026-09-20T07:31:15.702Z,COMPLETE_FOR_MAPPABLE_ROWS,api,Tüm eczaneler,https://acikveri.bizizmir.com/dataset/nobetci-eczaneler-ve-eczane-listesi,CC BY 4.0,İzmir Büyükşehir Belediyesi Açık Veri Portalı
pharmacy:1410:38.376924:27.10785,pharmacy,Pharmacy,DERYA ECZANESİ,38.376924,27.10785,ESKİİZMİR-CENNETÇEŞME,,ALİ FUAT CEBESOY MAH. ESKİİZMİR NO:528/1A,02322710606,,,2026-09-20T07:31:15.702Z,COMPLETE_FOR_MAPPABLE_ROWS,api,Tüm eczaneler,https://acikveri.bizizmir.com/dataset/nobetci-eczaneler-ve-eczane-listesi,CC BY 4.0,İzmir Büyükşehir Belediyesi Açık Veri Portalı
pharmacy:1411:38.401856:27.111935,pharmacy,Pharmacy,SEVİL KOÇ ECZANESİ,38.401856,27.111935,HATAY,,ARAP HASAN MH. İNÖNÜ CD. NO:277/A,02329993393,,,2026-09-20T07:31:15.702Z,COMPLETE_FOR_MAPPABLE_ROWS,api,Tüm eczaneler,https://acikveri.bizizmir.com/dataset/nobetci-eczaneler-ve-eczane-listesi,CC BY 4.0,İzmir Büyükşehir Belediyesi Açık Veri Portalı
pharmacy:1413:38.430775:27.141335,pharmacy,Pharmacy,EPİTEL ECZANESİ,38.430775,27.141335,ALSANCAK,,KÜLTÜR MAH. PLEVNE BULVARI NO:36/D,02324214966,,,2026-09-20T07:31:15.702Z,COMPLETE_FOR_MAPPABLE_ROWS,api,Tüm eczaneler,https://acikveri.bizizmir.com/dataset/nobetci-eczaneler-ve-eczane-listesi,CC BY 4.0,İzmir Büyükşehir Belediyesi Açık Veri Portalı
pharmacy:1414:38.457753:27.199384,pharmacy,Pharmacy,AYŞE ECZANESİ,38.457753,27.199384,BORNOVA 3,,MANSUROĞLU MH. HAŞİM İŞCAN MAH. NO:18/A BAYRAKLI,02323442344,,,2026-09-20T07:31:15.702Z,COMPLETE_FOR_MAPPABLE_ROWS,api,Tüm eczaneler,https://acikveri.bizizmir.com/dataset/nobetci-eczaneler-ve-eczane-listesi,CC BY 4.0,İzmir Büyükşehir Belediyesi Açık Veri Portalı
pharmacy:1415:39.119171:27.198587,pharmacy,Pharmacy,İSTANBUL ECZANESİ,39.119171,27.198587,BERGAMA,,KURTULUŞ MAH. KESTEL CAD. NO:65/15,02326322828,,,2026-09-20T07:31:15.702Z,COMPLETE_FOR_MAPPABLE_ROWS,api,Tüm eczaneler,https://acikveri.bizizmir.com/dataset/nobetci-eczaneler-ve-eczane-listesi,CC BY 4.0,İzmir Büyükşehir Belediyesi Açık Veri Portalı
pharmacy:1416:38.468313:27.115819,pharmacy,Pharmacy,BEYZA ECZANESİ,38.468313,27.115819,GÜMÜŞPALA,,SOĞUKKUYU MH. 1595 SK. NO:10/B,02324616148,,,2026-09-20T07:31:15.702Z,COMPLETE_FOR_MAPPABLE_ROWS,api,Tüm eczaneler,https://acikveri.bizizmir.com/dataset/nobetci-eczaneler-ve-eczane-listesi,CC BY 4.0,İzmir Büyükşehir Belediyesi Açık Veri Portalı
pharmacy:1419:38.392983:27.034858,pharmacy,Pharmacy,TAMER ECZANESİ,38.392983,27.034858,İNCİRALTI,,KORUTÜRK MAH. MİTH. CAD. 281/E,02322772012,,,2026-09-20T07:31:15.702Z,COMPLETE_FOR_MAPPABLE_ROWS,api,Tüm eczaneler,https://acikveri.bizizmir.com/dataset/nobetci-eczaneler-ve-eczane-listesi,CC BY 4.0,İzmir Büyükşehir Belediyesi Açık Veri Portalı
pharmacy:1420:38.288356:26.375845,pharmacy,Pharmacy,RÜZGAR ECZANESİ,38.288356,26.375845,ÇEŞME,,ALAÇATI MH. ALAÇATI ATATÜRK CD. NO:23/A,02327160828,,,2026-09-20T07:31:15.702Z,COMPLETE_FOR_MAPPABLE_ROWS,api,Tüm eczaneler,https://acikveri.bizizmir.com/dataset/nobetci-eczaneler-ve-eczane-listesi,CC BY 4.0,İzmir Büyükşehir Belediyesi Açık Veri Portalı
pharmacy:1421:38.6002252154357:27.0809019815481,pharmacy,Pharmacy,ECE,38.6002252154357,27.0809019815481,MENEMEN,,İsmet İnönü Mh. 1272 Sk. No:56/A,3679022,,,2026-09-20T07:31:15.702Z,COMPLETE_FOR_MAPPABLE_ROWS,api,Tüm eczaneler,https://acikveri.bizizmir.com/dataset/nobetci-eczaneler-ve-eczane-listesi,CC BY 4.0,İzmir Büyükşehir Belediyesi Açık Veri Portalı
pharmacy:1422:38.801269:26.9734,pharmacy,Pharmacy,CANSU ECZANESİ,38.801269,26.9734,ALİAĞA,,KÜLTÜR MH. DEMOKRASİ MEYDANI NO:2/A,02326161270,,,2026-09-20T07:31:15.702Z,COMPLETE_FOR_MAPPABLE_ROWS,api,Tüm eczaneler,https://acikveri.bizizmir.com/dataset/nobetci-eczaneler-ve-eczane-listesi,CC BY 4.0,İzmir Büyükşehir Belediyesi Açık Veri Portalı
pharmacy:1423:38.372378:27.190201,pharmacy,Pharmacy,KARACA ECZANESİ,38.372378,27.190201,BUCA 2,,KURUÇEŞME MH. HOCA AHMET YESEVİ CD. NO:168/B HOCA AHMET YESEVİ KIZ YURDU KARŞISI,02324541066,,,2026-09-20T07:31:15.702Z,COMPLETE_FOR_MAPPABLE_ROWS,api,Tüm eczaneler,https://acikveri.bizizmir.com/dataset/nobetci-eczaneler-ve-eczane-listesi,CC BY 4.0,İzmir Büyükşehir Belediyesi Açık Veri Portalı
pharmacy:1424:38.327426:27.128213,pharmacy,Pharmacy,YENI BILGE ECZANESİ,38.327426,27.128213,GAZİEMİR,,IRMAK MH. HASAN GÜVEN CD. NO:75/A,02322524228,,,2026-09-20T07:31:15.702Z,COMPLETE_FOR_MAPPABLE_ROWS,api,Tüm eczaneler,https://acikveri.bizizmir.com/dataset/nobetci-eczaneler-ve-eczane-listesi,CC BY 4.0,İzmir Büyükşehir Belediyesi Açık Veri Portalı
pharmacy:1425:38.324887:27.138648,pharmacy,Pharmacy,MEŞEKALKAN ECZANESİ,38.324887,27.138648,GAZİEMİR,,DOKUZ EYLÜL MH. HAVACILAR CD. NO:3/D,02329998500,,,2026-09-20T07:31:15.702Z,COMPLETE_FOR_MAPPABLE_ROWS,api,Tüm eczaneler,https://acikveri.bizizmir.com/dataset/nobetci-eczaneler-ve-eczane-listesi,CC BY 4.0,İzmir Büyükşehir Belediyesi Açık Veri Portalı
pharmacy:1427:38.399617:27.097675,pharmacy,Pharmacy,ÇAVDAR ECZANESİ,38.399617,27.097675,HATAY,,İNÖNÜ CD. NO:453/A,02322450060,,,2026-09-20T07:31:15.702Z,COMPLETE_FOR_MAPPABLE_ROWS,api,Tüm eczaneler,https://acikveri.bizizmir.com/dataset/nobetci-eczaneler-ve-eczane-listesi,CC BY 4.0,İzmir Büyükşehir Belediyesi Açık Veri Portalı
pharmacy:1428:38.461013741735:27.107740088931,pharmacy,Pharmacy,EGE ÖZLEM,38.461013741735,27.107740088931,KARŞIYAKA 4,,Nergiz Mh. Girne Bulvarı No:123/A,3292660,,,2026-09-20T07:31:15.702Z,COMPLETE_FOR_MAPPABLE_ROWS,api,Tüm eczaneler,https://acikveri.bizizmir.com/dataset/nobetci-eczaneler-ve-eczane-listesi,CC BY 4.0,İzmir Büyükşehir Belediyesi Açık Veri Portalı
pharmacy:1429:38.384223:27.146657,pharmacy,Pharmacy,KADIKÖY ECZANESİ,38.384223,27.146657,ŞİRİNYER,,AKINCILAR MH. AKDOĞAN CD. NO:140/C,02324267072,,,2026-09-20T07:31:15.702Z,COMPLETE_FOR_MAPPABLE_ROWS,api,Tüm eczaneler,https://acikveri.bizizmir.com/dataset/nobetci-eczaneler-ve-eczane-listesi,CC BY 4.0,İzmir Büyükşehir Belediyesi Açık Veri Portalı
pharmacy:1430:38.384288:27.146432,pharmacy,Pharmacy,ELİF KÜBRA ECZANESİ,38.384288,27.146432,ŞİRİNYER,,AKINCILAR MAH. AKDOĞAN CAD. NO:136/B,02324521111,,,2026-09-20T07:31:15.702Z,COMPLETE_FOR_MAPPABLE_ROWS,api,Tüm eczaneler,https://acikveri.bizizmir.com/dataset/nobetci-eczaneler-ve-eczane-listesi,CC BY 4.0,İzmir Büyükşehir Belediyesi Açık Veri Portalı
pharmacy:1431:38.389506:27.071785,pharmacy,Pharmacy,EGESU ECZANESİ,38.389506,27.071785,HATAY,,MEHMETCIK BULV. SOK.NO:95/B,02322242433,,,2026-09-20T07:31:15.702Z,COMPLETE_FOR_MAPPABLE_ROWS,api,Tüm eczaneler,https://acikveri.bizizmir.com/dataset/nobetci-eczaneler-ve-eczane-listesi,CC BY 4.0,İzmir Büyükşehir Belediyesi Açık Veri Portalı
pharmacy:1432:38.393755:27.069298,pharmacy,Pharmacy,IRMAK ECZANESİ,38.393755,27.069298,HATAY,,FAHRETTİN ALTAY MAH. 65/8 SOK. NO:6/A,02322776190,,,2026-09-20T07:31:15.702Z,COMPLETE_FOR_MAPPABLE_ROWS,api,Tüm eczaneler,https://acikveri.bizizmir.com/dataset/nobetci-eczaneler-ve-eczane-listesi,CC BY 4.0,İzmir Büyükşehir Belediyesi Açık Veri Portalı
pharmacy:1434:38.326503:26.306439,pharmacy,Pharmacy,ADA ECZANESİ,38.326503,26.306439,ÇEŞME,,16 eylül mah. 3001 sk. no:3/G,02327128287,,,2026-09-20T07:31:15.702Z,COMPLETE_FOR_MAPPABLE_ROWS,api,Tüm eczaneler,https://acikveri.bizizmir.com/dataset/nobetci-eczaneler-ve-eczane-listesi,CC BY 4.0,İzmir Büyükşehir Belediyesi Açık Veri Portalı
pharmacy:1435:38.499366:27.052572,pharmacy,Pharmacy,CANAN ECZANESİ,38.499366,27.052572,ÇİĞLİ,,YENİMAHALLE MAH. 1671/1 SOK. NO:863/A,02320210940,,,2026-09-20T07:31:15.702Z,COMPLETE_FOR_MAPPABLE_ROWS,api,Tüm eczaneler,https://acikveri.bizizmir.com/dataset/nobetci-eczaneler-ve-eczane-listesi,CC BY 4.0,İzmir Büyükşehir Belediyesi Açık Veri Portalı
pharmacy:1436:38.406158986793:27.1167510993157,pharmacy,Pharmacy,SEVİNÇ,38.406158986793,27.1167510993157,ÜÇYOL,,Kılıç Reis Mh. Şükrü Saraçoğlu Cd. No:52/D-E Betonyol,4080010,,,2026-09-20T07:31:15.702Z,COMPLETE_FOR_MAPPABLE_ROWS,api,Tüm eczaneler,https://acikveri.bizizmir.com/dataset/nobetci-eczaneler-ve-eczane-listesi,CC BY 4.0,İzmir Büyükşehir Belediyesi Açık Veri Portalı
pharmacy:1437:38.4013805737573:27.1252792762984,pharmacy,Pharmacy,ORÇUN,38.4013805737573,27.1252792762984,ÜÇYOL,,Bağ-kur Sitesi Altı Halide Edip Adıvar Cad. No: 66/F,2612434,,,2026-09-20T07:31:15.702Z,COMPLETE_FOR_MAPPABLE_ROWS,api,Tüm eczaneler,https://acikveri.bizizmir.com/dataset/nobetci-eczaneler-ve-eczane-listesi,CC BY 4.0,İzmir Büyükşehir Belediyesi Açık Veri Portalı
pharmacy:1438:38.44279:27.182745,pharmacy,Pharmacy,TEZAY ECZANESİ,38.44279,27.182745,ÇAMDİBİ,,ÇINAR MAH. 297 SOK. NO:6/E,02324628236,,,2026-09-20T07:31:15.702Z,COMPLETE_FOR_MAPPABLE_ROWS,api,Tüm eczaneler,https://acikveri.bizizmir.com/dataset/nobetci-eczaneler-ve-eczane-listesi,CC BY 4.0,İzmir Büyükşehir Belediyesi Açık Veri Portalı
pharmacy:1439:38.398627:27.102296,pharmacy,Pharmacy,ECEM ECZANESİ,38.398627,27.102296,BASIN SİTESİ,,BASINSİTESİ MAH. GAZETECİ HASAN TAHSİN CAD. NO:186/A,02322438777,,,2026-09-20T07:31:15.702Z,COMPLETE_FOR_MAPPABLE_ROWS,api,Tüm eczaneler,https://acikveri.bizizmir.com/dataset/nobetci-eczaneler-ve-eczane-listesi,CC BY 4.0,İzmir Büyükşehir Belediyesi Açık Veri Portalı
pharmacy:1440:38.46456:27.176652,pharmacy,Pharmacy,TEPEKULE ECZANESİ,38.46456,27.176652,BAYRAKLI,,TEPEKULE MAHALLESİ 2084/8 SOKAK NO:14 A BAYRAKLI İZMİR,02329660019,,,2026-09-20T07:31:15.702Z,COMPLETE_FOR_MAPPABLE_ROWS,api,Tüm eczaneler,https://acikveri.bizizmir.com/dataset/nobetci-eczaneler-ve-eczane-listesi,CC BY 4.0,İzmir Büyükşehir Belediyesi Açık Veri Portalı
pharmacy:1441:38.461806:27.207664,pharmacy,Pharmacy,CEREN ECZANESİ,38.461806,27.207664,BORNOVA 2,,KAZIM DİRİK MH. 185 SK. NO:52/B,02323397007,,,2026-09-20T07:31:15.702Z,COMPLETE_FOR_MAPPABLE_ROWS,api,Tüm eczaneler,https://acikveri.bizizmir.com/dataset/nobetci-eczaneler-ve-eczane-listesi,CC BY 4.0,İzmir Büyükşehir Belediyesi Açık Veri Portalı
pharmacy:1442:38.366802:27.168809,pharmacy,Pharmacy,SERTAÇ ECZANESİ,38.366802,27.168809,BUCA 2,,ÇAMLIKULE MH. 220/57 SK. NO:2/A,02324532867,,,2026-09-20T07:31:15.702Z,COMPLETE_FOR_MAPPABLE_ROWS,api,Tüm eczaneler,https://acikveri.bizizmir.com/dataset/nobetci-eczaneler-ve-eczane-listesi,CC BY 4.0,İzmir Büyükşehir Belediyesi Açık Veri Portalı
pharmacy:1443:38.443993:27.200282,pharmacy,Pharmacy,MERCAN ECZANESİ,38.443993,27.200282,ÇAMDİBİ,,YEŞİLOVA MAH. YILDIRIM BEYAZIT CAD. NO:272/C,02325200162,,,2026-09-20T07:31:15.702Z,COMPLETE_FOR_MAPPABLE_ROWS,api,Tüm eczaneler,https://acikveri.bizizmir.com/dataset/nobetci-eczaneler-ve-eczane-listesi,CC BY 4.0,İzmir Büyükşehir Belediyesi Açık Veri Portalı
pharmacy:1444:38.372618:27.15069,pharmacy,Pharmacy,GÜLÜM ECZANESİ,38.372618,27.15069,GEDİZ,,FIRAT MH. 647/8 SK. NO:24/A,02329660115,,,2026-09-20T07:31:15.702Z,COMPLETE_FOR_MAPPABLE_ROWS,api,Tüm eczaneler,https://acikveri.bizizmir.com/dataset/nobetci-eczaneler-ve-eczane-listesi,CC BY 4.0,İzmir Büyükşehir Belediyesi Açık Veri Portalı
pharmacy:1445:38.4559435255562:27.1065696576169,pharmacy,Pharmacy,LİMON,38.4559435255562,27.1065696576169,KARŞIYAKA 3,,Bostanlı Mh. Girne Bulvarı No:51/3B,3693726,,,2026-09-20T07:31:15.702Z,COMPLETE_FOR_MAPPABLE_ROWS,api,Tüm eczaneler,https://acikveri.bizizmir.com/dataset/nobetci-eczaneler-ve-eczane-listesi,CC BY 4.0,İzmir Büyükşehir Belediyesi Açık Veri Portalı
pharmacy:1446:38.4000874822867:27.148769005999,pharmacy,Pharmacy,HÜRRİYET,38.4000874822867,27.148769005999,ŞİRİNYER,,Hürriyet Mh. 435 Sk. No:6/A,4383822,,,2026-09-20T07:31:15.702Z,COMPLETE_FOR_MAPPABLE_ROWS,api,Tüm eczaneler,https://acikveri.bizizmir.com/dataset/nobetci-eczaneler-ve-eczane-listesi,CC BY 4.0,İzmir Büyükşehir Belediyesi Açık Veri Portalı
pharmacy:1447:38.392906:27.113492,pharmacy,Pharmacy,FIRAT ECZANESİ,38.392906,27.113492,YEŞİLYURT,,KAZIM KARABEKİR MH. 9022 SK. NO:22/A,02322439494,,,2026-09-20T07:31:15.702Z,COMPLETE_FOR_MAPPABLE_ROWS,api,Tüm eczaneler,https://acikveri.bizizmir.com/dataset/nobetci-eczaneler-ve-eczane-listesi,CC BY 4.0,İzmir Büyükşehir Belediyesi Açık Veri Portalı
pharmacy:1448:38.176866:27.358839,pharmacy,Pharmacy,ÇAĞRIBEY ECZANESİ,38.176866,27.358839,TORBALI,,YEDİ EYLÜL MAH. EKOTEN CAD. NO:9/1,02328531118,,,2026-09-20T07:31:15.702Z,COMPLETE_FOR_MAPPABLE_ROWS,api,Tüm eczaneler,https://acikveri.bizizmir.com/dataset/nobetci-eczaneler-ve-eczane-listesi,CC BY 4.0,İzmir Büyükşehir Belediyesi Açık Veri Portalı
pharmacy:1449:38.464724:27.198962,pharmacy,Pharmacy,OKYANUS ECZANESİ,38.464724,27.198962,BORNOVA 3,,MANAVKUYU MH. 250 SK. NO:8/1F,02323747400,,,2026-09-20T07:31:15.702Z,COMPLETE_FOR_MAPPABLE_ROWS,api,Tüm eczaneler,https://acikveri.bizizmir.com/dataset/nobetci-eczaneler-ve-eczane-listesi,CC BY 4.0,İzmir Büyükşehir Belediyesi Açık Veri Portalı
pharmacy:1450:38.4999614604343:27.0510088070539,pharmacy,Pharmacy,ATAŞEHİR,38.4999614604343,27.0510088070539,ÇİĞLİ,,Yeni Mh. 8764/5 Sk. No:20/B,05378778587,,,2026-09-20T07:31:15.702Z,COMPLETE_FOR_MAPPABLE_ROWS,api,Tüm eczaneler,https://acikveri.bizizmir.com/dataset/nobetci-eczaneler-ve-eczane-listesi,CC BY 4.0,İzmir Büyükşehir Belediyesi Açık Veri Portalı
pharmacy:1451:38.377173:27.133861,pharmacy,Pharmacy,TUBA ECZANESİ,38.377173,27.133861,KARABAĞLAR,,YUNUS EMRE MH. ŞEHİT PİLOT VOLKAN KOÇYİĞİT BULVARI NO:16,02322070010,,,2026-09-20T07:31:15.702Z,COMPLETE_FOR_MAPPABLE_ROWS,api,Tüm eczaneler,https://acikveri.bizizmir.com/dataset/nobetci-eczaneler-ve-eczane-listesi,CC BY 4.0,İzmir Büyükşehir Belediyesi Açık Veri Portalı
pharmacy:1452:38.376905:27.133586,pharmacy,Pharmacy,AYÇA ECZANESİ,38.376905,27.133586,KARABAĞLAR,,YUNUSEMRE MAH. ŞEHİT PİLOT VOLKAN KOÇYİĞİT BULVARI NO: 21 /A KARABAĞLAR İZMİR,02322534253,,,2026-09-20T07:31:15.702Z,COMPLETE_FOR_MAPPABLE_ROWS,api,Tüm eczaneler,https://acikveri.bizizmir.com/dataset/nobetci-eczaneler-ve-eczane-listesi,CC BY 4.0,İzmir Büyükşehir Belediyesi Açık Veri Portalı
pharmacy:1453:38.4720337954945:27.0929418594328,pharmacy,Pharmacy,BETÜL,38.4720337954945,27.0929418594328,KARŞIYAKA 4,,Şemikler Mh. 1671 Sk. No:414-2/A,5201772,,,2026-09-20T07:31:15.702Z,COMPLETE_FOR_MAPPABLE_ROWS,api,Tüm eczaneler,https://acikveri.bizizmir.com/dataset/nobetci-eczaneler-ve-eczane-listesi,CC BY 4.0,İzmir Büyükşehir Belediyesi Açık Veri Portalı
pharmacy:1454:38.4009553880854:27.0929989646974,pharmacy,Pharmacy,ÇİLOĞLU,38.4009553880854,27.0929989646974,MİTHATPAŞA,,Göztepe Mh. Mithatpaşa Cd. No:878/A,2432939,,,2026-09-20T07:31:15.702Z,COMPLETE_FOR_MAPPABLE_ROWS,api,Tüm eczaneler,https://acikveri.bizizmir.com/dataset/nobetci-eczaneler-ve-eczane-listesi,CC BY 4.0,İzmir Büyükşehir Belediyesi Açık Veri Portalı
pharmacy:1455:38.1769723299087:27.3577280338799,pharmacy,Pharmacy,DİLEK,38.1769723299087,27.3577280338799,TORBALI,,7 Eylül Mh. Ekoten Cd. No:5/3 Yeni Devlet Hastanesi Karşısı,8532528,,,2026-09-20T07:31:15.702Z,COMPLETE_FOR_MAPPABLE_ROWS,api,Tüm eczaneler,https://acikveri.bizizmir.com/dataset/nobetci-eczaneler-ve-eczane-listesi,CC BY 4.0,İzmir Büyükşehir Belediyesi Açık Veri Portalı
pharmacy:1456:38.15714:27.35114,pharmacy,Pharmacy,EZGİ ECZANESİ,38.15714,27.35114,TORBALI,,MURATBEY MAH. 3548 SOK. NO:14/B,02328532008,,,2026-09-20T07:31:15.702Z,COMPLETE_FOR_MAPPABLE_ROWS,api,Tüm eczaneler,https://acikveri.bizizmir.com/dataset/nobetci-eczaneler-ve-eczane-listesi,CC BY 4.0,İzmir Büyükşehir Belediyesi Açık Veri Portalı
pharmacy:1457:38.5820866074335:27.0841515851691,pharmacy,Pharmacy,SAĞLIKLI YAŞAM,38.5820866074335,27.0841515851691,MENEMEN,,ESATPAŞA MH. ABDİ İPEKÇİ CD. E BLOK NO:5/B,8323237,,,2026-09-20T07:31:15.702Z,COMPLETE_FOR_MAPPABLE_ROWS,api,Tüm eczaneler,https://acikveri.bizizmir.com/dataset/nobetci-eczaneler-ve-eczane-listesi,CC BY 4.0,İzmir Büyükşehir Belediyesi Açık Veri Portalı
pharmacy:1458:38.31647:26.305751,pharmacy,Pharmacy,ÖZKAN ECZANESİ,38.31647,26.305751,ÇEŞME,,MUSALLA MAH. 2122 SOK. NO:88/B,02327120071,,,2026-09-20T07:31:15.702Z,COMPLETE_FOR_MAPPABLE_ROWS,api,Tüm eczaneler,https://acikveri.bizizmir.com/dataset/nobetci-eczaneler-ve-eczane-listesi,CC BY 4.0,İzmir Büyükşehir Belediyesi Açık Veri Portalı
pharmacy:1459:38.325672:26.748998,pharmacy,Pharmacy,ADA ECZANESİ,38.325672,26.748998,URLA,,ALTINTAŞ MAH. AHMET BESİM UYAL CAD. NO:4/D1,02327546126,,,2026-09-20T07:31:15.702Z,COMPLETE_FOR_MAPPABLE_ROWS,api,Tüm eczaneler,https://acikveri.bizizmir.com/dataset/nobetci-eczaneler-ve-eczane-listesi,CC BY 4.0,İzmir Büyükşehir Belediyesi Açık Veri Portalı
pharmacy:1460:38.087128:27.725334,pharmacy,Pharmacy,ERDEM ECZANESİ,38.087128,27.725334,TİRE,,4 EYLÜL MH. BURAK BEY CD. NO:4/A,02325001747,,,2026-09-20T07:31:15.702Z,COMPLETE_FOR_MAPPABLE_ROWS,api,Tüm eczaneler,https://acikveri.bizizmir.com/dataset/nobetci-eczaneler-ve-eczane-listesi,CC BY 4.0,İzmir Büyükşehir Belediyesi Açık Veri Portalı
pharmacy:1461:38.355868:26.310765,pharmacy,Pharmacy,ÇINAR ECZANESİ,38.355868,26.310765,ÇEŞME,,DALYAN MAH. 4218 SOK. NO:22/A,02327248660,,,2026-09-20T07:31:15.702Z,COMPLETE_FOR_MAPPABLE_ROWS,api,Tüm eczaneler,https://acikveri.bizizmir.com/dataset/nobetci-eczaneler-ve-eczane-listesi,CC BY 4.0,İzmir Büyükşehir Belediyesi Açık Veri Portalı
pharmacy:1462:38.356217:27.14287,pharmacy,Pharmacy,NERMİN ECZANESİ,38.356217,27.14287,GEDİZ,,İNÖNÜ MH. 672 SK. NO:97/A,02322768994,,,2026-09-20T07:31:15.702Z,COMPLETE_FOR_MAPPABLE_ROWS,api,Tüm eczaneler,https://acikveri.bizizmir.com/dataset/nobetci-eczaneler-ve-eczane-listesi,CC BY 4.0,İzmir Büyükşehir Belediyesi Açık Veri Portalı
pharmacy:1463:38.4927120698954:27.0659012457891,pharmacy,Pharmacy,İLGİ ECZANESİ,38.4927120698954,27.0659012457891,ÇİĞLİ,,ŞİRİNTEPE MH. 8145 SK. NO:16/A,02323863713,,,2026-09-20T07:31:15.702Z,COMPLETE_FOR_MAPPABLE_ROWS,api,Tüm eczaneler,https://acikveri.bizizmir.com/dataset/nobetci-eczaneler-ve-eczane-listesi,CC BY 4.0,İzmir Büyükşehir Belediyesi Açık Veri Portalı
pharmacy:1464:38.314904:26.416593,pharmacy,Pharmacy,REİSDERE ECZANESİ,38.314904,26.416593,ÇEŞME,,ÇEŞME REİSDERE MAHALLESİ 6001 SOKAK NO:44,02327171040,,,2026-09-20T07:31:15.702Z,COMPLETE_FOR_MAPPABLE_ROWS,api,Tüm eczaneler,https://acikveri.bizizmir.com/dataset/nobetci-eczaneler-ve-eczane-listesi,CC BY 4.0,İzmir Büyükşehir Belediyesi Açık Veri Portalı
pharmacy:1465:38.458286:27.121173,pharmacy,Pharmacy,ALAYBEY ECZANESİ,38.458286,27.121173,KARŞIYAKA 1,,TUNA MAHALLESİ ŞEHİT ÜSTEĞMEN AHMET KONUKSEVER SOKAK NO:39/A,02323810729,,,2026-09-20T07:31:15.702Z,COMPLETE_FOR_MAPPABLE_ROWS,api,Tüm eczaneler,https://acikveri.bizizmir.com/dataset/nobetci-eczaneler-ve-eczane-listesi,CC BY 4.0,İzmir Büyükşehir Belediyesi Açık Veri Portalı
pharmacy:1466:38.3677954920766:27.1485174439269,pharmacy,Pharmacy,SEDEF,38.3677954920766,27.1485174439269,GEDİZ,,Yeşilbağlar Mh. 637/4 Sk. No:103-107/B Salı Pazarı Market Çaprazı,2767000,,,2026-09-20T07:31:15.702Z,COMPLETE_FOR_MAPPABLE_ROWS,api,Tüm eczaneler,https://acikveri.bizizmir.com/dataset/nobetci-eczaneler-ve-eczane-listesi,CC BY 4.0,İzmir Büyükşehir Belediyesi Açık Veri Portalı
pharmacy:1468:38.46956667415:27.1297385108344,pharmacy,Pharmacy,GÜZELTEPE,38.46956667415,27.1297385108344,GÜMÜŞPALA,,7018 Sk. 75/B,3826169,,,2026-09-20T07:31:15.702Z,COMPLETE_FOR_MAPPABLE_ROWS,api,Tüm eczaneler,https://acikveri.bizizmir.com/dataset/nobetci-eczaneler-ve-eczane-listesi,CC BY 4.0,İzmir Büyükşehir Belediyesi Açık Veri Portalı
pharmacy:1469:38.47:27.1296,pharmacy,Pharmacy,TÜRKEKUL ECZANESİ,38.47,27.1296,GÜMÜŞPALA,,7233 SOKAK NO:35 GÜMÜSPALA BAYRAKLI,02323656956,,,2026-09-20T07:31:15.702Z,COMPLETE_FOR_MAPPABLE_ROWS,api,Tüm eczaneler,https://acikveri.bizizmir.com/dataset/nobetci-eczaneler-ve-eczane-listesi,CC BY 4.0,İzmir Büyükşehir Belediyesi Açık Veri Portalı
pharmacy:1470:38.47135:27.13669,pharmacy,Pharmacy,YILDIRIM ECZANESİ,38.47135,27.13669,GÜMÜŞPALA,,GÜMÜŞPALA MAH. 7068 SOK. NO:13/A,02323674099,,,2026-09-20T07:31:15.702Z,COMPLETE_FOR_MAPPABLE_ROWS,api,Tüm eczaneler,https://acikveri.bizizmir.com/dataset/nobetci-eczaneler-ve-eczane-listesi,CC BY 4.0,İzmir Büyükşehir Belediyesi Açık Veri Portalı
pharmacy:1471:38.4698136255606:27.1297357803529,pharmacy,Pharmacy,CANÜZMEZ,38.4698136255606,27.1297357803529,GÜMÜŞPALA,,7019 Sk. No:84/B Emek Mh. İsmet Akma S.O Karşısı,3824089,,,2026-09-20T07:31:15.702Z,COMPLETE_FOR_MAPPABLE_ROWS,api,Tüm eczaneler,https://acikveri.bizizmir.com/dataset/nobetci-eczaneler-ve-eczane-listesi,CC BY 4.0,İzmir Büyükşehir Belediyesi Açık Veri Portalı
pharmacy:1472:38.451434:27.18041,pharmacy,Pharmacy,DOĞA ECZANESİ,38.451434,27.18041,BORNOVA 3,,MANSUROĞLU MAHALLESİ 1593/1 SOKAK NO:2/H A BLOK BAYRAKLI,02322902005,,,2026-09-20T07:31:15.702Z,COMPLETE_FOR_MAPPABLE_ROWS,api,Tüm eczaneler,https://acikveri.bizizmir.com/dataset/nobetci-eczaneler-ve-eczane-listesi,CC BY 4.0,İzmir Büyükşehir Belediyesi Açık Veri Portalı
pharmacy:1473:38.471333:27.220725,pharmacy,Pharmacy,MÜRDÜM ECZANESİ,38.471333,27.220725,BORNOVA 1,,KIZILAY MAHALLESİ 491/1 SOKAK NO:7/A BORNOVA,02323431452,,,2026-09-20T07:31:15.702Z,COMPLETE_FOR_MAPPABLE_ROWS,api,Tüm eczaneler,https://acikveri.bizizmir.com/dataset/nobetci-eczaneler-ve-eczane-listesi,CC BY 4.0,İzmir Büyükşehir Belediyesi Açık Veri Portalı
pharmacy:1474:38.38501:27.11788,pharmacy,Pharmacy,SEVGİ ECZANESİ,38.38501,27.11788,KARABAĞLAR,,4592 SOK. NO:20/A SEVGİ MAHALLESİ KARABAĞLAR,02322266622,,,2026-09-20T07:31:15.702Z,COMPLETE_FOR_MAPPABLE_ROWS,api,Tüm eczaneler,https://acikveri.bizizmir.com/dataset/nobetci-eczaneler-ve-eczane-listesi,CC BY 4.0,İzmir Büyükşehir Belediyesi Açık Veri Portalı
pharmacy:1475:38.159217:27.360592,pharmacy,Pharmacy,DEVA KENT ECZANESİ,38.159217,27.360592,TORBALI,,TORBALI ERTUĞRUL MAHALLESİ 3117 SOKAK NO:2/A,02328555566,,,2026-09-20T07:31:15.702Z,COMPLETE_FOR_MAPPABLE_ROWS,api,Tüm eczaneler,https://acikveri.bizizmir.com/dataset/nobetci-eczaneler-ve-eczane-listesi,CC BY 4.0,İzmir Büyükşehir Belediyesi Açık Veri Portalı
pharmacy:1476:38.3886638357388:27.0587263750631,pharmacy,Pharmacy,ELÇİ,38.3886638357388,27.0587263750631,BALÇOVA,,Eğitim Mh. Ata Cd. No:115,2773778,,,2026-09-20T07:31:15.702Z,COMPLETE_FOR_MAPPABLE_ROWS,api,Tüm eczaneler,https://acikveri.bizizmir.com/dataset/nobetci-eczaneler-ve-eczane-listesi,CC BY 4.0,İzmir Büyükşehir Belediyesi Açık Veri Portalı
pharmacy:1477:38.3975319536526:27.1053517015686,pharmacy,Pharmacy,GÖKAY,38.3975319536526,27.1053517015686,BASIN SİTESİ,,Basın Sitesi Mh. 177/5 Sk. No:15/A,2433633,,,2026-09-20T07:31:15.702Z,COMPLETE_FOR_MAPPABLE_ROWS,api,Tüm eczaneler,https://acikveri.bizizmir.com/dataset/nobetci-eczaneler-ve-eczane-listesi,CC BY 4.0,İzmir Büyükşehir Belediyesi Açık Veri Portalı
pharmacy:1478:38.3917200218494:27.0970556586748,pharmacy,Pharmacy,DENİZ,38.3917200218494,27.0970556586748,BASIN SİTESİ,,Adnan Süvari Mh. Polat Cd. No:212/A Acem Market Yanı,2475996,,,2026-09-20T07:31:15.702Z,COMPLETE_FOR_MAPPABLE_ROWS,api,Tüm eczaneler,https://acikveri.bizizmir.com/dataset/nobetci-eczaneler-ve-eczane-listesi,CC BY 4.0,İzmir Büyükşehir Belediyesi Açık Veri Portalı
pharmacy:1479:38.4614918079186:27.2074653462983,pharmacy,Pharmacy,NAR,38.4614918079186,27.2074653462983,BORNOVA 2,,Kazım Dirik Mh. 185 Sk. No:17/A,0541 2967871,,,2026-09-20T07:31:15.702Z,COMPLETE_FOR_MAPPABLE_ROWS,api,Tüm eczaneler,https://acikveri.bizizmir.com/dataset/nobetci-eczaneler-ve-eczane-listesi,CC BY 4.0,İzmir Büyükşehir Belediyesi Açık Veri Portalı
pharmacy:1480:38.467564:27.10815,pharmacy,Pharmacy,NERGİZ ÇARŞI ECZANESİ,38.467564,27.10815,BORNOVA 3,,GONCALAR MAH. ALİ ALP BÖKE CAD. NO:160,02329992824,,,2026-09-20T07:31:15.702Z,COMPLETE_FOR_MAPPABLE_ROWS,api,Tüm eczaneler,https://acikveri.bizizmir.com/dataset/nobetci-eczaneler-ve-eczane-listesi,CC BY 4.0,İzmir Büyükşehir Belediyesi Açık Veri Portalı
pharmacy:1481:38.397851:27.13202,pharmacy,Pharmacy,ALİCAN ECZANESİ,38.397851,27.13202,EŞREFPAŞA,,ZAFERTEPE MAH. YEŞİLLİK CAD. NO:105 KONAK,02322275419,,,2026-09-20T07:31:15.702Z,COMPLETE_FOR_MAPPABLE_ROWS,api,Tüm eczaneler,https://acikveri.bizizmir.com/dataset/nobetci-eczaneler-ve-eczane-listesi,CC BY 4.0,İzmir Büyükşehir Belediyesi Açık Veri Portalı
pharmacy:1482:38.3959899410988:27.1758674457283,pharmacy,Pharmacy,YENİ HANDAN,38.3959899410988,27.1758674457283,EVKA 1,,Yaylacık Mh. Gaziosmanpaşa Cd. No:128/B,4400205,,,2026-09-20T07:31:15.702Z,COMPLETE_FOR_MAPPABLE_ROWS,api,Tüm eczaneler,https://acikveri.bizizmir.com/dataset/nobetci-eczaneler-ve-eczane-listesi,CC BY 4.0,İzmir Büyükşehir Belediyesi Açık Veri Portalı
pharmacy:1483:38.4021828751714:27.159673928022,pharmacy,Pharmacy,KERVAN,38.4021828751714,27.159673928022,EVKA 1,,Çamlık Mh. Onat Cd. No:221/B,4876626,,,2026-09-20T07:31:15.702Z,COMPLETE_FOR_MAPPABLE_ROWS,api,Tüm eczaneler,https://acikveri.bizizmir.com/dataset/nobetci-eczaneler-ve-eczane-listesi,CC BY 4.0,İzmir Büyükşehir Belediyesi Açık Veri Portalı
pharmacy:1484:38.4042533670831:27.1635912585486,pharmacy,Pharmacy,YENİ ŞANLI,38.4042533670831,27.1635912585486,EVKA 1,,885 Sk. No:8 Yıkık Kemer,4527378,,,2026-09-20T07:31:15.702Z,COMPLETE_FOR_MAPPABLE_ROWS,api,Tüm eczaneler,https://acikveri.bizizmir.com/dataset/nobetci-eczaneler-ve-eczane-listesi,CC BY 4.0,İzmir Büyükşehir Belediyesi Açık Veri Portalı
pharmacy:1485:38.4035013174421:27.1649754918931,pharmacy,Pharmacy,YENİ UFUK,38.4035013174421,27.1649754918931,EVKA 1,,Ufuk Mh. 897 Sk. No:6/A,4521936,,,2026-09-20T07:31:15.702Z,COMPLETE_FOR_MAPPABLE_ROWS,api,Tüm eczaneler,https://acikveri.bizizmir.com/dataset/nobetci-eczaneler-ve-eczane-listesi,CC BY 4.0,İzmir Büyükşehir Belediyesi Açık Veri Portalı
pharmacy:1486:38.4026637511215:27.1632872854746,pharmacy,Pharmacy,TİJEN,38.4026637511215,27.1632872854746,EVKA 1,,Çakmak Cd. No:196 İşçievleri Ufuk Karakol Yanı,4267767,,,2026-09-20T07:31:15.702Z,COMPLETE_FOR_MAPPABLE_ROWS,api,Tüm eczaneler,https://acikveri.bizizmir.com/dataset/nobetci-eczaneler-ve-eczane-listesi,CC BY 4.0,İzmir Büyükşehir Belediyesi Açık Veri Portalı
pharmacy:1487:38.368956:27.126423,pharmacy,Pharmacy,BÜŞRA ECZANESİ,38.368956,27.126423,KARABAĞLAR,,KARABAĞLAR İLÇESİ YUNUS EMRE MAH. 4229 SOK. NO:46/A,02322375887,,,2026-09-20T07:31:15.702Z,COMPLETE_FOR_MAPPABLE_ROWS,api,Tüm eczaneler,https://acikveri.bizizmir.com/dataset/nobetci-eczaneler-ve-eczane-listesi,CC BY 4.0,İzmir Büyükşehir Belediyesi Açık Veri Portalı
pharmacy:1488:38.457332:27.110907,pharmacy,Pharmacy,FURKAN KUZNEK ECZANESİ,38.457332,27.110907,KARŞIYAKA 1,,AKSOY MH.1671 SK. NO:117/5 (0554 434 05 15),02323233589,,,2026-09-20T07:31:15.702Z,COMPLETE_FOR_MAPPABLE_ROWS,api,Tüm eczaneler,https://acikveri.bizizmir.com/dataset/nobetci-eczaneler-ve-eczane-listesi,CC BY 4.0,İzmir Büyükşehir Belediyesi Açık Veri Portalı
pharmacy:1489:38.4700791753441:27.1057417505595,pharmacy,Pharmacy,GÜNGÖR,38.4700791753441,27.1057417505595,KARŞIYAKA 4,,Dedebaşı Mh. 6120 Sk. No:8/G,9999767,,,2026-09-20T07:31:15.702Z,COMPLETE_FOR_MAPPABLE_ROWS,api,Tüm eczaneler,https://acikveri.bizizmir.com/dataset/nobetci-eczaneler-ve-eczane-listesi,CC BY 4.0,İzmir Büyükşehir Belediyesi Açık Veri Portalı
pharmacy:1491:38.473134:27.113217,pharmacy,Pharmacy,ÖRNEKKÖY ECZANESİ,38.473134,27.113217,KARŞIYAKA 4,,İMBATLI MH. 6076/4 SK. NO:5/E,02323652106,,,2026-09-20T07:31:15.702Z,COMPLETE_FOR_MAPPABLE_ROWS,api,Tüm eczaneler,https://acikveri.bizizmir.com/dataset/nobetci-eczaneler-ve-eczane-listesi,CC BY 4.0,İzmir Büyükşehir Belediyesi Açık Veri Portalı
pharmacy:1492:38.477822:27.140901,pharmacy,Pharmacy,ANIT ECZANESİ,38.477822,27.140901,GÜMÜŞPALA,,ORG. NAFİZ GÜRMAN MAH. ATATÜRK CAD. NO:270/B,02323631445,,,2026-09-20T07:31:15.702Z,COMPLETE_FOR_MAPPABLE_ROWS,api,Tüm eczaneler,https://acikveri.bizizmir.com/dataset/nobetci-eczaneler-ve-eczane-listesi,CC BY 4.0,İzmir Büyükşehir Belediyesi Açık Veri Portalı
pharmacy:1493:39.07579:26.892221,pharmacy,Pharmacy,SEVGİ ECZANESİ,39.07579,26.892221,DİKİLİ,,İSMET PAŞA MH.8 SK. NO:2/B,02326715353,,,2026-09-20T07:31:15.702Z,COMPLETE_FOR_MAPPABLE_ROWS,api,Tüm eczaneler,https://acikveri.bizizmir.com/dataset/nobetci-eczaneler-ve-eczane-listesi,CC BY 4.0,İzmir Büyükşehir Belediyesi Açık Veri Portalı
pharmacy:1494:38.231907:27.987285,pharmacy,Pharmacy,ORGANİK ECZANESİ,38.231907,27.987285,ÖDEMİŞ,,ZAFER MH. ORTAÇ SK. NO:13/A,02325450600,,,2026-09-20T07:31:15.702Z,COMPLETE_FOR_MAPPABLE_ROWS,api,Tüm eczaneler,https://acikveri.bizizmir.com/dataset/nobetci-eczaneler-ve-eczane-listesi,CC BY 4.0,İzmir Büyükşehir Belediyesi Açık Veri Portalı
pharmacy:1495:38.465031:27.192684,pharmacy,Pharmacy,ARDA ECZANESİ,38.465031,27.192684,BORNOVA 3,,MANAVKUYU MAH. 249/2 SOK. NO:19/C,02323444008,,,2026-09-20T07:31:15.702Z,COMPLETE_FOR_MAPPABLE_ROWS,api,Tüm eczaneler,https://acikveri.bizizmir.com/dataset/nobetci-eczaneler-ve-eczane-listesi,CC BY 4.0,İzmir Büyükşehir Belediyesi Açık Veri Portalı
pharmacy:1496:38.462226:27.097409,pharmacy,Pharmacy,YEŞİM ECZANESİ,38.462226,27.097409,KARŞIYAKA 3,,BOSTANLI MAH. BESTEKAR YUSUF NALKESEN SOK. NO:52/B,02329668010,,,2026-09-20T07:31:15.702Z,COMPLETE_FOR_MAPPABLE_ROWS,api,Tüm eczaneler,https://acikveri.bizizmir.com/dataset/nobetci-eczaneler-ve-eczane-listesi,CC BY 4.0,İzmir Büyükşehir Belediyesi Açık Veri Portalı
pharmacy:1497:38.3938:27.11365,pharmacy,Pharmacy,VERESELİ YEŞİLYURT MERKEZ ECZANESİ,38.3938,27.11365,YEŞİLYURT,,KAZIM KARABEKİR MAH. YILDIZ CAD. NO:93/A,02322317096,,,2026-09-20T07:31:15.702Z,COMPLETE_FOR_MAPPABLE_ROWS,api,Tüm eczaneler,https://acikveri.bizizmir.com/dataset/nobetci-eczaneler-ve-eczane-listesi,CC BY 4.0,İzmir Büyükşehir Belediyesi Açık Veri Portalı
pharmacy:1498:38.391249:27.052035,pharmacy,Pharmacy,EVIN ECZANESİ,38.391249,27.052035,BALÇOVA,,ONUR MAH. SARMASIK CAD. NO:15/A BALÇOVA,02322792095,,,2026-09-20T07:31:15.702Z,COMPLETE_FOR_MAPPABLE_ROWS,api,Tüm eczaneler,https://acikveri.bizizmir.com/dataset/nobetci-eczaneler-ve-eczane-listesi,CC BY 4.0,İzmir Büyükşehir Belediyesi Açık Veri Portalı
pharmacy:1500:38.423822:27.196828,pharmacy,Pharmacy,ESRA BAY ECZANESİ,38.423822,27.196828,ALTINDAĞ,,SERİNTEPE MH. 4304 SK. NO:27/1A,02324585852,,,2026-09-20T07:31:15.702Z,COMPLETE_FOR_MAPPABLE_ROWS,api,Tüm eczaneler,https://acikveri.bizizmir.com/dataset/nobetci-eczaneler-ve-eczane-listesi,CC BY 4.0,İzmir Büyükşehir Belediyesi Açık Veri Portalı
pharmacy:1501:38.46634:27.164664,pharmacy,Pharmacy,YÜCEL ECZANESİ,38.46634,27.164664,BAYRAKLI,,FUAT EDİP BAKSİ MH. 1611 SK. NO:13/B,02323410061,,,2026-09-20T07:31:15.702Z,COMPLETE_FOR_MAPPABLE_ROWS,api,Tüm eczaneler,https://acikveri.bizizmir.com/dataset/nobetci-eczaneler-ve-eczane-listesi,CC BY 4.0,İzmir Büyükşehir Belediyesi Açık Veri Portalı
pharmacy:1502:38.379091:27.178324,pharmacy,Pharmacy,OKYANUS ECZANESİ,38.379091,27.178324,BUCA 2,,ATATÜRK MH. 63/3 SK. NO:13/E,02324201615,,,2026-09-20T07:31:15.702Z,COMPLETE_FOR_MAPPABLE_ROWS,api,Tüm eczaneler,https://acikveri.bizizmir.com/dataset/nobetci-eczaneler-ve-eczane-listesi,CC BY 4.0,İzmir Büyükşehir Belediyesi Açık Veri Portalı
pharmacy:1503:38.435886:27.187736,pharmacy,Pharmacy,ÇAMDİBİ SAĞLIK ECZANESİ,38.435886,27.187736,ÇAMDİBİ,,BARBAROS MH. 5311 SK. NO:24,02323760904,,,2026-09-20T07:31:15.702Z,COMPLETE_FOR_MAPPABLE_ROWS,api,Tüm eczaneler,https://acikveri.bizizmir.com/dataset/nobetci-eczaneler-ve-eczane-listesi,CC BY 4.0,İzmir Büyükşehir Belediyesi Açık Veri Portalı
pharmacy:1504:38.402809:27.163782,pharmacy,Pharmacy,YIKIKKEMER ECZANESİ,38.402809,27.163782,EVKA 1,,UFUK MH. ÇAKMAK CD. NO:204/A,02324488820,,,2026-09-20T07:31:15.702Z,COMPLETE_FOR_MAPPABLE_ROWS,api,Tüm eczaneler,https://acikveri.bizizmir.com/dataset/nobetci-eczaneler-ve-eczane-listesi,CC BY 4.0,İzmir Büyükşehir Belediyesi Açık Veri Portalı
pharmacy:1505:38.4702789160066:27.1296216920375,pharmacy,Pharmacy,GÜMÜŞPALA SAĞLIK,38.4702789160066,27.1296216920375,GÜMÜŞPALA,,Emek Mah.7233 Sk. No:30/B,05303792780,,,2026-09-20T07:31:15.702Z,COMPLETE_FOR_MAPPABLE_ROWS,api,Tüm eczaneler,https://acikveri.bizizmir.com/dataset/nobetci-eczaneler-ve-eczane-listesi,CC BY 4.0,İzmir Büyükşehir Belediyesi Açık Veri Portalı
pharmacy:1506:38.473856:27.127816,pharmacy,Pharmacy,SILA ECZANESİ,38.473856,27.127816,GÜMÜŞPALA,,EMEK MH. BARIŞ CD. NO:17/B,02323667476,,,2026-09-20T07:31:15.702Z,COMPLETE_FOR_MAPPABLE_ROWS,api,Tüm eczaneler,https://acikveri.bizizmir.com/dataset/nobetci-eczaneler-ve-eczane-listesi,CC BY 4.0,İzmir Büyükşehir Belediyesi Açık Veri Portalı
pharmacy:1507:38.400997:27.105728,pharmacy,Pharmacy,KAYASAN ECZANESİ,38.400997,27.105728,HATAY,,BASIN SİTESİ MH. 165 SK. NO:5/C,02323883353,,,2026-09-20T07:31:15.702Z,COMPLETE_FOR_MAPPABLE_ROWS,api,Tüm eczaneler,https://acikveri.bizizmir.com/dataset/nobetci-eczaneler-ve-eczane-listesi,CC BY 4.0,İzmir Büyükşehir Belediyesi Açık Veri Portalı
pharmacy:1508:38.457575:27.108743,pharmacy,Pharmacy,FİSUN ECZANESİ (VERESELİ) ECZANESİ,38.457575,27.108743,KARŞIYAKA 1,,AKSOY MAH. 1671 SOK. NO:153/1C,02329667699,,,2026-09-20T07:31:15.702Z,COMPLETE_FOR_MAPPABLE_ROWS,api,Tüm eczaneler,https://acikveri.bizizmir.com/dataset/nobetci-eczaneler-ve-eczane-listesi,CC BY 4.0,İzmir Büyükşehir Belediyesi Açık Veri Portalı
pharmacy:1509:38.4545359910306:27.1147784972428,pharmacy,Pharmacy,ATA DEMİR,38.4545359910306,27.1147784972428,KARŞIYAKA 1,,"Donanmacı Mh.1728 Sk. No:65/A Kilise Sokağı,Semt 2 Polinikliği Yanı",3648886,,,2026-09-20T07:31:15.702Z,COMPLETE_FOR_MAPPABLE_ROWS,api,Tüm eczaneler,https://acikveri.bizizmir.com/dataset/nobetci-eczaneler-ve-eczane-listesi,CC BY 4.0,İzmir Büyükşehir Belediyesi Açık Veri Portalı
pharmacy:1510:38.473245:27.085086,pharmacy,Pharmacy,CEREN ECZANESİ,38.473245,27.085086,KARŞIYAKA 1,,YALI MAH. 6507 SOK. NO:3/C,02323645858,,,2026-09-20T07:31:15.702Z,COMPLETE_FOR_MAPPABLE_ROWS,api,Tüm eczaneler,https://acikveri.bizizmir.com/dataset/nobetci-eczaneler-ve-eczane-listesi,CC BY 4.0,İzmir Büyükşehir Belediyesi Açık Veri Portalı
pharmacy:1511:38.4595245340871:27.2056313934362,pharmacy,Pharmacy,ÖZKAN,38.4595245340871,27.2056313934362,BORNOVA 2,,Kazım Dirik Mh. 213 Sk. No:29/A,3888022,,,2026-09-20T07:31:15.702Z,COMPLETE_FOR_MAPPABLE_ROWS,api,Tüm eczaneler,https://acikveri.bizizmir.com/dataset/nobetci-eczaneler-ve-eczane-listesi,CC BY 4.0,İzmir Büyükşehir Belediyesi Açık Veri Portalı
pharmacy:1512:38.798596:26.96538,pharmacy,Pharmacy,BÜŞRA ECZANESİ,38.798596,26.96538,ALİAĞA,,ATATÜRK MH. ATATÜRK CD. NO:116/B,02326550065,,,2026-09-20T07:31:15.702Z,COMPLETE_FOR_MAPPABLE_ROWS,api,Tüm eczaneler,https://acikveri.bizizmir.com/dataset/nobetci-eczaneler-ve-eczane-listesi,CC BY 4.0,İzmir Büyükşehir Belediyesi Açık Veri Portalı
pharmacy:1513:38.049856:27.055455,pharmacy,Pharmacy,ÜNAL ECZANESİ,38.049856,27.055455,ÖZDERE,,29 EKİM CAD.577/D ÖZDERE,02327987374,,,2026-09-20T07:31:15.702Z,COMPLETE_FOR_MAPPABLE_ROWS,api,Tüm eczaneler,https://acikveri.bizizmir.com/dataset/nobetci-eczaneler-ve-eczane-listesi,CC BY 4.0,İzmir Büyükşehir Belediyesi Açık Veri Portalı
pharmacy:1514:38.231899:27.987362,pharmacy,Pharmacy,HAZAL ECZANESİ,38.231899,27.987362,ÖDEMİŞ,,ZAFER MH. ORTAÇ SK. NO:13/B,02325459565,,,2026-09-20T07:31:15.702Z,COMPLETE_FOR_MAPPABLE_ROWS,api,Tüm eczaneler,https://acikveri.bizizmir.com/dataset/nobetci-eczaneler-ve-eczane-listesi,CC BY 4.0,İzmir Büyükşehir Belediyesi Açık Veri Portalı
pharmacy:1515:38.464397:27.194893,pharmacy,Pharmacy,EGE ECZANESİ,38.464397,27.194893,BORNOVA 3,,MANAVKUYU MH. DUMLUPINAR CD. NO:65/A,02329660001,,,2026-09-20T07:31:15.702Z,COMPLETE_FOR_MAPPABLE_ROWS,api,Tüm eczaneler,https://acikveri.bizizmir.com/dataset/nobetci-eczaneler-ve-eczane-listesi,CC BY 4.0,İzmir Büyükşehir Belediyesi Açık Veri Portalı
pharmacy:1516:38.3842503570956:27.1298243607984,pharmacy,Pharmacy,BADE,38.3842503570956,27.1298243607984,KARABAĞLAR,,Sarıyer Mh.5757 Sk.No:78/1 Çitlenbik Sağlık Ocağı Karşısı,2655544,,,2026-09-20T07:31:15.702Z,COMPLETE_FOR_MAPPABLE_ROWS,api,Tüm eczaneler,https://acikveri.bizizmir.com/dataset/nobetci-eczaneler-ve-eczane-listesi,CC BY 4.0,İzmir Büyükşehir Belediyesi Açık Veri Portalı
pharmacy:1517:38.4668873933045:27.0901657603557,pharmacy,Pharmacy,ÇAĞLAR,38.4668873933045,27.0901657603557,KARŞIYAKA 3,,Yalı Mh. 6418 Sk. No:131/B,3371452,,,2026-09-20T07:31:15.702Z,COMPLETE_FOR_MAPPABLE_ROWS,api,Tüm eczaneler,https://acikveri.bizizmir.com/dataset/nobetci-eczaneler-ve-eczane-listesi,CC BY 4.0,İzmir Büyükşehir Belediyesi Açık Veri Portalı
pharmacy:1518:38.389331:27.155564,pharmacy,Pharmacy,CİNKAYA ECZANESİ,38.389331,27.155564,ŞİRİNYER,,EFELER MH. FORBES SK. NO:66/A,02324875606,,,2026-09-20T07:31:15.702Z,COMPLETE_FOR_MAPPABLE_ROWS,api,Tüm eczaneler,https://acikveri.bizizmir.com/dataset/nobetci-eczaneler-ve-eczane-listesi,CC BY 4.0,İzmir Büyükşehir Belediyesi Açık Veri Portalı
pharmacy:1519:0:0,pharmacy,Pharmacy,-SANAYİ,0,0,KARABAĞLAR,,5733 Sk No:82/2-A Eski Aydın Yolu 3 Nolu Sağlık Ocağı Karş.,2370743,,,2026-09-20T07:31:15.702Z,COMPLETE_FOR_MAPPABLE_ROWS,api,Tüm eczaneler,https://acikveri.bizizmir.com/dataset/nobetci-eczaneler-ve-eczane-listesi,CC BY 4.0,İzmir Büyükşehir Belediyesi Açık Veri Portalı
pharmacy:1520:39.1158764863672:27.1767796282268,pharmacy,Pharmacy,OKKAOĞLU,39.1158764863672,27.1767796282268,BERGAMA,,ERTUĞRUL MAH.MUSTAFA YAZICI CAD. NO:9,6315542,,,2026-09-20T07:31:15.702Z,COMPLETE_FOR_MAPPABLE_ROWS,api,Tüm eczaneler,https://acikveri.bizizmir.com/dataset/nobetci-eczaneler-ve-eczane-listesi,CC BY 4.0,İzmir Büyükşehir Belediyesi Açık Veri Portalı
pharmacy:1521:39.1182471395406:27.1756586153401,pharmacy,Pharmacy,ŞEKER,39.1182471395406,27.1756586153401,BERGAMA,,ZAFER MAH. 623 SOK. NO:3/24,6332638,,,2026-09-20T07:31:15.702Z,COMPLETE_FOR_MAPPABLE_ROWS,api,Tüm eczaneler,https://acikveri.bizizmir.com/dataset/nobetci-eczaneler-ve-eczane-listesi,CC BY 4.0,İzmir Büyükşehir Belediyesi Açık Veri Portalı
pharmacy:1522:0:0,pharmacy,Pharmacy,TERMAL,0,0,İNCİRALTI,,Korutürk Mah.İmbat Sok.No:43/A Balçova Belediyesi Ercüment Özgür Sosyal Tesisleri Karşısı,2775388,,,2026-09-20T07:31:15.702Z,COMPLETE_FOR_MAPPABLE_ROWS,api,Tüm eczaneler,https://acikveri.bizizmir.com/dataset/nobetci-eczaneler-ve-eczane-listesi,CC BY 4.0,İzmir Büyükşehir Belediyesi Açık Veri Portalı
pharmacy:1523:38.487151:27.063273,pharmacy,Pharmacy,ÇÖREKOTU ECZANESİ,38.487151,27.063273,ÇİĞLİ,,ATAŞEHİR MH. 8019/11 SK. NO:38/C,02329350919,,,2026-09-20T07:31:15.702Z,COMPLETE_FOR_MAPPABLE_ROWS,api,Tüm eczaneler,https://acikveri.bizizmir.com/dataset/nobetci-eczaneler-ve-eczane-listesi,CC BY 4.0,İzmir Büyükşehir Belediyesi Açık Veri Portalı
pharmacy:1524:38.386037:27.170965,pharmacy,Pharmacy,MAT ECZANESİ,38.386037,27.170965,BUCA 1,,UĞUR MUMCU CD. 31/G,02324200131,,,2026-09-20T07:31:15.702Z,COMPLETE_FOR_MAPPABLE_ROWS,api,Tüm eczaneler,https://acikveri.bizizmir.com/dataset/nobetci-eczaneler-ve-eczane-listesi,CC BY 4.0,İzmir Büyükşehir Belediyesi Açık Veri Portalı
pharmacy:1525:38.384122:27.058046,pharmacy,Pharmacy,ERAY ECZANESİ,38.384122,27.058046,BALÇOVA,,TELEFERİK MH.ATA CD. NO:182/C,02329350958,,,2026-09-20T07:31:15.702Z,COMPLETE_FOR_MAPPABLE_ROWS,api,Tüm eczaneler,https://acikveri.bizizmir.com/dataset/nobetci-eczaneler-ve-eczane-listesi,CC BY 4.0,İzmir Büyükşehir Belediyesi Açık Veri Portalı
pharmacy:1526:38.43996:27.201417,pharmacy,Pharmacy,YEŞİLOVA CADDE ECZANESİ,38.43996,27.201417,ÇAMDİBİ,,RAFET PAŞA MH. ABDİ İPEKÇİ CD. NO:199/A,02324350090,,,2026-09-20T07:31:15.702Z,COMPLETE_FOR_MAPPABLE_ROWS,api,Tüm eczaneler,https://acikveri.bizizmir.com/dataset/nobetci-eczaneler-ve-eczane-listesi,CC BY 4.0,İzmir Büyükşehir Belediyesi Açık Veri Portalı
pharmacy:1527:38.489318:27.053072,pharmacy,Pharmacy,OKYANUS ECZANESİ,38.489318,27.053072,ÇİĞLİ,,ATAŞEHİR MH. 8211/8 SK. NO:21/B,02329999002,,,2026-09-20T07:31:15.702Z,COMPLETE_FOR_MAPPABLE_ROWS,api,Tüm eczaneler,https://acikveri.bizizmir.com/dataset/nobetci-eczaneler-ve-eczane-listesi,CC BY 4.0,İzmir Büyükşehir Belediyesi Açık Veri Portalı
pharmacy:1528:38.396127:27.10345,pharmacy,Pharmacy,MERT ECZANESİ,38.396127,27.10345,KARABAĞLAR,,VATAN MAH. POLAT CAD. NO:119-121/A,02322263939,,,2026-09-20T07:31:15.702Z,COMPLETE_FOR_MAPPABLE_ROWS,api,Tüm eczaneler,https://acikveri.bizizmir.com/dataset/nobetci-eczaneler-ve-eczane-listesi,CC BY 4.0,İzmir Büyükşehir Belediyesi Açık Veri Portalı
pharmacy:1529:38.406892:27.120762,pharmacy,Pharmacy,ÜSTÜN ECZANESİ,38.406892,27.120762,ÜÇYOL,,KILIÇRESIS MAH. 356 SOKAK NO:2/A ÜÇYOL,02322630130,,,2026-09-20T07:31:15.702Z,COMPLETE_FOR_MAPPABLE_ROWS,api,Tüm eczaneler,https://acikveri.bizizmir.com/dataset/nobetci-eczaneler-ve-eczane-listesi,CC BY 4.0,İzmir Büyükşehir Belediyesi Açık Veri Portalı
pharmacy:1530:38.392062:27.089193,pharmacy,Pharmacy,FULYA SEKER ECZANESİ,38.392062,27.089193,HATAY,,ESENYALI MAH. 52/70 SOK.NO:6/A,02322856342,,,2026-09-20T07:31:15.702Z,COMPLETE_FOR_MAPPABLE_ROWS,api,Tüm eczaneler,https://acikveri.bizizmir.com/dataset/nobetci-eczaneler-ve-eczane-listesi,CC BY 4.0,İzmir Büyükşehir Belediyesi Açık Veri Portalı
pharmacy:1531:38.462047:27.10537,pharmacy,Pharmacy,EMEL ECZANESİ,38.462047,27.10537,KARŞIYAKA 4,,NERGİZ MAH. 1775 SOK. NO:187/B,02323819043,,,2026-09-20T07:31:15.702Z,COMPLETE_FOR_MAPPABLE_ROWS,api,Tüm eczaneler,https://acikveri.bizizmir.com/dataset/nobetci-eczaneler-ve-eczane-listesi,CC BY 4.0,İzmir Büyükşehir Belediyesi Açık Veri Portalı
pharmacy:1532:38.430209:27.208063,pharmacy,Pharmacy,BAKİ ECZANESİ,38.430209,27.208063,ÇAMDİBİ,,YEŞİLOVA MH. 4174/3 SK. NO:10/A,02324671121,,,2026-09-20T07:31:15.702Z,COMPLETE_FOR_MAPPABLE_ROWS,api,Tüm eczaneler,https://acikveri.bizizmir.com/dataset/nobetci-eczaneler-ve-eczane-listesi,CC BY 4.0,İzmir Büyükşehir Belediyesi Açık Veri Portalı
pharmacy:1533:38.403281:27.113348,pharmacy,Pharmacy,ZEYTİN ECZANESİ,38.403281,27.113348,ÜÇYOL,,PİRİ REİS MH. 269 SK. NO:91/C,02322505035,,,2026-09-20T07:31:15.702Z,COMPLETE_FOR_MAPPABLE_ROWS,api,Tüm eczaneler,https://acikveri.bizizmir.com/dataset/nobetci-eczaneler-ve-eczane-listesi,CC BY 4.0,İzmir Büyükşehir Belediyesi Açık Veri Portalı
pharmacy:1534:38.264887:27.142753,pharmacy,Pharmacy,ANIL ECZANESİ,38.264887,27.142753,MENDERES,,GAZİ PAŞA MH. 725 SK. NO:17/B,02327823033,,,2026-09-20T07:31:15.702Z,COMPLETE_FOR_MAPPABLE_ROWS,api,Tüm eczaneler,https://acikveri.bizizmir.com/dataset/nobetci-eczaneler-ve-eczane-listesi,CC BY 4.0,İzmir Büyükşehir Belediyesi Açık Veri Portalı
pharmacy:1535:38.4335728680235:27.1402360207638,pharmacy,Pharmacy,FLAMİNGO,38.4335728680235,27.1402360207638,ALSANCAK,,Kültür Mah.Talatpaşa Bulv. No:16/A,4638560,,,2026-09-20T07:31:15.702Z,COMPLETE_FOR_MAPPABLE_ROWS,api,Tüm eczaneler,https://acikveri.bizizmir.com/dataset/nobetci-eczaneler-ve-eczane-listesi,CC BY 4.0,İzmir Büyükşehir Belediyesi Açık Veri Portalı
pharmacy:1536:38.4084475897279:27.1358128353514,pharmacy,Pharmacy,ÇİFTÇİLER,38.4084475897279,27.1358128353514,EŞREFPAŞA,,628 Sok. No:45 Salihpaşa Camisi Karşısı Çimentepe,2622089,,,2026-09-20T07:31:15.702Z,COMPLETE_FOR_MAPPABLE_ROWS,api,Tüm eczaneler,https://acikveri.bizizmir.com/dataset/nobetci-eczaneler-ve-eczane-listesi,CC BY 4.0,İzmir Büyükşehir Belediyesi Açık Veri Portalı
pharmacy:1537:38.4042843304115:27.1340779657051,pharmacy,Pharmacy,ÇİMENTEPE,38.4042843304115,27.1340779657051,EŞREFPAŞA,,607 Sok. No:107 Çimentepe Sağlık Ocağı Arkası Hacıbaba Durağı Çaprazı,2271962,,,2026-09-20T07:31:15.702Z,COMPLETE_FOR_MAPPABLE_ROWS,api,Tüm eczaneler,https://acikveri.bizizmir.com/dataset/nobetci-eczaneler-ve-eczane-listesi,CC BY 4.0,İzmir Büyükşehir Belediyesi Açık Veri Portalı
pharmacy:1538:38.3906623610655:27.1885620756712,pharmacy,Pharmacy,KILIÇER,38.3906623610655,27.1885620756712,EVKA 1,,Karanfil Mah. 1109 Sok. No:4/A5 Nolu Sağlık Ocağı Yanı,2757868,,,2026-09-20T07:31:15.702Z,COMPLETE_FOR_MAPPABLE_ROWS,api,Tüm eczaneler,https://acikveri.bizizmir.com/dataset/nobetci-eczaneler-ve-eczane-listesi,CC BY 4.0,İzmir Büyükşehir Belediyesi Açık Veri Portalı
pharmacy:1539:38.3830596033992:27.0584153396373,pharmacy,Pharmacy,YENİ,38.3830596033992,27.0584153396373,BALÇOVA,,Çetin Emeç Mah. Ata Cad. No:185/A Merkez yukarı Çarşı Camii Yanı,2776776,,,2026-09-20T07:31:15.702Z,COMPLETE_FOR_MAPPABLE_ROWS,api,Tüm eczaneler,https://acikveri.bizizmir.com/dataset/nobetci-eczaneler-ve-eczane-listesi,CC BY 4.0,İzmir Büyükşehir Belediyesi Açık Veri Portalı
pharmacy:1541:38.4591346917831:27.0984650077378,pharmacy,Pharmacy,ÖZDECAN,38.4591346917831,27.0984650077378,KARŞIYAKA 3,,Bostanlı Mah.1735 Sok. No:194/B,2738372-3621088,,,2026-09-20T07:31:15.702Z,COMPLETE_FOR_MAPPABLE_ROWS,api,Tüm eczaneler,https://acikveri.bizizmir.com/dataset/nobetci-eczaneler-ve-eczane-listesi,CC BY 4.0,İzmir Büyükşehir Belediyesi Açık Veri Portalı
pharmacy:1542:38.4571717585613:27.1971612168399,pharmacy,Pharmacy,YELİZ,38.4571717585613,27.1971612168399,BORNOVA 3,,Mansuroğlu Mah. 267/1 Sok. No:8/D Özkanlar İlkokulu Karşı Köşesi,3395181,,,2026-09-20T07:31:15.702Z,COMPLETE_FOR_MAPPABLE_ROWS,api,Tüm eczaneler,https://acikveri.bizizmir.com/dataset/nobetci-eczaneler-ve-eczane-listesi,CC BY 4.0,İzmir Büyükşehir Belediyesi Açık Veri Portalı
pharmacy:1543:38.606658:27.087281,pharmacy,Pharmacy,GÖZDE ECZANESİ,38.606658,27.087281,MENEMEN,,UĞUR MUMCU MH. 1249 SK. NO:14/4,02321180023,,,2026-09-20T07:31:15.702Z,COMPLETE_FOR_MAPPABLE_ROWS,api,Tüm eczaneler,https://acikveri.bizizmir.com/dataset/nobetci-eczaneler-ve-eczane-listesi,CC BY 4.0,İzmir Büyükşehir Belediyesi Açık Veri Portalı
pharmacy:1544:38.021909:27.093892,pharmacy,Pharmacy,DERİN ECZANESİ,38.021909,27.093892,ÖZDERE,,ÇUKURALTI MAH. MUSTAFA KEMAL PAŞA BULVARI NO:128/A,02327974318,,,2026-09-20T07:31:15.702Z,COMPLETE_FOR_MAPPABLE_ROWS,api,Tüm eczaneler,https://acikveri.bizizmir.com/dataset/nobetci-eczaneler-ve-eczane-listesi,CC BY 4.0,İzmir Büyükşehir Belediyesi Açık Veri Portalı
pharmacy:1545:38.466497:27.18605,pharmacy,Pharmacy,İLKNUR COŞKUN ECZANESİ,38.466497,27.18605,ATATÜRK,,OSMANGAZİ MAH. YAVUZ CAD. NO:350/C,02323470303,,,2026-09-20T07:31:15.702Z,COMPLETE_FOR_MAPPABLE_ROWS,api,Tüm eczaneler,https://acikveri.bizizmir.com/dataset/nobetci-eczaneler-ve-eczane-listesi,CC BY 4.0,İzmir Büyükşehir Belediyesi Açık Veri Portalı
pharmacy:1546:38.473166:27.099059,pharmacy,Pharmacy,PAMİR ECZANESİ,38.473166,27.099059,KARŞIYAKA 4,,ŞEMİKLER MH. ERDOĞAN AKKAYA SK. NO:41/A,02322503532,,,2026-09-20T07:31:15.702Z,COMPLETE_FOR_MAPPABLE_ROWS,api,Tüm eczaneler,https://acikveri.bizizmir.com/dataset/nobetci-eczaneler-ve-eczane-listesi,CC BY 4.0,İzmir Büyükşehir Belediyesi Açık Veri Portalı
pharmacy:1547:38.3688873667351:27.1266159922196,pharmacy,Pharmacy,YENİ ŞENİZ,38.3688873667351,27.1266159922196,KARABAĞLAR,,Y.Emre Mah.4229 Sok. No:45 SO Karşısı,2650352,,,2026-09-20T07:31:15.702Z,COMPLETE_FOR_MAPPABLE_ROWS,api,Tüm eczaneler,https://acikveri.bizizmir.com/dataset/nobetci-eczaneler-ve-eczane-listesi,CC BY 4.0,İzmir Büyükşehir Belediyesi Açık Veri Portalı
pharmacy:1548:38.323688:26.76825,pharmacy,Pharmacy,AHMETOĞLU ECZANESİ,38.323688,26.76825,URLA,,YELALTI MH. 75. YIL CUMHURİYET CD. NO:18,02327626465,,,2026-09-20T07:31:15.702Z,COMPLETE_FOR_MAPPABLE_ROWS,api,Tüm eczaneler,https://acikveri.bizizmir.com/dataset/nobetci-eczaneler-ve-eczane-listesi,CC BY 4.0,İzmir Büyükşehir Belediyesi Açık Veri Portalı
pharmacy:1549:38.452724:27.188181,pharmacy,Pharmacy,HEKİMOĞLU ECZANESİ,38.452724,27.188181,BORNOVA 3,,MANSUROĞLU MH. 286/10 SK. NO:5/B,02329991808,,,2026-09-20T07:31:15.702Z,COMPLETE_FOR_MAPPABLE_ROWS,api,Tüm eczaneler,https://acikveri.bizizmir.com/dataset/nobetci-eczaneler-ve-eczane-listesi,CC BY 4.0,İzmir Büyükşehir Belediyesi Açık Veri Portalı
pharmacy:1550:38.19563:26.839211,pharmacy,Pharmacy,SILA ECZANESİ,38.19563,26.839211,SEFERİHİSAR,,CAMİKEBİR MH. 52 SK. NO:1/A,02327434060,,,2026-09-20T07:31:15.702Z,COMPLETE_FOR_MAPPABLE_ROWS,api,Tüm eczaneler,https://acikveri.bizizmir.com/dataset/nobetci-eczaneler-ve-eczane-listesi,CC BY 4.0,İzmir Büyükşehir Belediyesi Açık Veri Portalı
pharmacy:1551:38.459332:27.251164,pharmacy,Pharmacy,DEMİRKAN ECZANESİ,38.459332,27.251164,BORNOVA 1,,EVKA-3 MAH.129. SOK.NO:1/A,02323755247,,,2026-09-20T07:31:15.702Z,COMPLETE_FOR_MAPPABLE_ROWS,api,Tüm eczaneler,https://acikveri.bizizmir.com/dataset/nobetci-eczaneler-ve-eczane-listesi,CC BY 4.0,İzmir Büyükşehir Belediyesi Açık Veri Portalı
pharmacy:1567:38.384873:27.166912,pharmacy,Pharmacy,MURAT ECZANESİ,38.384873,27.166912,BUCA 1,,VALİ RAHMİ BEY MH. ÖZMEN CD. NO:114/B,02324388802,,,2026-09-20T07:31:15.702Z,COMPLETE_FOR_MAPPABLE_ROWS,api,Tüm eczaneler,https://acikveri.bizizmir.com/dataset/nobetci-eczaneler-ve-eczane-listesi,CC BY 4.0,İzmir Büyükşehir Belediyesi Açık Veri Portalı
pharmacy:1568:38.087473:27.735017,pharmacy,Pharmacy,HİLAL ECZANESİ,38.087473,27.735017,TİRE,,YENİ MAHALLESİ GÜMÜŞPALA CD.51/A,02325125773,,,2026-09-20T07:31:15.702Z,COMPLETE_FOR_MAPPABLE_ROWS,api,Tüm eczaneler,https://acikveri.bizizmir.com/dataset/nobetci-eczaneler-ve-eczane-listesi,CC BY 4.0,İzmir Büyükşehir Belediyesi Açık Veri Portalı
pharmacy:1569:38.388492:27.15057,pharmacy,Pharmacy,EKİN ECZANESİ,38.388492,27.15057,ŞİRİNYER,,İNKILAP MH. 506 SK. NO:6/A,02324875887,,,2026-09-20T07:31:15.702Z,COMPLETE_FOR_MAPPABLE_ROWS,api,Tüm eczaneler,https://acikveri.bizizmir.com/dataset/nobetci-eczaneler-ve-eczane-listesi,CC BY 4.0,İzmir Büyükşehir Belediyesi Açık Veri Portalı
pharmacy:1570:38.459169:27.115984,pharmacy,Pharmacy,SEYHUN ECZANESİ,38.459169,27.115984,KARŞIYAKA 2,,BAHARİYE MH. ZÜBEYDE HANIM CD. NO:30/A,02323230135,,,2026-09-20T07:31:15.702Z,COMPLETE_FOR_MAPPABLE_ROWS,api,Tüm eczaneler,https://acikveri.bizizmir.com/dataset/nobetci-eczaneler-ve-eczane-listesi,CC BY 4.0,İzmir Büyükşehir Belediyesi Açık Veri Portalı
pharmacy:1571:38.4375904438499:27.1845364710613,pharmacy,Pharmacy,BORNOVA,38.4375904438499,27.1845364710613,ÇAMDİBİ,,YILDIRIM BEYAZIT MH. BURAK REİS CD. NO:25/A,435 07 45,,,2026-09-20T07:31:15.702Z,COMPLETE_FOR_MAPPABLE_ROWS,api,Tüm eczaneler,https://acikveri.bizizmir.com/dataset/nobetci-eczaneler-ve-eczane-listesi,CC BY 4.0,İzmir Büyükşehir Belediyesi Açık Veri Portalı
pharmacy:1572:38.370449:27.128637,pharmacy,Pharmacy,ÖZGEN ECZANESİ,38.370449,27.128637,BORNOVA 2,,YUNUS EMRE MAH. 4237 SOK. NO:14/A,02323426027,,,2026-09-20T07:31:15.702Z,COMPLETE_FOR_MAPPABLE_ROWS,api,Tüm eczaneler,https://acikveri.bizizmir.com/dataset/nobetci-eczaneler-ve-eczane-listesi,CC BY 4.0,İzmir Büyükşehir Belediyesi Açık Veri Portalı
pharmacy:1573:38.3212578170714:27.1253547483803,pharmacy,Pharmacy,GAZİEMİR,38.3212578170714,27.1253547483803,GAZİEMİR,,GAZİ MH. HASAN GÜVEN CD. NO:12,251 09 95,,,2026-09-20T07:31:15.702Z,COMPLETE_FOR_MAPPABLE_ROWS,api,Tüm eczaneler,https://acikveri.bizizmir.com/dataset/nobetci-eczaneler-ve-eczane-listesi,CC BY 4.0,İzmir Büyükşehir Belediyesi Açık Veri Portalı
pharmacy:1574:38.368145:27.132746,pharmacy,Pharmacy,IHLAMUR ECZANESİ,38.368145,27.132746,KARABAĞLAR,,AYDIN MH. 4276 SK. NO:44,02322102060,,,2026-09-20T07:31:15.702Z,COMPLETE_FOR_MAPPABLE_ROWS,api,Tüm eczaneler,https://acikveri.bizizmir.com/dataset/nobetci-eczaneler-ve-eczane-listesi,CC BY 4.0,İzmir Büyükşehir Belediyesi Açık Veri Portalı
pharmacy:1575:38.146908:27.364864,pharmacy,Pharmacy,BAŞAR ECZANESİ,38.146908,27.364864,TORBALI,,TEPEKÖY MAH. İSMET PAŞA CAD. NO:80/A,02328554932,,,2026-09-20T07:31:15.702Z,COMPLETE_FOR_MAPPABLE_ROWS,api,Tüm eczaneler,https://acikveri.bizizmir.com/dataset/nobetci-eczaneler-ve-eczane-listesi,CC BY 4.0,İzmir Büyükşehir Belediyesi Açık Veri Portalı
pharmacy:1576:38.416442:27.1575,pharmacy,Pharmacy,YENİDOĞAN ECZANESİ,38.416442,27.1575,YENİŞEHİR,,YENİDOĞAN MH. 2223 SK. NO:34,02329996517,,,2026-09-20T07:31:15.702Z,COMPLETE_FOR_MAPPABLE_ROWS,api,Tüm eczaneler,https://acikveri.bizizmir.com/dataset/nobetci-eczaneler-ve-eczane-listesi,CC BY 4.0,İzmir Büyükşehir Belediyesi Açık Veri Portalı
pharmacy:1577:38.47181:27.085833,pharmacy,Pharmacy,SELİN ECZANESİ,38.47181,27.085833,KARŞIYAKA 3,,YALI MH. 6471/5 SK. NO:8/A,02329999508,,,2026-09-20T07:31:15.702Z,COMPLETE_FOR_MAPPABLE_ROWS,api,Tüm eczaneler,https://acikveri.bizizmir.com/dataset/nobetci-eczaneler-ve-eczane-listesi,CC BY 4.0,İzmir Büyükşehir Belediyesi Açık Veri Portalı
pharmacy:1578:38.460451:27.102305,pharmacy,Pharmacy,ROTA ECZANESİ,38.460451,27.102305,KARŞIYAKA 3,,BOSTANLI MH. ŞEHİTLER BULVARI NO:72/B,02323625341,,,2026-09-20T07:31:15.702Z,COMPLETE_FOR_MAPPABLE_ROWS,api,Tüm eczaneler,https://acikveri.bizizmir.com/dataset/nobetci-eczaneler-ve-eczane-listesi,CC BY 4.0,İzmir Büyükşehir Belediyesi Açık Veri Portalı
pharmacy:1579:38.23183:27.988133,pharmacy,Pharmacy,GİZEM ECZANESİ,38.23183,27.988133,ÖDEMİŞ,,ZAFER MH. ORTAÇ SK. NO:19/A,02325460808,,,2026-09-20T07:31:15.702Z,COMPLETE_FOR_MAPPABLE_ROWS,api,Tüm eczaneler,https://acikveri.bizizmir.com/dataset/nobetci-eczaneler-ve-eczane-listesi,CC BY 4.0,İzmir Büyükşehir Belediyesi Açık Veri Portalı
pharmacy:1580:38.329284:26.746541,pharmacy,Pharmacy,CAN ECZANESİ,38.329284,26.746541,URLA,,TORASAN MH. 623 SK. NO:8/B,02327541001,,,2026-09-20T07:31:15.702Z,COMPLETE_FOR_MAPPABLE_ROWS,api,Tüm eczaneler,https://acikveri.bizizmir.com/dataset/nobetci-eczaneler-ve-eczane-listesi,CC BY 4.0,İzmir Büyükşehir Belediyesi Açık Veri Portalı
pharmacy:1586:38.935683:26.934613,pharmacy,Pharmacy,ORAN ECZANESİ,38.935683,26.934613,ÇANDARLI,,ISLAM MAH. HÜRRIYET MEYDANI NO:22/2 ÇANDARLI-IZMIR,02326731088,,,2026-09-20T07:31:15.702Z,COMPLETE_FOR_MAPPABLE_ROWS,api,Tüm eczaneler,https://acikveri.bizizmir.com/dataset/nobetci-eczaneler-ve-eczane-listesi,CC BY 4.0,İzmir Büyükşehir Belediyesi Açık Veri Portalı
pharmacy:1587:38.936379:26.934386,pharmacy,Pharmacy,FATİH ECZANESİ,38.936379,26.934386,ÇANDARLI,,ÇANDARLI MAH. NAMIK KEMAL CAD. NO:10/A,02326732676,,,2026-09-20T07:31:15.702Z,COMPLETE_FOR_MAPPABLE_ROWS,api,Tüm eczaneler,https://acikveri.bizizmir.com/dataset/nobetci-eczaneler-ve-eczane-listesi,CC BY 4.0,İzmir Büyükşehir Belediyesi Açık Veri Portalı
pharmacy:1588:38.935182:26.933847,pharmacy,Pharmacy,DAĞDELEN ECZANESİ,38.935182,26.933847,ÇANDARLI,,ÇANDARLI MH.HÜRRİYET MEYD.NO:16,02326733046,,,2026-09-20T07:31:15.702Z,COMPLETE_FOR_MAPPABLE_ROWS,api,Tüm eczaneler,https://acikveri.bizizmir.com/dataset/nobetci-eczaneler-ve-eczane-listesi,CC BY 4.0,İzmir Büyükşehir Belediyesi Açık Veri Portalı
pharmacy:1589:38.93613:26.934701,pharmacy,Pharmacy,OKYANUS ECZANESİ,38.93613,26.934701,ÇANDARLI,,ÇANDARLI MH.BERGAMA CD. NO:1/C,02326732026,,,2026-09-20T07:31:15.702Z,COMPLETE_FOR_MAPPABLE_ROWS,api,Tüm eczaneler,https://acikveri.bizizmir.com/dataset/nobetci-eczaneler-ve-eczane-listesi,CC BY 4.0,İzmir Büyükşehir Belediyesi Açık Veri Portalı
pharmacy:1590:38.4794351980917:27.119075589005,pharmacy,Pharmacy,KÜBRA,38.4794351980917,27.119075589005,GÜMÜŞPALA,,SOĞUKKUYU MH. 1847/27 SK. NO:7/B,363 67 93,,,2026-09-20T07:31:15.702Z,COMPLETE_FOR_MAPPABLE_ROWS,api,Tüm eczaneler,https://acikveri.bizizmir.com/dataset/nobetci-eczaneler-ve-eczane-listesi,CC BY 4.0,İzmir Büyükşehir Belediyesi Açık Veri Portalı
pharmacy:1591:38.0739:27.0179,pharmacy,Pharmacy,TAŞKIN ECZANESİ,38.0739,27.0179,ÖZDERE,,ATATÜRK CD.157/B GÜMÜLDÜR,02327933858,,,2026-09-20T07:31:15.702Z,COMPLETE_FOR_MAPPABLE_ROWS,api,Tüm eczaneler,https://acikveri.bizizmir.com/dataset/nobetci-eczaneler-ve-eczane-listesi,CC BY 4.0,İzmir Büyükşehir Belediyesi Açık Veri Portalı
pharmacy:1592:38.0744049151103:27.0203878004691,pharmacy,Pharmacy,GÜMÜLDÜR,38.0744049151103,27.0203878004691,ÖZDERE,,FEVZİ ÇAKMAK MH İZMİR CD NO 117/D,7931129-5555426423,,,2026-09-20T07:31:15.702Z,COMPLETE_FOR_MAPPABLE_ROWS,api,Tüm eczaneler,https://acikveri.bizizmir.com/dataset/nobetci-eczaneler-ve-eczane-listesi,CC BY 4.0,İzmir Büyükşehir Belediyesi Açık Veri Portalı
pharmacy:1593:38.0246655594503:27.0852904600978,pharmacy,Pharmacy,OZAN,38.0246655594503,27.0852904600978,ÖZDERE,,ÇUKURALTI MH ATATÜRK BULVARI NO 199/A,7974535,,,2026-09-20T07:31:15.702Z,COMPLETE_FOR_MAPPABLE_ROWS,api,Tüm eczaneler,https://acikveri.bizizmir.com/dataset/nobetci-eczaneler-ve-eczane-listesi,CC BY 4.0,İzmir Büyükşehir Belediyesi Açık Veri Portalı
pharmacy:1594:38.010457710793:27.1098089909795,pharmacy,Pharmacy,ÖZTUNA,38.010457710793,27.1098089909795,ÖZDERE,,CUMHURİYET MH İZMİR CD NO 8/C,7978200-5365633014,,,2026-09-20T07:31:15.702Z,COMPLETE_FOR_MAPPABLE_ROWS,api,Tüm eczaneler,https://acikveri.bizizmir.com/dataset/nobetci-eczaneler-ve-eczane-listesi,CC BY 4.0,İzmir Büyükşehir Belediyesi Açık Veri Portalı
pharmacy:1595:38.0199641468898:27.0966102678956,pharmacy,Pharmacy,ÖZ MERKEZ,38.0199641468898,27.0966102678956,ÖZDERE,,ÇUKURALTI MH. MUSTAFA KEMAL PAŞA BULVARI NO 83/J,7978889,,,2026-09-20T07:31:15.702Z,COMPLETE_FOR_MAPPABLE_ROWS,api,Tüm eczaneler,https://acikveri.bizizmir.com/dataset/nobetci-eczaneler-ve-eczane-listesi,CC BY 4.0,İzmir Büyükşehir Belediyesi Açık Veri Portalı
pharmacy:1596:0:0,pharmacy,Pharmacy,ŞANLI,0,0,ÖZDERE,,FEVZİ ÇAKMAK MAH. GAZİ MUSTAFA KEMAL PAŞA BULV. NO:146/C,7974363,,,2026-09-20T07:31:15.702Z,COMPLETE_FOR_MAPPABLE_ROWS,api,Tüm eczaneler,https://acikveri.bizizmir.com/dataset/nobetci-eczaneler-ve-eczane-listesi,CC BY 4.0,İzmir Büyükşehir Belediyesi Açık Veri Portalı
pharmacy:1597:38.0502739523935:27.0517581015962,pharmacy,Pharmacy,ORTAKÖY,38.0502739523935,27.0517581015962,ÖZDERE,,Orta Mah. Mustafa Kemalpaşa Cad. No:450/B,2855862-5339163129,,,2026-09-20T07:31:15.702Z,COMPLETE_FOR_MAPPABLE_ROWS,api,Tüm eczaneler,https://acikveri.bizizmir.com/dataset/nobetci-eczaneler-ve-eczane-listesi,CC BY 4.0,İzmir Büyükşehir Belediyesi Açık Veri Portalı
pharmacy:1598:38.0202772893009:27.0972439152872,pharmacy,Pharmacy,DERİN,38.0202772893009,27.0972439152872,ÖZDERE,,Çukuraltı Mh.Mustafa Kemal Paşa Bulv.No:98/B,7974318,,,2026-09-20T07:31:15.702Z,COMPLETE_FOR_MAPPABLE_ROWS,api,Tüm eczaneler,https://acikveri.bizizmir.com/dataset/nobetci-eczaneler-ve-eczane-listesi,CC BY 4.0,İzmir Büyükşehir Belediyesi Açık Veri Portalı
pharmacy:1599:38.023725:27.088041,pharmacy,Pharmacy,ÖZDERE ECZANESİ,38.023725,27.088041,ÖZDERE,,ÇUKURALTI MH. MUSTAFA KEMAL PAŞA BULV. NO:200/A,02327979304,,,2026-09-20T07:31:15.702Z,COMPLETE_FOR_MAPPABLE_ROWS,api,Tüm eczaneler,https://acikveri.bizizmir.com/dataset/nobetci-eczaneler-ve-eczane-listesi,CC BY 4.0,İzmir Büyükşehir Belediyesi Açık Veri Portalı
pharmacy:1600:38.4939157691634:27.0615113050135,pharmacy,Pharmacy,ERDEN,38.4939157691634,27.0615113050135,ÇİĞLİ,,Yeni Mahalle Mh.Eski Havaalanı Cad.8200/4 Sk. No:1T,3720708,,,2026-09-20T07:31:15.702Z,COMPLETE_FOR_MAPPABLE_ROWS,api,Tüm eczaneler,https://acikveri.bizizmir.com/dataset/nobetci-eczaneler-ve-eczane-listesi,CC BY 4.0,İzmir Büyükşehir Belediyesi Açık Veri Portalı
pharmacy:1601:38.498508:27.052996,pharmacy,Pharmacy,SARAÇOĞLU ECZANESİ,38.498508,27.052996,ÇİĞLİ,,YENİMAHALLE MH. 8764/5 SK. NO:20/B,02325038050,,,2026-09-20T07:31:15.702Z,COMPLETE_FOR_MAPPABLE_ROWS,api,Tüm eczaneler,https://acikveri.bizizmir.com/dataset/nobetci-eczaneler-ve-eczane-listesi,CC BY 4.0,İzmir Büyükşehir Belediyesi Açık Veri Portalı
pharmacy:1602:38.486321:27.059453,pharmacy,Pharmacy,ASMALI ECZANESİ,38.486321,27.059453,ÇİĞLİ,,ATAŞEHİR MH. 8019/11 SK.NAZIM HİKMET RAN BULV. A BLOK NO:12B,02323766999,,,2026-09-20T07:31:15.702Z,COMPLETE_FOR_MAPPABLE_ROWS,api,Tüm eczaneler,https://acikveri.bizizmir.com/dataset/nobetci-eczaneler-ve-eczane-listesi,CC BY 4.0,İzmir Büyükşehir Belediyesi Açık Veri Portalı
pharmacy:1603:38.464465:27.19489,pharmacy,Pharmacy,YENİ ARZUM ECZANESİ,38.464465,27.19489,BORNOVA 3,,MANAVKUYU MH. DUMLUPINAR CD. NO:65/B,02329995929,,,2026-09-20T07:31:15.702Z,COMPLETE_FOR_MAPPABLE_ROWS,api,Tüm eczaneler,https://acikveri.bizizmir.com/dataset/nobetci-eczaneler-ve-eczane-listesi,CC BY 4.0,İzmir Büyükşehir Belediyesi Açık Veri Portalı
pharmacy:1604:38.361728:27.12489,pharmacy,Pharmacy,İBRAHİM ECZANESİ,38.361728,27.12489,KARABAĞLAR,,PEKER MH. 5060 SK. NO:2/A PEKER PARKI YANI,02320280483,,,2026-09-20T07:31:15.702Z,COMPLETE_FOR_MAPPABLE_ROWS,api,Tüm eczaneler,https://acikveri.bizizmir.com/dataset/nobetci-eczaneler-ve-eczane-listesi,CC BY 4.0,İzmir Büyükşehir Belediyesi Açık Veri Portalı
pharmacy:1605:38.177022:27.358136,pharmacy,Pharmacy,BÜYÜK ECZANESİ,38.177022,27.358136,TORBALI,,YEDİ EYLÜL MH. 5546 SK. NO:4,02328532068,,,2026-09-20T07:31:15.702Z,COMPLETE_FOR_MAPPABLE_ROWS,api,Tüm eczaneler,https://acikveri.bizizmir.com/dataset/nobetci-eczaneler-ve-eczane-listesi,CC BY 4.0,İzmir Büyükşehir Belediyesi Açık Veri Portalı
pharmacy:1606:38.1509393643586:27.3713976603704,pharmacy,Pharmacy,DİLAN,38.1509393643586,27.3713976603704,TORBALI,,ATATÜRK MH. 1551 SK.22/A 3 nolu sağlık ocağı karşısı,250 60 06,,,2026-09-20T07:31:15.702Z,COMPLETE_FOR_MAPPABLE_ROWS,api,Tüm eczaneler,https://acikveri.bizizmir.com/dataset/nobetci-eczaneler-ve-eczane-listesi,CC BY 4.0,İzmir Büyükşehir Belediyesi Açık Veri Portalı
pharmacy:1607:38.464179:27.191789,pharmacy,Pharmacy,PORTAKAL ECZANESİ,38.464179,27.191789,BORNOVA 3,,MANAVKUYU MH. 249/1 SK. NO:3/C,02323474748,,,2026-09-20T07:31:15.702Z,COMPLETE_FOR_MAPPABLE_ROWS,api,Tüm eczaneler,https://acikveri.bizizmir.com/dataset/nobetci-eczaneler-ve-eczane-listesi,CC BY 4.0,İzmir Büyükşehir Belediyesi Açık Veri Portalı
pharmacy:1608:39.1172948377779:27.199072293213,pharmacy,Pharmacy,BURÇİN,39.1172948377779,27.199072293213,BERGAMA,,İSLAMSARAY MH. ADNAN MENDERES BULVARI NO:225/2,831 29 23,,,2026-09-20T07:31:15.702Z,COMPLETE_FOR_MAPPABLE_ROWS,api,Tüm eczaneler,https://acikveri.bizizmir.com/dataset/nobetci-eczaneler-ve-eczane-listesi,CC BY 4.0,İzmir Büyükşehir Belediyesi Açık Veri Portalı
pharmacy:1609:38.4405292127198:27.1438819582555,pharmacy,Pharmacy,SİBEL ATLAS,38.4405292127198,27.1438819582555,ALSANCAK,,Alsancak Mh.Kıbrıs Şehitleri Cd.No:177/1Kent Tıp Merkezi Karşısı,3881335,,,2026-09-20T07:31:15.702Z,COMPLETE_FOR_MAPPABLE_ROWS,api,Tüm eczaneler,https://acikveri.bizizmir.com/dataset/nobetci-eczaneler-ve-eczane-listesi,CC BY 4.0,İzmir Büyükşehir Belediyesi Açık Veri Portalı
pharmacy:1610:38.659082:26.764558,pharmacy,Pharmacy,LOTUS ECZANESİ,38.659082,26.764558,ESKİ FOÇA,,ATATÜRK MAH. 99 SOK. NO:26/A,02323302023,,,2026-09-20T07:31:15.702Z,COMPLETE_FOR_MAPPABLE_ROWS,api,Tüm eczaneler,https://acikveri.bizizmir.com/dataset/nobetci-eczaneler-ve-eczane-listesi,CC BY 4.0,İzmir Büyükşehir Belediyesi Açık Veri Portalı
pharmacy:1611:38.1514:27.3675,pharmacy,Pharmacy,BARIŞ ECZANESİ,38.1514,27.3675,TORBALI,,ATATÜRK MAH. 1529 SOK. NO:3/A,02320437091,,,2026-09-20T07:31:15.702Z,COMPLETE_FOR_MAPPABLE_ROWS,api,Tüm eczaneler,https://acikveri.bizizmir.com/dataset/nobetci-eczaneler-ve-eczane-listesi,CC BY 4.0,İzmir Büyükşehir Belediyesi Açık Veri Portalı
pharmacy:1612:38.396627:27.105189,pharmacy,Pharmacy,FULYA ECZANESİ,38.396627,27.105189,BASIN SİTESİ,,VATAN MAH. POLAT CAD. NO:99,02322316424,,,2026-09-20T07:31:15.702Z,COMPLETE_FOR_MAPPABLE_ROWS,api,Tüm eczaneler,https://acikveri.bizizmir.com/dataset/nobetci-eczaneler-ve-eczane-listesi,CC BY 4.0,İzmir Büyükşehir Belediyesi Açık Veri Portalı
pharmacy:1613:38.394631:27.005095,pharmacy,Pharmacy,KÖPRÜBAŞI ECZANESİ,38.394631,27.005095,NARLIDERE,,MITHATPASA CAD.244/A,02322383607,,,2026-09-20T07:31:15.702Z,COMPLETE_FOR_MAPPABLE_ROWS,api,Tüm eczaneler,https://acikveri.bizizmir.com/dataset/nobetci-eczaneler-ve-eczane-listesi,CC BY 4.0,İzmir Büyükşehir Belediyesi Açık Veri Portalı
pharmacy:1614:38.394956:27.058308,pharmacy,Pharmacy,YENI ÖYKÜ ECZANESİ,38.394956,27.058308,BALÇOVA,,MITHATPASA CAD. NO:27,02322787506,,,2026-09-20T07:31:15.702Z,COMPLETE_FOR_MAPPABLE_ROWS,api,Tüm eczaneler,https://acikveri.bizizmir.com/dataset/nobetci-eczaneler-ve-eczane-listesi,CC BY 4.0,İzmir Büyükşehir Belediyesi Açık Veri Portalı
pharmacy:1615:38.473121:27.113259,pharmacy,Pharmacy,DOĞA ECZANESİ,38.473121,27.113259,KARŞIYAKA 4,,İMBATLI MH. 6076/4 SK. NO:5/D,02322900866,,,2026-09-20T07:31:15.702Z,COMPLETE_FOR_MAPPABLE_ROWS,api,Tüm eczaneler,https://acikveri.bizizmir.com/dataset/nobetci-eczaneler-ve-eczane-listesi,CC BY 4.0,İzmir Büyükşehir Belediyesi Açık Veri Portalı
pharmacy:1616:38.480693:27.180871,pharmacy,Pharmacy,ŞEHİR ECZANESİ,38.480693,27.180871,BAYRAKLI,,R.ŞEVKET İNCE MH. 2148/9 SK. NO:1/Z01 WESTPARK ALIŞVERİŞ MERKEZİ,02325027833,,,2026-09-20T07:31:15.702Z,COMPLETE_FOR_MAPPABLE_ROWS,api,Tüm eczaneler,https://acikveri.bizizmir.com/dataset/nobetci-eczaneler-ve-eczane-listesi,CC BY 4.0,İzmir Büyükşehir Belediyesi Açık Veri Portalı
pharmacy:1617:38.456783:27.110411,pharmacy,Pharmacy,ŞÜKRAN ECZANESİ,38.456783,27.110411,KARŞIYAKA 1,,AKSOY MH. 1767 SK. NO:24/A,02324634744,,,2026-09-20T07:31:15.702Z,COMPLETE_FOR_MAPPABLE_ROWS,api,Tüm eczaneler,https://acikveri.bizizmir.com/dataset/nobetci-eczaneler-ve-eczane-listesi,CC BY 4.0,İzmir Büyükşehir Belediyesi Açık Veri Portalı
pharmacy:1618:38.373689:27.163726,pharmacy,Pharmacy,DOĞAN ECZANESİ,38.373689,27.163726,BUCA 2,,YENİGÜN MH. GAZETECİ YAZAR İSMAİL SİVRİ BULVARI NO:184/AD,02326277307,,,2026-09-20T07:31:15.702Z,COMPLETE_FOR_MAPPABLE_ROWS,api,Tüm eczaneler,https://acikveri.bizizmir.com/dataset/nobetci-eczaneler-ve-eczane-listesi,CC BY 4.0,İzmir Büyükşehir Belediyesi Açık Veri Portalı
pharmacy:1619:38.48269:27.112661,pharmacy,Pharmacy,SAKLIBAHÇE ECZANESİ,38.48269,27.112661,KARŞIYAKA 4,,ÖRNEKKÖY MH. NAZIM HİKMET BULVARI NO:12,02325040212,,,2026-09-20T07:31:15.702Z,COMPLETE_FOR_MAPPABLE_ROWS,api,Tüm eczaneler,https://acikveri.bizizmir.com/dataset/nobetci-eczaneler-ve-eczane-listesi,CC BY 4.0,İzmir Büyükşehir Belediyesi Açık Veri Portalı
pharmacy:1620:38.459587:27.205666,pharmacy,Pharmacy,DUYGU ECZANESİ,38.459587,27.205666,BORNOVA 2,,KAZIM DİRİK MH. 213 SK. KURTULUŞ CD. NO:27/A,02323393922,,,2026-09-20T07:31:15.702Z,COMPLETE_FOR_MAPPABLE_ROWS,api,Tüm eczaneler,https://acikveri.bizizmir.com/dataset/nobetci-eczaneler-ve-eczane-listesi,CC BY 4.0,İzmir Büyükşehir Belediyesi Açık Veri Portalı
pharmacy:1622:38.470612:27.093585,pharmacy,Pharmacy,CEYDA ECZANESİ,38.470612,27.093585,KARŞIYAKA 3,,YALI MAH. 6418 SOK. NO:2/A,02323303500,,,2026-09-20T07:31:15.702Z,COMPLETE_FOR_MAPPABLE_ROWS,api,Tüm eczaneler,https://acikveri.bizizmir.com/dataset/nobetci-eczaneler-ve-eczane-listesi,CC BY 4.0,İzmir Büyükşehir Belediyesi Açık Veri Portalı
pharmacy:1623:38.4684269436735:27.2190557498634,pharmacy,Pharmacy,NAZİF,38.4684269436735,27.2190557498634,BORNOVA 1,,Ergene Mh.456 Sk. No:11/C,3740951,,,2026-09-20T07:31:15.702Z,COMPLETE_FOR_MAPPABLE_ROWS,api,Tüm eczaneler,https://acikveri.bizizmir.com/dataset/nobetci-eczaneler-ve-eczane-listesi,CC BY 4.0,İzmir Büyükşehir Belediyesi Açık Veri Portalı
pharmacy:1624:38.466067:27.220215,pharmacy,Pharmacy,NATURA ECZANESİ,38.466067,27.220215,BORNOVA 1,,ERZENE MH. KAZIM KARABEKİR CD. NO:5/B,02323513335,,,2026-09-20T07:31:15.702Z,COMPLETE_FOR_MAPPABLE_ROWS,api,Tüm eczaneler,https://acikveri.bizizmir.com/dataset/nobetci-eczaneler-ve-eczane-listesi,CC BY 4.0,İzmir Büyükşehir Belediyesi Açık Veri Portalı
pharmacy:1625:38.377515:26.892092,pharmacy,Pharmacy,MAYIS ECZANESİ,38.377515,26.892092,GÜZELBAHÇE,,YALI MAH. İSTİKBAL CAD. NO:10/B,02322342230,,,2026-09-20T07:31:15.702Z,COMPLETE_FOR_MAPPABLE_ROWS,api,Tüm eczaneler,https://acikveri.bizizmir.com/dataset/nobetci-eczaneler-ve-eczane-listesi,CC BY 4.0,İzmir Büyükşehir Belediyesi Açık Veri Portalı
pharmacy:1626:38.37608:26.891788,pharmacy,Pharmacy,GÜZELBAHÇE ECZANESİ,38.37608,26.891788,GÜZELBAHÇE,,YALI MH. İSTİKBAL CD. NO:32/B,02322340028,,,2026-09-20T07:31:15.702Z,COMPLETE_FOR_MAPPABLE_ROWS,api,Tüm eczaneler,https://acikveri.bizizmir.com/dataset/nobetci-eczaneler-ve-eczane-listesi,CC BY 4.0,İzmir Büyükşehir Belediyesi Açık Veri Portalı
pharmacy:1627:38.394637:27.058046,pharmacy,Pharmacy,BURCU ECZANESİ,38.394637,27.058046,BALÇOVA,,ATA CADDESİ GİRİŞİ NO:5,02322790779,,,2026-09-20T07:31:15.702Z,COMPLETE_FOR_MAPPABLE_ROWS,api,Tüm eczaneler,https://acikveri.bizizmir.com/dataset/nobetci-eczaneler-ve-eczane-listesi,CC BY 4.0,İzmir Büyükşehir Belediyesi Açık Veri Portalı
pharmacy:1628:38.423158:27.162024,pharmacy,Pharmacy,AYŞEGÜL ECZANESİ,38.423158,27.162024,YENİŞEHİR,,GÜNEY MH. GAZİLER CD. 1146 SK. NO:438,02324491929,,,2026-09-20T07:31:15.702Z,COMPLETE_FOR_MAPPABLE_ROWS,api,Tüm eczaneler,https://acikveri.bizizmir.com/dataset/nobetci-eczaneler-ve-eczane-listesi,CC BY 4.0,İzmir Büyükşehir Belediyesi Açık Veri Portalı
pharmacy:1629:38.4299149504577:27.1367752758023,pharmacy,Pharmacy,SİMYA,38.4299149504577,27.1367752758023,ALSANCAK,,KÜLTÜR MH. MUSTAFA MÜNİR BİRSEL SK. NO:10/A,3433000,,,2026-09-20T07:31:15.702Z,COMPLETE_FOR_MAPPABLE_ROWS,api,Tüm eczaneler,https://acikveri.bizizmir.com/dataset/nobetci-eczaneler-ve-eczane-listesi,CC BY 4.0,İzmir Büyükşehir Belediyesi Açık Veri Portalı
pharmacy:1631:38.468967:27.114785,pharmacy,Pharmacy,ZAFER ECZANESİ,38.468967,27.114785,GÜMÜŞPALA,,SOĞUKKUYU MH. 1595 SK. NO:24/A,02323824549,,,2026-09-20T07:31:15.702Z,COMPLETE_FOR_MAPPABLE_ROWS,api,Tüm eczaneler,https://acikveri.bizizmir.com/dataset/nobetci-eczaneler-ve-eczane-listesi,CC BY 4.0,İzmir Büyükşehir Belediyesi Açık Veri Portalı
pharmacy:1632:37.9518:27.374401,pharmacy,Pharmacy,YILDIZ ECZANESİ,37.9518,27.374401,SELÇUK,,ZAFER MH. ŞEHİT PİYADE ER YÜKSEL ÖZÜLKÜ SK. NO:19,02328922828,,,2026-09-20T07:31:15.702Z,COMPLETE_FOR_MAPPABLE_ROWS,api,Tüm eczaneler,https://acikveri.bizizmir.com/dataset/nobetci-eczaneler-ve-eczane-listesi,CC BY 4.0,İzmir Büyükşehir Belediyesi Açık Veri Portalı
pharmacy:1633:39.110277:27.172429,pharmacy,Pharmacy,ALPER ECZANESİ,39.110277,27.172429,BERGAMA,,MALTEPE MAH. 418 SOK. NO:2/A,02326320001,,,2026-09-20T07:31:15.702Z,COMPLETE_FOR_MAPPABLE_ROWS,api,Tüm eczaneler,https://acikveri.bizizmir.com/dataset/nobetci-eczaneler-ve-eczane-listesi,CC BY 4.0,İzmir Büyükşehir Belediyesi Açık Veri Portalı
pharmacy:1634:38.431397:27.151004,pharmacy,Pharmacy,HAZEL ECZANESİ,38.431397,27.151004,ALSANCAK,,MİMAR SİNAN MH. 1432 SK. NO:9/C,02324226352,,,2026-09-20T07:31:15.702Z,COMPLETE_FOR_MAPPABLE_ROWS,api,Tüm eczaneler,https://acikveri.bizizmir.com/dataset/nobetci-eczaneler-ve-eczane-listesi,CC BY 4.0,İzmir Büyükşehir Belediyesi Açık Veri Portalı
pharmacy:1636:38.457378:27.19751,pharmacy,Pharmacy,BATUHAN ECZANESİ,38.457378,27.19751,BORNOVA 3,,MANSUROĞLU MH. 259 SK. NO:47/A,02325700195,,,2026-09-20T07:31:15.702Z,COMPLETE_FOR_MAPPABLE_ROWS,api,Tüm eczaneler,https://acikveri.bizizmir.com/dataset/nobetci-eczaneler-ve-eczane-listesi,CC BY 4.0,İzmir Büyükşehir Belediyesi Açık Veri Portalı
pharmacy:1637:38.474509:27.105345,pharmacy,Pharmacy,TAŞKIN ECZANESİ,38.474509,27.105345,KARŞIYAKA 4,,İMBATLI MH. 6092 SK. NO:4/A,02329996390,,,2026-09-20T07:31:15.702Z,COMPLETE_FOR_MAPPABLE_ROWS,api,Tüm eczaneler,https://acikveri.bizizmir.com/dataset/nobetci-eczaneler-ve-eczane-listesi,CC BY 4.0,İzmir Büyükşehir Belediyesi Açık Veri Portalı
pharmacy:1638:38.179146:27.352332,pharmacy,Pharmacy,CANSU ECZANESİ,38.179146,27.352332,TORBALI,,TORBALI MH. METROPOLİS BULVARI NO:114-A,02329993770,,,2026-09-20T07:31:15.702Z,COMPLETE_FOR_MAPPABLE_ROWS,api,Tüm eczaneler,https://acikveri.bizizmir.com/dataset/nobetci-eczaneler-ve-eczane-listesi,CC BY 4.0,İzmir Büyükşehir Belediyesi Açık Veri Portalı
pharmacy:1639:38.1509268860321:27.3709925107213,pharmacy,Pharmacy,YENİ VURAL,38.1509268860321,27.3709925107213,TORBALI,,ATATÜRK MH. 1551 SK. NO:18/A3 nolu sağlık ocağı karşısı,458 62 65,,,2026-09-20T07:31:15.702Z,COMPLETE_FOR_MAPPABLE_ROWS,api,Tüm eczaneler,https://acikveri.bizizmir.com/dataset/nobetci-eczaneler-ve-eczane-listesi,CC BY 4.0,İzmir Büyükşehir Belediyesi Açık Veri Portalı
pharmacy:1640:38.4002693456024:27.1497274393617,pharmacy,Pharmacy,İBRİM,38.4002693456024,27.1497274393617,ŞİRİNYER,,Gürçeşme Cd. No:438/B Polis Okulu Yanı,4871016,,,2026-09-20T07:31:15.702Z,COMPLETE_FOR_MAPPABLE_ROWS,api,Tüm eczaneler,https://acikveri.bizizmir.com/dataset/nobetci-eczaneler-ve-eczane-listesi,CC BY 4.0,İzmir Büyükşehir Belediyesi Açık Veri Portalı
pharmacy:1641:38.393019:27.020572,pharmacy,Pharmacy,NAR ECZANESİ,38.393019,27.020572,NARLIDERE,,ILICA MAH. MİTHATPAŞA CAD. NO:123/A,02322384940,,,2026-09-20T07:31:15.702Z,COMPLETE_FOR_MAPPABLE_ROWS,api,Tüm eczaneler,https://acikveri.bizizmir.com/dataset/nobetci-eczaneler-ve-eczane-listesi,CC BY 4.0,İzmir Büyükşehir Belediyesi Açık Veri Portalı
pharmacy:1643:38.400844:27.128719,pharmacy,Pharmacy,ZAFERTEPE ECZANESİ,38.400844,27.128719,EŞREFPAŞA,,GÜNEŞLİ MH. 526 SK. NO:11/A,02322615959,,,2026-09-20T07:31:15.702Z,COMPLETE_FOR_MAPPABLE_ROWS,api,Tüm eczaneler,https://acikveri.bizizmir.com/dataset/nobetci-eczaneler-ve-eczane-listesi,CC BY 4.0,İzmir Büyükşehir Belediyesi Açık Veri Portalı
pharmacy:1644:38.376502:27.177899,pharmacy,Pharmacy,ÇAYAĞACI ECZANESİ,38.376502,27.177899,BUCA 2,,YILDIZ MH. HOCA AHMET YESEVİ CD. NO:20/1-A,02324534357,,,2026-09-20T07:31:15.702Z,COMPLETE_FOR_MAPPABLE_ROWS,api,Tüm eczaneler,https://acikveri.bizizmir.com/dataset/nobetci-eczaneler-ve-eczane-listesi,CC BY 4.0,İzmir Büyükşehir Belediyesi Açık Veri Portalı
pharmacy:1645:38.370203:27.194156,pharmacy,Pharmacy,ECEM ECZANESİ,38.370203,27.194156,BUCA 2,,KURUÇEŞME MH. AHMET PİRİŞTİNA BULVARI NO:53/A,02324538854,,,2026-09-20T07:31:15.702Z,COMPLETE_FOR_MAPPABLE_ROWS,api,Tüm eczaneler,https://acikveri.bizizmir.com/dataset/nobetci-eczaneler-ve-eczane-listesi,CC BY 4.0,İzmir Büyükşehir Belediyesi Açık Veri Portalı
pharmacy:1646:38.445561:27.20115,pharmacy,Pharmacy,ÜNLÜ ECZANESİ,38.445561,27.20115,BORNOVA 2,,KAZIM DİRİK MAH. 364/11 SOK. NO:1/C,02325043919,,,2026-09-20T07:31:15.702Z,COMPLETE_FOR_MAPPABLE_ROWS,api,Tüm eczaneler,https://acikveri.bizizmir.com/dataset/nobetci-eczaneler-ve-eczane-listesi,CC BY 4.0,İzmir Büyükşehir Belediyesi Açık Veri Portalı
pharmacy:1647:38.472022:27.092968,pharmacy,Pharmacy,ZEYTİN ECZANESİ,38.472022,27.092968,KARŞIYAKA 4,,ŞEMİKLER MH. 1671 SK. NO:414/2A,02325700230,,,2026-09-20T07:31:15.702Z,COMPLETE_FOR_MAPPABLE_ROWS,api,Tüm eczaneler,https://acikveri.bizizmir.com/dataset/nobetci-eczaneler-ve-eczane-listesi,CC BY 4.0,İzmir Büyükşehir Belediyesi Açık Veri Portalı
pharmacy:1648:38.475196:27.085109,pharmacy,Pharmacy,MAVİŞEHİR ECZANESİ,38.475196,27.085109,KARŞIYAKA 3,,YALI MAH. AHMET KEMAL BAYSAK BULV. NO:14/B,02323676727,,,2026-09-20T07:31:15.702Z,COMPLETE_FOR_MAPPABLE_ROWS,api,Tüm eczaneler,https://acikveri.bizizmir.com/dataset/nobetci-eczaneler-ve-eczane-listesi,CC BY 4.0,İzmir Büyükşehir Belediyesi Açık Veri Portalı
pharmacy:1649:38.471177:27.220465,pharmacy,Pharmacy,HALİL ECZANESİ,38.471177,27.220465,BORNOVA 1,,KIZILAY MH. 491/1 SK. NO:1/1A,02323736074,,,2026-09-20T07:31:15.702Z,COMPLETE_FOR_MAPPABLE_ROWS,api,Tüm eczaneler,https://acikveri.bizizmir.com/dataset/nobetci-eczaneler-ve-eczane-listesi,CC BY 4.0,İzmir Büyükşehir Belediyesi Açık Veri Portalı
pharmacy:1651:38.469617:27.129583,pharmacy,Pharmacy,MERVE POLAT ECZANESİ,38.469617,27.129583,GÜMÜŞPALA,,EMEK MH. 7233 SK. NO:38/A,02322337563,,,2026-09-20T07:31:15.702Z,COMPLETE_FOR_MAPPABLE_ROWS,api,Tüm eczaneler,https://acikveri.bizizmir.com/dataset/nobetci-eczaneler-ve-eczane-listesi,CC BY 4.0,İzmir Büyükşehir Belediyesi Açık Veri Portalı
pharmacy:1652:39.091322:27.349776,pharmacy,Pharmacy,YAZGAN ECZANESİ,39.091322,27.349776,KINIK,,FATIH MAH. M.AKIF ERSOY CAD. NO:29/A KINIK-IZMIR,02326880607,,,2026-09-20T07:31:15.702Z,COMPLETE_FOR_MAPPABLE_ROWS,api,Tüm eczaneler,https://acikveri.bizizmir.com/dataset/nobetci-eczaneler-ve-eczane-listesi,CC BY 4.0,İzmir Büyükşehir Belediyesi Açık Veri Portalı
pharmacy:1653:38.9353:26.9338,pharmacy,Pharmacy,ORAN ECZANESİ,38.9353,26.9338,MENEMEN,,ISLAM MAH. HÜRRIYET MEYDANI NO:22/2 ÇANDARLI-IZMIR,2326731088,,,2026-09-20T07:31:15.702Z,COMPLETE_FOR_MAPPABLE_ROWS,api,Tüm eczaneler,https://acikveri.bizizmir.com/dataset/nobetci-eczaneler-ve-eczane-listesi,CC BY 4.0,İzmir Büyükşehir Belediyesi Açık Veri Portalı
pharmacy:1655:38.4233:27.1609,pharmacy,Pharmacy,YASEMIN ECZANESİ,38.4233,27.1609,YENİŞEHİR,,GÜNEY MAH. GAZILER CAD. NO:402/B,02324433013,,,2026-09-20T07:31:15.702Z,COMPLETE_FOR_MAPPABLE_ROWS,api,Tüm eczaneler,https://acikveri.bizizmir.com/dataset/nobetci-eczaneler-ve-eczane-listesi,CC BY 4.0,İzmir Büyükşehir Belediyesi Açık Veri Portalı
pharmacy:1656:38.0954:27.719,pharmacy,Pharmacy,GÜLSEVER ECZANESİ,38.0954,27.719,URLA,,FATİH MH. CAN EGELİ SK. NO:14/A Z-7,02325125817,,,2026-09-20T07:31:15.702Z,COMPLETE_FOR_MAPPABLE_ROWS,api,Tüm eczaneler,https://acikveri.bizizmir.com/dataset/nobetci-eczaneler-ve-eczane-listesi,CC BY 4.0,İzmir Büyükşehir Belediyesi Açık Veri Portalı
pharmacy:1662:38.0106:27.1102,pharmacy,Pharmacy,ÖZTUNA ECZANESİ,38.0106,27.1102,ŞİRİNYER,,CUMHURIYET MAH. IZMIR CAD.NO:8/C,02327928200,,,2026-09-20T07:31:15.702Z,COMPLETE_FOR_MAPPABLE_ROWS,api,Tüm eczaneler,https://acikveri.bizizmir.com/dataset/nobetci-eczaneler-ve-eczane-listesi,CC BY 4.0,İzmir Büyükşehir Belediyesi Açık Veri Portalı
pharmacy:1665:38.39012:27.175632,pharmacy,Pharmacy,YENI NEVIN ECZANESİ,38.39012,27.175632,BUCA 1,,YAYLACIK MAH. BASARI CAD. NO:98,02324404214,,,2026-09-20T07:31:15.702Z,COMPLETE_FOR_MAPPABLE_ROWS,api,Tüm eczaneler,https://acikveri.bizizmir.com/dataset/nobetci-eczaneler-ve-eczane-listesi,CC BY 4.0,İzmir Büyükşehir Belediyesi Açık Veri Portalı
pharmacy:1666:38.500373:27.05129,pharmacy,Pharmacy,HAZİRAN ECZANESİ,38.500373,27.05129,ÇİĞLİ,,YENİ MAHALLE MH. 8762/2 SK. NO:6/B,02328842822,,,2026-09-20T07:31:15.702Z,COMPLETE_FOR_MAPPABLE_ROWS,api,Tüm eczaneler,https://acikveri.bizizmir.com/dataset/nobetci-eczaneler-ve-eczane-listesi,CC BY 4.0,İzmir Büyükşehir Belediyesi Açık Veri Portalı
pharmacy:1667:38.469597:27.129567,pharmacy,Pharmacy,MERVE POLAT ECZANESİ,38.469597,27.129567,BAYRAKLI,,EMEK MH. 7233 SK. NO:38/A,05452337563,,,2026-09-20T07:31:15.702Z,COMPLETE_FOR_MAPPABLE_ROWS,api,Tüm eczaneler,https://acikveri.bizizmir.com/dataset/nobetci-eczaneler-ve-eczane-listesi,CC BY 4.0,İzmir Büyükşehir Belediyesi Açık Veri Portalı
pharmacy:1669:39.113411:27.177683,pharmacy,Pharmacy,ÖZGE ECZANESİ,39.113411,27.177683,BERGAMA,,MALTEPE MAH. BÖBLINGEN CAD. NO:62/A,02326327227,,,2026-09-20T07:31:15.702Z,COMPLETE_FOR_MAPPABLE_ROWS,api,Tüm eczaneler,https://acikveri.bizizmir.com/dataset/nobetci-eczaneler-ve-eczane-listesi,CC BY 4.0,İzmir Büyükşehir Belediyesi Açık Veri Portalı
pharmacy:1672:39.072715:26.889969,pharmacy,Pharmacy,ZAKKUM ECZANESİ,39.072715,26.889969,DİKİLİ,,İSMETPAŞA MAH. 3/1 SOK. NO:11/A,02326712230,,,2026-09-20T07:31:15.702Z,COMPLETE_FOR_MAPPABLE_ROWS,api,Tüm eczaneler,https://acikveri.bizizmir.com/dataset/nobetci-eczaneler-ve-eczane-listesi,CC BY 4.0,İzmir Büyükşehir Belediyesi Açık Veri Portalı
pharmacy:1673:38.459169:27.115984,pharmacy,Pharmacy,SEYHUN ECZANESİ ECZANESİ,38.459169,27.115984,YENİ ŞAKRAN,,BAHARİYE MH. ZÜBEYDE HANIM CD. NO:30/A,02323230135,,,2026-09-20T07:31:15.702Z,COMPLETE_FOR_MAPPABLE_ROWS,api,Tüm eczaneler,https://acikveri.bizizmir.com/dataset/nobetci-eczaneler-ve-eczane-listesi,CC BY 4.0,İzmir Büyükşehir Belediyesi Açık Veri Portalı
pharmacy:1674:38.023725:27.088041,pharmacy,Pharmacy,ÖZDERE ECZANESİ,38.023725,27.088041,ŞİRİNYER,,ÇUKURALTI MH. MUSTAFA KEMAL PAŞA BULV. NO:200/A,02327979304,,,2026-09-20T07:31:15.702Z,COMPLETE_FOR_MAPPABLE_ROWS,api,Tüm eczaneler,https://acikveri.bizizmir.com/dataset/nobetci-eczaneler-ve-eczane-listesi,CC BY 4.0,İzmir Büyükşehir Belediyesi Açık Veri Portalı
pharmacy:1676:38.486038:27.055551,pharmacy,Pharmacy,ÇÖREKOTU ECZANESİ,38.486038,27.055551,EŞREFPAŞA,,ATAŞEHİR MH. 8019/11 SK. NO:38/C,02329350919,,,2026-09-20T07:31:15.702Z,COMPLETE_FOR_MAPPABLE_ROWS,api,Tüm eczaneler,https://acikveri.bizizmir.com/dataset/nobetci-eczaneler-ve-eczane-listesi,CC BY 4.0,İzmir Büyükşehir Belediyesi Açık Veri Portalı
pharmacy:1680:39.1191:27.1986,pharmacy,Pharmacy,MEVSİM ECZANESİ,39.1191,27.1986,KINIK,,KURTULUŞ MAH. KESTEL CAD. NO. 69/7,02326880603,,,2026-09-20T07:31:15.702Z,COMPLETE_FOR_MAPPABLE_ROWS,api,Tüm eczaneler,https://acikveri.bizizmir.com/dataset/nobetci-eczaneler-ve-eczane-listesi,CC BY 4.0,İzmir Büyükşehir Belediyesi Açık Veri Portalı
pharmacy:1681:38.227354:27.967668,pharmacy,Pharmacy,DERMAN VERESELİ ECZANESİ,38.227354,27.967668,SEFERİHİSAR,,ÖDEMİŞ İLÇESİ ÜÇ EYLÜL MAH GENÇLİK CAD. NO:2/A,02329299626,,,2026-09-20T07:31:15.702Z,COMPLETE_FOR_MAPPABLE_ROWS,api,Tüm eczaneler,https://acikveri.bizizmir.com/dataset/nobetci-eczaneler-ve-eczane-listesi,CC BY 4.0,İzmir Büyükşehir Belediyesi Açık Veri Portalı
pharmacy:1682:38.430747:27.139756,pharmacy,Pharmacy,ALSANCAK MARİN ECZANESİ,38.430747,27.139756,ALSANCAK,,KÜLTÜR MAH. ŞEVKET ÖZÇELİK SOK. NO:22/B,02324650068,,,2026-09-20T07:31:15.702Z,COMPLETE_FOR_MAPPABLE_ROWS,api,Tüm eczaneler,https://acikveri.bizizmir.com/dataset/nobetci-eczaneler-ve-eczane-listesi,CC BY 4.0,İzmir Büyükşehir Belediyesi Açık Veri Portalı
pharmacy:1683:38.486529:27.062996,pharmacy,Pharmacy,ÇİĞLİ EGE ECZANESİ,38.486529,27.062996,ÇİĞLİ,,ATAŞEHİR MH. 8258/2 SK. NO:2AB,02329998199,,,2026-09-20T07:31:15.702Z,COMPLETE_FOR_MAPPABLE_ROWS,api,Tüm eczaneler,https://acikveri.bizizmir.com/dataset/nobetci-eczaneler-ve-eczane-listesi,CC BY 4.0,İzmir Büyükşehir Belediyesi Açık Veri Portalı
pharmacy:1685:38.427806:27.416516,pharmacy,Pharmacy,KEMALPAŞA ECZANESİ,38.427806,27.416516,KEMALPAŞA,,MEHMET AKİF ERSOY MH. ATATÜRK BULV. NO:9/D,02328781060,,,2026-09-20T07:31:15.702Z,COMPLETE_FOR_MAPPABLE_ROWS,api,Tüm eczaneler,https://acikveri.bizizmir.com/dataset/nobetci-eczaneler-ve-eczane-listesi,CC BY 4.0,İzmir Büyükşehir Belediyesi Açık Veri Portalı
pharmacy:1686:38.231914:27.987275,pharmacy,Pharmacy,VERESELİ SOYUER ECZANESİ,38.231914,27.987275,SEFERİHİSAR,,ZAFER MH. ORTAÇ SK. NO:13/C,02324655656,,,2026-09-20T07:31:15.702Z,COMPLETE_FOR_MAPPABLE_ROWS,api,Tüm eczaneler,https://acikveri.bizizmir.com/dataset/nobetci-eczaneler-ve-eczane-listesi,CC BY 4.0,İzmir Büyükşehir Belediyesi Açık Veri Portalı
pharmacy:1687:38.44562:27.202144,pharmacy,Pharmacy,ÜNLÜ ECZANESİ,38.44562,27.202144,ÖZDERE,,KAZIM DİRİK MH. 364/11 SK. NO:1/3J,02325043919,,,2026-09-20T07:31:15.702Z,COMPLETE_FOR_MAPPABLE_ROWS,api,Tüm eczaneler,https://acikveri.bizizmir.com/dataset/nobetci-eczaneler-ve-eczane-listesi,CC BY 4.0,İzmir Büyükşehir Belediyesi Açık Veri Portalı
pharmacy:1688:38.2276:27.9689,pharmacy,Pharmacy,EVIN ECZANESİ,38.2276,27.9689,SEFERİHİSAR,,HÜRRIYET MEYD.35,2325432505,,,2026-09-20T07:31:15.702Z,COMPLETE_FOR_MAPPABLE_ROWS,api,Tüm eczaneler,https://acikveri.bizizmir.com/dataset/nobetci-eczaneler-ve-eczane-listesi,CC BY 4.0,İzmir Büyükşehir Belediyesi Açık Veri Portalı
pharmacy:1690:38.461513:27.207452,pharmacy,Pharmacy,NAR ECZANESİ,38.461513,27.207452,BORNOVA 2,,KAZIM DİRİK MH. 185 SK. NO:17/A,02329999636,,,2026-09-20T07:31:15.702Z,COMPLETE_FOR_MAPPABLE_ROWS,api,Tüm eczaneler,https://acikveri.bizizmir.com/dataset/nobetci-eczaneler-ve-eczane-listesi,CC BY 4.0,İzmir Büyükşehir Belediyesi Açık Veri Portalı
pharmacy:1691:39.117372:27.199035,pharmacy,Pharmacy,BURÇİN ECZANESİ,39.117372,27.199035,SELÇUK,,İSLAMSARAY MH. ADNAN MENDERES BULVARI NO:225/2,02328312933,,,2026-09-20T07:31:15.702Z,COMPLETE_FOR_MAPPABLE_ROWS,api,Tüm eczaneler,https://acikveri.bizizmir.com/dataset/nobetci-eczaneler-ve-eczane-listesi,CC BY 4.0,İzmir Büyükşehir Belediyesi Açık Veri Portalı
pharmacy:1695:38.227902:27.983047,pharmacy,Pharmacy,UMUT ECZANESİ,38.227902,27.983047,SEFERİHİSAR,,ATATÜRK MH.ATATÜRK CD.91/B,02325453304,,,2026-09-20T07:31:15.702Z,COMPLETE_FOR_MAPPABLE_ROWS,api,Tüm eczaneler,https://acikveri.bizizmir.com/dataset/nobetci-eczaneler-ve-eczane-listesi,CC BY 4.0,İzmir Büyükşehir Belediyesi Açık Veri Portalı
pharmacy:1696:38.613306:27.068215,pharmacy,Pharmacy,ULUKAYA ECZANESİ,38.613306,27.068215,MENEMEN,,MERMERLİ MH. 1415 SK. NO:11/B,02328316160,,,2026-09-20T07:31:15.702Z,COMPLETE_FOR_MAPPABLE_ROWS,api,Tüm eczaneler,https://acikveri.bizizmir.com/dataset/nobetci-eczaneler-ve-eczane-listesi,CC BY 4.0,İzmir Büyükşehir Belediyesi Açık Veri Portalı
pharmacy:1698:38.461347:27.120343,pharmacy,Pharmacy,ADA ECZANESİ,38.461347,27.120343,KARŞIYAKA 2,,BAHARİYE MH. HİDAYET ERZEYBEK CD. NO:55/B,02323651030,,,2026-09-20T07:31:15.702Z,COMPLETE_FOR_MAPPABLE_ROWS,api,Tüm eczaneler,https://acikveri.bizizmir.com/dataset/nobetci-eczaneler-ve-eczane-listesi,CC BY 4.0,İzmir Büyükşehir Belediyesi Açık Veri Portalı
pharmacy:1699:38.4592:27.098,pharmacy,Pharmacy,GÜÇLÜ ECZANESİ,38.4592,27.098,KARŞIYAKA 3,,1735 SOK. NO: 198/A,02322369020,,,2026-09-20T07:31:15.702Z,COMPLETE_FOR_MAPPABLE_ROWS,api,Tüm eczaneler,https://acikveri.bizizmir.com/dataset/nobetci-eczaneler-ve-eczane-listesi,CC BY 4.0,İzmir Büyükşehir Belediyesi Açık Veri Portalı
pharmacy:1700:38.396382:27.071554,pharmacy,Pharmacy,MERT AVCI ECZANESİ,38.396382,27.071554,HATAY,,ÜÇKUYULAR MAH. İNÖNÜ CAD. NO:879/A,02329999632,,,2026-09-20T07:31:15.702Z,COMPLETE_FOR_MAPPABLE_ROWS,api,Tüm eczaneler,https://acikveri.bizizmir.com/dataset/nobetci-eczaneler-ve-eczane-listesi,CC BY 4.0,İzmir Büyükşehir Belediyesi Açık Veri Portalı
pharmacy:1701:38.478861:27.118744,pharmacy,Pharmacy,KARANFİL ECZANESİ,38.478861,27.118744,GÜMÜŞPALA,,SOĞUKKUYU MAH. 1847/26 SOK NO:5/B,02323630065,,,2026-09-20T07:31:15.702Z,COMPLETE_FOR_MAPPABLE_ROWS,api,Tüm eczaneler,https://acikveri.bizizmir.com/dataset/nobetci-eczaneler-ve-eczane-listesi,CC BY 4.0,İzmir Büyükşehir Belediyesi Açık Veri Portalı
pharmacy:1702:38.1514:27.3675,pharmacy,Pharmacy,BARIŞ ECZANESİ,38.1514,27.3675,TORBALI,,ATATÜRK MAH. 1529 SOK. NO:3/A,02329558085,,,2026-09-20T07:31:15.702Z,COMPLETE_FOR_MAPPABLE_ROWS,api,Tüm eczaneler,https://acikveri.bizizmir.com/dataset/nobetci-eczaneler-ve-eczane-listesi,CC BY 4.0,İzmir Büyükşehir Belediyesi Açık Veri Portalı
pharmacy:1703:38.321392:27.125141,pharmacy,Pharmacy,DAMLA ECZANESİ,38.321392,27.125141,GAZİEMİR,,IRMAK MAH. 29. SOK. NO:1/2A,02322520650,,,2026-09-20T07:31:15.702Z,COMPLETE_FOR_MAPPABLE_ROWS,api,Tüm eczaneler,https://acikveri.bizizmir.com/dataset/nobetci-eczaneler-ve-eczane-listesi,CC BY 4.0,İzmir Büyükşehir Belediyesi Açık Veri Portalı
pharmacy:1704:38.257299:27.131616,pharmacy,Pharmacy,ATA ECZANESİ,38.257299,27.131616,MENDERES,,KEMALPAŞA MAH. 102 SOK. NO:8/A,02322616165,,,2026-09-20T07:31:15.702Z,COMPLETE_FOR_MAPPABLE_ROWS,api,Tüm eczaneler,https://acikveri.bizizmir.com/dataset/nobetci-eczaneler-ve-eczane-listesi,CC BY 4.0,İzmir Büyükşehir Belediyesi Açık Veri Portalı
pharmacy:1705:38.427974:27.151323,pharmacy,Pharmacy,YUNUS ECZANESİ,38.427974,27.151323,ALSANCAK-BASMANE,,KAHRAMANLAR MAH. AKINCILAR CAD. NO:40/A,02324253540,,,2026-09-20T07:31:15.702Z,COMPLETE_FOR_MAPPABLE_ROWS,api,Tüm eczaneler,https://acikveri.bizizmir.com/dataset/nobetci-eczaneler-ve-eczane-listesi,CC BY 4.0,İzmir Büyükşehir Belediyesi Açık Veri Portalı
pharmacy:1706:38.464541:27.207356,pharmacy,Pharmacy,DALGIÇ ECZANESİ,38.464541,27.207356,BORNOVA 2,,KAZIM DİRİK MAH. 200 SOK. NO:2/1A,02323886000,,,2026-09-20T07:31:15.702Z,COMPLETE_FOR_MAPPABLE_ROWS,api,Tüm eczaneler,https://acikveri.bizizmir.com/dataset/nobetci-eczaneler-ve-eczane-listesi,CC BY 4.0,İzmir Büyükşehir Belediyesi Açık Veri Portalı
pharmacy:1707:38.483805:27.209671,pharmacy,Pharmacy,BELGİN ÖZTÜRK ECZANESİ,38.483805,27.209671,BORNOVA 3,,İNÖNÜ MAH. TURGUT REİS CAD. NO:61/A,02323393920,,,2026-09-20T07:31:15.702Z,COMPLETE_FOR_MAPPABLE_ROWS,api,Tüm eczaneler,https://acikveri.bizizmir.com/dataset/nobetci-eczaneler-ve-eczane-listesi,CC BY 4.0,İzmir Büyükşehir Belediyesi Açık Veri Portalı
pharmacy:1708:38.432594:27.148028,pharmacy,Pharmacy,ALIS ECZANESİ,38.432594,27.148028,ALSANCAK,,MIMAR SINAN MAH.1394 SOKAK NO:16/A ALSANCAK,02324646065,,,2026-09-20T07:31:15.702Z,COMPLETE_FOR_MAPPABLE_ROWS,api,Tüm eczaneler,https://acikveri.bizizmir.com/dataset/nobetci-eczaneler-ve-eczane-listesi,CC BY 4.0,İzmir Büyükşehir Belediyesi Açık Veri Portalı
pharmacy:1709:38.445591:27.181342,pharmacy,Pharmacy,PROTEİN ECZANESİ,38.445591,27.181342,ÇAMDİBİ,,KAZIM DİRİK MH. 408 SK. NO:1,02324616538,,,2026-09-20T07:31:15.702Z,COMPLETE_FOR_MAPPABLE_ROWS,api,Tüm eczaneler,https://acikveri.bizizmir.com/dataset/nobetci-eczaneler-ve-eczane-listesi,CC BY 4.0,İzmir Büyükşehir Belediyesi Açık Veri Portalı
pharmacy:1710:38.466536:27.119234,pharmacy,Pharmacy,ÖZGÜN ECZANESİ,38.466536,27.119234,KARŞIYAKA 2,,BAHÇELİEVLER MAH. YAŞAR AKSOY SOK. NO:119/F,02323830400,,,2026-09-20T07:31:15.702Z,COMPLETE_FOR_MAPPABLE_ROWS,api,Tüm eczaneler,https://acikveri.bizizmir.com/dataset/nobetci-eczaneler-ve-eczane-listesi,CC BY 4.0,İzmir Büyükşehir Belediyesi Açık Veri Portalı
pharmacy:1711:38.176735:27.351117,pharmacy,Pharmacy,METROPOL ECZANESİ,38.176735,27.351117,TORBALI,,TORBALI MAH. METROPOLİS BULV. NO:87/A,02325047237,,,2026-09-20T07:31:15.702Z,COMPLETE_FOR_MAPPABLE_ROWS,api,Tüm eczaneler,https://acikveri.bizizmir.com/dataset/nobetci-eczaneler-ve-eczane-listesi,CC BY 4.0,İzmir Büyükşehir Belediyesi Açık Veri Portalı
pharmacy:1712:38.47879:27.118849,pharmacy,Pharmacy,YENİ GİRNE ECZANESİ,38.47879,27.118849,GÜMÜŞPALA,,SOĞUKKUYU MAH. 1847/26 SOK. NO:5/C,02323631621,,,2026-09-20T07:31:15.702Z,COMPLETE_FOR_MAPPABLE_ROWS,api,Tüm eczaneler,https://acikveri.bizizmir.com/dataset/nobetci-eczaneler-ve-eczane-listesi,CC BY 4.0,İzmir Büyükşehir Belediyesi Açık Veri Portalı
pharmacy:1713:38.393193:27.019838,pharmacy,Pharmacy,MAVİ YAKA ECZANESİ,38.393193,27.019838,NARLIDERE,,ILICA MAH. MİTHATPAŞA CAD. NO:131/C,02322394050,,,2026-09-20T07:31:15.702Z,COMPLETE_FOR_MAPPABLE_ROWS,api,Tüm eczaneler,https://acikveri.bizizmir.com/dataset/nobetci-eczaneler-ve-eczane-listesi,CC BY 4.0,İzmir Büyükşehir Belediyesi Açık Veri Portalı
pharmacy:1714:38.43284:27.138579,pharmacy,Pharmacy,AYŞE GÜÇLÜ ECZANESİ,38.43284,27.138579,ALSANCAK,,KÜLTÜR MAH. TALATPAŞA BULVARI NO:6/B,02324210329,,,2026-09-20T07:31:15.702Z,COMPLETE_FOR_MAPPABLE_ROWS,api,Tüm eczaneler,https://acikveri.bizizmir.com/dataset/nobetci-eczaneler-ve-eczane-listesi,CC BY 4.0,İzmir Büyükşehir Belediyesi Açık Veri Portalı
pharmacy:1715:38.400831:27.1283,pharmacy,Pharmacy,GÜVEN ECZANESİ,38.400831,27.1283,EŞREFPAŞA,,GÜNEŞLİ MAH. 526 SOK. NO:17/C,02322551190,,,2026-09-20T07:31:15.702Z,COMPLETE_FOR_MAPPABLE_ROWS,api,Tüm eczaneler,https://acikveri.bizizmir.com/dataset/nobetci-eczaneler-ve-eczane-listesi,CC BY 4.0,İzmir Büyükşehir Belediyesi Açık Veri Portalı
pharmacy:1717:38.397588:27.084421,pharmacy,Pharmacy,GÜZELYALI ECZANESİ,38.397588,27.084421,MİTHATPAŞA,,GÜZELYALI MAH. MİTHATPAŞA CAD. NO:963/B,02322855639,,,2026-09-20T07:31:15.702Z,COMPLETE_FOR_MAPPABLE_ROWS,api,Tüm eczaneler,https://acikveri.bizizmir.com/dataset/nobetci-eczaneler-ve-eczane-listesi,CC BY 4.0,İzmir Büyükşehir Belediyesi Açık Veri Portalı
pharmacy:1718:39.115881:27.176833,pharmacy,Pharmacy,DUYGU ECZANESİ,39.115881,27.176833,BERGAMA,,ERTUĞRUL MAH. MUSTAFA YAZICI CAD. NO:9/A,02326313200,,,2026-09-20T07:31:15.702Z,COMPLETE_FOR_MAPPABLE_ROWS,api,Tüm eczaneler,https://acikveri.bizizmir.com/dataset/nobetci-eczaneler-ve-eczane-listesi,CC BY 4.0,İzmir Büyükşehir Belediyesi Açık Veri Portalı
pharmacy:1719:38.466731:27.089232,pharmacy,Pharmacy,ATAKENT ZİRVE ECZANESİ,38.466731,27.089232,KARŞIYAKA 3,,YALI MAH. CAHER DUDAYEV BULV. NO:133/A,02323300003,,,2026-09-20T07:31:15.702Z,COMPLETE_FOR_MAPPABLE_ROWS,api,Tüm eczaneler,https://acikveri.bizizmir.com/dataset/nobetci-eczaneler-ve-eczane-listesi,CC BY 4.0,İzmir Büyükşehir Belediyesi Açık Veri Portalı
pharmacy:1720:38.468726:27.105805,pharmacy,Pharmacy,ÖYKÜM ECZANESİ,38.468726,27.105805,KARŞIYAKA 4,,DEDEBAŞI MAH. ORDU BULVARI NO:95/D,02329993536,,,2026-09-20T07:31:15.702Z,COMPLETE_FOR_MAPPABLE_ROWS,api,Tüm eczaneler,https://acikveri.bizizmir.com/dataset/nobetci-eczaneler-ve-eczane-listesi,CC BY 4.0,İzmir Büyükşehir Belediyesi Açık Veri Portalı
pharmacy:1721:38.889168:27.065746,pharmacy,Pharmacy,YAZAL ECZANESİ,38.889168,27.065746,YENİ ŞAKRAN,,SAYFIYE MAH. KAZIM DIRIK CAD.NO:58/AYENI SAKRAN-ALIAGA/IZMIR,02326287143,,,2026-09-20T07:31:15.702Z,COMPLETE_FOR_MAPPABLE_ROWS,api,Tüm eczaneler,https://acikveri.bizizmir.com/dataset/nobetci-eczaneler-ve-eczane-listesi,CC BY 4.0,İzmir Büyükşehir Belediyesi Açık Veri Portalı
pharmacy:1722:38.32222:26.766,pharmacy,Pharmacy,SANAT ECZANESİ,38.32222,26.766,URLA,,YENİ MAHALLE MAH. ZAFER CAD. NO:30/A,02327546164,,,2026-09-20T07:31:15.702Z,COMPLETE_FOR_MAPPABLE_ROWS,api,Tüm eczaneler,https://acikveri.bizizmir.com/dataset/nobetci-eczaneler-ve-eczane-listesi,CC BY 4.0,İzmir Büyükşehir Belediyesi Açık Veri Portalı
pharmacy:1723:38.49763:27.04896,pharmacy,Pharmacy,ÇİĞLİ DEVA ECZANESİ,38.49763,27.04896,ÇİĞLİ,,YENİMAHALLE MAH. 8764/3 SOK. NO:4/1A,02323292255,,,2026-09-20T07:31:15.702Z,COMPLETE_FOR_MAPPABLE_ROWS,api,Tüm eczaneler,https://acikveri.bizizmir.com/dataset/nobetci-eczaneler-ve-eczane-listesi,CC BY 4.0,İzmir Büyükşehir Belediyesi Açık Veri Portalı
pharmacy:1724:38.484358:27.208351,pharmacy,Pharmacy,ASLAN ECZANESİ,38.484358,27.208351,ATATÜRK,,İNÖNÜ MAH. TURGUTREİS CAD. NO:47/A,02323514901,,,2026-09-20T07:31:15.702Z,COMPLETE_FOR_MAPPABLE_ROWS,api,Tüm eczaneler,https://acikveri.bizizmir.com/dataset/nobetci-eczaneler-ve-eczane-listesi,CC BY 4.0,İzmir Büyükşehir Belediyesi Açık Veri Portalı
pharmacy:1725:38.44074:27.180527,pharmacy,Pharmacy,ÇİÇEKLİ ECZANESİ,38.44074,27.180527,ÇAMDİBİ,,ÇINAR MAH. FATİH CAD. NO:1/23F,02325049303,,,2026-09-20T07:31:15.702Z,COMPLETE_FOR_MAPPABLE_ROWS,api,Tüm eczaneler,https://acikveri.bizizmir.com/dataset/nobetci-eczaneler-ve-eczane-listesi,CC BY 4.0,İzmir Büyükşehir Belediyesi Açık Veri Portalı
pharmacy:1726:38.368078:27.173005,pharmacy,Pharmacy,BATI BUCA ECZANESİ,38.368078,27.173005,BORNOVA 3,,ÇAMLIKULE MAH. 220/21 SOK. NO:116/A,02320000000,,,2026-09-20T07:31:15.702Z,COMPLETE_FOR_MAPPABLE_ROWS,api,Tüm eczaneler,https://acikveri.bizizmir.com/dataset/nobetci-eczaneler-ve-eczane-listesi,CC BY 4.0,İzmir Büyükşehir Belediyesi Açık Veri Portalı
pharmacy:1727:38.429856:27.273705,pharmacy,Pharmacy,KARADENİZ ECZANESİ,38.429856,27.273705,PINARBAŞI,,GÜRPINAR MAH. 7058 SOK. NO:14A PINARBAŞI,02324786606,,,2026-09-20T07:31:15.702Z,COMPLETE_FOR_MAPPABLE_ROWS,api,Tüm eczaneler,https://acikveri.bizizmir.com/dataset/nobetci-eczaneler-ve-eczane-listesi,CC BY 4.0,İzmir Büyükşehir Belediyesi Açık Veri Portalı
pharmacy:1728:38.376303:27.14752,pharmacy,Pharmacy,MİRAC ECZANESİ,38.376303,27.14752,GEDİZ,,FIRAT MAH. 287/9 SOK. NO:17/A,02322768636,,,2026-09-20T07:31:15.702Z,COMPLETE_FOR_MAPPABLE_ROWS,api,Tüm eczaneler,https://acikveri.bizizmir.com/dataset/nobetci-eczaneler-ve-eczane-listesi,CC BY 4.0,İzmir Büyükşehir Belediyesi Açık Veri Portalı
pharmacy:1729:38.0499:27.0555,pharmacy,Pharmacy,ÜNAL ECZANESİ,38.0499,27.0555,ÖZDERE,,CUMHHURIYET CAD.577/D ÖZDERE,02327987745,,,2026-09-20T07:31:15.702Z,COMPLETE_FOR_MAPPABLE_ROWS,api,Tüm eczaneler,https://acikveri.bizizmir.com/dataset/nobetci-eczaneler-ve-eczane-listesi,CC BY 4.0,İzmir Büyükşehir Belediyesi Açık Veri Portalı
pharmacy:1730:38.459291:27.207283,pharmacy,Pharmacy,BAŞARAN ECZANESİ,38.459291,27.207283,BORNOVA 2,,KAZIM DİRİK MAH. 186 SOK. NO:32/A,02323884222,,,2026-09-20T07:31:15.702Z,COMPLETE_FOR_MAPPABLE_ROWS,api,Tüm eczaneler,https://acikveri.bizizmir.com/dataset/nobetci-eczaneler-ve-eczane-listesi,CC BY 4.0,İzmir Büyükşehir Belediyesi Açık Veri Portalı
pharmacy:1731:38.464052:27.166096,pharmacy,Pharmacy,BAYRAKLI ECZANESİ,38.464052,27.166096,BAYRAKLI,,BAYRAKLI MAH. ORD. PROF. DR. EKREM AKURGAL SOK. NO:34/A,02323717140,,,2026-09-20T07:31:15.702Z,COMPLETE_FOR_MAPPABLE_ROWS,api,Tüm eczaneler,https://acikveri.bizizmir.com/dataset/nobetci-eczaneler-ve-eczane-listesi,CC BY 4.0,İzmir Büyükşehir Belediyesi Açık Veri Portalı
pharmacy:1732:38.370311:27.193083,pharmacy,Pharmacy,ÖZGE ECZANESİ,38.370311,27.193083,BUCA 2,,KURUÇEŞME MAH. 205 SOK. NO:26/A özel Tınaztepe Hastanesi Acil kapısı karşısı,02324534485,,,2026-09-20T07:31:15.702Z,COMPLETE_FOR_MAPPABLE_ROWS,api,Tüm eczaneler,https://acikveri.bizizmir.com/dataset/nobetci-eczaneler-ve-eczane-listesi,CC BY 4.0,İzmir Büyükşehir Belediyesi Açık Veri Portalı
pharmacy:1733:38.452749:27.178525,pharmacy,Pharmacy,ERKUT ECZANESİ,38.452749,27.178525,BORNOVA 3,,ADALET MAH. MANAS BULVARI NO:30/B,02324624862,,,2026-09-20T07:31:15.702Z,COMPLETE_FOR_MAPPABLE_ROWS,api,Tüm eczaneler,https://acikveri.bizizmir.com/dataset/nobetci-eczaneler-ve-eczane-listesi,CC BY 4.0,İzmir Büyükşehir Belediyesi Açık Veri Portalı
pharmacy:1734:38.457461:27.208458,pharmacy,Pharmacy,BUDAK ECZANESİ,38.457461,27.208458,BORNOVA 2,,KAZIM DİRİK MAH. ÜNİVERSİTE CAD. NO:34/B,02323395092,,,2026-09-20T07:31:15.702Z,COMPLETE_FOR_MAPPABLE_ROWS,api,Tüm eczaneler,https://acikveri.bizizmir.com/dataset/nobetci-eczaneler-ve-eczane-listesi,CC BY 4.0,İzmir Büyükşehir Belediyesi Açık Veri Portalı
pharmacy:1735:38.221175:27.649563,pharmacy,Pharmacy,SAĞLIK ECZANESİ,38.221175,27.649563,BAYINDIR,,MİTHATPAŞA MAH. HASTANE CAD. NO:24/A,02325813113,,,2026-09-20T07:31:15.702Z,COMPLETE_FOR_MAPPABLE_ROWS,api,Tüm eczaneler,https://acikveri.bizizmir.com/dataset/nobetci-eczaneler-ve-eczane-listesi,CC BY 4.0,İzmir Büyükşehir Belediyesi Açık Veri Portalı
pharmacy:1736:38.458016:27.209598,pharmacy,Pharmacy,ÜNİVERSİTE ECZANESİ,38.458016,27.209598,BORNOVA 2,,KAZIM DİRİK MH. ÜNİVERSİTE CD. NO:14/A,02323741111,,,2026-09-20T07:31:15.702Z,COMPLETE_FOR_MAPPABLE_ROWS,api,Tüm eczaneler,https://acikveri.bizizmir.com/dataset/nobetci-eczaneler-ve-eczane-listesi,CC BY 4.0,İzmir Büyükşehir Belediyesi Açık Veri Portalı
pharmacy:1737:38.434147:27.40895,pharmacy,Pharmacy,NAR ECZANESİ,38.434147,27.40895,KEMALPAŞA,,SEKİZ EYLÜL MAH. 110/1 SOK. NO:39/B,02329995504,,,2026-09-20T07:31:15.702Z,COMPLETE_FOR_MAPPABLE_ROWS,api,Tüm eczaneler,https://acikveri.bizizmir.com/dataset/nobetci-eczaneler-ve-eczane-listesi,CC BY 4.0,İzmir Büyükşehir Belediyesi Açık Veri Portalı
pharmacy:1738:38.247658:27.261862,pharmacy,Pharmacy,TÜRKMENKÖY ECZANESİ,38.247658,27.261862,AYRANCILAR,,TÜRKMENKÖY MH. 209 SK. NO:36/A,02323169272,,,2026-09-20T07:31:15.702Z,COMPLETE_FOR_MAPPABLE_ROWS,api,Tüm eczaneler,https://acikveri.bizizmir.com/dataset/nobetci-eczaneler-ve-eczane-listesi,CC BY 4.0,İzmir Büyükşehir Belediyesi Açık Veri Portalı
pharmacy:1739:38.489098:27.053481,pharmacy,Pharmacy,FESLEĞEN ECZANESİ,38.489098,27.053481,ÇİĞLİ,,ATAŞEHİR MAH. 8211/8 SOK. NO:21/B,02325032034,,,2026-09-20T07:31:15.702Z,COMPLETE_FOR_MAPPABLE_ROWS,api,Tüm eczaneler,https://acikveri.bizizmir.com/dataset/nobetci-eczaneler-ve-eczane-listesi,CC BY 4.0,İzmir Büyükşehir Belediyesi Açık Veri Portalı
pharmacy:1740:38.458274:27.121169,pharmacy,Pharmacy,ALAYBEY ECZANESİ,38.458274,27.121169,KARŞIYAKA 1,,TUNA MAHALLESİ ŞEHİT ÜSTEĞMEN AHMET KONUKSEVER SOKAK NO:39/A,02323515090,,,2026-09-20T07:31:15.702Z,COMPLETE_FOR_MAPPABLE_ROWS,api,Tüm eczaneler,https://acikveri.bizizmir.com/dataset/nobetci-eczaneler-ve-eczane-listesi,CC BY 4.0,İzmir Büyükşehir Belediyesi Açık Veri Portalı
pharmacy:1741:38.255723:27.139217,pharmacy,Pharmacy,MERKEZ ECZANESİ,38.255723,27.139217,MENDERES,,KEMALPAŞA MAH. CUMAOVASI CAD. NO:55/C,02327828292,,,2026-09-20T07:31:15.702Z,COMPLETE_FOR_MAPPABLE_ROWS,api,Tüm eczaneler,https://acikveri.bizizmir.com/dataset/nobetci-eczaneler-ve-eczane-listesi,CC BY 4.0,İzmir Büyükşehir Belediyesi Açık Veri Portalı
pharmacy:1742:39.090668:27.348205,pharmacy,Pharmacy,ÇALIKUŞU ECZANESİ,39.090668,27.348205,KINIK,,POYRACIK MAH. BERGAMA CAD. NO:19/A,02326880030,,,2026-09-20T07:31:15.702Z,COMPLETE_FOR_MAPPABLE_ROWS,api,Tüm eczaneler,https://acikveri.bizizmir.com/dataset/nobetci-eczaneler-ve-eczane-listesi,CC BY 4.0,İzmir Büyükşehir Belediyesi Açık Veri Portalı
pharmacy:1743:38.475562:27.158482,pharmacy,Pharmacy,GİZEM ECZANESİ,38.475562,27.158482,BAYRAKLI,,CENGİZHAN MAH. 1620/39 SOK. NO:48/A,02323454550,,,2026-09-20T07:31:15.702Z,COMPLETE_FOR_MAPPABLE_ROWS,api,Tüm eczaneler,https://acikveri.bizizmir.com/dataset/nobetci-eczaneler-ve-eczane-listesi,CC BY 4.0,İzmir Büyükşehir Belediyesi Açık Veri Portalı
pharmacy:1744:38.375949:27.118549,pharmacy,Pharmacy,PORTAKAL ECZANESİ,38.375949,27.118549,KARABAĞLAR,,GÜNALTAY MAH. 4811 SOK. NO:29,02322106070,,,2026-09-20T07:31:15.702Z,COMPLETE_FOR_MAPPABLE_ROWS,api,Tüm eczaneler,https://acikveri.bizizmir.com/dataset/nobetci-eczaneler-ve-eczane-listesi,CC BY 4.0,İzmir Büyükşehir Belediyesi Açık Veri Portalı
pharmacy:1745:38.239961:27.28074,pharmacy,Pharmacy,UĞUR ECZANESİ (VERESELİ) ECZANESİ,38.239961,27.28074,AYRANCILAR,,AYRANCILAR MAH. 58 SOK. NO:1/A,02326185835,,,2026-09-20T07:31:15.702Z,COMPLETE_FOR_MAPPABLE_ROWS,api,Tüm eczaneler,https://acikveri.bizizmir.com/dataset/nobetci-eczaneler-ve-eczane-listesi,CC BY 4.0,İzmir Büyükşehir Belediyesi Açık Veri Portalı
pharmacy:1746:38.4933:27.0556,pharmacy,Pharmacy,YENİ GÜLCE ECZANESİ,38.4933,27.0556,ÇİĞLİ,,YENI MAH. ESKİ HAVAALANI CAD. NO:64/B,02323292828,,,2026-09-20T07:31:15.702Z,COMPLETE_FOR_MAPPABLE_ROWS,api,Tüm eczaneler,https://acikveri.bizizmir.com/dataset/nobetci-eczaneler-ve-eczane-listesi,CC BY 4.0,İzmir Büyükşehir Belediyesi Açık Veri Portalı
pharmacy:1747:38.473043:27.111695,pharmacy,Pharmacy,PARK ECZANESİ,38.473043,27.111695,KARŞIYAKA 4,,İMBATLI MAH. 6076/2 SOK. NO:4/C,02323672424,,,2026-09-20T07:31:15.702Z,COMPLETE_FOR_MAPPABLE_ROWS,api,Tüm eczaneler,https://acikveri.bizizmir.com/dataset/nobetci-eczaneler-ve-eczane-listesi,CC BY 4.0,İzmir Büyükşehir Belediyesi Açık Veri Portalı
pharmacy:1749:38.422336:27.140454,pharmacy,Pharmacy,EYÜP SABRİ ECZANESİ,38.422336,27.140454,ALSANCAK-BASMANE,,HURŞİDİYE MAH. FEVZİPAŞA BULVARI NO:168/1C,02324411612,,,2026-09-20T07:31:15.702Z,COMPLETE_FOR_MAPPABLE_ROWS,api,Tüm eczaneler,https://acikveri.bizizmir.com/dataset/nobetci-eczaneler-ve-eczane-listesi,CC BY 4.0,İzmir Büyükşehir Belediyesi Açık Veri Portalı
pharmacy:1750:38.393718:27.169939,pharmacy,Pharmacy,EKİN GÜL ECZANESİ,38.393718,27.169939,BUCA 1,,MENDERES MAH. ERDEM CAD. NO:191/A,02324420242,,,2026-09-20T07:31:15.702Z,COMPLETE_FOR_MAPPABLE_ROWS,api,Tüm eczaneler,https://acikveri.bizizmir.com/dataset/nobetci-eczaneler-ve-eczane-listesi,CC BY 4.0,İzmir Büyükşehir Belediyesi Açık Veri Portalı
pharmacy:1751:38.151609:27.36177,pharmacy,Pharmacy,ÇARŞI ECZANESİ,38.151609,27.36177,TORBALI,,TEPEKÖY MAH. KAZIM DİRİK CAD. NO:26/B,02328555058,,,2026-09-20T07:31:15.702Z,COMPLETE_FOR_MAPPABLE_ROWS,api,Tüm eczaneler,https://acikveri.bizizmir.com/dataset/nobetci-eczaneler-ve-eczane-listesi,CC BY 4.0,İzmir Büyükşehir Belediyesi Açık Veri Portalı
pharmacy:1752:38.473113:27.138726,pharmacy,Pharmacy,AZİZ ECZANESİ,38.473113,27.138726,GÜMÜŞPALA,,ORGENERAL NAFİZ GÜRMAN MAH. ATATÜRK CAD. NO:138,02323674367,,,2026-09-20T07:31:15.702Z,COMPLETE_FOR_MAPPABLE_ROWS,api,Tüm eczaneler,https://acikveri.bizizmir.com/dataset/nobetci-eczaneler-ve-eczane-listesi,CC BY 4.0,İzmir Büyükşehir Belediyesi Açık Veri Portalı
pharmacy:1753:38.305891:26.364367,pharmacy,Pharmacy,CEYLAN ECZANESİ,38.305891,26.364367,ÇEŞME,,CELAL BAYAR MAH. 5065 SOK. NO:31/B,02327235311,,,2026-09-20T07:31:15.702Z,COMPLETE_FOR_MAPPABLE_ROWS,api,Tüm eczaneler,https://acikveri.bizizmir.com/dataset/nobetci-eczaneler-ve-eczane-listesi,CC BY 4.0,İzmir Büyükşehir Belediyesi Açık Veri Portalı
pharmacy:1754:38.369017:27.153935,pharmacy,Pharmacy,EFE YILDIZ ECZANESİ,38.369017,27.153935,GEDİZ,,YEŞİLBAĞLAR MAH. 647/1 SOK. NO:123/A,02322752629,,,2026-09-20T07:31:15.702Z,COMPLETE_FOR_MAPPABLE_ROWS,api,Tüm eczaneler,https://acikveri.bizizmir.com/dataset/nobetci-eczaneler-ve-eczane-listesi,CC BY 4.0,İzmir Büyükşehir Belediyesi Açık Veri Portalı
pharmacy:1755:38.40184:27.101717,pharmacy,Pharmacy,AY ECZANESİ,38.40184,27.101717,HATAY,,ÇANKAYA MAH. İNÖNÜ CAD. NO:344/C,02322437284,,,2026-09-20T07:31:15.702Z,COMPLETE_FOR_MAPPABLE_ROWS,api,Tüm eczaneler,https://acikveri.bizizmir.com/dataset/nobetci-eczaneler-ve-eczane-listesi,CC BY 4.0,İzmir Büyükşehir Belediyesi Açık Veri Portalı
pharmacy:1756:38.802695:26.970269,pharmacy,Pharmacy,BERKAY ECZANESİ,38.802695,26.970269,ALİAĞA,,KÜLTÜR MAH. ATATÜRK CAD. NO:68/A,02326161311,,,2026-09-20T07:31:15.702Z,COMPLETE_FOR_MAPPABLE_ROWS,api,Tüm eczaneler,https://acikveri.bizizmir.com/dataset/nobetci-eczaneler-ve-eczane-listesi,CC BY 4.0,İzmir Büyükşehir Belediyesi Açık Veri Portalı
pharmacy:1757:38.391942:27.152912,pharmacy,Pharmacy,AŞIKPAŞA ECZANESİ,38.391942,27.152912,ŞİRİNYER,,YİĞİTLER MAH. MENDERES CAD. NO:234/A,02324385050,,,2026-09-20T07:31:15.702Z,COMPLETE_FOR_MAPPABLE_ROWS,api,Tüm eczaneler,https://acikveri.bizizmir.com/dataset/nobetci-eczaneler-ve-eczane-listesi,CC BY 4.0,İzmir Büyükşehir Belediyesi Açık Veri Portalı
pharmacy:1758:38.372217:27.107155,pharmacy,Pharmacy,SAHIN ECZANESİ,38.372217,27.107155,ESKİİZMİR-CENNETÇEŞME,,ESKIIZIMIR CAD.NO.640/A ESKIIZIMIR KARABAGLAR-IZMIR,02322716882,,,2026-09-20T07:31:15.702Z,COMPLETE_FOR_MAPPABLE_ROWS,api,Tüm eczaneler,https://acikveri.bizizmir.com/dataset/nobetci-eczaneler-ve-eczane-listesi,CC BY 4.0,İzmir Büyükşehir Belediyesi Açık Veri Portalı
pharmacy:1759:38.394446:27.076742,pharmacy,Pharmacy,NEHİR ECZANESİ,38.394446,27.076742,HATAY,,MUAMMER AKAR MAH. 15 SOK. NO:53/A (İZMİR İNCİSİ FIRIN YANI),02322478524,,,2026-09-20T07:31:15.702Z,COMPLETE_FOR_MAPPABLE_ROWS,api,Tüm eczaneler,https://acikveri.bizizmir.com/dataset/nobetci-eczaneler-ve-eczane-listesi,CC BY 4.0,İzmir Büyükşehir Belediyesi Açık Veri Portalı
pharmacy:1760:39.090712:27.349207,pharmacy,Pharmacy,SERA ECZANESİ,39.090712,27.349207,KINIK,,POYRACIK MAH. BERGAMA CAD. NO: 8/A,02326880151,,,2026-09-20T07:31:15.702Z,COMPLETE_FOR_MAPPABLE_ROWS,api,Tüm eczaneler,https://acikveri.bizizmir.com/dataset/nobetci-eczaneler-ve-eczane-listesi,CC BY 4.0,İzmir Büyükşehir Belediyesi Açık Veri Portalı
pharmacy:1761:38.605717:27.075566,pharmacy,Pharmacy,FATİH ECZANESİ,38.605717,27.075566,MENEMEN,,ESATPAŞA MAH. ABDİ İPEKÇİ CAD. NO:9/D,02328323532,,,2026-09-20T07:31:15.702Z,COMPLETE_FOR_MAPPABLE_ROWS,api,Tüm eczaneler,https://acikveri.bizizmir.com/dataset/nobetci-eczaneler-ve-eczane-listesi,CC BY 4.0,İzmir Büyükşehir Belediyesi Açık Veri Portalı
pharmacy:1762:38.02014:27.09665,pharmacy,Pharmacy,ÖZDERE MERKEZ ECZANESİ,38.02014,27.09665,ÖZDERE,,ÇUKURALTI MAH. MUSTAFA KEMAL PAŞA BULVARI NO:83/J ÖZDERE,02327083553,,,2026-09-20T07:31:15.702Z,COMPLETE_FOR_MAPPABLE_ROWS,api,Tüm eczaneler,https://acikveri.bizizmir.com/dataset/nobetci-eczaneler-ve-eczane-listesi,CC BY 4.0,İzmir Büyükşehir Belediyesi Açık Veri Portalı
pharmacy:1763:38.370506:27.152823,pharmacy,Pharmacy,EMRE ECZANESİ,38.370506,27.152823,GEDİZ,,YEŞİLBAĞLAR MAH. 647/1 SOK. B BLOK NO:61/A,02329997752,,,2026-09-20T07:31:15.702Z,COMPLETE_FOR_MAPPABLE_ROWS,api,Tüm eczaneler,https://acikveri.bizizmir.com/dataset/nobetci-eczaneler-ve-eczane-listesi,CC BY 4.0,İzmir Büyükşehir Belediyesi Açık Veri Portalı
pharmacy:1764:38.468451:27.190026,pharmacy,Pharmacy,SARDUNYA ECZANESİ,38.468451,27.190026,ATATÜRK,,OSMANGAZİ MAH. 579 SOK. NO:54/C,02329990224,,,2026-09-20T07:31:15.702Z,COMPLETE_FOR_MAPPABLE_ROWS,api,Tüm eczaneler,https://acikveri.bizizmir.com/dataset/nobetci-eczaneler-ve-eczane-listesi,CC BY 4.0,İzmir Büyükşehir Belediyesi Açık Veri Portalı
pharmacy:1765:38.455493:27.114863,pharmacy,Pharmacy,ESEN ECZANESİ,38.455493,27.114863,KARŞIYAKA 1,,DONANMACI MAH. 1728 SOK. (KLİSE SOKAK) NO:44/B,02323647484,,,2026-09-20T07:31:15.702Z,COMPLETE_FOR_MAPPABLE_ROWS,api,Tüm eczaneler,https://acikveri.bizizmir.com/dataset/nobetci-eczaneler-ve-eczane-listesi,CC BY 4.0,İzmir Büyükşehir Belediyesi Açık Veri Portalı
pharmacy:1766:38.329474:26.774507,pharmacy,Pharmacy,BİNKONUTLAR ECZANESİ,38.329474,26.774507,URLA,,YENİKENT MAH. HÜSEYİN ZEREN CAD. NO:32/A,02327548844,,,2026-09-20T07:31:15.702Z,COMPLETE_FOR_MAPPABLE_ROWS,api,Tüm eczaneler,https://acikveri.bizizmir.com/dataset/nobetci-eczaneler-ve-eczane-listesi,CC BY 4.0,İzmir Büyükşehir Belediyesi Açık Veri Portalı
pharmacy:1767:38.320716:26.757181,pharmacy,Pharmacy,AKTAŞ ECZANESİ,38.320716,26.757181,URLA,,ALTINTAŞ MAH. ZAFER CAD. NO:142/A,02327547535,,,2026-09-20T07:31:15.702Z,COMPLETE_FOR_MAPPABLE_ROWS,api,Tüm eczaneler,https://acikveri.bizizmir.com/dataset/nobetci-eczaneler-ve-eczane-listesi,CC BY 4.0,İzmir Büyükşehir Belediyesi Açık Veri Portalı
pharmacy:1768:38.606533:27.078371,pharmacy,Pharmacy,TUTKUN ECZANESİ,38.606533,27.078371,MENEMEN,,KASIMPAŞA MAH. BAHRİYE ÜÇOK CAD. NO:7/A,02328314001,,,2026-09-20T07:31:15.702Z,COMPLETE_FOR_MAPPABLE_ROWS,api,Tüm eczaneler,https://acikveri.bizizmir.com/dataset/nobetci-eczaneler-ve-eczane-listesi,CC BY 4.0,İzmir Büyükşehir Belediyesi Açık Veri Portalı
pharmacy:1769:38.398669:27.103509,pharmacy,Pharmacy,SEMA ECZANESİ,38.398669,27.103509,BASIN SİTESİ,,BASIN SİTESİ MAH. GAZETECİ HASAN TAHSİN CAD. NO:170/A,02322430318,,,2026-09-20T07:31:15.702Z,COMPLETE_FOR_MAPPABLE_ROWS,api,Tüm eczaneler,https://acikveri.bizizmir.com/dataset/nobetci-eczaneler-ve-eczane-listesi,CC BY 4.0,İzmir Büyükşehir Belediyesi Açık Veri Portalı
pharmacy:1770:38.392652:27.09347,pharmacy,Pharmacy,KARAGÖZ ECZANESİ,38.392652,27.09347,HATAY,,ADNAN SÜVARİ MAH. 108/27 SOK. NO:63/A,02322242460,,,2026-09-20T07:31:15.702Z,COMPLETE_FOR_MAPPABLE_ROWS,api,Tüm eczaneler,https://acikveri.bizizmir.com/dataset/nobetci-eczaneler-ve-eczane-listesi,CC BY 4.0,İzmir Büyükşehir Belediyesi Açık Veri Portalı
pharmacy:1771:38.099262:27.723055,pharmacy,Pharmacy,BIZIM ECZANESİ,38.099262,27.723055,TİRE,,ATATÜRK MH.TOPLU KONUT SİTESİ İÇİ,02325115500,,,2026-09-20T07:31:15.702Z,COMPLETE_FOR_MAPPABLE_ROWS,api,Tüm eczaneler,https://acikveri.bizizmir.com/dataset/nobetci-eczaneler-ve-eczane-listesi,CC BY 4.0,İzmir Büyükşehir Belediyesi Açık Veri Portalı
pharmacy:1772:38.401205:27.099492,pharmacy,Pharmacy,ERKEN ECZANESİ,38.401205,27.099492,HATAY,,BASINSİTESİ MAH. İNÖNÜ CAD. NO:427/C,02322111161,,,2026-09-20T07:31:15.702Z,COMPLETE_FOR_MAPPABLE_ROWS,api,Tüm eczaneler,https://acikveri.bizizmir.com/dataset/nobetci-eczaneler-ve-eczane-listesi,CC BY 4.0,İzmir Büyükşehir Belediyesi Açık Veri Portalı
pharmacy:1773:38.361256:27.10151,pharmacy,Pharmacy,TAYFUN ECZANESİ,38.361256,27.10151,ESKİİZMİR-CENNETÇEŞME,,YURDOĞLU MAH. 3959 SOK. NO:13/A,02322034892,,,2026-09-20T07:31:15.702Z,COMPLETE_FOR_MAPPABLE_ROWS,api,Tüm eczaneler,https://acikveri.bizizmir.com/dataset/nobetci-eczaneler-ve-eczane-listesi,CC BY 4.0,İzmir Büyükşehir Belediyesi Açık Veri Portalı
pharmacy:1774:38.385594:27.057444,pharmacy,Pharmacy,BADE IŞIK ECZANESİ,38.385594,27.057444,BALÇOVA,,FEVZİ ÇAKMAK MAH. CENGİZ TOPEL SOK. NO:9/B,02329998380,,,2026-09-20T07:31:15.702Z,COMPLETE_FOR_MAPPABLE_ROWS,api,Tüm eczaneler,https://acikveri.bizizmir.com/dataset/nobetci-eczaneler-ve-eczane-listesi,CC BY 4.0,İzmir Büyükşehir Belediyesi Açık Veri Portalı
pharmacy:1775:38.4742:27.1283,pharmacy,Pharmacy,ÖZER ECZANESİ,38.4742,27.1283,GÜMÜŞPALA,,YAMANLAR MAH. KUBILAY CAD.NO:163,02323667326,,,2026-09-20T07:31:15.702Z,COMPLETE_FOR_MAPPABLE_ROWS,api,Tüm eczaneler,https://acikveri.bizizmir.com/dataset/nobetci-eczaneler-ve-eczane-listesi,CC BY 4.0,İzmir Büyükşehir Belediyesi Açık Veri Portalı
pharmacy:1776:38.4161:27.1893,pharmacy,Pharmacy,YENI DOGA ECZANESİ,38.4161,27.1893,ALTINDAĞ,,ÇAMKULE MAH. 4689 SOK. NO:2/A ALTINDAG,02324561389,,,2026-09-20T07:31:15.702Z,COMPLETE_FOR_MAPPABLE_ROWS,api,Tüm eczaneler,https://acikveri.bizizmir.com/dataset/nobetci-eczaneler-ve-eczane-listesi,CC BY 4.0,İzmir Büyükşehir Belediyesi Açık Veri Portalı
pharmacy:1777:38.3258:26.3077,pharmacy,Pharmacy,DALYAN ECZANESİ,38.3258,26.3077,ÇEŞME,,INKILAP CD.NO.84/B 2001 SOK.,02327122150,,,2026-09-20T07:31:15.702Z,COMPLETE_FOR_MAPPABLE_ROWS,api,Tüm eczaneler,https://acikveri.bizizmir.com/dataset/nobetci-eczaneler-ve-eczane-listesi,CC BY 4.0,İzmir Büyükşehir Belediyesi Açık Veri Portalı
pharmacy:1778:38.3836:27.1102,pharmacy,Pharmacy,UYGUR ECZANESİ,38.3836,27.1102,YEŞİLYURT,,ALİ FUAT CEBESOY MH. 9125/6 SK. NO:32/1B,02322329298,,,2026-09-20T07:31:15.702Z,COMPLETE_FOR_MAPPABLE_ROWS,api,Tüm eczaneler,https://acikveri.bizizmir.com/dataset/nobetci-eczaneler-ve-eczane-listesi,CC BY 4.0,İzmir Büyükşehir Belediyesi Açık Veri Portalı
pharmacy:1779:38.384:27.1297,pharmacy,Pharmacy,ÇITLENBIK ECZANESİ,38.384,27.1297,KARABAĞLAR,,5760 SOK.NO:71/B,02322541741,,,2026-09-20T07:31:15.702Z,COMPLETE_FOR_MAPPABLE_ROWS,api,Tüm eczaneler,https://acikveri.bizizmir.com/dataset/nobetci-eczaneler-ve-eczane-listesi,CC BY 4.0,İzmir Büyükşehir Belediyesi Açık Veri Portalı
pharmacy:1780:38.401185:27.099504,pharmacy,Pharmacy,ERKEN ECZANESİ,38.401185,27.099504,HATAY,,BASINSİTESİ MAH. İNÖNÜ CAD. NO:427/C,02322311161,,,2026-09-20T07:31:15.702Z,COMPLETE_FOR_MAPPABLE_ROWS,api,Tüm eczaneler,https://acikveri.bizizmir.com/dataset/nobetci-eczaneler-ve-eczane-listesi,CC BY 4.0,İzmir Büyükşehir Belediyesi Açık Veri Portalı
pharmacy:1781:38.464141:27.09417,pharmacy,Pharmacy,EGEPARK ECZANESİ,38.464141,27.09417,KARŞIYAKA 3,,YALI MAH. CAHER DUDAYEV BULVARI NO:179/D,02323242909,,,2026-09-20T07:31:15.702Z,COMPLETE_FOR_MAPPABLE_ROWS,api,Tüm eczaneler,https://acikveri.bizizmir.com/dataset/nobetci-eczaneler-ve-eczane-listesi,CC BY 4.0,İzmir Büyükşehir Belediyesi Açık Veri Portalı
pharmacy:1782:38.456942:27.117298,pharmacy,Pharmacy,DEVA ECZANESİ,38.456942,27.117298,KARŞIYAKA 1,,TUNA MAH. KEMALPAŞA CAD. NO:128/B,02323682883,,,2026-09-20T07:31:15.702Z,COMPLETE_FOR_MAPPABLE_ROWS,api,Tüm eczaneler,https://acikveri.bizizmir.com/dataset/nobetci-eczaneler-ve-eczane-listesi,CC BY 4.0,İzmir Büyükşehir Belediyesi Açık Veri Portalı
pharmacy:1783:38.456287:27.110888,pharmacy,Pharmacy,HAYAT ECZANESİ,38.456287,27.110888,KARŞIYAKA 1,,AKSOY MAH. 1735 SOK. NO:64,02323813135,,,2026-09-20T07:31:15.702Z,COMPLETE_FOR_MAPPABLE_ROWS,api,Tüm eczaneler,https://acikveri.bizizmir.com/dataset/nobetci-eczaneler-ve-eczane-listesi,CC BY 4.0,İzmir Büyükşehir Belediyesi Açık Veri Portalı
pharmacy:1784:38.470724:27.101531,pharmacy,Pharmacy,EZGİ ECZANESİ,38.470724,27.101531,KARŞIYAKA 4,,FİKRİ ALTAY MAH. ORDU BULVARI NO:150/A,02322039023,,,2026-09-20T07:31:15.702Z,COMPLETE_FOR_MAPPABLE_ROWS,api,Tüm eczaneler,https://acikveri.bizizmir.com/dataset/nobetci-eczaneler-ve-eczane-listesi,CC BY 4.0,İzmir Büyükşehir Belediyesi Açık Veri Portalı
pharmacy:1785:38.3943:27.0073,pharmacy,Pharmacy,USLU ECZANESİ,38.3943,27.0073,NARLIDERE,,ÇAMTEPE MAH. MITHATPASA CAD.291/B,02322392656,,,2026-09-20T07:31:15.702Z,COMPLETE_FOR_MAPPABLE_ROWS,api,Tüm eczaneler,https://acikveri.bizizmir.com/dataset/nobetci-eczaneler-ve-eczane-listesi,CC BY 4.0,İzmir Büyükşehir Belediyesi Açık Veri Portalı
pharmacy:1786:38.472942:27.100322,pharmacy,Pharmacy,ÇAMLIK ECZANESİ,38.472942,27.100322,KARŞIYAKA 4,,FİKRİ ALTAY MAH. 6183 SOK. NO:26/A,02329991874,,,2026-09-20T07:31:15.702Z,COMPLETE_FOR_MAPPABLE_ROWS,api,Tüm eczaneler,https://acikveri.bizizmir.com/dataset/nobetci-eczaneler-ve-eczane-listesi,CC BY 4.0,İzmir Büyükşehir Belediyesi Açık Veri Portalı
pharmacy:1787:38.4152:27.1904,pharmacy,Pharmacy,YENI DILAY ECZANESİ,38.4152,27.1904,ALTINDAĞ,,ÇAMKULE MAH. FEVZIPASA CAD. 177/A,02324561717,,,2026-09-20T07:31:15.702Z,COMPLETE_FOR_MAPPABLE_ROWS,api,Tüm eczaneler,https://acikveri.bizizmir.com/dataset/nobetci-eczaneler-ve-eczane-listesi,CC BY 4.0,İzmir Büyükşehir Belediyesi Açık Veri Portalı
pharmacy:1788:38.383573:27.109597,pharmacy,Pharmacy,ALP HABBEL ECZANESİ,38.383573,27.109597,YENİŞEHİR,,ALİ FUAT CEBESOY MH. 9500 SK. NO:7/A,02322260154,,,2026-09-20T07:31:15.702Z,COMPLETE_FOR_MAPPABLE_ROWS,api,Tüm eczaneler,https://acikveri.bizizmir.com/dataset/nobetci-eczaneler-ve-eczane-listesi,CC BY 4.0,İzmir Büyükşehir Belediyesi Açık Veri Portalı
pharmacy:1789:38.4576:27.1176,pharmacy,Pharmacy,YENI AFSIN ECZANESİ,38.4576,27.1176,KARŞIYAKA 1,,1715 SOK. NO:35/A P-01,02323688138,,,2026-09-20T07:31:15.702Z,COMPLETE_FOR_MAPPABLE_ROWS,api,Tüm eczaneler,https://acikveri.bizizmir.com/dataset/nobetci-eczaneler-ve-eczane-listesi,CC BY 4.0,İzmir Büyükşehir Belediyesi Açık Veri Portalı
pharmacy:1790:38.498193:27.048011,pharmacy,Pharmacy,SAFİR ECZANESİ,38.498193,27.048011,ÇİĞLİ,,KÜÇÜKÇİĞLİ MAH. 8780/34 SOK. NO:71,02323280101,,,2026-09-20T07:31:15.702Z,COMPLETE_FOR_MAPPABLE_ROWS,api,Tüm eczaneler,https://acikveri.bizizmir.com/dataset/nobetci-eczaneler-ve-eczane-listesi,CC BY 4.0,İzmir Büyükşehir Belediyesi Açık Veri Portalı
pharmacy:1791:38.4712:27.0937,pharmacy,Pharmacy,ASIL ECZANESİ,38.4712,27.0937,KARŞIYAKA 4,,6251 SOKAK NO:8/A SEMIKLER KARSIYAKA,02323365136,,,2026-09-20T07:31:15.702Z,COMPLETE_FOR_MAPPABLE_ROWS,api,Tüm eczaneler,https://acikveri.bizizmir.com/dataset/nobetci-eczaneler-ve-eczane-listesi,CC BY 4.0,İzmir Büyükşehir Belediyesi Açık Veri Portalı
pharmacy:1792:38.481489:27.096232,pharmacy,Pharmacy,CUMHURİYET ECZANESİ,38.481489,27.096232,KARŞIYAKA 4,,CUMHURİYET MAH. ALİM DAĞHAN SOK. NO:96/B,02323611626,,,2026-09-20T07:31:15.702Z,COMPLETE_FOR_MAPPABLE_ROWS,api,Tüm eczaneler,https://acikveri.bizizmir.com/dataset/nobetci-eczaneler-ve-eczane-listesi,CC BY 4.0,İzmir Büyükşehir Belediyesi Açık Veri Portalı
pharmacy:1793:38.4565:27.114,pharmacy,Pharmacy,OYA ECZANESİ,38.4565,27.114,KARŞIYAKA 1,,DONANMACI MAH. 1730 SOKAK NO:22 KARSIYAKA,02323812063,,,2026-09-20T07:31:15.702Z,COMPLETE_FOR_MAPPABLE_ROWS,api,Tüm eczaneler,https://acikveri.bizizmir.com/dataset/nobetci-eczaneler-ve-eczane-listesi,CC BY 4.0,İzmir Büyükşehir Belediyesi Açık Veri Portalı
pharmacy:1794:38.459:27.11,pharmacy,Pharmacy,ESIN ECZANESİ,38.459,27.11,KARŞIYAKA 2,,1879 SK. NO:67/B,02323680015,,,2026-09-20T07:31:15.702Z,COMPLETE_FOR_MAPPABLE_ROWS,api,Tüm eczaneler,https://acikveri.bizizmir.com/dataset/nobetci-eczaneler-ve-eczane-listesi,CC BY 4.0,İzmir Büyükşehir Belediyesi Açık Veri Portalı
pharmacy:1795:38.477226:27.09854,pharmacy,Pharmacy,SELEN ECZANESİ,38.477226,27.09854,KARŞIYAKA 4,,ŞEMİKLER MH. ANADOLU CD. NO:577/1-C,02323646421,,,2026-09-20T07:31:15.702Z,COMPLETE_FOR_MAPPABLE_ROWS,api,Tüm eczaneler,https://acikveri.bizizmir.com/dataset/nobetci-eczaneler-ve-eczane-listesi,CC BY 4.0,İzmir Büyükşehir Belediyesi Açık Veri Portalı
pharmacy:1796:38.322413:26.766386,pharmacy,Pharmacy,ZAFER ECZANESİ,38.322413,26.766386,URLA,,HACIİSA MAH. ZAFER CAD. NO:20,02327541128,,,2026-09-20T07:31:15.702Z,COMPLETE_FOR_MAPPABLE_ROWS,api,Tüm eczaneler,https://acikveri.bizizmir.com/dataset/nobetci-eczaneler-ve-eczane-listesi,CC BY 4.0,İzmir Büyükşehir Belediyesi Açık Veri Portalı
pharmacy:1797:38.321538:26.400453,pharmacy,Pharmacy,ŞİFNE ECZANESİ,38.321538,26.400453,ÇEŞME,,ŞİFNE MH. 6000 SK. NO:26/A,02327170055,,,2026-09-20T07:31:15.702Z,COMPLETE_FOR_MAPPABLE_ROWS,api,Tüm eczaneler,https://acikveri.bizizmir.com/dataset/nobetci-eczaneler-ve-eczane-listesi,CC BY 4.0,İzmir Büyükşehir Belediyesi Açık Veri Portalı
pharmacy:1798:38.609823:27.069276,pharmacy,Pharmacy,GÖKÇE ECZANESİ,38.609823,27.069276,MENEMEN,,MERMERLİ MAH. MİTHATPAŞA CAD. NO:60/A,02328310800,,,2026-09-20T07:31:15.702Z,COMPLETE_FOR_MAPPABLE_ROWS,api,Tüm eczaneler,https://acikveri.bizizmir.com/dataset/nobetci-eczaneler-ve-eczane-listesi,CC BY 4.0,İzmir Büyükşehir Belediyesi Açık Veri Portalı
pharmacy:1799:38.4161:27.1894,pharmacy,Pharmacy,YENIHALK ECZANESİ,38.4161,27.1894,ALTINDAĞ,,4716 SOK.NO.3/A,02324693184,,,2026-09-20T07:31:15.702Z,COMPLETE_FOR_MAPPABLE_ROWS,api,Tüm eczaneler,https://acikveri.bizizmir.com/dataset/nobetci-eczaneler-ve-eczane-listesi,CC BY 4.0,İzmir Büyükşehir Belediyesi Açık Veri Portalı
pharmacy:1800:38.3229:27.129,pharmacy,Pharmacy,YEGMEN ECZANESİ,38.3229,27.129,GAZİEMİR,,GAZI MAH. 16 SK.1/2C,02322512277,,,2026-09-20T07:31:15.702Z,COMPLETE_FOR_MAPPABLE_ROWS,api,Tüm eczaneler,https://acikveri.bizizmir.com/dataset/nobetci-eczaneler-ve-eczane-listesi,CC BY 4.0,İzmir Büyükşehir Belediyesi Açık Veri Portalı
pharmacy:1801:38.418289:27.140815,pharmacy,Pharmacy,AGORA ECZANESİ,38.418289,27.140815,ALSANCAK-BASMANE,,ALİ REİS MH. TARIK SARI SK. NO:54,02324250590,,,2026-09-20T07:31:15.702Z,COMPLETE_FOR_MAPPABLE_ROWS,api,Tüm eczaneler,https://acikveri.bizizmir.com/dataset/nobetci-eczaneler-ve-eczane-listesi,CC BY 4.0,İzmir Büyükşehir Belediyesi Açık Veri Portalı
pharmacy:1802:38.383549:27.10974,pharmacy,Pharmacy,İLKAY ECZANESİ,38.383549,27.10974,YEŞİLYURT,,ALİ FUAT CEBESOY MAH. 9500 SOK. NO:5/B YEŞİLYURT,02322260222,,,2026-09-20T07:31:15.702Z,COMPLETE_FOR_MAPPABLE_ROWS,api,Tüm eczaneler,https://acikveri.bizizmir.com/dataset/nobetci-eczaneler-ve-eczane-listesi,CC BY 4.0,İzmir Büyükşehir Belediyesi Açık Veri Portalı
pharmacy:1803:38.46337:27.116267,pharmacy,Pharmacy,UĞURUM ECZANESİ,38.46337,27.116267,KARŞIYAKA 2,,BAHARİYE MAH. ZÜBEYDE HANIM CAD. NO:102/A,02329995350,,,2026-09-20T07:31:15.702Z,COMPLETE_FOR_MAPPABLE_ROWS,api,Tüm eczaneler,https://acikveri.bizizmir.com/dataset/nobetci-eczaneler-ve-eczane-listesi,CC BY 4.0,İzmir Büyükşehir Belediyesi Açık Veri Portalı
pharmacy:1804:38.4558:27.1185,pharmacy,Pharmacy,DÖRT KARDESLER ECZANESİ,38.4558,27.1185,KARŞIYAKA 1,,1722 SOK.NO:4,02323815025,,,2026-09-20T07:31:15.702Z,COMPLETE_FOR_MAPPABLE_ROWS,api,Tüm eczaneler,https://acikveri.bizizmir.com/dataset/nobetci-eczaneler-ve-eczane-listesi,CC BY 4.0,İzmir Büyükşehir Belediyesi Açık Veri Portalı
pharmacy:1805:38.511472:26.61709,pharmacy,Pharmacy,YARIMADA ILGIN ECZANESİ,38.511472,26.61709,MORDOĞAN,,MORDOĞAN MAH. 194 SOK. NO:29/1,02327378383,,,2026-09-20T07:31:15.702Z,COMPLETE_FOR_MAPPABLE_ROWS,api,Tüm eczaneler,https://acikveri.bizizmir.com/dataset/nobetci-eczaneler-ve-eczane-listesi,CC BY 4.0,İzmir Büyükşehir Belediyesi Açık Veri Portalı
pharmacy:1806:38.388395:27.175195,pharmacy,Pharmacy,NİLÜFER ECZANESİ,38.388395,27.175195,BUCA 1,,YAYLACIK MAH. ERDEM CAD. NO:120/A,02324421440,,,2026-09-20T07:31:15.702Z,COMPLETE_FOR_MAPPABLE_ROWS,api,Tüm eczaneler,https://acikveri.bizizmir.com/dataset/nobetci-eczaneler-ve-eczane-listesi,CC BY 4.0,İzmir Büyükşehir Belediyesi Açık Veri Portalı
pharmacy:1807:39.086836:27.383054,pharmacy,Pharmacy,TANSU ECZANESİ,39.086836,27.383054,KINIK,,TÜRKCEDİT MAH. ECZ. MUAMMER KAYA CAD. NO:1/E,02326872612,,,2026-09-20T07:31:15.702Z,COMPLETE_FOR_MAPPABLE_ROWS,api,Tüm eczaneler,https://acikveri.bizizmir.com/dataset/nobetci-eczaneler-ve-eczane-listesi,CC BY 4.0,İzmir Büyükşehir Belediyesi Açık Veri Portalı
pharmacy:1808:38.368022:27.181665,pharmacy,Pharmacy,BARAN ECZANESİ,38.368022,27.181665,BUCA 2,,BUCA KOOP MAH. 1413 SOK. NO:10/A-A,02325047384,,,2026-09-20T07:31:15.702Z,COMPLETE_FOR_MAPPABLE_ROWS,api,Tüm eczaneler,https://acikveri.bizizmir.com/dataset/nobetci-eczaneler-ve-eczane-listesi,CC BY 4.0,İzmir Büyükşehir Belediyesi Açık Veri Portalı
pharmacy:1809:38.431537:27.208689,pharmacy,Pharmacy,DİLA ECZANESİ,38.431537,27.208689,ÇAMDİBİ,,YEŞİLOVA MAH. 4174 SOK. NO:111/A,02324674938,,,2026-09-20T07:31:15.702Z,COMPLETE_FOR_MAPPABLE_ROWS,api,Tüm eczaneler,https://acikveri.bizizmir.com/dataset/nobetci-eczaneler-ve-eczane-listesi,CC BY 4.0,İzmir Büyükşehir Belediyesi Açık Veri Portalı
pharmacy:1810:38.436805:27.202168,pharmacy,Pharmacy,AKGÜN ECZANESİ,38.436805,27.202168,ÇAMDİBİ,,RAFETPAŞA MAH. ABDİ İPEKÇİ CAD. NO:153/A,02324626484,,,2026-09-20T07:31:15.702Z,COMPLETE_FOR_MAPPABLE_ROWS,api,Tüm eczaneler,https://acikveri.bizizmir.com/dataset/nobetci-eczaneler-ve-eczane-listesi,CC BY 4.0,İzmir Büyükşehir Belediyesi Açık Veri Portalı
pharmacy:1811:38.462305:27.114659,pharmacy,Pharmacy,CANDAN ECZANESİ,38.462305,27.114659,KARŞIYAKA 2,,BAHRİYE ÜÇOK MAH. DOÇ. DR. BAHRİYE ÜÇOK BULVARI NO:21/B,02323661212,,,2026-09-20T07:31:15.702Z,COMPLETE_FOR_MAPPABLE_ROWS,api,Tüm eczaneler,https://acikveri.bizizmir.com/dataset/nobetci-eczaneler-ve-eczane-listesi,CC BY 4.0,İzmir Büyükşehir Belediyesi Açık Veri Portalı
pharmacy:1812:38.358674:26.874997,pharmacy,Pharmacy,RİTİM ECZANESİ,38.358674,26.874997,GÜZELBAHÇE,,KAHRAMANDERE MAH. ATA CAD. NO:52/C GÜZELBAHÇE,02322033742,,,2026-09-20T07:31:15.702Z,COMPLETE_FOR_MAPPABLE_ROWS,api,Tüm eczaneler,https://acikveri.bizizmir.com/dataset/nobetci-eczaneler-ve-eczane-listesi,CC BY 4.0,İzmir Büyükşehir Belediyesi Açık Veri Portalı
pharmacy:1813:38.47806:27.128944,pharmacy,Pharmacy,SİBEL ECZANESİ,38.47806,27.128944,GÜMÜŞPALA,,YAMANLAR MAH. 7301 SOK. NO:32/B,02326290105,,,2026-09-20T07:31:15.702Z,COMPLETE_FOR_MAPPABLE_ROWS,api,Tüm eczaneler,https://acikveri.bizizmir.com/dataset/nobetci-eczaneler-ve-eczane-listesi,CC BY 4.0,İzmir Büyükşehir Belediyesi Açık Veri Portalı
pharmacy:1814:38.396863:27.106148,pharmacy,Pharmacy,AKÇABAY ECZANESİ,38.396863,27.106148,BASIN SİTESİ,,BASIN SİTESİ MAH. POLAT CAD. NO:90,02329991281,,,2026-09-20T07:31:15.702Z,COMPLETE_FOR_MAPPABLE_ROWS,api,Tüm eczaneler,https://acikveri.bizizmir.com/dataset/nobetci-eczaneler-ve-eczane-listesi,CC BY 4.0,İzmir Büyükşehir Belediyesi Açık Veri Portalı
pharmacy:1815:38.370594:27.172061,pharmacy,Pharmacy,ARDIÇ ECZANESİ,38.370594,27.172061,BUCA 2,,ÇAMLIKULE MAH. 200/17 SOK. NO:10/B,02326082143,,,2026-09-20T07:31:15.702Z,COMPLETE_FOR_MAPPABLE_ROWS,api,Tüm eczaneler,https://acikveri.bizizmir.com/dataset/nobetci-eczaneler-ve-eczane-listesi,CC BY 4.0,İzmir Büyükşehir Belediyesi Açık Veri Portalı
pharmacy:1816:38.388476:27.151417,pharmacy,Pharmacy,ÇARE ECZANESİ,38.388476,27.151417,ŞİRİNYER,,EFELER MAH. KOŞUYOLU CAD. NO:61/C,02322378538,,,2026-09-20T07:31:15.702Z,COMPLETE_FOR_MAPPABLE_ROWS,api,Tüm eczaneler,https://acikveri.bizizmir.com/dataset/nobetci-eczaneler-ve-eczane-listesi,CC BY 4.0,İzmir Büyükşehir Belediyesi Açık Veri Portalı
pharmacy:1817:38.31267:27.13273,pharmacy,Pharmacy,MERVE ÜNLÜ ECZANESİ,38.31267,27.13273,GAZİEMİR,,SEVGİ MAH. 663 SOK. NO:18/A,02322742356,,,2026-09-20T07:31:15.702Z,COMPLETE_FOR_MAPPABLE_ROWS,api,Tüm eczaneler,https://acikveri.bizizmir.com/dataset/nobetci-eczaneler-ve-eczane-listesi,CC BY 4.0,İzmir Büyükşehir Belediyesi Açık Veri Portalı
pharmacy:1818:38.432653:27.148372,pharmacy,Pharmacy,ÖZGE ECZANESİ,38.432653,27.148372,ALSANCAK,,MİMAR SİNAN MAH. IŞILAY SAYGIN SOK. NO:15/A,02324222711,,,2026-09-20T07:31:15.702Z,COMPLETE_FOR_MAPPABLE_ROWS,api,Tüm eczaneler,https://acikveri.bizizmir.com/dataset/nobetci-eczaneler-ve-eczane-listesi,CC BY 4.0,İzmir Büyükşehir Belediyesi Açık Veri Portalı
pharmacy:1819:38.460073:27.10364,pharmacy,Pharmacy,MELTEM ECZANESİ,38.460073,27.10364,KARŞIYAKA 3,,BOSTANLI MAH. 1671 SOK. NO:189/B,02323366906,,,2026-09-20T07:31:15.702Z,COMPLETE_FOR_MAPPABLE_ROWS,api,Tüm eczaneler,https://acikveri.bizizmir.com/dataset/nobetci-eczaneler-ve-eczane-listesi,CC BY 4.0,İzmir Büyükşehir Belediyesi Açık Veri Portalı
pharmacy:1820:38.433668:27.408616,pharmacy,Pharmacy,GÜLSÜM ECZANESİ,38.433668,27.408616,KEMALPAŞA,,SEKİZ EYLÜL MH.110/1 SK. NO:40/A,02328955395,,,2026-09-20T07:31:15.702Z,COMPLETE_FOR_MAPPABLE_ROWS,api,Tüm eczaneler,https://acikveri.bizizmir.com/dataset/nobetci-eczaneler-ve-eczane-listesi,CC BY 4.0,İzmir Büyükşehir Belediyesi Açık Veri Portalı
pharmacy:1821:38.3188:26.3027,pharmacy,Pharmacy,ÇEŞME ECZANESİ,38.3188,26.3027,ÇEŞME,,MUSALLA MAH. 1065 SOK. NO:2/A,02327127101,,,2026-09-20T07:31:15.702Z,COMPLETE_FOR_MAPPABLE_ROWS,api,Tüm eczaneler,https://acikveri.bizizmir.com/dataset/nobetci-eczaneler-ve-eczane-listesi,CC BY 4.0,İzmir Büyükşehir Belediyesi Açık Veri Portalı
pharmacy:1822:38.162681:27.356665,pharmacy,Pharmacy,SEMRA ECZANESİ,38.162681,27.356665,TORBALI,,ERTUĞRUL MAH. SADIK İLERİ BULVARI NO:54/A,02321713173,,,2026-09-20T07:31:15.702Z,COMPLETE_FOR_MAPPABLE_ROWS,api,Tüm eczaneler,https://acikveri.bizizmir.com/dataset/nobetci-eczaneler-ve-eczane-listesi,CC BY 4.0,İzmir Büyükşehir Belediyesi Açık Veri Portalı
pharmacy:1823:38.320818:27.126128,pharmacy,Pharmacy,ÖDÜL ECZANESİ,38.320818,27.126128,GAZİEMİR,,YEŞİL MAH. ABDULLAH ARDA MEYDANI NO:10,02322510185,,,2026-09-20T07:31:15.702Z,COMPLETE_FOR_MAPPABLE_ROWS,api,Tüm eczaneler,https://acikveri.bizizmir.com/dataset/nobetci-eczaneler-ve-eczane-listesi,CC BY 4.0,İzmir Büyükşehir Belediyesi Açık Veri Portalı
pharmacy:1824:38.294137:27.174929,pharmacy,Pharmacy,EYLÜL ECZANESİ,38.294137,27.174929,SARNIÇ,,ATATÜRK MAH. 1045/1 SOK. NO:7/A SARNIÇ,02322811718,,,2026-09-20T07:31:15.702Z,COMPLETE_FOR_MAPPABLE_ROWS,api,Tüm eczaneler,https://acikveri.bizizmir.com/dataset/nobetci-eczaneler-ve-eczane-listesi,CC BY 4.0,İzmir Büyükşehir Belediyesi Açık Veri Portalı
pharmacy:1825:38.393347:27.02095,pharmacy,Pharmacy,ARI ECZANESİ,38.393347,27.02095,NARLIDERE,,ILICA MAH. MİTHATPAŞA CAD. NO:28/B,02322397777,,,2026-09-20T07:31:15.702Z,COMPLETE_FOR_MAPPABLE_ROWS,api,Tüm eczaneler,https://acikveri.bizizmir.com/dataset/nobetci-eczaneler-ve-eczane-listesi,CC BY 4.0,İzmir Büyükşehir Belediyesi Açık Veri Portalı
pharmacy:1826:38.454953:27.108242,pharmacy,Pharmacy,TURKUAZ ECZANESİ,38.454953,27.108242,KARŞIYAKA 1,,AKSOY MAH. FAZIL BEY CAD. NO:89/B (ÇİLEK PASTANESİ KARŞI SOKAĞI),02329998350,,,2026-09-20T07:31:15.702Z,COMPLETE_FOR_MAPPABLE_ROWS,api,Tüm eczaneler,https://acikveri.bizizmir.com/dataset/nobetci-eczaneler-ve-eczane-listesi,CC BY 4.0,İzmir Büyükşehir Belediyesi Açık Veri Portalı
pharmacy:1827:38.467885:27.219934,pharmacy,Pharmacy,BORNOVA EMEK ECZANESİ,38.467885,27.219934,BORNOVA 1,,ERGENE MAH. 454/1 SOK. NO:4/1B,02323422122,,,2026-09-20T07:31:15.702Z,COMPLETE_FOR_MAPPABLE_ROWS,api,Tüm eczaneler,https://acikveri.bizizmir.com/dataset/nobetci-eczaneler-ve-eczane-listesi,CC BY 4.0,İzmir Büyükşehir Belediyesi Açık Veri Portalı
pharmacy:1828:38.39641:27.11582,pharmacy,Pharmacy,MURAT ECZANESİ,38.39641,27.11582,YEŞİLYURT,,REİS MAH. 9097 SOK. NO:18/A YEŞİLYURT,02322511061,,,2026-09-20T07:31:15.702Z,COMPLETE_FOR_MAPPABLE_ROWS,api,Tüm eczaneler,https://acikveri.bizizmir.com/dataset/nobetci-eczaneler-ve-eczane-listesi,CC BY 4.0,İzmir Büyükşehir Belediyesi Açık Veri Portalı
pharmacy:1829:38.396404:27.113345,pharmacy,Pharmacy,TAŞ ECZANESİ,38.396404,27.113345,YEŞİLYURT,,ESENLİK MAH. ANT CAD. NO:23/A YEŞİLYURT,02322624757,,,2026-09-20T07:31:15.702Z,COMPLETE_FOR_MAPPABLE_ROWS,api,Tüm eczaneler,https://acikveri.bizizmir.com/dataset/nobetci-eczaneler-ve-eczane-listesi,CC BY 4.0,İzmir Büyükşehir Belediyesi Açık Veri Portalı
pharmacy:1830:38.459268:27.098342,pharmacy,Pharmacy,DENİZ BOSTANLI ECZANESİ,38.459268,27.098342,KARŞIYAKA 3,,BOSTANLI MAH. 1820/1 SOK. NO:2/A,02324162735,,,2026-09-20T07:31:15.702Z,COMPLETE_FOR_MAPPABLE_ROWS,api,Tüm eczaneler,https://acikveri.bizizmir.com/dataset/nobetci-eczaneler-ve-eczane-listesi,CC BY 4.0,İzmir Büyükşehir Belediyesi Açık Veri Portalı
pharmacy:1831:38.374436:27.184152,pharmacy,Pharmacy,BAŞARAN ECZANESİ,38.374436,27.184152,BUCA 2,,ATATÜRK MAH. HOCA AHMET YESEVİ CAD. NO:127/A,02321106582,,,2026-09-20T07:31:15.702Z,COMPLETE_FOR_MAPPABLE_ROWS,api,Tüm eczaneler,https://acikveri.bizizmir.com/dataset/nobetci-eczaneler-ve-eczane-listesi,CC BY 4.0,İzmir Büyükşehir Belediyesi Açık Veri Portalı
pharmacy:1832:38.378543:27.160673,pharmacy,Pharmacy,YENİGÜN ECZANESİ,38.378543,27.160673,BUCA 2,,YENİGÜN MAH. 265/8 SOK. NO:29/B,02322769771,,,2026-09-20T07:31:15.702Z,COMPLETE_FOR_MAPPABLE_ROWS,api,Tüm eczaneler,https://acikveri.bizizmir.com/dataset/nobetci-eczaneler-ve-eczane-listesi,CC BY 4.0,İzmir Büyükşehir Belediyesi Açık Veri Portalı
pharmacy:1833:38.427138:27.133849,pharmacy,Pharmacy,ELİF ÖYKÜ ECZANESİ,38.427138,27.133849,ALSANCAK-BASMANE,,AKDENİZ MAH. AKDENİZ CAD. NO:8/G,02324841956,,,2026-09-20T07:31:15.702Z,COMPLETE_FOR_MAPPABLE_ROWS,api,Tüm eczaneler,https://acikveri.bizizmir.com/dataset/nobetci-eczaneler-ve-eczane-listesi,CC BY 4.0,İzmir Büyükşehir Belediyesi Açık Veri Portalı
pharmacy:1834:38.47319:27.099039,pharmacy,Pharmacy,ENÇ ECZANESİ,38.47319,27.099039,KARŞIYAKA 4,,ŞEMİKLER MAH. ERDOĞAN AKKAYA SOK. NO:41/A,02323484545,,,2026-09-20T07:31:15.702Z,COMPLETE_FOR_MAPPABLE_ROWS,api,Tüm eczaneler,https://acikveri.bizizmir.com/dataset/nobetci-eczaneler-ve-eczane-listesi,CC BY 4.0,İzmir Büyükşehir Belediyesi Açık Veri Portalı
pharmacy:1835:38.312682:27.132616,pharmacy,Pharmacy,DENİZ ECZANESİ,38.312682,27.132616,GAZİEMİR,,SEVGİ MAH. 663 SOK. NO:18/E,02322900079,,,2026-09-20T07:31:15.702Z,COMPLETE_FOR_MAPPABLE_ROWS,api,Tüm eczaneler,https://acikveri.bizizmir.com/dataset/nobetci-eczaneler-ve-eczane-listesi,CC BY 4.0,İzmir Büyükşehir Belediyesi Açık Veri Portalı
pharmacy:1836:38.198658:26.846677,pharmacy,Pharmacy,HİSAR ECZANESİ,38.198658,26.846677,SEFERİHİSAR,,TURABİYE MAH. BEYLER CAD. NO:8/A,02324306021,,,2026-09-20T07:31:15.702Z,COMPLETE_FOR_MAPPABLE_ROWS,api,Tüm eczaneler,https://acikveri.bizizmir.com/dataset/nobetci-eczaneler-ve-eczane-listesi,CC BY 4.0,İzmir Büyükşehir Belediyesi Açık Veri Portalı
pharmacy:1837:39.07395:26.889453,pharmacy,Pharmacy,SİNEM HARPUTLU ECZANESİ,39.07395,26.889453,DİKİLİ,,İSMETPAŞA MAH. ŞEHİT SAMİ AKBULUT CAD. NO:7A,02326714141,,,2026-09-20T07:31:15.702Z,COMPLETE_FOR_MAPPABLE_ROWS,api,Tüm eczaneler,https://acikveri.bizizmir.com/dataset/nobetci-eczaneler-ve-eczane-listesi,CC BY 4.0,İzmir Büyükşehir Belediyesi Açık Veri Portalı
pharmacy:1838:38.197518:26.846551,pharmacy,Pharmacy,HİSAR ECZANESİ,38.197518,26.846551,SEFERİHİSAR,,TURABİYE MAH. BEYLER CAD. NO:8/A,02322500041,,,2026-09-20T07:31:15.702Z,COMPLETE_FOR_MAPPABLE_ROWS,api,Tüm eczaneler,https://acikveri.bizizmir.com/dataset/nobetci-eczaneler-ve-eczane-listesi,CC BY 4.0,İzmir Büyükşehir Belediyesi Açık Veri Portalı
pharmacy:1839:38.407905:27.126386,pharmacy,Pharmacy,TUNÇSOY ECZANESİ,38.407905,27.126386,ÜÇYOL,,ATİLLA MAH. 499 SOK. NO:12/B,02322271900,,,2026-09-20T07:31:15.702Z,COMPLETE_FOR_MAPPABLE_ROWS,api,Tüm eczaneler,https://acikveri.bizizmir.com/dataset/nobetci-eczaneler-ve-eczane-listesi,CC BY 4.0,İzmir Büyükşehir Belediyesi Açık Veri Portalı
pharmacy:1840:38.47156:27.187571,pharmacy,Pharmacy,HAKAN ECZANESİ,38.47156,27.187571,ATATÜRK,,OSMANGAZİ MH. 597 SK. NO:36/A,02323757868,,,2026-09-20T07:31:15.702Z,COMPLETE_FOR_MAPPABLE_ROWS,api,Tüm eczaneler,https://acikveri.bizizmir.com/dataset/nobetci-eczaneler-ve-eczane-listesi,CC BY 4.0,İzmir Büyükşehir Belediyesi Açık Veri Portalı
pharmacy:1841:38.380926:27.17571,pharmacy,Pharmacy,IŞIL ECZANESİ,38.380926,27.17571,ŞİRİNYER,,KOZAĞAÇ MAH. GAZETECİ YAZAR İSMAİL SİVRİ BULVARI NO:11/1B,02323671335,,,2026-09-20T07:31:15.702Z,COMPLETE_FOR_MAPPABLE_ROWS,api,Tüm eczaneler,https://acikveri.bizizmir.com/dataset/nobetci-eczaneler-ve-eczane-listesi,CC BY 4.0,İzmir Büyükşehir Belediyesi Açık Veri Portalı
pharmacy:1842:38.48769:27.053615,pharmacy,Pharmacy,DILAY ECZANESİ,38.48769,27.053615,ÇİĞLİ,,8229/1 SOKAK NO:17 ATAŞEHİR ÇİĞLİ,02323295686,,,2026-09-20T07:31:15.702Z,COMPLETE_FOR_MAPPABLE_ROWS,api,Tüm eczaneler,https://acikveri.bizizmir.com/dataset/nobetci-eczaneler-ve-eczane-listesi,CC BY 4.0,İzmir Büyükşehir Belediyesi Açık Veri Portalı
pharmacy:1843:38.361695:27.086046,pharmacy,Pharmacy,ZELAL ECZANESİ,38.361695,27.086046,ESKİİZMİR-CENNETÇEŞME,,CENNETÇESME MAH. 3996 SOK. NO:22,02322711177,,,2026-09-20T07:31:15.702Z,COMPLETE_FOR_MAPPABLE_ROWS,api,Tüm eczaneler,https://acikveri.bizizmir.com/dataset/nobetci-eczaneler-ve-eczane-listesi,CC BY 4.0,İzmir Büyükşehir Belediyesi Açık Veri Portalı
pharmacy:1844:38.47806:27.128944,pharmacy,Pharmacy,SİBEL ECZANESİ,38.47806,27.128944,GÜMÜŞPALA,,YAMANLAR MAH. 7301 SOK. NO:32/B,02323660105,,,2026-09-20T07:31:15.702Z,COMPLETE_FOR_MAPPABLE_ROWS,api,Tüm eczaneler,https://acikveri.bizizmir.com/dataset/nobetci-eczaneler-ve-eczane-listesi,CC BY 4.0,İzmir Büyükşehir Belediyesi Açık Veri Portalı
pharmacy:1845:38.298772:27.179039,pharmacy,Pharmacy,SELMA ECZANESİ,38.298772,27.179039,SARNIÇ,,HÜRRİYET MAH. BÜYÜK MENDERES CAD. NO:220/A SARNIÇ,02322814700,,,2026-09-20T07:31:15.702Z,COMPLETE_FOR_MAPPABLE_ROWS,api,Tüm eczaneler,https://acikveri.bizizmir.com/dataset/nobetci-eczaneler-ve-eczane-listesi,CC BY 4.0,İzmir Büyükşehir Belediyesi Açık Veri Portalı
pharmacy:1846:38.402081:27.095815,pharmacy,Pharmacy,FUNDA ECZANESİ,38.402081,27.095815,MİTHATPAŞA,,GÖZTEPE MAH. MİTHATPAŞA CAD. NO:733/B,02322313201,,,2026-09-20T07:31:15.702Z,COMPLETE_FOR_MAPPABLE_ROWS,api,Tüm eczaneler,https://acikveri.bizizmir.com/dataset/nobetci-eczaneler-ve-eczane-listesi,CC BY 4.0,İzmir Büyükşehir Belediyesi Açık Veri Portalı
pharmacy:1847:38.484027:27.134004,pharmacy,Pharmacy,YENİ CEREN ECZANESİ,38.484027,27.134004,GÜMÜŞPALA,,ONUR MAH. 7371 SOK. NO:46/A,02323630006,,,2026-09-20T07:31:15.702Z,COMPLETE_FOR_MAPPABLE_ROWS,api,Tüm eczaneler,https://acikveri.bizizmir.com/dataset/nobetci-eczaneler-ve-eczane-listesi,CC BY 4.0,İzmir Büyükşehir Belediyesi Açık Veri Portalı
pharmacy:1848:38.326091:26.410306,pharmacy,Pharmacy,EFECAN ECZANESİ,38.326091,26.410306,ÇEŞME,,ŞİFNE MAH. 6000 SOK. NO:75/A,02327171902,,,2026-09-20T07:31:15.702Z,COMPLETE_FOR_MAPPABLE_ROWS,api,Tüm eczaneler,https://acikveri.bizizmir.com/dataset/nobetci-eczaneler-ve-eczane-listesi,CC BY 4.0,İzmir Büyükşehir Belediyesi Açık Veri Portalı
pharmacy:1850:38.375789:27.119073,pharmacy,Pharmacy,ÖZGE ECZANESİ,38.375789,27.119073,KARABAĞLAR,,GÜNALTAY MAH. 4811 SOKAK. NO14/A ESKİ ÇAĞDAŞ EĞİTİM KOLLEJİ KARŞISI /6/ NOLU AİLE SAĞLIĞI MERKEZİ 0535 467 95 37,02322655417,,,2026-09-20T07:31:15.702Z,COMPLETE_FOR_MAPPABLE_ROWS,api,Tüm eczaneler,https://acikveri.bizizmir.com/dataset/nobetci-eczaneler-ve-eczane-listesi,CC BY 4.0,İzmir Büyükşehir Belediyesi Açık Veri Portalı
pharmacy:1851:38.475015:27.191977,pharmacy,Pharmacy,BORNOVA GÜLER ECZANESİ,38.475015,27.191977,BORNOVA 3,,ATATÜRK MAH. FEHMİ YİĞİN CAD. NO:12/A,02323883591,,,2026-09-20T07:31:15.702Z,COMPLETE_FOR_MAPPABLE_ROWS,api,Tüm eczaneler,https://acikveri.bizizmir.com/dataset/nobetci-eczaneler-ve-eczane-listesi,CC BY 4.0,İzmir Büyükşehir Belediyesi Açık Veri Portalı
pharmacy:1852:38.496193:27.055754,pharmacy,Pharmacy,YAŞAM ECZANESİ,38.496193,27.055754,ÇİĞLİ,,YENİMAHALLE MAH. ÖĞR. EMEL SUBAŞI AY SOK. NO:52A,02326087686,,,2026-09-20T07:31:15.702Z,COMPLETE_FOR_MAPPABLE_ROWS,api,Tüm eczaneler,https://acikveri.bizizmir.com/dataset/nobetci-eczaneler-ve-eczane-listesi,CC BY 4.0,İzmir Büyükşehir Belediyesi Açık Veri Portalı
pharmacy:1853:38.493396:27.054524,pharmacy,Pharmacy,TARÇIN ECZANESİ,38.493396,27.054524,ÇİĞLİ,,YENİ MAHALLE ESKİ HAVAALANI CAD. NO:74/B,02323446509,,,2026-09-20T07:31:15.702Z,COMPLETE_FOR_MAPPABLE_ROWS,api,Tüm eczaneler,https://acikveri.bizizmir.com/dataset/nobetci-eczaneler-ve-eczane-listesi,CC BY 4.0,İzmir Büyükşehir Belediyesi Açık Veri Portalı
pharmacy:1854:38.366716:27.146834,pharmacy,Pharmacy,ONAR ECZANESİ,38.366716,27.146834,GEDİZ,,GÖKSU MAH. 679/18 SOK. NO:37-39/B,02322751235,,,2026-09-20T07:31:15.702Z,COMPLETE_FOR_MAPPABLE_ROWS,api,Tüm eczaneler,https://acikveri.bizizmir.com/dataset/nobetci-eczaneler-ve-eczane-listesi,CC BY 4.0,İzmir Büyükşehir Belediyesi Açık Veri Portalı
pharmacy:1855:38.47461:27.104398,pharmacy,Pharmacy,ÖMEROĞLU ECZANESİ,38.47461,27.104398,KARŞIYAKA 4,,İMBATLI MAH. ANADOLU CAD. NO:408,02323662166,,,2026-09-20T07:31:15.702Z,COMPLETE_FOR_MAPPABLE_ROWS,api,Tüm eczaneler,https://acikveri.bizizmir.com/dataset/nobetci-eczaneler-ve-eczane-listesi,CC BY 4.0,İzmir Büyükşehir Belediyesi Açık Veri Portalı
pharmacy:1856:39.069803:26.887965,pharmacy,Pharmacy,MELTEM ECZANESİ,39.069803,26.887965,DİKİLİ,,SALİMBEY MAH. 19 SOK. NO:2/A,02325902595,,,2026-09-20T07:31:15.702Z,COMPLETE_FOR_MAPPABLE_ROWS,api,Tüm eczaneler,https://acikveri.bizizmir.com/dataset/nobetci-eczaneler-ve-eczane-listesi,CC BY 4.0,İzmir Büyükşehir Belediyesi Açık Veri Portalı
pharmacy:1857:38.493384:27.054567,pharmacy,Pharmacy,TARÇIN ECZANESİ,38.493384,27.054567,ÇİĞLİ,,YENİ MAHALLE ESKİ HAVAALANI CAD. NO:74/B,02323446109,,,2026-09-20T07:31:15.702Z,COMPLETE_FOR_MAPPABLE_ROWS,api,Tüm eczaneler,https://acikveri.bizizmir.com/dataset/nobetci-eczaneler-ve-eczane-listesi,CC BY 4.0,İzmir Büyükşehir Belediyesi Açık Veri Portalı
pharmacy:1858:38.388476:27.151417,pharmacy,Pharmacy,ÇARE ECZANESİ,38.388476,27.151417,ŞİRİNYER,,EFELER MAH. KOŞUYOLU CAD. NO:61/C,02324876270,,,2026-09-20T07:31:15.702Z,COMPLETE_FOR_MAPPABLE_ROWS,api,Tüm eczaneler,https://acikveri.bizizmir.com/dataset/nobetci-eczaneler-ve-eczane-listesi,CC BY 4.0,İzmir Büyükşehir Belediyesi Açık Veri Portalı
pharmacy:1859:38.435605:27.19519,pharmacy,Pharmacy,İZMİRİM ECZANESİ,38.435605,27.19519,ÇAMDİBİ,,BARBAROS MAH. 5329/1 SOK. NO:6/B,02324674403,,,2026-09-20T07:31:15.702Z,COMPLETE_FOR_MAPPABLE_ROWS,api,Tüm eczaneler,https://acikveri.bizizmir.com/dataset/nobetci-eczaneler-ve-eczane-listesi,CC BY 4.0,İzmir Büyükşehir Belediyesi Açık Veri Portalı
pharmacy:1860:38.405675:27.128712,pharmacy,Pharmacy,ECE EREN ECZANESİ,38.405675,27.128712,EŞREFPAŞA,,KOCATEPE MAH. EŞREFPAŞA CAD. NO:387,02322610620,,,2026-09-20T07:31:15.702Z,COMPLETE_FOR_MAPPABLE_ROWS,api,Tüm eczaneler,https://acikveri.bizizmir.com/dataset/nobetci-eczaneler-ve-eczane-listesi,CC BY 4.0,İzmir Büyükşehir Belediyesi Açık Veri Portalı
pharmacy:1861:38.376369:26.891886,pharmacy,Pharmacy,YALI ECZANESİ,38.376369,26.891886,GÜZELBAHÇE,,YALI MAH. İSTİKBAL CAD. NO:28/A,02322340734,,,2026-09-20T07:31:15.702Z,COMPLETE_FOR_MAPPABLE_ROWS,api,Tüm eczaneler,https://acikveri.bizizmir.com/dataset/nobetci-eczaneler-ve-eczane-listesi,CC BY 4.0,İzmir Büyükşehir Belediyesi Açık Veri Portalı
pharmacy:1862:38.412471:27.181501,pharmacy,Pharmacy,ESİN ECZANESİ,38.412471,27.181501,GÜLTEPE,,ATAMER MAH. 2580 SOK. NO:52/A,02324560057,,,2026-09-20T07:31:15.702Z,COMPLETE_FOR_MAPPABLE_ROWS,api,Tüm eczaneler,https://acikveri.bizizmir.com/dataset/nobetci-eczaneler-ve-eczane-listesi,CC BY 4.0,İzmir Büyükşehir Belediyesi Açık Veri Portalı
pharmacy:1863:38.319152:26.302931,pharmacy,Pharmacy,MARİNA ECZANESİ,38.319152,26.302931,ÇEŞME,,MUSALLA MAH. 1016 SOK. NO:49/A,02327128392,,,2026-09-20T07:31:15.702Z,COMPLETE_FOR_MAPPABLE_ROWS,api,Tüm eczaneler,https://acikveri.bizizmir.com/dataset/nobetci-eczaneler-ve-eczane-listesi,CC BY 4.0,İzmir Büyükşehir Belediyesi Açık Veri Portalı
pharmacy:1864:38.393737:27.169961,pharmacy,Pharmacy,IHLAMUR ECZANESİ,38.393737,27.169961,BUCA 1,,MENDERES MAH. ERDEM CAD. NO:191/A,02324200484,,,2026-09-20T07:31:15.702Z,COMPLETE_FOR_MAPPABLE_ROWS,api,Tüm eczaneler,https://acikveri.bizizmir.com/dataset/nobetci-eczaneler-ve-eczane-listesi,CC BY 4.0,İzmir Büyükşehir Belediyesi Açık Veri Portalı
pharmacy:1865:38.394087:27.152649,pharmacy,Pharmacy,GALEN ECZANESİ,38.394087,27.152649,ŞİRİNYER,,GÜVEN MAH. ONAT CAD. NO:33/A,02324485014,,,2026-09-20T07:31:15.702Z,COMPLETE_FOR_MAPPABLE_ROWS,api,Tüm eczaneler,https://acikveri.bizizmir.com/dataset/nobetci-eczaneler-ve-eczane-listesi,CC BY 4.0,İzmir Büyükşehir Belediyesi Açık Veri Portalı
pharmacy:1866:38.39028:27.163138,pharmacy,Pharmacy,POZİTİF ECZANESİ,38.39028,27.163138,ŞİRİNYER,,VALİ RAHMİ BEY MAH. MENDERES CAD. NO:91/B,02324489656,,,2026-09-20T07:31:15.702Z,COMPLETE_FOR_MAPPABLE_ROWS,api,Tüm eczaneler,https://acikveri.bizizmir.com/dataset/nobetci-eczaneler-ve-eczane-listesi,CC BY 4.0,İzmir Büyükşehir Belediyesi Açık Veri Portalı
pharmacy:1867:38.464881:27.22226,pharmacy,Pharmacy,ADALI ECZANESİ,38.464881,27.22226,BORNOVA 1,,ERZENE MAH. KAZIM KARABEKİR CAD. NO:35/C,02323733235,,,2026-09-20T07:31:15.702Z,COMPLETE_FOR_MAPPABLE_ROWS,api,Tüm eczaneler,https://acikveri.bizizmir.com/dataset/nobetci-eczaneler-ve-eczane-listesi,CC BY 4.0,İzmir Büyükşehir Belediyesi Açık Veri Portalı
pharmacy:1868:38.388067:27.162172,pharmacy,Pharmacy,LEMAN ECZANESİ,38.388067,27.162172,BUCA 1,,VALİ RAHMİ BEY MAH. FORBES SOK. NO:161/A,02324263656,,,2026-09-20T07:31:15.702Z,COMPLETE_FOR_MAPPABLE_ROWS,api,Tüm eczaneler,https://acikveri.bizizmir.com/dataset/nobetci-eczaneler-ve-eczane-listesi,CC BY 4.0,İzmir Büyükşehir Belediyesi Açık Veri Portalı
pharmacy:1869:38.463003:27.115367,pharmacy,Pharmacy,AYÇE ECZANESİ,38.463003,27.115367,KARŞIYAKA 2,,BAHARİYE MAH. DOÇ. DR. BAHRİYE ÜÇOK BULVARI NO:20/A,02323727695,,,2026-09-20T07:31:15.702Z,COMPLETE_FOR_MAPPABLE_ROWS,api,Tüm eczaneler,https://acikveri.bizizmir.com/dataset/nobetci-eczaneler-ve-eczane-listesi,CC BY 4.0,İzmir Büyükşehir Belediyesi Açık Veri Portalı
pharmacy:1870:38.384805:27.184072,pharmacy,Pharmacy,KÖŞE BUCA ECZANESİ,38.384805,27.184072,EVKA 1,,ADATEPE MAH. 3 SOK. NO:39/A,02326833238,,,2026-09-20T07:31:15.702Z,COMPLETE_FOR_MAPPABLE_ROWS,api,Tüm eczaneler,https://acikveri.bizizmir.com/dataset/nobetci-eczaneler-ve-eczane-listesi,CC BY 4.0,İzmir Büyükşehir Belediyesi Açık Veri Portalı
pharmacy:1871:38.398678:27.111173,pharmacy,Pharmacy,ÇINAR ECZANESİ,38.398678,27.111173,YEŞİLYURT,,GÖKDERE CAD. NO:35/A-YESILYURT,02322446019,,,2026-09-20T07:31:15.702Z,COMPLETE_FOR_MAPPABLE_ROWS,api,Tüm eczaneler,https://acikveri.bizizmir.com/dataset/nobetci-eczaneler-ve-eczane-listesi,CC BY 4.0,İzmir Büyükşehir Belediyesi Açık Veri Portalı
pharmacy:1872:38.474401:27.112362,pharmacy,Pharmacy,KUŞDEMİR ECZANESİ,38.474401,27.112362,KARŞIYAKA 4,,İMBATLI MAH. 6076/3 SOK. NO:3/A MEDİCALPOİNT HASTANESİ SAĞ YANI,02325044616,,,2026-09-20T07:31:15.702Z,COMPLETE_FOR_MAPPABLE_ROWS,api,Tüm eczaneler,https://acikveri.bizizmir.com/dataset/nobetci-eczaneler-ve-eczane-listesi,CC BY 4.0,İzmir Büyükşehir Belediyesi Açık Veri Portalı
pharmacy:1873:38.459086:27.107683,pharmacy,Pharmacy,VEYSANOĞLU ECZANESİ,38.459086,27.107683,KARŞIYAKA 2,,GİRNE BULVARI NO:76,02323648588,,,2026-09-20T07:31:15.702Z,COMPLETE_FOR_MAPPABLE_ROWS,api,Tüm eczaneler,https://acikveri.bizizmir.com/dataset/nobetci-eczaneler-ve-eczane-listesi,CC BY 4.0,İzmir Büyükşehir Belediyesi Açık Veri Portalı
pharmacy:1874:38.474468:27.106097,pharmacy,Pharmacy,İNALTEKİN ECZANESİ,38.474468,27.106097,KARŞIYAKA 4,,İMBATLI MAH. 6092/1 SOK. NO:1/A,02329999912,,,2026-09-20T07:31:15.702Z,COMPLETE_FOR_MAPPABLE_ROWS,api,Tüm eczaneler,https://acikveri.bizizmir.com/dataset/nobetci-eczaneler-ve-eczane-listesi,CC BY 4.0,İzmir Büyükşehir Belediyesi Açık Veri Portalı
pharmacy:1875:38.376762:27.147347,pharmacy,Pharmacy,BUCA ŞEBNEM ECZANESİ,38.376762,27.147347,GEDİZ,,FIRAT MAH. 287/3 SK. NO:9/C,02322750102,,,2026-09-20T07:31:15.702Z,COMPLETE_FOR_MAPPABLE_ROWS,api,Tüm eczaneler,https://acikveri.bizizmir.com/dataset/nobetci-eczaneler-ve-eczane-listesi,CC BY 4.0,İzmir Büyükşehir Belediyesi Açık Veri Portalı
pharmacy:1876:38.475096:27.112885,pharmacy,Pharmacy,OKSİJEN ECZANESİ,38.475096,27.112885,KARŞIYAKA 4,,ÖRNEKKÖY MAH. 1847 SOK. NO:14/1A,02323663565,,,2026-09-20T07:31:15.702Z,COMPLETE_FOR_MAPPABLE_ROWS,api,Tüm eczaneler,https://acikveri.bizizmir.com/dataset/nobetci-eczaneler-ve-eczane-listesi,CC BY 4.0,İzmir Büyükşehir Belediyesi Açık Veri Portalı
pharmacy:1877:38.6092:27.0715,pharmacy,Pharmacy,YENİ OGUZ ECZANESİ,38.6092,27.0715,MENEMEN,,KASIMPASA MAH.ATATÜRK CAD. NO:18/A,02328327071,,,2026-09-20T07:31:15.702Z,COMPLETE_FOR_MAPPABLE_ROWS,api,Tüm eczaneler,https://acikveri.bizizmir.com/dataset/nobetci-eczaneler-ve-eczane-listesi,CC BY 4.0,İzmir Büyükşehir Belediyesi Açık Veri Portalı
pharmacy:1878:38.424391:27.167213,pharmacy,Pharmacy,NEFES ECZANESİ,38.424391,27.167213,YENİŞEHİR,,YENİŞEHİR MAH. GAZİLER CAD. NO:341/B,02324579637,,,2026-09-20T07:31:15.702Z,COMPLETE_FOR_MAPPABLE_ROWS,api,Tüm eczaneler,https://acikveri.bizizmir.com/dataset/nobetci-eczaneler-ve-eczane-listesi,CC BY 4.0,İzmir Büyükşehir Belediyesi Açık Veri Portalı
pharmacy:1879:38.486607:27.062858,pharmacy,Pharmacy,ÇELEBİ ECZANESİ,38.486607,27.062858,ÇİĞLİ,,ATAŞEHİR MAH. NAZIM HİKMET RAN CAD. NO:9/A,02323295575,,,2026-09-20T07:31:15.702Z,COMPLETE_FOR_MAPPABLE_ROWS,api,Tüm eczaneler,https://acikveri.bizizmir.com/dataset/nobetci-eczaneler-ve-eczane-listesi,CC BY 4.0,İzmir Büyükşehir Belediyesi Açık Veri Portalı
pharmacy:1880:38.456815:27.110394,pharmacy,Pharmacy,ÇAĞRI ECZANESİ,38.456815,27.110394,KARŞIYAKA 1,,AKSOY MAH. 1767 SOK. NO:24/A,02323645911,,,2026-09-20T07:31:15.702Z,COMPLETE_FOR_MAPPABLE_ROWS,api,Tüm eczaneler,https://acikveri.bizizmir.com/dataset/nobetci-eczaneler-ve-eczane-listesi,CC BY 4.0,İzmir Büyükşehir Belediyesi Açık Veri Portalı
pharmacy:1881:38.432609:27.149808,pharmacy,Pharmacy,FUAT ECZANESİ,38.432609,27.149808,ALSANCAK,,MİMAR SİNAN MAH. 1420 SOK. NO:98/D,02324042555,,,2026-09-20T07:31:15.702Z,COMPLETE_FOR_MAPPABLE_ROWS,api,Tüm eczaneler,https://acikveri.bizizmir.com/dataset/nobetci-eczaneler-ve-eczane-listesi,CC BY 4.0,İzmir Büyükşehir Belediyesi Açık Veri Portalı
pharmacy:1883:38.457694:27.099033,pharmacy,Pharmacy,BARLAS ECZANESİ,38.457694,27.099033,KARŞIYAKA 3,,BOSTANLI MAH. 1799 SOK. NO:14/A,02323301160,,,2026-09-20T07:31:15.702Z,COMPLETE_FOR_MAPPABLE_ROWS,api,Tüm eczaneler,https://acikveri.bizizmir.com/dataset/nobetci-eczaneler-ve-eczane-listesi,CC BY 4.0,İzmir Büyükşehir Belediyesi Açık Veri Portalı
pharmacy:1884:38.3917:27.1708,pharmacy,Pharmacy,YENİ PELİN ECZANESİ,38.3917,27.1708,BUCA 1,,118 SK. NO:26/B,02324401894,,,2026-09-20T07:31:15.702Z,COMPLETE_FOR_MAPPABLE_ROWS,api,Tüm eczaneler,https://acikveri.bizizmir.com/dataset/nobetci-eczaneler-ve-eczane-listesi,CC BY 4.0,İzmir Büyükşehir Belediyesi Açık Veri Portalı
pharmacy:1885:39.104151:27.16674,pharmacy,Pharmacy,DENİZ ECZANESİ,39.104151,27.16674,BERGAMA,,FATİH MAH. TUNA CAD. NO:28/A,02326323636,,,2026-09-20T07:31:15.702Z,COMPLETE_FOR_MAPPABLE_ROWS,api,Tüm eczaneler,https://acikveri.bizizmir.com/dataset/nobetci-eczaneler-ve-eczane-listesi,CC BY 4.0,İzmir Büyükşehir Belediyesi Açık Veri Portalı
pharmacy:1886:38.464766:27.199629,pharmacy,Pharmacy,SEMA ECZANESİ,38.464766,27.199629,BORNOVA 3,,MANAVKUYU MAH. 250 SOK. NO:8/D,02323434918,,,2026-09-20T07:31:15.702Z,COMPLETE_FOR_MAPPABLE_ROWS,api,Tüm eczaneler,https://acikveri.bizizmir.com/dataset/nobetci-eczaneler-ve-eczane-listesi,CC BY 4.0,İzmir Büyükşehir Belediyesi Açık Veri Portalı
pharmacy:1887:38.472161:27.086123,pharmacy,Pharmacy,ATLAS ECZANESİ,38.472161,27.086123,KARŞIYAKA 3,,YALI MAH. 6471/5 SOK. NO:3/B (ATAKENT KIRÇİÇEĞİ RESTORANT ARKASI) (BAŞKENT ZÜBEYDE HANIM HASTANESİ MAVİŞEHİR EK BİNASI YANI),02323303444,,,2026-09-20T07:31:15.702Z,COMPLETE_FOR_MAPPABLE_ROWS,api,Tüm eczaneler,https://acikveri.bizizmir.com/dataset/nobetci-eczaneler-ve-eczane-listesi,CC BY 4.0,İzmir Büyükşehir Belediyesi Açık Veri Portalı
pharmacy:1888:38.401138:27.110218,pharmacy,Pharmacy,ATALAR ECZANESİ,38.401138,27.110218,HATAY,,ARAP HASAN MH. 235 SK. NO:70/A,02322434425,,,2026-09-20T07:31:15.702Z,COMPLETE_FOR_MAPPABLE_ROWS,api,Tüm eczaneler,https://acikveri.bizizmir.com/dataset/nobetci-eczaneler-ve-eczane-listesi,CC BY 4.0,İzmir Büyükşehir Belediyesi Açık Veri Portalı
pharmacy:1889:38.43666:27.198967,pharmacy,Pharmacy,YENI KÖSEOGLU ECZANESİ,38.43666,27.198967,ÇAMDİBİ,,5373 SOK. NO:50/B RAFETPASA MAH. ÇAMDIBI,02324357776,,,2026-09-20T07:31:15.702Z,COMPLETE_FOR_MAPPABLE_ROWS,api,Tüm eczaneler,https://acikveri.bizizmir.com/dataset/nobetci-eczaneler-ve-eczane-listesi,CC BY 4.0,İzmir Büyükşehir Belediyesi Açık Veri Portalı
pharmacy:1890:38.454398:27.114597,pharmacy,Pharmacy,KARSIYAKA ÇINAR ECZANESİ,38.454398,27.114597,KARŞIYAKA 1,,DONANMACI MAH. 1728 SOK. NO:68/B,02323687476,,,2026-09-20T07:31:15.702Z,COMPLETE_FOR_MAPPABLE_ROWS,api,Tüm eczaneler,https://acikveri.bizizmir.com/dataset/nobetci-eczaneler-ve-eczane-listesi,CC BY 4.0,İzmir Büyükşehir Belediyesi Açık Veri Portalı
pharmacy:1891:38.470031:27.166693,pharmacy,Pharmacy,CEYHAN ECZANESİ,38.470031,27.166693,BAYRAKLI,,ALPARSLAN MAH. 1620/15 SOK. NO:7/1B,02323454523,,,2026-09-20T07:31:15.702Z,COMPLETE_FOR_MAPPABLE_ROWS,api,Tüm eczaneler,https://acikveri.bizizmir.com/dataset/nobetci-eczaneler-ve-eczane-listesi,CC BY 4.0,İzmir Büyükşehir Belediyesi Açık Veri Portalı
pharmacy:1892:38.433063:27.149703,pharmacy,Pharmacy,DİRİL ECZANESİ,38.433063,27.149703,ALSANCAK,,MİMAR SİNAN MAH. 1359 SOK. NO:1/A,02324640181,,,2026-09-20T07:31:15.702Z,COMPLETE_FOR_MAPPABLE_ROWS,api,Tüm eczaneler,https://acikveri.bizizmir.com/dataset/nobetci-eczaneler-ve-eczane-listesi,CC BY 4.0,İzmir Büyükşehir Belediyesi Açık Veri Portalı
pharmacy:1893:38.437367:27.188979,pharmacy,Pharmacy,NİLÜFER ECE ECZANESİ,38.437367,27.188979,ÇAMDİBİ,,BARBAROS MAH. BURAK REİS CAD. NO:106,02324351122,,,2026-09-20T07:31:15.702Z,COMPLETE_FOR_MAPPABLE_ROWS,api,Tüm eczaneler,https://acikveri.bizizmir.com/dataset/nobetci-eczaneler-ve-eczane-listesi,CC BY 4.0,İzmir Büyükşehir Belediyesi Açık Veri Portalı
pharmacy:1894:38.400862:27.128265,pharmacy,Pharmacy,RÜZGAR ECZANESİ,38.400862,27.128265,EŞREFPAŞA,,GÜNEŞLİ MAH. 526 SOK. NO:17/C,02322503762,,,2026-09-20T07:31:15.702Z,COMPLETE_FOR_MAPPABLE_ROWS,api,Tüm eczaneler,https://acikveri.bizizmir.com/dataset/nobetci-eczaneler-ve-eczane-listesi,CC BY 4.0,İzmir Büyükşehir Belediyesi Açık Veri Portalı
pharmacy:1895:38.463117:27.116269,pharmacy,Pharmacy,KUMADA ECZANESİ,38.463117,27.116269,KARŞIYAKA 2,,BAHARİYE MAH. ZÜBEYDE HANIM CAD. NO:96/B,02323655585,,,2026-09-20T07:31:15.702Z,COMPLETE_FOR_MAPPABLE_ROWS,api,Tüm eczaneler,https://acikveri.bizizmir.com/dataset/nobetci-eczaneler-ve-eczane-listesi,CC BY 4.0,İzmir Büyükşehir Belediyesi Açık Veri Portalı
pharmacy:1897:38.467996:27.088141,pharmacy,Pharmacy,KARŞIYAKA ATA ECZANESİ,38.467996,27.088141,KARŞIYAKA 3,,YALI MAH. CAHER DUDAYEV BULVARI NO:119/A,02323308959,,,2026-09-20T07:31:15.702Z,COMPLETE_FOR_MAPPABLE_ROWS,api,Tüm eczaneler,https://acikveri.bizizmir.com/dataset/nobetci-eczaneler-ve-eczane-listesi,CC BY 4.0,İzmir Büyükşehir Belediyesi Açık Veri Portalı
pharmacy:1898:38.425029:27.423145,pharmacy,Pharmacy,YASİN ECZANESİ,38.425029,27.423145,KEMALPAŞA,,SOĞUKPINAR MAH. İNÖNÜ CAD. NO:38/A,02325990078,,,2026-09-20T07:31:15.702Z,COMPLETE_FOR_MAPPABLE_ROWS,api,Tüm eczaneler,https://acikveri.bizizmir.com/dataset/nobetci-eczaneler-ve-eczane-listesi,CC BY 4.0,İzmir Büyükşehir Belediyesi Açık Veri Portalı
pharmacy:1899:38.440905:27.256401,pharmacy,Pharmacy,AYBÜKE ECZANESİ,38.440905,27.256401,BORNOVA 4,,PINAR CAD. NO:120/B PINARBASI,02324798891,,,2026-09-20T07:31:15.702Z,COMPLETE_FOR_MAPPABLE_ROWS,api,Tüm eczaneler,https://acikveri.bizizmir.com/dataset/nobetci-eczaneler-ve-eczane-listesi,CC BY 4.0,İzmir Büyükşehir Belediyesi Açık Veri Portalı
pharmacy:1900:38.454471:27.2679,pharmacy,Pharmacy,ELIGÜR ECZANESİ,38.454471,27.2679,BORNOVA 4,,NALDÖKEN MAH. ATATÜRK CAD. NO:38,02324784508,,,2026-09-20T07:31:15.702Z,COMPLETE_FOR_MAPPABLE_ROWS,api,Tüm eczaneler,https://acikveri.bizizmir.com/dataset/nobetci-eczaneler-ve-eczane-listesi,CC BY 4.0,İzmir Büyükşehir Belediyesi Açık Veri Portalı
pharmacy:1901:38.449125:27.234511,pharmacy,Pharmacy,MEVLANA ECZANESİ,38.449125,27.234511,BORNOVA 4,,MEVLANA MAH. 1731 SOK. NO:10/B,02323399100,,,2026-09-20T07:31:15.702Z,COMPLETE_FOR_MAPPABLE_ROWS,api,Tüm eczaneler,https://acikveri.bizizmir.com/dataset/nobetci-eczaneler-ve-eczane-listesi,CC BY 4.0,İzmir Büyükşehir Belediyesi Açık Veri Portalı
pharmacy:1902:38.448307:27.229513,pharmacy,Pharmacy,AÇIKYOL ECZANESİ,38.448307,27.229513,BORNOVA 4,,MEVLANA MAH. 1754 SOKAK NO:34/1 BORNOVA,02323746249,,,2026-09-20T07:31:15.702Z,COMPLETE_FOR_MAPPABLE_ROWS,api,Tüm eczaneler,https://acikveri.bizizmir.com/dataset/nobetci-eczaneler-ve-eczane-listesi,CC BY 4.0,İzmir Büyükşehir Belediyesi Açık Veri Portalı
pharmacy:1903:38.55254:27.049669,pharmacy,Pharmacy,EGE SEYHAN ECZANESİ,38.55254,27.049669,MENEMEN 2,,30 AGUSTOS MAH. 7124 SOK NO:4/C/A,02328383676,,,2026-09-20T07:31:15.702Z,COMPLETE_FOR_MAPPABLE_ROWS,api,Tüm eczaneler,https://acikveri.bizizmir.com/dataset/nobetci-eczaneler-ve-eczane-listesi,CC BY 4.0,İzmir Büyükşehir Belediyesi Açık Veri Portalı
pharmacy:1904:38.511749:27.046701,pharmacy,Pharmacy,BEGÜL ECZANESİ,38.511749,27.046701,ÇİĞLİ,,8791 SOKAK NO:9 BALATÇIK,02323762395,,,2026-09-20T07:31:15.702Z,COMPLETE_FOR_MAPPABLE_ROWS,api,Tüm eczaneler,https://acikveri.bizizmir.com/dataset/nobetci-eczaneler-ve-eczane-listesi,CC BY 4.0,İzmir Büyükşehir Belediyesi Açık Veri Portalı
pharmacy:1905:38.518175:27.055593,pharmacy,Pharmacy,EYLÜL ECZANESİ,38.518175,27.055593,ÇİĞLİ,,8809 SK. NO:141 P.19 EVKA 5,02323841474,,,2026-09-20T07:31:15.702Z,COMPLETE_FOR_MAPPABLE_ROWS,api,Tüm eczaneler,https://acikveri.bizizmir.com/dataset/nobetci-eczaneler-ve-eczane-listesi,CC BY 4.0,İzmir Büyükşehir Belediyesi Açık Veri Portalı
pharmacy:1906:38.530921:27.050859,pharmacy,Pharmacy,HARMANDALI ECZANESİ,38.530921,27.050859,ÇİĞLİ,,INÖNÜ MAH.HALILKUYUSU CAD.NO:12/AHARMANDALI,02328390266,,,2026-09-20T07:31:15.702Z,COMPLETE_FOR_MAPPABLE_ROWS,api,Tüm eczaneler,https://acikveri.bizizmir.com/dataset/nobetci-eczaneler-ve-eczane-listesi,CC BY 4.0,İzmir Büyükşehir Belediyesi Açık Veri Portalı
pharmacy:1907:38.518209:27.055973,pharmacy,Pharmacy,SU ECZANESİ,38.518209,27.055973,ÇİĞLİ,,EVKA-5 MAH. 8930 SOK NO 5/A(MİGROS YANI),02323841515,,,2026-09-20T07:31:15.702Z,COMPLETE_FOR_MAPPABLE_ROWS,api,Tüm eczaneler,https://acikveri.bizizmir.com/dataset/nobetci-eczaneler-ve-eczane-listesi,CC BY 4.0,İzmir Büyükşehir Belediyesi Açık Veri Portalı
pharmacy:1908:38.576672:27.066487,pharmacy,Pharmacy,KOYUNDERE ECZANESİ,38.576672,27.066487,MENEMEN 2,,ULUS MAH.7503 SOK.NO.9/A KOYUNDERE,02328461123,,,2026-09-20T07:31:15.702Z,COMPLETE_FOR_MAPPABLE_ROWS,api,Tüm eczaneler,https://acikveri.bizizmir.com/dataset/nobetci-eczaneler-ve-eczane-listesi,CC BY 4.0,İzmir Büyükşehir Belediyesi Açık Veri Portalı
pharmacy:1909:38.547202:27.03751,pharmacy,Pharmacy,YENİ ÖZTÜRK ECZANESİ,38.547202,27.03751,MENEMEN 2,,29 EKIM MAH 6.CAD.NO:8/A MENEMEN,02328321434,,,2026-09-20T07:31:15.702Z,COMPLETE_FOR_MAPPABLE_ROWS,api,Tüm eczaneler,https://acikveri.bizizmir.com/dataset/nobetci-eczaneler-ve-eczane-listesi,CC BY 4.0,İzmir Büyükşehir Belediyesi Açık Veri Portalı
pharmacy:1910:38.556285:27.049517,pharmacy,Pharmacy,NESRIN ECZANESİ,38.556285,27.049517,MENEMEN 2,,ULUKENT 30 AGUSTOS MAH. 7122 SOKAK NO:7/A-H MENEMEN,02328381180,,,2026-09-20T07:31:15.702Z,COMPLETE_FOR_MAPPABLE_ROWS,api,Tüm eczaneler,https://acikveri.bizizmir.com/dataset/nobetci-eczaneler-ve-eczane-listesi,CC BY 4.0,İzmir Büyükşehir Belediyesi Açık Veri Portalı
pharmacy:1911:38.441715:27.257843,pharmacy,Pharmacy,HAKAN YILMAZ ECZANESİ,38.441715,27.257843,BORNOVA 4,,7306 SOK. NO:28/A ÜMIT MAH.,02324786463,,,2026-09-20T07:31:15.702Z,COMPLETE_FOR_MAPPABLE_ROWS,api,Tüm eczaneler,https://acikveri.bizizmir.com/dataset/nobetci-eczaneler-ve-eczane-listesi,CC BY 4.0,İzmir Büyükşehir Belediyesi Açık Veri Portalı
pharmacy:1912:38.447408:27.24874,pharmacy,Pharmacy,ÖKKAN ECZANESİ,38.447408,27.24874,BORNOVA 4,,DOĞANLAR MAH. 1517 SOK. NO:39/A,02324797511,,,2026-09-20T07:31:15.702Z,COMPLETE_FOR_MAPPABLE_ROWS,api,Tüm eczaneler,https://acikveri.bizizmir.com/dataset/nobetci-eczaneler-ve-eczane-listesi,CC BY 4.0,İzmir Büyükşehir Belediyesi Açık Veri Portalı
pharmacy:1913:38.454387:27.268903,pharmacy,Pharmacy,GÜVENER ECZANESİ,38.454387,27.268903,BORNOVA 4,,NALDÖKEN MAH.INÖNÜ SOK.NO.16/B,02324784838,,,2026-09-20T07:31:15.702Z,COMPLETE_FOR_MAPPABLE_ROWS,api,Tüm eczaneler,https://acikveri.bizizmir.com/dataset/nobetci-eczaneler-ve-eczane-listesi,CC BY 4.0,İzmir Büyükşehir Belediyesi Açık Veri Portalı
pharmacy:1914:38.522667:27.043334,pharmacy,Pharmacy,BEGÜM ECZANESİ,38.522667,27.043334,ÇİĞLİ,,UĞUR MUMCU MH. 8968/1 SK. NO:1/A,02328392233,,,2026-09-20T07:31:15.702Z,COMPLETE_FOR_MAPPABLE_ROWS,api,Tüm eczaneler,https://acikveri.bizizmir.com/dataset/nobetci-eczaneler-ve-eczane-listesi,CC BY 4.0,İzmir Büyükşehir Belediyesi Açık Veri Portalı
pharmacy:1915:38.523019:27.043884,pharmacy,Pharmacy,DURU SU ECZANESİ,38.523019,27.043884,ÇİĞLİ,,UĞUR MUMCU MAH. 8968 SOK. NO:11/A,02328390004,,,2026-09-20T07:31:15.702Z,COMPLETE_FOR_MAPPABLE_ROWS,api,Tüm eczaneler,https://acikveri.bizizmir.com/dataset/nobetci-eczaneler-ve-eczane-listesi,CC BY 4.0,İzmir Büyükşehir Belediyesi Açık Veri Portalı
pharmacy:1916:38.51171:27.047998,pharmacy,Pharmacy,NEFES ECZANESİ,38.51171,27.047998,ÇİĞLİ,,BALATÇIK MAH. 8791 SOK. NO:22/A,02323290919,,,2026-09-20T07:31:15.702Z,COMPLETE_FOR_MAPPABLE_ROWS,api,Tüm eczaneler,https://acikveri.bizizmir.com/dataset/nobetci-eczaneler-ve-eczane-listesi,CC BY 4.0,İzmir Büyükşehir Belediyesi Açık Veri Portalı
pharmacy:1917:38.159056:27.361181,pharmacy,Pharmacy,ÜMİT ECZANESİ,38.159056,27.361181,TORBALI,,ERTUĞRUL MAH. TORBALI CAD. NO:44/1B,02328960735,,,2026-09-20T07:31:15.702Z,COMPLETE_FOR_MAPPABLE_ROWS,api,Tüm eczaneler,https://acikveri.bizizmir.com/dataset/nobetci-eczaneler-ve-eczane-listesi,CC BY 4.0,İzmir Büyükşehir Belediyesi Açık Veri Portalı
pharmacy:1918:38.448597:27.233137,pharmacy,Pharmacy,MEVLANA ŞİFA ECZANESİ,38.448597,27.233137,BORNOVA 4,,MEVLANA M. 1727 SK. NO:46/A,02323744411,,,2026-09-20T07:31:15.702Z,COMPLETE_FOR_MAPPABLE_ROWS,api,Tüm eczaneler,https://acikveri.bizizmir.com/dataset/nobetci-eczaneler-ve-eczane-listesi,CC BY 4.0,İzmir Büyükşehir Belediyesi Açık Veri Portalı
pharmacy:1919:38.322199:27.128592,pharmacy,Pharmacy,ÜLKER ECZANESİ,38.322199,27.128592,GAZİEMİR,,GAZİ MAH. ÖNDER CAD. NO:23/D,02322517270,,,2026-09-20T07:31:15.702Z,COMPLETE_FOR_MAPPABLE_ROWS,api,Tüm eczaneler,https://acikveri.bizizmir.com/dataset/nobetci-eczaneler-ve-eczane-listesi,CC BY 4.0,İzmir Büyükşehir Belediyesi Açık Veri Portalı
pharmacy:1920:38.577044:27.066476,pharmacy,Pharmacy,DEFNE SU ECZANESİ,38.577044,27.066476,MENEMEN 2,,ULUS MH. 7503 SK. NO:15/A,02328462323,,,2026-09-20T07:31:15.702Z,COMPLETE_FOR_MAPPABLE_ROWS,api,Tüm eczaneler,https://acikveri.bizizmir.com/dataset/nobetci-eczaneler-ve-eczane-listesi,CC BY 4.0,İzmir Büyükşehir Belediyesi Açık Veri Portalı
pharmacy:1921:38.55294:27.049722,pharmacy,Pharmacy,ULUKENT ECZANESİ,38.55294,27.049722,MENEMEN 2,,30 AĞUSTOS MH. 7124 SK. NO:4EB,02329991238,,,2026-09-20T07:31:15.702Z,COMPLETE_FOR_MAPPABLE_ROWS,api,Tüm eczaneler,https://acikveri.bizizmir.com/dataset/nobetci-eczaneler-ve-eczane-listesi,CC BY 4.0,İzmir Büyükşehir Belediyesi Açık Veri Portalı
pharmacy:1922:38.556297:27.048833,pharmacy,Pharmacy,ŞEN ECZANESİ,38.556297,27.048833,MENEMEN 2,,30 AĞUSTOS MAH. 4. CAD. NO:11/B,02329997395,,,2026-09-20T07:31:15.702Z,COMPLETE_FOR_MAPPABLE_ROWS,api,Tüm eczaneler,https://acikveri.bizizmir.com/dataset/nobetci-eczaneler-ve-eczane-listesi,CC BY 4.0,İzmir Büyükşehir Belediyesi Açık Veri Portalı
pharmacy:1923:38.553066:27.049792,pharmacy,Pharmacy,NİL SEL ECZANESİ,38.553066,27.049792,MENEMEN 2,,30 AĞUSTOS MAH. 7124 SOK. NO:4FD,02329990353,,,2026-09-20T07:31:15.702Z,COMPLETE_FOR_MAPPABLE_ROWS,api,Tüm eczaneler,https://acikveri.bizizmir.com/dataset/nobetci-eczaneler-ve-eczane-listesi,CC BY 4.0,İzmir Büyükşehir Belediyesi Açık Veri Portalı
pharmacy:1924:38.218088:27.959677,pharmacy,Pharmacy,DUYGU ECZANESİ,38.218088,27.959677,ÖDEMİŞ,,ÜÇ EYLÜL MAH. 2021 SOK. NO:4/A,02325998010,,,2026-09-20T07:31:15.702Z,COMPLETE_FOR_MAPPABLE_ROWS,api,Tüm eczaneler,https://acikveri.bizizmir.com/dataset/nobetci-eczaneler-ve-eczane-listesi,CC BY 4.0,İzmir Büyükşehir Belediyesi Açık Veri Portalı
pharmacy:1925:38.545721:27.037899,pharmacy,Pharmacy,BOSTANLI NAR ECZANESİ,38.545721,27.037899,MENEMEN 2,,29 EKİM MAHALLESİ 180 SOKAK NO:4/2A MENEMEN,02328334277,,,2026-09-20T07:31:15.702Z,COMPLETE_FOR_MAPPABLE_ROWS,api,Tüm eczaneler,https://acikveri.bizizmir.com/dataset/nobetci-eczaneler-ve-eczane-listesi,CC BY 4.0,İzmir Büyükşehir Belediyesi Açık Veri Portalı
pharmacy:1926:38.45027:27.238287,pharmacy,Pharmacy,BORNOVA AKSAHIN ECZANESİ,38.45027,27.238287,BORNOVA 4,,MEVLANA MH. 1700 SK. NO:37/B,02323730690,,,2026-09-20T07:31:15.702Z,COMPLETE_FOR_MAPPABLE_ROWS,api,Tüm eczaneler,https://acikveri.bizizmir.com/dataset/nobetci-eczaneler-ve-eczane-listesi,CC BY 4.0,İzmir Büyükşehir Belediyesi Açık Veri Portalı
pharmacy:1927:38.51095:27.041611,pharmacy,Pharmacy,ELİF ECZANESİ,38.51095,27.041611,ÇİĞLİ,,BALATÇIK MAH. 8788 SOK. NO:15/A,02327818707,,,2026-09-20T07:31:15.702Z,COMPLETE_FOR_MAPPABLE_ROWS,api,Tüm eczaneler,https://acikveri.bizizmir.com/dataset/nobetci-eczaneler-ve-eczane-listesi,CC BY 4.0,İzmir Büyükşehir Belediyesi Açık Veri Portalı
pharmacy:1928:38.459945:27.120724,pharmacy,Pharmacy,CEYLAN ECZANESİ,38.459945,27.120724,KARŞIYAKA 1,,ALAYBEY MAH. 1690 SOK. NO:134/A,02323232324,,,2026-09-20T07:31:15.702Z,COMPLETE_FOR_MAPPABLE_ROWS,api,Tüm eczaneler,https://acikveri.bizizmir.com/dataset/nobetci-eczaneler-ve-eczane-listesi,CC BY 4.0,İzmir Büyükşehir Belediyesi Açık Veri Portalı
pharmacy:1929:38.550989:27.045011,pharmacy,Pharmacy,ÇAĞIL ECZANESİ,38.550989,27.045011,MENEMEN 2,,30 AĞUSTOS MAH. 4. CADDE B3 BLOK NO:29/B MENEMEN,02329999406,,,2026-09-20T07:31:15.702Z,COMPLETE_FOR_MAPPABLE_ROWS,api,Tüm eczaneler,https://acikveri.bizizmir.com/dataset/nobetci-eczaneler-ve-eczane-listesi,CC BY 4.0,İzmir Büyükşehir Belediyesi Açık Veri Portalı
pharmacy:1930:38.449163:27.230685,pharmacy,Pharmacy,BAYSAL ECZANESİ,38.449163,27.230685,BORNOVA 4,,BORNOVA MEVLANA MAHALLESİ 1751 SOKAK NO:9,02323393321,,,2026-09-20T07:31:15.702Z,COMPLETE_FOR_MAPPABLE_ROWS,api,Tüm eczaneler,https://acikveri.bizizmir.com/dataset/nobetci-eczaneler-ve-eczane-listesi,CC BY 4.0,İzmir Büyükşehir Belediyesi Açık Veri Portalı
pharmacy:1931:38.395031:27.075393,pharmacy,Pharmacy,MAVİ ECZANESİ,38.395031,27.075393,HATAY,,MUAMMER AKAR MAH. İNÖNÜ CAD. NO:815/A,02322242021,,,2026-09-20T07:31:15.702Z,COMPLETE_FOR_MAPPABLE_ROWS,api,Tüm eczaneler,https://acikveri.bizizmir.com/dataset/nobetci-eczaneler-ve-eczane-listesi,CC BY 4.0,İzmir Büyükşehir Belediyesi Açık Veri Portalı
pharmacy:1932:38.55627:27.049349,pharmacy,Pharmacy,GÜLİN ECZANESİ,38.55627,27.049349,MENEMEN 2,,30 AĞUSTOS MAH. 7122 SOK. A BLOK NO:7/AL,02328383525,,,2026-09-20T07:31:15.702Z,COMPLETE_FOR_MAPPABLE_ROWS,api,Tüm eczaneler,https://acikveri.bizizmir.com/dataset/nobetci-eczaneler-ve-eczane-listesi,CC BY 4.0,İzmir Büyükşehir Belediyesi Açık Veri Portalı
pharmacy:1933:38.447901:27.229714,pharmacy,Pharmacy,BİLGİLİ ECZANESİ,38.447901,27.229714,BORNOVA 4,,MEVLANA MAH. 1754/1 SOK. NO:4/A,02323739585,,,2026-09-20T07:31:15.702Z,COMPLETE_FOR_MAPPABLE_ROWS,api,Tüm eczaneler,https://acikveri.bizizmir.com/dataset/nobetci-eczaneler-ve-eczane-listesi,CC BY 4.0,İzmir Büyükşehir Belediyesi Açık Veri Portalı
pharmacy:1934:38.453869:27.252998,pharmacy,Pharmacy,BERRAK ECZANESİ,38.453869,27.252998,BORNOVA 4,,DOĞANLAR MAH. 1440 SOK. NO:4/A,02324783600,,,2026-09-20T07:31:15.702Z,COMPLETE_FOR_MAPPABLE_ROWS,api,Tüm eczaneler,https://acikveri.bizizmir.com/dataset/nobetci-eczaneler-ve-eczane-listesi,CC BY 4.0,İzmir Büyükşehir Belediyesi Açık Veri Portalı
pharmacy:1935:38.4517:27.248269,pharmacy,Pharmacy,FUNDA ECZANESİ,38.4517,27.248269,BORNOVA 4,,DOĞANLAR MAH. 1550 SOK. NO:51/C,02323429402,,,2026-09-20T07:31:15.702Z,COMPLETE_FOR_MAPPABLE_ROWS,api,Tüm eczaneler,https://acikveri.bizizmir.com/dataset/nobetci-eczaneler-ve-eczane-listesi,CC BY 4.0,İzmir Büyükşehir Belediyesi Açık Veri Portalı
pharmacy:1936:38.576752:27.066492,pharmacy,Pharmacy,AKMAN ECZANESİ,38.576752,27.066492,MENEMEN 2,,ULUS MAH. 7503 SOK. NO:11/A,02321708918,,,2026-09-20T07:31:15.702Z,COMPLETE_FOR_MAPPABLE_ROWS,api,Tüm eczaneler,https://acikveri.bizizmir.com/dataset/nobetci-eczaneler-ve-eczane-listesi,CC BY 4.0,İzmir Büyükşehir Belediyesi Açık Veri Portalı
pharmacy:1937:38.452856:27.250367,pharmacy,Pharmacy,DOĞANLAR ECZANESİ,38.452856,27.250367,BORNOVA 4,,DOĞANLAR MAH. 1454/1 SOK. NO:1,02324781403,,,2026-09-20T07:31:15.702Z,COMPLETE_FOR_MAPPABLE_ROWS,api,Tüm eczaneler,https://acikveri.bizizmir.com/dataset/nobetci-eczaneler-ve-eczane-listesi,CC BY 4.0,İzmir Büyükşehir Belediyesi Açık Veri Portalı
pharmacy:1938:38.465951:27.222929,pharmacy,Pharmacy,FERİDE ER ECZANESİ,38.465951,27.222929,BORNOVA 1,,ERZENE MAH. 75 SOK. NO:22/F,02329998489,,,2026-09-20T07:31:15.702Z,COMPLETE_FOR_MAPPABLE_ROWS,api,Tüm eczaneler,https://acikveri.bizizmir.com/dataset/nobetci-eczaneler-ve-eczane-listesi,CC BY 4.0,İzmir Büyükşehir Belediyesi Açık Veri Portalı
pharmacy:1939:38.373502:27.163628,pharmacy,Pharmacy,DOĞAN ECZANESİ,38.373502,27.163628,BUCA 2,,YENİGÜN MH. GAZETECİ YAZAR İSMAİL SİVRİ BULVARI NO:184/AD,02329999298,,,2026-09-20T07:31:15.702Z,COMPLETE_FOR_MAPPABLE_ROWS,api,Tüm eczaneler,https://acikveri.bizizmir.com/dataset/nobetci-eczaneler-ve-eczane-listesi,CC BY 4.0,İzmir Büyükşehir Belediyesi Açık Veri Portalı
pharmacy:1940:38.39073:27.159443,pharmacy,Pharmacy,HAZAL ALKAN ECZANESİ,38.39073,27.159443,ŞİRİNYER,,MENDERES CAD. NO:145/C,02324873246,,,2026-09-20T07:31:15.702Z,COMPLETE_FOR_MAPPABLE_ROWS,api,Tüm eczaneler,https://acikveri.bizizmir.com/dataset/nobetci-eczaneler-ve-eczane-listesi,CC BY 4.0,İzmir Büyükşehir Belediyesi Açık Veri Portalı
pharmacy:1941:38.60619:27.075197,pharmacy,Pharmacy,YAVUZ ECZANESİ,38.60619,27.075197,MENEMEN,,ESATPAŞA MAH. 1. ABDİ İPEKÇİ GEÇİDİ SOK. NO:23/A,02321025899,,,2026-09-20T07:31:15.702Z,COMPLETE_FOR_MAPPABLE_ROWS,api,Tüm eczaneler,https://acikveri.bizizmir.com/dataset/nobetci-eczaneler-ve-eczane-listesi,CC BY 4.0,İzmir Büyükşehir Belediyesi Açık Veri Portalı
pharmacy:1942:38.606216:27.075244,pharmacy,Pharmacy,YAVUZ ECZANESİ,38.606216,27.075244,MENEMEN,,ESATPAŞA MAH. 1. ABDİ İPEKÇİ GEÇİDİ SOK. NO:23/A,02325229991,,,2026-09-20T07:31:15.702Z,COMPLETE_FOR_MAPPABLE_ROWS,api,Tüm eczaneler,https://acikveri.bizizmir.com/dataset/nobetci-eczaneler-ve-eczane-listesi,CC BY 4.0,İzmir Büyükşehir Belediyesi Açık Veri Portalı
pharmacy:1943:38.576735:27.066491,pharmacy,Pharmacy,AKMAN ECZANESİ,38.576735,27.066491,MENEMEN 2,,ULUS MAH. 7503 SOK. NO:11/A,02321708919,,,2026-09-20T07:31:15.702Z,COMPLETE_FOR_MAPPABLE_ROWS,api,Tüm eczaneler,https://acikveri.bizizmir.com/dataset/nobetci-eczaneler-ve-eczane-listesi,CC BY 4.0,İzmir Büyükşehir Belediyesi Açık Veri Portalı
pharmacy:1944:38.395039:26.746881,pharmacy,Pharmacy,ÇESMEALTI ECZANESİ,38.395039,26.746881,ÇEŞMEALTI,,OKUL CAD.NO:46 ÇESMEALTI,02327551738,,,2026-09-20T07:31:15.702Z,COMPLETE_FOR_MAPPABLE_ROWS,api,Tüm eczaneler,https://acikveri.bizizmir.com/dataset/nobetci-eczaneler-ve-eczane-listesi,CC BY 4.0,İzmir Büyükşehir Belediyesi Açık Veri Portalı
pharmacy:1945:38.368106:26.837361,pharmacy,Pharmacy,URLA BASAR ECZANESİ,38.368106,26.837361,ZEYTİNALANI,,M.FEVZI ÇAKMAK MAH. N. KEMAL BULV. NO:27/13,02327663516,,,2026-09-20T07:31:15.702Z,COMPLETE_FOR_MAPPABLE_ROWS,api,Tüm eczaneler,https://acikveri.bizizmir.com/dataset/nobetci-eczaneler-ve-eczane-listesi,CC BY 4.0,İzmir Büyükşehir Belediyesi Açık Veri Portalı
pharmacy:1946:38.36288:26.77259,pharmacy,Pharmacy,İSKELE ECZANESİ,38.36288,26.77259,İSKELE,,İSKELE MAH. İSKELE CAD. NO:19/B,02327523761,,,2026-09-20T07:31:15.702Z,COMPLETE_FOR_MAPPABLE_ROWS,api,Tüm eczaneler,https://acikveri.bizizmir.com/dataset/nobetci-eczaneler-ve-eczane-listesi,CC BY 4.0,İzmir Büyükşehir Belediyesi Açık Veri Portalı
pharmacy:1947:38.362833:26.772096,pharmacy,Pharmacy,TOPKAYA ECZANESİ,38.362833,26.772096,İSKELE,,MITHATPASA CAD. 118/B ISKELE,02327522673,,,2026-09-20T07:31:15.702Z,COMPLETE_FOR_MAPPABLE_ROWS,api,Tüm eczaneler,https://acikveri.bizizmir.com/dataset/nobetci-eczaneler-ve-eczane-listesi,CC BY 4.0,İzmir Büyükşehir Belediyesi Açık Veri Portalı
pharmacy:1948:38.368004:26.836762,pharmacy,Pharmacy,ZEYTİNALANI ECZANESİ,38.368004,26.836762,ZEYTİNALANI,,ISMET INÖNÜ CAD.NO:4/2 ZEYTINALANI MAH.,02327664043,,,2026-09-20T07:31:15.702Z,COMPLETE_FOR_MAPPABLE_ROWS,api,Tüm eczaneler,https://acikveri.bizizmir.com/dataset/nobetci-eczaneler-ve-eczane-listesi,CC BY 4.0,İzmir Büyükşehir Belediyesi Açık Veri Portalı
pharmacy:1949:38.390722:26.747033,pharmacy,Pharmacy,UMUT ECZANESİ,38.390722,26.747033,ÇEŞMEALTI,,DENİZLİ MAH. 113 SOK. NO:6/A,02327554279,,,2026-09-20T07:31:15.702Z,COMPLETE_FOR_MAPPABLE_ROWS,api,Tüm eczaneler,https://acikveri.bizizmir.com/dataset/nobetci-eczaneler-ve-eczane-listesi,CC BY 4.0,İzmir Büyükşehir Belediyesi Açık Veri Portalı
pharmacy:1950:38.361683:26.778074,pharmacy,Pharmacy,ILKE ECZANESİ,38.361683,26.778074,İSKELE,,ATATÜRK MAH. M.FEVZI ÇAKMAK CAD. NO:292/B,02327522728,,,2026-09-20T07:31:15.702Z,COMPLETE_FOR_MAPPABLE_ROWS,api,Tüm eczaneler,https://acikveri.bizizmir.com/dataset/nobetci-eczaneler-ve-eczane-listesi,CC BY 4.0,İzmir Büyükşehir Belediyesi Açık Veri Portalı
pharmacy:1951:38.367147:26.836871,pharmacy,Pharmacy,HAYATİ BEY ECZANESİ,38.367147,26.836871,ZEYTİNALANI,,MAREŞAL FEVZİ ÇAKMAK MAH. İSMET İNÖNÜ BULV. NO:13/A,02327663005,,,2026-09-20T07:31:15.702Z,COMPLETE_FOR_MAPPABLE_ROWS,api,Tüm eczaneler,https://acikveri.bizizmir.com/dataset/nobetci-eczaneler-ve-eczane-listesi,CC BY 4.0,İzmir Büyükşehir Belediyesi Açık Veri Portalı
pharmacy:1952:38.390634:26.747354,pharmacy,Pharmacy,MEHMETÇİK ECZANESİ,38.390634,26.747354,ÇEŞMEALTI,,DENİZLİ MAH. 113 SK NO: 3/B,02327554027,,,2026-09-20T07:31:15.702Z,COMPLETE_FOR_MAPPABLE_ROWS,api,Tüm eczaneler,https://acikveri.bizizmir.com/dataset/nobetci-eczaneler-ve-eczane-listesi,CC BY 4.0,İzmir Büyükşehir Belediyesi Açık Veri Portalı
pharmacy:1953:38.393619:26.747363,pharmacy,Pharmacy,BENGİ ECZANESİ,38.393619,26.747363,ÇEŞMEALTI,,GÜVENDİK MAH. MEHMET ALİ AYGÜVEN CAD. NO:140/A,02327552332,,,2026-09-20T07:31:15.702Z,COMPLETE_FOR_MAPPABLE_ROWS,api,Tüm eczaneler,https://acikveri.bizizmir.com/dataset/nobetci-eczaneler-ve-eczane-listesi,CC BY 4.0,İzmir Büyükşehir Belediyesi Açık Veri Portalı
pharmacy:1954:38.453596:27.183179,pharmacy,Pharmacy,BOTANİK ECZANESİ,38.453596,27.183179,BORNOVA 3,,MANSUROĞLU MAH. 286/8 SOK. NO:1/B,02325026000,,,2026-09-20T07:31:15.702Z,COMPLETE_FOR_MAPPABLE_ROWS,api,Tüm eczaneler,https://acikveri.bizizmir.com/dataset/nobetci-eczaneler-ve-eczane-listesi,CC BY 4.0,İzmir Büyükşehir Belediyesi Açık Veri Portalı
pharmacy:1955:38.78893:26.974748,pharmacy,Pharmacy,AKTAŞ ECZANESİ,38.78893,26.974748,ALİAĞA,,YENİ MAHALLESİ CENGİZ TOPEL CAD. NO:33/F,02323191878,,,2026-09-20T07:31:15.702Z,COMPLETE_FOR_MAPPABLE_ROWS,api,Tüm eczaneler,https://acikveri.bizizmir.com/dataset/nobetci-eczaneler-ve-eczane-listesi,CC BY 4.0,İzmir Büyükşehir Belediyesi Açık Veri Portalı
pharmacy:1956:38.500153:27.051286,pharmacy,Pharmacy,TURGAY ECZANESİ,38.500153,27.051286,ÇİĞLİ,,YENİMAHALLE MAH 8764/5 SOK NO:24/A,02323722005,,,2026-09-20T07:31:15.702Z,COMPLETE_FOR_MAPPABLE_ROWS,api,Tüm eczaneler,https://acikveri.bizizmir.com/dataset/nobetci-eczaneler-ve-eczane-listesi,CC BY 4.0,İzmir Büyükşehir Belediyesi Açık Veri Portalı
pharmacy:1957:38.453869:27.252998,pharmacy,Pharmacy,BERRAK ECZANESİ,38.453869,27.252998,BORNOVA 4,,DOĞANLAR MAH. 1440 SOK. NO:4/A,02324783600,,,2026-09-20T07:31:15.702Z,COMPLETE_FOR_MAPPABLE_ROWS,api,Tüm eczaneler,https://acikveri.bizizmir.com/dataset/nobetci-eczaneler-ve-eczane-listesi,CC BY 4.0,İzmir Büyükşehir Belediyesi Açık Veri Portalı
pharmacy:1958:38.42726:27.428233,pharmacy,Pharmacy,İREM ECZANESİ,38.42726,27.428233,KEMALPAŞA,,MEHMET AKİF ERSOY MAH. KİRAZLI CAD. NO:241/A,02328784070,,,2026-09-20T07:31:15.702Z,COMPLETE_FOR_MAPPABLE_ROWS,api,Tüm eczaneler,https://acikveri.bizizmir.com/dataset/nobetci-eczaneler-ve-eczane-listesi,CC BY 4.0,İzmir Büyükşehir Belediyesi Açık Veri Portalı
pharmacy:1959:38.254398:27.131018,pharmacy,Pharmacy,İPEK ECZANESİ,38.254398,27.131018,MENDERES,,KEMALPAŞA MAH. ATATÜRK CAD. NO:62/D,02325022025,,,2026-09-20T07:31:15.702Z,COMPLETE_FOR_MAPPABLE_ROWS,api,Tüm eczaneler,https://acikveri.bizizmir.com/dataset/nobetci-eczaneler-ve-eczane-listesi,CC BY 4.0,İzmir Büyükşehir Belediyesi Açık Veri Portalı
pharmacy:1960:38.239367:27.135654,pharmacy,Pharmacy,BETÜL ECZANESİ,38.239367,27.135654,MENDERES,,CÜNEYTBEY MAH. 683 SOK. NO:1/C,02327824917,,,2026-09-20T07:31:15.702Z,COMPLETE_FOR_MAPPABLE_ROWS,api,Tüm eczaneler,https://acikveri.bizizmir.com/dataset/nobetci-eczaneler-ve-eczane-listesi,CC BY 4.0,İzmir Büyükşehir Belediyesi Açık Veri Portalı
pharmacy:1961:38.425706:27.139316,pharmacy,Pharmacy,İLAYDA ECZANESİ,38.425706,27.139316,ALSANCAK-BASMANE,,İSMET KAPTAN MAH. ŞAİR EŞREF BULVARI NO:22/H,02324413105,,,2026-09-20T07:31:15.702Z,COMPLETE_FOR_MAPPABLE_ROWS,api,Tüm eczaneler,https://acikveri.bizizmir.com/dataset/nobetci-eczaneler-ve-eczane-listesi,CC BY 4.0,İzmir Büyükşehir Belediyesi Açık Veri Portalı
pharmacy:1962:38.355784:26.308199,pharmacy,Pharmacy,ASLI ECZANESİ,38.355784,26.308199,ÇEŞME,,DALYAN MAH. 4218 SOK. NO:1/A,02322532135,,,2026-09-20T07:31:15.702Z,COMPLETE_FOR_MAPPABLE_ROWS,api,Tüm eczaneler,https://acikveri.bizizmir.com/dataset/nobetci-eczaneler-ve-eczane-listesi,CC BY 4.0,İzmir Büyükşehir Belediyesi Açık Veri Portalı
pharmacy:1963:38.325753:26.307831,pharmacy,Pharmacy,ATASOY ECZANESİ,38.325753,26.307831,ÇEŞME,,İSMET İNÖNÜ MAH. 2001 SOK. NO:84/B,02327121258,,,2026-09-20T07:31:15.702Z,COMPLETE_FOR_MAPPABLE_ROWS,api,Tüm eczaneler,https://acikveri.bizizmir.com/dataset/nobetci-eczaneler-ve-eczane-listesi,CC BY 4.0,İzmir Büyükşehir Belediyesi Açık Veri Portalı
pharmacy:1964:38.513267:27.0392,pharmacy,Pharmacy,FLORA ECZANESİ,38.513267,27.0392,ÇİĞLİ,,BALATÇIK MAH. 8788/7 SOK. NO:4/D,02329484002,,,2026-09-20T07:31:15.702Z,COMPLETE_FOR_MAPPABLE_ROWS,api,Tüm eczaneler,https://acikveri.bizizmir.com/dataset/nobetci-eczaneler-ve-eczane-listesi,CC BY 4.0,İzmir Büyükşehir Belediyesi Açık Veri Portalı
pharmacy:1965:38.500018:27.051192,pharmacy,Pharmacy,KAAN ECZANESİ,38.500018,27.051192,ÇİĞLİ,,YENİ MAHALLE MAH. 8764/5 SOK. NO:22/B(ÇİĞLİ EĞİTİM ARAŞTIRMA HAST. ACİL ÇIKISI KARŞISI)0507 608 10 60,02326081060,,,2026-09-20T07:31:15.702Z,COMPLETE_FOR_MAPPABLE_ROWS,api,Tüm eczaneler,https://acikveri.bizizmir.com/dataset/nobetci-eczaneler-ve-eczane-listesi,CC BY 4.0,İzmir Büyükşehir Belediyesi Açık Veri Portalı
pharmacy:1966:38.240544:27.275743,pharmacy,Pharmacy,GÜVEN ECZANESİ,38.240544,27.275743,AYRANCILAR,,AYRANCILAR MAH. İZMİR AYDIN CAD. B BLOK NO:118/1A(MEDİFAMA HASTANESİ YANI),02325028485,,,2026-09-20T07:31:15.702Z,COMPLETE_FOR_MAPPABLE_ROWS,api,Tüm eczaneler,https://acikveri.bizizmir.com/dataset/nobetci-eczaneler-ve-eczane-listesi,CC BY 4.0,İzmir Büyükşehir Belediyesi Açık Veri Portalı
pharmacy:1967:38.457774:27.119603,pharmacy,Pharmacy,YAŞAM ECZANESİ,38.457774,27.119603,KARŞIYAKA 1,,TUNA MAH. 1690 SOK. NO:65/A,02323231517,,,2026-09-20T07:31:15.702Z,COMPLETE_FOR_MAPPABLE_ROWS,api,Tüm eczaneler,https://acikveri.bizizmir.com/dataset/nobetci-eczaneler-ve-eczane-listesi,CC BY 4.0,İzmir Büyükşehir Belediyesi Açık Veri Portalı
pharmacy:1968:38.415934:27.172843,pharmacy,Pharmacy,IRMAK ECZANESİ,38.415934,27.172843,GÜLTEPE,,ZEYBEK MAH. 2388 SOK. NO:4/A,02324578080,,,2026-09-20T07:31:15.702Z,COMPLETE_FOR_MAPPABLE_ROWS,api,Tüm eczaneler,https://acikveri.bizizmir.com/dataset/nobetci-eczaneler-ve-eczane-listesi,CC BY 4.0,İzmir Büyükşehir Belediyesi Açık Veri Portalı
pharmacy:1969:38.239369:27.135488,pharmacy,Pharmacy,CANAN ECZANESİ,38.239369,27.135488,MENDERES,,CÜNEYT BEY MAH. 683 SOK. NO:1/A,02327827876,,,2026-09-20T07:31:15.702Z,COMPLETE_FOR_MAPPABLE_ROWS,api,Tüm eczaneler,https://acikveri.bizizmir.com/dataset/nobetci-eczaneler-ve-eczane-listesi,CC BY 4.0,İzmir Büyükşehir Belediyesi Açık Veri Portalı
pharmacy:1970:38.460082:27.114327,pharmacy,Pharmacy,ELİT ECZANESİ,38.460082,27.114327,KARŞIYAKA 2,,BAHRİYE ÜÇOK MAH. DOÇ. DR. BAHRİYE ÜÇOK BULVARI NO:9/1,02329998491,,,2026-09-20T07:31:15.702Z,COMPLETE_FOR_MAPPABLE_ROWS,api,Tüm eczaneler,https://acikveri.bizizmir.com/dataset/nobetci-eczaneler-ve-eczane-listesi,CC BY 4.0,İzmir Büyükşehir Belediyesi Açık Veri Portalı
pharmacy:1971:38.150007:27.354301,pharmacy,Pharmacy,BERKE ECZANESİ,38.150007,27.354301,TORBALI,,MURATBEY MAH. ATİLLA SUNAR CAD. NO:47,02328569375,,,2026-09-20T07:31:15.702Z,COMPLETE_FOR_MAPPABLE_ROWS,api,Tüm eczaneler,https://acikveri.bizizmir.com/dataset/nobetci-eczaneler-ve-eczane-listesi,CC BY 4.0,İzmir Büyükşehir Belediyesi Açık Veri Portalı
pharmacy:1972:38.465579:27.2224,pharmacy,Pharmacy,ÜMİT ECZANESİ,38.465579,27.2224,BORNOVA 1,,ERZENE MAH. 75 SOK. NO:16/A,02323881769,,,2026-09-20T07:31:15.702Z,COMPLETE_FOR_MAPPABLE_ROWS,api,Tüm eczaneler,https://acikveri.bizizmir.com/dataset/nobetci-eczaneler-ve-eczane-listesi,CC BY 4.0,İzmir Büyükşehir Belediyesi Açık Veri Portalı
pharmacy:1973:38.4592:27.2513,pharmacy,Pharmacy,ALTINBAŞ ECZANESİ,38.4592,27.2513,BORNOVA 4,,129 SOKAK NO:1/B EVKA-3 BORNOVA,02323755288,,,2026-09-20T07:31:15.702Z,COMPLETE_FOR_MAPPABLE_ROWS,api,Tüm eczaneler,https://acikveri.bizizmir.com/dataset/nobetci-eczaneler-ve-eczane-listesi,CC BY 4.0,İzmir Büyükşehir Belediyesi Açık Veri Portalı
pharmacy:1974:38.4457:27.251169,pharmacy,Pharmacy,ERMAN ECZANESİ,38.4457,27.251169,BORNOVA 4,,DOĞANLAR MAH. 1497 SOK. NO:58/A,02324797007,,,2026-09-20T07:31:15.702Z,COMPLETE_FOR_MAPPABLE_ROWS,api,Tüm eczaneler,https://acikveri.bizizmir.com/dataset/nobetci-eczaneler-ve-eczane-listesi,CC BY 4.0,İzmir Büyükşehir Belediyesi Açık Veri Portalı
pharmacy:1975:38.797609:26.974415,pharmacy,Pharmacy,SARITAŞ ECZANESİ,38.797609,26.974415,ALİAĞA,,KURTULUŞ MAH. FEVZİ PAŞA CAD. NO:127/D,02326164985,,,2026-09-20T07:31:15.702Z,COMPLETE_FOR_MAPPABLE_ROWS,api,Tüm eczaneler,https://acikveri.bizizmir.com/dataset/nobetci-eczaneler-ve-eczane-listesi,CC BY 4.0,İzmir Büyükşehir Belediyesi Açık Veri Portalı
pharmacy:1976:38.435577:27.18154,pharmacy,Pharmacy,UYGAR ECZANESİ,38.435577,27.18154,ÇAMDİBİ,,BARBAROS MAH. REFİK TULGA CAD. NO:3(ŞOK MARKET KARŞISI DAP iZMİR ALTI),02325202898,,,2026-09-20T07:31:15.702Z,COMPLETE_FOR_MAPPABLE_ROWS,api,Tüm eczaneler,https://acikveri.bizizmir.com/dataset/nobetci-eczaneler-ve-eczane-listesi,CC BY 4.0,İzmir Büyükşehir Belediyesi Açık Veri Portalı
pharmacy:1977:38.084322:27.722947,pharmacy,Pharmacy,DOĞA ECZANESİ,38.084322,27.722947,TİRE,,TURAN MAH. BEYLERDERESİ CAD. NO:2(KESİKBAŞ MEVKİİ YENİ İLÇE SAĞLIK BİNASI YANI ),02325111235,,,2026-09-20T07:31:15.702Z,COMPLETE_FOR_MAPPABLE_ROWS,api,Tüm eczaneler,https://acikveri.bizizmir.com/dataset/nobetci-eczaneler-ve-eczane-listesi,CC BY 4.0,İzmir Büyükşehir Belediyesi Açık Veri Portalı
pharmacy:1978:38.457424:27.106872,pharmacy,Pharmacy,UMAY ECZANESİ,38.457424,27.106872,KARŞIYAKA 3,,BOSTANLI MAH. GİRNE BULV. NO:71/A,02323230203,,,2026-09-20T07:31:15.702Z,COMPLETE_FOR_MAPPABLE_ROWS,api,Tüm eczaneler,https://acikveri.bizizmir.com/dataset/nobetci-eczaneler-ve-eczane-listesi,CC BY 4.0,İzmir Büyükşehir Belediyesi Açık Veri Portalı
pharmacy:1979:38.302099:27.173426,pharmacy,Pharmacy,BALKAN ECZANESİ,38.302099,27.173426,SARNIÇ,,FATİH MAH. 1099 SOK. NO:70/C,02328851923,,,2026-09-20T07:31:15.702Z,COMPLETE_FOR_MAPPABLE_ROWS,api,Tüm eczaneler,https://acikveri.bizizmir.com/dataset/nobetci-eczaneler-ve-eczane-listesi,CC BY 4.0,İzmir Büyükşehir Belediyesi Açık Veri Portalı
pharmacy:1980:38.361415:27.14275,pharmacy,Pharmacy,SERRA ECZANESİ,38.361415,27.14275,GEDİZ,,İNÖNÜ MAH. 670/1 SOK. NO:42/A,02320399972,,,2026-09-20T07:31:15.702Z,COMPLETE_FOR_MAPPABLE_ROWS,api,Tüm eczaneler,https://acikveri.bizizmir.com/dataset/nobetci-eczaneler-ve-eczane-listesi,CC BY 4.0,İzmir Büyükşehir Belediyesi Açık Veri Portalı
pharmacy:1981:38.078202:26.956477,pharmacy,Pharmacy,GÜLCE ECZANESİ,38.078202,26.956477,GÜMÜLDÜR-ÜRKMEZ,,ÜRKMEZ CD BENGİLER MH NO 107 ÜRKMEZ/SEFERİHİSAR /İZMİR,02327421677,,,2026-09-20T07:31:15.702Z,COMPLETE_FOR_MAPPABLE_ROWS,api,Tüm eczaneler,https://acikveri.bizizmir.com/dataset/nobetci-eczaneler-ve-eczane-listesi,CC BY 4.0,İzmir Büyükşehir Belediyesi Açık Veri Portalı
pharmacy:1982:38.078297:26.95589,pharmacy,Pharmacy,ÜRKMEZ ECZANESİ,38.078297,26.95589,GÜMÜLDÜR-ÜRKMEZ,,BENGİLER MAH.ÜRKMEZ CAD. NO:101/A ÜRKMEZ,02327421704,,,2026-09-20T07:31:15.702Z,COMPLETE_FOR_MAPPABLE_ROWS,api,Tüm eczaneler,https://acikveri.bizizmir.com/dataset/nobetci-eczaneler-ve-eczane-listesi,CC BY 4.0,İzmir Büyükşehir Belediyesi Açık Veri Portalı
pharmacy:1983:38.3931:27.0353,pharmacy,Pharmacy,İNCİRALTI ECZANESİ,38.3931,27.0353,İNCİRALTI,,KORUTÜRK MAH. MİTHATPAŞA CAD. NO:283/C İNCİRALTI,02328629994,,,2026-09-20T07:31:15.702Z,COMPLETE_FOR_MAPPABLE_ROWS,api,Tüm eczaneler,https://acikveri.bizizmir.com/dataset/nobetci-eczaneler-ve-eczane-listesi,CC BY 4.0,İzmir Büyükşehir Belediyesi Açık Veri Portalı
pharmacy:1984:38.079549:26.957288,pharmacy,Pharmacy,ÇAĞLA ECZANESİ,38.079549,26.957288,GÜMÜLDÜR-ÜRKMEZ,,MERSİNALANI MAH. CUMHURİYET CAD. NO:49/A,02327422000,,,2026-09-20T07:31:15.702Z,COMPLETE_FOR_MAPPABLE_ROWS,api,Tüm eczaneler,https://acikveri.bizizmir.com/dataset/nobetci-eczaneler-ve-eczane-listesi,CC BY 4.0,İzmir Büyükşehir Belediyesi Açık Veri Portalı
pharmacy:1985:38.19121:26.784998,pharmacy,Pharmacy,TEOS ECZANESİ,38.19121,26.784998,SEFERİHİSAR-SIĞACIK BÖLGESİ,,SIGACIK MAH. AKKUM CAD NO 35/A,02327457648,,,2026-09-20T07:31:15.702Z,COMPLETE_FOR_MAPPABLE_ROWS,api,Tüm eczaneler,https://acikveri.bizizmir.com/dataset/nobetci-eczaneler-ve-eczane-listesi,CC BY 4.0,İzmir Büyükşehir Belediyesi Açık Veri Portalı
pharmacy:1986:38.192633:26.785834,pharmacy,Pharmacy,SIĞACIK ECZANESİ,38.192633,26.785834,SEFERİHİSAR-SIĞACIK BÖLGESİ,,SIĞACIK MAH. AKKUM CAD. NO:9/C,02327432233,,,2026-09-20T07:31:15.702Z,COMPLETE_FOR_MAPPABLE_ROWS,api,Tüm eczaneler,https://acikveri.bizizmir.com/dataset/nobetci-eczaneler-ve-eczane-listesi,CC BY 4.0,İzmir Büyükşehir Belediyesi Açık Veri Portalı
pharmacy:1987:38.192572:26.785809,pharmacy,Pharmacy,SIĞACIK ATA ECZANESİ,38.192572,26.785809,SEFERİHİSAR-SIĞACIK BÖLGESİ,,SIĞACIK MAH. AKKUM CAD. NO:9/E,02327433500,,,2026-09-20T07:31:15.702Z,COMPLETE_FOR_MAPPABLE_ROWS,api,Tüm eczaneler,https://acikveri.bizizmir.com/dataset/nobetci-eczaneler-ve-eczane-listesi,CC BY 4.0,İzmir Büyükşehir Belediyesi Açık Veri Portalı
pharmacy:1988:38.376859:27.108344,pharmacy,Pharmacy,YASEMİN BİLGİN ECZANESİ,38.376859,27.108344,ESKİİZMİR-CENNETÇEŞME,,KİBAR MAH. ESKİ İZMİR CAD. NO:429-499,02322653332,,,2026-09-20T07:31:15.702Z,COMPLETE_FOR_MAPPABLE_ROWS,api,Tüm eczaneler,https://acikveri.bizizmir.com/dataset/nobetci-eczaneler-ve-eczane-listesi,CC BY 4.0,İzmir Büyükşehir Belediyesi Açık Veri Portalı
pharmacy:1989:39.108348:27.174227,pharmacy,Pharmacy,EYMEN ECZANESİ,39.108348,27.174227,BERGAMA,,MALTEPE MAH. KAYMAKAM KEMAL BEY CAD. NO:190/A,02325047689,,,2026-09-20T07:31:15.702Z,COMPLETE_FOR_MAPPABLE_ROWS,api,Tüm eczaneler,https://acikveri.bizizmir.com/dataset/nobetci-eczaneler-ve-eczane-listesi,CC BY 4.0,İzmir Büyükşehir Belediyesi Açık Veri Portalı
pharmacy:1990:38.239335:27.136004,pharmacy,Pharmacy,ÖZGE ECZANESİ,38.239335,27.136004,MENDERES,,CÜNEYTBEY MAH. 683 SOK. NO:3AA,02325028584,,,2026-09-20T07:31:15.702Z,COMPLETE_FOR_MAPPABLE_ROWS,api,Tüm eczaneler,https://acikveri.bizizmir.com/dataset/nobetci-eczaneler-ve-eczane-listesi,CC BY 4.0,İzmir Büyükşehir Belediyesi Açık Veri Portalı
pharmacy:1991:38.448071:27.229566,pharmacy,Pharmacy,SÖZERİ ECZANESİ,38.448071,27.229566,BORNOVA 4,,MEVLANA MAH. 1754 SOK. NO:38,02325028612,,,2026-09-20T07:31:15.702Z,COMPLETE_FOR_MAPPABLE_ROWS,api,Tüm eczaneler,https://acikveri.bizizmir.com/dataset/nobetci-eczaneler-ve-eczane-listesi,CC BY 4.0,İzmir Büyükşehir Belediyesi Açık Veri Portalı
pharmacy:1992:38.453869:27.252998,pharmacy,Pharmacy,BERRAK ECZANESİ,38.453869,27.252998,BORNOVA 4,,DOĞANLAR MAH. 1440 SOK. NO:4/A,02324783600,,,2026-09-20T07:31:15.702Z,COMPLETE_FOR_MAPPABLE_ROWS,api,Tüm eczaneler,https://acikveri.bizizmir.com/dataset/nobetci-eczaneler-ve-eczane-listesi,CC BY 4.0,İzmir Büyükşehir Belediyesi Açık Veri Portalı
pharmacy:1993:38.193817:26.838472,pharmacy,Pharmacy,MANDARİN ECZANESİ,38.193817,26.838472,SEFERİHİSAR,,HIDIRLIK MAH. İNÖNÜ CAD. NO:3/A,02320256149,,,2026-09-20T07:31:15.702Z,COMPLETE_FOR_MAPPABLE_ROWS,api,Tüm eczaneler,https://acikveri.bizizmir.com/dataset/nobetci-eczaneler-ve-eczane-listesi,CC BY 4.0,İzmir Büyükşehir Belediyesi Açık Veri Portalı
pharmacy:1994:38.161567:27.348407,pharmacy,Pharmacy,CUMHURİYET ECZANESİ,38.161567,27.348407,TORBALI,,CUMHURİYET MAH. 2026 SOK. NO:7/4A(HALK YAPI HACI NURŞEN HÜSNÜ AY CAMİ KARŞISI),02328561997,,,2026-09-20T07:31:15.702Z,COMPLETE_FOR_MAPPABLE_ROWS,api,Tüm eczaneler,https://acikveri.bizizmir.com/dataset/nobetci-eczaneler-ve-eczane-listesi,CC BY 4.0,İzmir Büyükşehir Belediyesi Açık Veri Portalı
pharmacy:1995:38.195946:26.843901,pharmacy,Pharmacy,BULVAR ECZANESİ,38.195946,26.843901,SEFERİHİSAR,,TURABİYE MAH. 52/4 SOK. NO:62/A,02325028975,,,2026-09-20T07:31:15.702Z,COMPLETE_FOR_MAPPABLE_ROWS,api,Tüm eczaneler,https://acikveri.bizizmir.com/dataset/nobetci-eczaneler-ve-eczane-listesi,CC BY 4.0,İzmir Büyükşehir Belediyesi Açık Veri Portalı
pharmacy:1996:38.400901:27.127746,pharmacy,Pharmacy,YAREN ECZANESİ,38.400901,27.127746,EŞREFPAŞA,,GÜNEŞLİ MAH. 526 SOK. NO:21/A,02322627777,,,2026-09-20T07:31:15.702Z,COMPLETE_FOR_MAPPABLE_ROWS,api,Tüm eczaneler,https://acikveri.bizizmir.com/dataset/nobetci-eczaneler-ve-eczane-listesi,CC BY 4.0,İzmir Büyükşehir Belediyesi Açık Veri Portalı
pharmacy:1997:38.227348:27.96756,pharmacy,Pharmacy,DERMAN ECZANESİ,38.227348,27.96756,ÖDEMİŞ,,ÜÇ EYLÜL MAH. GENÇLİK CAD. NO:2/A,02325993849,,,2026-09-20T07:31:15.702Z,COMPLETE_FOR_MAPPABLE_ROWS,api,Tüm eczaneler,https://acikveri.bizizmir.com/dataset/nobetci-eczaneler-ve-eczane-listesi,CC BY 4.0,İzmir Büyükşehir Belediyesi Açık Veri Portalı
pharmacy:1998:38.164852:27.360441,pharmacy,Pharmacy,SELİN ECZANESİ,38.164852,27.360441,TORBALI,,ALPKENT MAH. NACİ TUNCEL CAD. NO:59/A(İZSU YANI),02325028361,,,2026-09-20T07:31:15.702Z,COMPLETE_FOR_MAPPABLE_ROWS,api,Tüm eczaneler,https://acikveri.bizizmir.com/dataset/nobetci-eczaneler-ve-eczane-listesi,CC BY 4.0,İzmir Büyükşehir Belediyesi Açık Veri Portalı
pharmacy:1999:38.451221:27.186532,pharmacy,Pharmacy,BAYRAKLI PLAZA ECZANESİ,38.451221,27.186532,BORNOVA 3,,MANSUROĞLU MAH. 286/1 SOK. NO:13/C,02325029581,,,2026-09-20T07:31:15.702Z,COMPLETE_FOR_MAPPABLE_ROWS,api,Tüm eczaneler,https://acikveri.bizizmir.com/dataset/nobetci-eczaneler-ve-eczane-listesi,CC BY 4.0,İzmir Büyükşehir Belediyesi Açık Veri Portalı
pharmacy:2000:38.43282:27.147049,pharmacy,Pharmacy,SUBAŞI ECZANESİ,38.43282,27.147049,ALSANCAK,,MİMAR SİNAN MAH. IŞILAY SAYGIN SOK. NO:2/A,02324633271,,,2026-09-20T07:31:15.702Z,COMPLETE_FOR_MAPPABLE_ROWS,api,Tüm eczaneler,https://acikveri.bizizmir.com/dataset/nobetci-eczaneler-ve-eczane-listesi,CC BY 4.0,İzmir Büyükşehir Belediyesi Açık Veri Portalı
pharmacy:2001:38.231042:28.205021,pharmacy,Pharmacy,BUSE ECZANESİ,38.231042,28.205021,KİRAZ,,CUMHURİYET MAH. SABİT ARLI CAD. NO:22/C,02325723242,,,2026-09-20T07:31:15.702Z,COMPLETE_FOR_MAPPABLE_ROWS,api,Tüm eczaneler,https://acikveri.bizizmir.com/dataset/nobetci-eczaneler-ve-eczane-listesi,CC BY 4.0,İzmir Büyükşehir Belediyesi Açık Veri Portalı
pharmacy:2002:38.453869:27.252998,pharmacy,Pharmacy,BERRAK ECZANESİ,38.453869,27.252998,BORNOVA 4,,DOĞANLAR MAH. 1440 SOK. NO:4/A,02324783600,,,2026-09-20T07:31:15.702Z,COMPLETE_FOR_MAPPABLE_ROWS,api,Tüm eczaneler,https://acikveri.bizizmir.com/dataset/nobetci-eczaneler-ve-eczane-listesi,CC BY 4.0,İzmir Büyükşehir Belediyesi Açık Veri Portalı
pharmacy:2003:38.453869:27.252998,pharmacy,Pharmacy,BERRAK ECZANESİ,38.453869,27.252998,BORNOVA 4,,DOĞANLAR MAH. 1440 SOK. NO:4/A,02324783600,,,2026-09-20T07:31:15.702Z,COMPLETE_FOR_MAPPABLE_ROWS,api,Tüm eczaneler,https://acikveri.bizizmir.com/dataset/nobetci-eczaneler-ve-eczane-listesi,CC BY 4.0,İzmir Büyükşehir Belediyesi Açık Veri Portalı
pharmacy:2004:38.453869:27.252998,pharmacy,Pharmacy,BERRAK ECZANESİ,38.453869,27.252998,BORNOVA 4,,DOĞANLAR MAH. 1440 SOK. NO:4/A(TEL:4783600),02324200135,,,2026-09-20T07:31:15.702Z,COMPLETE_FOR_MAPPABLE_ROWS,api,Tüm eczaneler,https://acikveri.bizizmir.com/dataset/nobetci-eczaneler-ve-eczane-listesi,CC BY 4.0,İzmir Büyükşehir Belediyesi Açık Veri Portalı
pharmacy:2005:38.489469:27.053524,pharmacy,Pharmacy,UYGAR ECZANESİ,38.489469,27.053524,ÇİĞLİ,,ATAŞEHİR MAH. 8211/8 SOK. NO:21/C,02322033135,,,2026-09-20T07:31:15.702Z,COMPLETE_FOR_MAPPABLE_ROWS,api,Tüm eczaneler,https://acikveri.bizizmir.com/dataset/nobetci-eczaneler-ve-eczane-listesi,CC BY 4.0,İzmir Büyükşehir Belediyesi Açık Veri Portalı
pharmacy:2006:38.459869:27.188278,pharmacy,Pharmacy,BAYRAKLI INCI ECZANESİ,38.459869,27.188278,BORNOVA 3,,MANAKUYU MH. ALİJA İZET BEGOVİÇ CD. NO:54/A,02326247592,,,2026-09-20T07:31:15.702Z,COMPLETE_FOR_MAPPABLE_ROWS,api,Tüm eczaneler,https://acikveri.bizizmir.com/dataset/nobetci-eczaneler-ve-eczane-listesi,CC BY 4.0,İzmir Büyükşehir Belediyesi Açık Veri Portalı
pharmacy:2007:38.493929:27.048136,pharmacy,Pharmacy,KIVANÇ ECZANESİ,38.493929,27.048136,ÇİĞLİ,,YENİMAHALLE MAH. ESKİ HAVAALANI CAD. NO:108/MD,02325048878,,,2026-09-20T07:31:15.702Z,COMPLETE_FOR_MAPPABLE_ROWS,api,Tüm eczaneler,https://acikveri.bizizmir.com/dataset/nobetci-eczaneler-ve-eczane-listesi,CC BY 4.0,İzmir Büyükşehir Belediyesi Açık Veri Portalı
pharmacy:2008:38.470383:27.166721,pharmacy,Pharmacy,GÜNDOĞDU ECZANESİ,38.470383,27.166721,BAYRAKLI,,ALPASLAN MAH. 1620/15 SOK. NO:11/A,02323717739,,,2026-09-20T07:31:15.702Z,COMPLETE_FOR_MAPPABLE_ROWS,api,Tüm eczaneler,https://acikveri.bizizmir.com/dataset/nobetci-eczaneler-ve-eczane-listesi,CC BY 4.0,İzmir Büyükşehir Belediyesi Açık Veri Portalı
pharmacy:2009:38.498016:27.049255,pharmacy,Pharmacy,GÜLDEN ECZANESİ,38.498016,27.049255,ÇİĞLİ,,YENİMAHALLE MAH. 8764/6 SOK. NO:4/A,02323293373,,,2026-09-20T07:31:15.702Z,COMPLETE_FOR_MAPPABLE_ROWS,api,Tüm eczaneler,https://acikveri.bizizmir.com/dataset/nobetci-eczaneler-ve-eczane-listesi,CC BY 4.0,İzmir Büyükşehir Belediyesi Açık Veri Portalı
pharmacy:2010:38.397137:27.085883,pharmacy,Pharmacy,LOTUS ECZANESİ,38.397137,27.085883,MİTHATPAŞA,,GÜZELYALI MAH. 56 SOK. NO:3/A,02322852858,,,2026-09-20T07:31:15.702Z,COMPLETE_FOR_MAPPABLE_ROWS,api,Tüm eczaneler,https://acikveri.bizizmir.com/dataset/nobetci-eczaneler-ve-eczane-listesi,CC BY 4.0,İzmir Büyükşehir Belediyesi Açık Veri Portalı
pharmacy:2011:38.21027:26.830533,pharmacy,Pharmacy,AKICI ECZANESİ,38.21027,26.830533,SEFERİHİSAR,,ÇOLAK İBRAHİM BEY MAH. 91 SOK. NO:19/H,02322024468,,,2026-09-20T07:31:15.702Z,COMPLETE_FOR_MAPPABLE_ROWS,api,Tüm eczaneler,https://acikveri.bizizmir.com/dataset/nobetci-eczaneler-ve-eczane-listesi,CC BY 4.0,İzmir Büyükşehir Belediyesi Açık Veri Portalı
pharmacy:2012:38.492838:27.057112,pharmacy,Pharmacy,YENİ MERKEZ ECZANESİ,38.492838,27.057112,ÇİĞLİ,,ATAŞEHİR MAH. ESKİ HAVAALANI CAD. NO:39/C,02321003500,,,2026-09-20T07:31:15.702Z,COMPLETE_FOR_MAPPABLE_ROWS,api,Tüm eczaneler,https://acikveri.bizizmir.com/dataset/nobetci-eczaneler-ve-eczane-listesi,CC BY 4.0,İzmir Büyükşehir Belediyesi Açık Veri Portalı
pharmacy:2013:38.240899:27.276189,pharmacy,Pharmacy,TÜRKER ECZANESİ,38.240899,27.276189,AYRANCILAR,,AYRANCILAR MAH. KOCATEPE CAD. NO:10/A,02328548331,,,2026-09-20T07:31:15.702Z,COMPLETE_FOR_MAPPABLE_ROWS,api,Tüm eczaneler,https://acikveri.bizizmir.com/dataset/nobetci-eczaneler-ve-eczane-listesi,CC BY 4.0,İzmir Büyükşehir Belediyesi Açık Veri Portalı
pharmacy:2014:38.552222:27.049646,pharmacy,Pharmacy,SELMA YILMAZ ECZANESİ,38.552222,27.049646,MENEMEN 2,,30 AĞUSTOS MAH. 7124 SOK. C4 BLOK NO:2/AA,02326401594,,,2026-09-20T07:31:15.702Z,COMPLETE_FOR_MAPPABLE_ROWS,api,Tüm eczaneler,https://acikveri.bizizmir.com/dataset/nobetci-eczaneler-ve-eczane-listesi,CC BY 4.0,İzmir Büyükşehir Belediyesi Açık Veri Portalı
pharmacy:2015:38.461166:27.204405,pharmacy,Pharmacy,SİNEM ÖZLEM ECZANESİ,38.461166,27.204405,BORNOVA 3,,KAZIMDİRİK MAH. MUSTAFA KEMAL CAD. NO:119/G,02323739231,,,2026-09-20T07:31:15.702Z,COMPLETE_FOR_MAPPABLE_ROWS,api,Tüm eczaneler,https://acikveri.bizizmir.com/dataset/nobetci-eczaneler-ve-eczane-listesi,CC BY 4.0,İzmir Büyükşehir Belediyesi Açık Veri Portalı
pharmacy:2016:38.547053:27.042543,pharmacy,Pharmacy,SAYDAM ECZANESİ,38.547053,27.042543,MENEMEN 2,,29 EKİM MAH. 4. CADDE NO:36/D,02328164553,,,2026-09-20T07:31:15.702Z,COMPLETE_FOR_MAPPABLE_ROWS,api,Tüm eczaneler,https://acikveri.bizizmir.com/dataset/nobetci-eczaneler-ve-eczane-listesi,CC BY 4.0,İzmir Büyükşehir Belediyesi Açık Veri Portalı
pharmacy:2017:38.395951:27.115324,pharmacy,Pharmacy,BURCU YAKAN ECZANESİ,38.395951,27.115324,YEŞİLYURT,,REİS MAH. ORDU CAD. NO:50/B,02322503763,,,2026-09-20T07:31:15.702Z,COMPLETE_FOR_MAPPABLE_ROWS,api,Tüm eczaneler,https://acikveri.bizizmir.com/dataset/nobetci-eczaneler-ve-eczane-listesi,CC BY 4.0,İzmir Büyükşehir Belediyesi Açık Veri Portalı
pharmacy:2018:38.539041:27.039406,pharmacy,Pharmacy,ÜSKÜP ECZANESİ,38.539041,27.039406,MENEMEN 2,,9 EYLÜL MAH. 253 SOK. NO:19/A,02329938979,,,2026-09-20T07:31:15.702Z,COMPLETE_FOR_MAPPABLE_ROWS,api,Tüm eczaneler,https://acikveri.bizizmir.com/dataset/nobetci-eczaneler-ve-eczane-listesi,CC BY 4.0,İzmir Büyükşehir Belediyesi Açık Veri Portalı
pharmacy:2019:38.375364:27.181066,pharmacy,Pharmacy,PAMİR ECZANESİ,38.375364,27.181066,BUCA 2,,YILDIZ MAH. HOCA AHMET YESEVİ CAD. NO:44/B,02324530973,,,2026-09-20T07:31:15.702Z,COMPLETE_FOR_MAPPABLE_ROWS,api,Tüm eczaneler,https://acikveri.bizizmir.com/dataset/nobetci-eczaneler-ve-eczane-listesi,CC BY 4.0,İzmir Büyükşehir Belediyesi Açık Veri Portalı
pharmacy:2020:38.432865:27.149753,pharmacy,Pharmacy,YUSUF ECZANESİ,38.432865,27.149753,ALSANCAK,,MİMAR SİNAN MAH. 1420 SOK. NO:100/D,02324630894,,,2026-09-20T07:31:15.702Z,COMPLETE_FOR_MAPPABLE_ROWS,api,Tüm eczaneler,https://acikveri.bizizmir.com/dataset/nobetci-eczaneler-ve-eczane-listesi,CC BY 4.0,İzmir Büyükşehir Belediyesi Açık Veri Portalı
pharmacy:2021:38.367168:27.16208,pharmacy,Pharmacy,BALIM ECZANESİ,38.367168,27.16208,BUCA 2,,ÇAMLIPINAR MAH. 254 SOK. NO:278/A,02328388250,,,2026-09-20T07:31:15.702Z,COMPLETE_FOR_MAPPABLE_ROWS,api,Tüm eczaneler,https://acikveri.bizizmir.com/dataset/nobetci-eczaneler-ve-eczane-listesi,CC BY 4.0,İzmir Büyükşehir Belediyesi Açık Veri Portalı
pharmacy:2022:38.394512:27.156788,pharmacy,Pharmacy,YENİ SEVİNÇ ECZANESİ,38.394512,27.156788,ŞİRİNYER,,347 SOK. NO:73/A KOCATEPE CAD. SIRINYER,02324523526,,,2026-09-20T07:31:15.702Z,COMPLETE_FOR_MAPPABLE_ROWS,api,Tüm eczaneler,https://acikveri.bizizmir.com/dataset/nobetci-eczaneler-ve-eczane-listesi,CC BY 4.0,İzmir Büyükşehir Belediyesi Açık Veri Portalı
pharmacy:2023:38.36884:27.126232,pharmacy,Pharmacy,ÖZÇAMLIK ECZANESİ,38.36884,27.126232,KARABAĞLAR,,YUNUS EMRE MAH. 4951 SOK. NO:24,02322424011,,,2026-09-20T07:31:15.702Z,COMPLETE_FOR_MAPPABLE_ROWS,api,Tüm eczaneler,https://acikveri.bizizmir.com/dataset/nobetci-eczaneler-ve-eczane-listesi,CC BY 4.0,İzmir Büyükşehir Belediyesi Açık Veri Portalı
pharmacy:2024:38.099886:27.724528,pharmacy,Pharmacy,IHLAMUR ECZANESİ,38.099886,27.724528,TİRE,,ATATÜRK MAH. MALTEPE CAD. NO:14/B,02325110076,,,2026-09-20T07:31:15.702Z,COMPLETE_FOR_MAPPABLE_ROWS,api,Tüm eczaneler,https://acikveri.bizizmir.com/dataset/nobetci-eczaneler-ve-eczane-listesi,CC BY 4.0,İzmir Büyükşehir Belediyesi Açık Veri Portalı
pharmacy:2025:38.394315:27.069541,pharmacy,Pharmacy,VENÜS ECZANESİ,38.394315,27.069541,HATAY,,FAHRETTİN ALTAY MAH. 65/12 SOK. NO:45/C,02329994363,,,2026-09-20T07:31:15.702Z,COMPLETE_FOR_MAPPABLE_ROWS,api,Tüm eczaneler,https://acikveri.bizizmir.com/dataset/nobetci-eczaneler-ve-eczane-listesi,CC BY 4.0,İzmir Büyükşehir Belediyesi Açık Veri Portalı
pharmacy:2026:38.469522:27.09273,pharmacy,Pharmacy,KAAN ÖYKÜ ECZANESİ,38.469522,27.09273,KARŞIYAKA 3,,YALI MAH. 6418 SOK. NO:34/1-B,02323369537,,,2026-09-20T07:31:15.702Z,COMPLETE_FOR_MAPPABLE_ROWS,api,Tüm eczaneler,https://acikveri.bizizmir.com/dataset/nobetci-eczaneler-ve-eczane-listesi,CC BY 4.0,İzmir Büyükşehir Belediyesi Açık Veri Portalı
pharmacy:2027:38.385516:27.166244,pharmacy,Pharmacy,ASLI ECZANESİ,38.385516,27.166244,BUCA 1,,VALİ RAHMİ BEY MAH. 133 SOK. NO:25/B,02324523932,,,2026-09-20T07:31:15.702Z,COMPLETE_FOR_MAPPABLE_ROWS,api,Tüm eczaneler,https://acikveri.bizizmir.com/dataset/nobetci-eczaneler-ve-eczane-listesi,CC BY 4.0,İzmir Büyükşehir Belediyesi Açık Veri Portalı
pharmacy:2028:38.439266:27.213635,pharmacy,Pharmacy,NOVA ECZANESİ,38.439266,27.213635,ÇAMDİBİ,,KARACAOĞLAN MAH. 6253 SOK. NO:12/D,02326835062,,,2026-09-20T07:31:15.702Z,COMPLETE_FOR_MAPPABLE_ROWS,api,Tüm eczaneler,https://acikveri.bizizmir.com/dataset/nobetci-eczaneler-ve-eczane-listesi,CC BY 4.0,İzmir Büyükşehir Belediyesi Açık Veri Portalı
pharmacy:2029:38.0781:26.9559,pharmacy,Pharmacy,ÜRKMEZ ECZANESİ,38.0781,26.9559,GÜMÜLDÜR-ÜRKMEZ,,BENGİLER MAH.ÜRKMEZ CAD. NO:101/A ÜRKMEZ,02327931704,,,2026-09-20T07:31:15.702Z,COMPLETE_FOR_MAPPABLE_ROWS,api,Tüm eczaneler,https://acikveri.bizizmir.com/dataset/nobetci-eczaneler-ve-eczane-listesi,CC BY 4.0,İzmir Büyükşehir Belediyesi Açık Veri Portalı
pharmacy:2030:38.472859:27.097183,pharmacy,Pharmacy,PERA ECZANESİ,38.472859,27.097183,KARŞIYAKA 4,,ŞEMİKLER MAH. ORDU BULVARI NO:171/G,02329999309,,,2026-09-20T07:31:15.702Z,COMPLETE_FOR_MAPPABLE_ROWS,api,Tüm eczaneler,https://acikveri.bizizmir.com/dataset/nobetci-eczaneler-ve-eczane-listesi,CC BY 4.0,İzmir Büyükşehir Belediyesi Açık Veri Portalı
pharmacy:2031:38.467656:27.097189,pharmacy,Pharmacy,FATOŞ ECZANESİ,38.467656,27.097189,KARŞIYAKA 4,,DEMİRKÖPRÜ MAH. 6182 SOK. NO:2/A,02323361155,,,2026-09-20T07:31:15.702Z,COMPLETE_FOR_MAPPABLE_ROWS,api,Tüm eczaneler,https://acikveri.bizizmir.com/dataset/nobetci-eczaneler-ve-eczane-listesi,CC BY 4.0,İzmir Büyükşehir Belediyesi Açık Veri Portalı
pharmacy:2032:38.469988:27.223097,pharmacy,Pharmacy,MELTEM ECZANESİ,38.469988,27.223097,BORNOVA 1,,ERZENE MAH. 31 SOK. NO:27,02325935277,,,2026-09-20T07:31:15.702Z,COMPLETE_FOR_MAPPABLE_ROWS,api,Tüm eczaneler,https://acikveri.bizizmir.com/dataset/nobetci-eczaneler-ve-eczane-listesi,CC BY 4.0,İzmir Büyükşehir Belediyesi Açık Veri Portalı
pharmacy:2033:38.243203:27.27676,pharmacy,Pharmacy,BİZİM ECZANESİ,38.243203,27.27676,AYRANCILAR,,AYRANCILAR MAH. 83 SOK. NO:18/B,02328548448,,,2026-09-20T07:31:15.702Z,COMPLETE_FOR_MAPPABLE_ROWS,api,Tüm eczaneler,https://acikveri.bizizmir.com/dataset/nobetci-eczaneler-ve-eczane-listesi,CC BY 4.0,İzmir Büyükşehir Belediyesi Açık Veri Portalı
pharmacy:2034:38.3878:27.1546,pharmacy,Pharmacy,ÇAGATAY ECZANESİ,38.3878,27.1546,ÇEŞME,,EFELER MAH. BARBAROS HAYRETTIN PASA CAD. NO:41/A,02324382625,,,2026-09-20T07:31:15.702Z,COMPLETE_FOR_MAPPABLE_ROWS,api,Tüm eczaneler,https://acikveri.bizizmir.com/dataset/nobetci-eczaneler-ve-eczane-listesi,CC BY 4.0,İzmir Büyükşehir Belediyesi Açık Veri Portalı
pharmacy:2035:38.362531:26.772419,pharmacy,Pharmacy,URLA ÖZLEM ECZANESİ,38.362531,26.772419,İSKELE,,İSKELE MAH. 2124 SOK. NO:1/A,02327523636,,,2026-09-20T07:31:15.702Z,COMPLETE_FOR_MAPPABLE_ROWS,api,Tüm eczaneler,https://acikveri.bizizmir.com/dataset/nobetci-eczaneler-ve-eczane-listesi,CC BY 4.0,İzmir Büyükşehir Belediyesi Açık Veri Portalı
pharmacy:2036:38.477761:27.110229,pharmacy,Pharmacy,KOZA ECZANESİ,38.477761,27.110229,KARŞIYAKA 4,,ÖRNEKKÖY MAH. BAŞ PEHLİVAN KARAALİ CAD. NO:22/B,02323625692,,,2026-09-20T07:31:15.702Z,COMPLETE_FOR_MAPPABLE_ROWS,api,Tüm eczaneler,https://acikveri.bizizmir.com/dataset/nobetci-eczaneler-ve-eczane-listesi,CC BY 4.0,İzmir Büyükşehir Belediyesi Açık Veri Portalı
pharmacy:2037:38.25117:27.136717,pharmacy,Pharmacy,KIRLANGIÇ ECZANESİ,38.25117,27.136717,MENDERES,,CÜNEYTBEY MAH. ARMUTLUK SOK. NO:16-18E,02325031382,,,2026-09-20T07:31:15.702Z,COMPLETE_FOR_MAPPABLE_ROWS,api,Tüm eczaneler,https://acikveri.bizizmir.com/dataset/nobetci-eczaneler-ve-eczane-listesi,CC BY 4.0,İzmir Büyükşehir Belediyesi Açık Veri Portalı
pharmacy:2038:38.325177:26.303684,pharmacy,Pharmacy,ÇAĞATAY ECZANESİ,38.325177,26.303684,ÇEŞME,,16 EYLÜL MAH. 2001 SOK. NO:15/C,02327123132,,,2026-09-20T07:31:15.702Z,COMPLETE_FOR_MAPPABLE_ROWS,api,Tüm eczaneler,https://acikveri.bizizmir.com/dataset/nobetci-eczaneler-ve-eczane-listesi,CC BY 4.0,İzmir Büyükşehir Belediyesi Açık Veri Portalı
pharmacy:2039:38.474144:27.105112,pharmacy,Pharmacy,NOVA ECZANESİ,38.474144,27.105112,KARŞIYAKA 4,,İMBATLI MAH. ANADOLU CAD. NO:380/1B,02323656170,,,2026-09-20T07:31:15.702Z,COMPLETE_FOR_MAPPABLE_ROWS,api,Tüm eczaneler,https://acikveri.bizizmir.com/dataset/nobetci-eczaneler-ve-eczane-listesi,CC BY 4.0,İzmir Büyükşehir Belediyesi Açık Veri Portalı
pharmacy:2040:38.537766:27.052385,pharmacy,Pharmacy,MEYDAN ECZANESİ,38.537766,27.052385,ÇİĞLİ,,CUMHURİYET MAH. 9600 SOK. NO:7/A,02328333454,,,2026-09-20T07:31:15.702Z,COMPLETE_FOR_MAPPABLE_ROWS,api,Tüm eczaneler,https://acikveri.bizizmir.com/dataset/nobetci-eczaneler-ve-eczane-listesi,CC BY 4.0,İzmir Büyükşehir Belediyesi Açık Veri Portalı
pharmacy:2041:38.446478:27.204879,pharmacy,Pharmacy,MAKSİMUM ECZANESİ,38.446478,27.204879,BORNOVA 2,,KAZIM DİRİK MAH. 364/1 SOK. NO:9/J,02329359371,,,2026-09-20T07:31:15.702Z,COMPLETE_FOR_MAPPABLE_ROWS,api,Tüm eczaneler,https://acikveri.bizizmir.com/dataset/nobetci-eczaneler-ve-eczane-listesi,CC BY 4.0,İzmir Büyükşehir Belediyesi Açık Veri Portalı
pharmacy:2042:38.45023:27.17837,pharmacy,Pharmacy,ANKA ECZANESİ,38.45023,27.17837,BORNOVA 3,,ÇINARLI MAH. ŞEHİT POLİS FETHİ SEKİN CAD. NO:3/B,02325043444,,,2026-09-20T07:31:15.702Z,COMPLETE_FOR_MAPPABLE_ROWS,api,Tüm eczaneler,https://acikveri.bizizmir.com/dataset/nobetci-eczaneler-ve-eczane-listesi,CC BY 4.0,İzmir Büyükşehir Belediyesi Açık Veri Portalı
pharmacy:2043:38.396365:27.144476,pharmacy,Pharmacy,ŞAKAKLI ECZANESİ,38.396365,27.144476,ŞİRİNYER,,HÜRRİYET MAH. 507 SOK. NO:13/A,02324380433,,,2026-09-20T07:31:15.702Z,COMPLETE_FOR_MAPPABLE_ROWS,api,Tüm eczaneler,https://acikveri.bizizmir.com/dataset/nobetci-eczaneler-ve-eczane-listesi,CC BY 4.0,İzmir Büyükşehir Belediyesi Açık Veri Portalı
pharmacy:2044:38.396214:27.148537,pharmacy,Pharmacy,BELGİN ÇIRAK ECZANESİ,38.396214,27.148537,ŞİRİNYER,,HÜRRİYET MAH. MENDERES CAD. NO:311/B,02329995513,,,2026-09-20T07:31:15.702Z,COMPLETE_FOR_MAPPABLE_ROWS,api,Tüm eczaneler,https://acikveri.bizizmir.com/dataset/nobetci-eczaneler-ve-eczane-listesi,CC BY 4.0,İzmir Büyükşehir Belediyesi Açık Veri Portalı
pharmacy:2045:38.486116:27.055723,pharmacy,Pharmacy,MAVİ ECZANESİ,38.486116,27.055723,ÇİĞLİ,,ATAŞEHİR MAH. 8211/9 SOK. NO:11/1B,02323622498,,,2026-09-20T07:31:15.702Z,COMPLETE_FOR_MAPPABLE_ROWS,api,Tüm eczaneler,https://acikveri.bizizmir.com/dataset/nobetci-eczaneler-ve-eczane-listesi,CC BY 4.0,İzmir Büyükşehir Belediyesi Açık Veri Portalı
pharmacy:2046:38.401713:27.103421,pharmacy,Pharmacy,NAZ ECZANESİ,38.401713,27.103421,HATAY,,ÇANKAYA MAH. İNÖNÜ CAD. NO:328/A,02325036633,,,2026-09-20T07:31:15.702Z,COMPLETE_FOR_MAPPABLE_ROWS,api,Tüm eczaneler,https://acikveri.bizizmir.com/dataset/nobetci-eczaneler-ve-eczane-listesi,CC BY 4.0,İzmir Büyükşehir Belediyesi Açık Veri Portalı
pharmacy:2047:38.192318:26.838015,pharmacy,Pharmacy,ŞAHİN ECZANESİ,38.192318,26.838015,SEFERİHİSAR,,HIDIRLIK MAH. İNÖNÜ CAD. NO:25/A,02321525060,,,2026-09-20T07:31:15.702Z,COMPLETE_FOR_MAPPABLE_ROWS,api,Tüm eczaneler,https://acikveri.bizizmir.com/dataset/nobetci-eczaneler-ve-eczane-listesi,CC BY 4.0,İzmir Büyükşehir Belediyesi Açık Veri Portalı
pharmacy:2048:38.393257:27.082633,pharmacy,Pharmacy,BERİL SAĞLIK ECZANESİ,38.393257,27.082633,HATAY,,POLİGON MAH. İNÖNÜ CAD. NO:707/B,02322461879,,,2026-09-20T07:31:15.702Z,COMPLETE_FOR_MAPPABLE_ROWS,api,Tüm eczaneler,https://acikveri.bizizmir.com/dataset/nobetci-eczaneler-ve-eczane-listesi,CC BY 4.0,İzmir Büyükşehir Belediyesi Açık Veri Portalı
pharmacy:2049:38.3778:26.8901,pharmacy,Pharmacy,GÜZELBAHÇE SAGLIK ECZANESİ,38.3778,26.8901,GÜZELBAHÇE,,YALI MAH. MITHATPASA CAD.NO:126/B GÜZELBAHÇE/IZMIR,02322347264,,,2026-09-20T07:31:15.702Z,COMPLETE_FOR_MAPPABLE_ROWS,api,Tüm eczaneler,https://acikveri.bizizmir.com/dataset/nobetci-eczaneler-ve-eczane-listesi,CC BY 4.0,İzmir Büyükşehir Belediyesi Açık Veri Portalı
pharmacy:2050:38.383106:27.171852,pharmacy,Pharmacy,UMUT ECZANESİ,38.383106,27.171852,BUCA 1,,DUMLUPINAR MAH. ÖZMEN CAD. NO:56/A,02324205357,,,2026-09-20T07:31:15.702Z,COMPLETE_FOR_MAPPABLE_ROWS,api,Tüm eczaneler,https://acikveri.bizizmir.com/dataset/nobetci-eczaneler-ve-eczane-listesi,CC BY 4.0,İzmir Büyükşehir Belediyesi Açık Veri Portalı
pharmacy:2051:38.2285:27.980101,pharmacy,Pharmacy,PINAR ECZANESİ,38.2285,27.980101,ÖDEMİŞ,,ATATÜRK MAH. NAMIK KEMAL CAD. NO:2/1-B,02325451272,,,2026-09-20T07:31:15.702Z,COMPLETE_FOR_MAPPABLE_ROWS,api,Tüm eczaneler,https://acikveri.bizizmir.com/dataset/nobetci-eczaneler-ve-eczane-listesi,CC BY 4.0,İzmir Büyükşehir Belediyesi Açık Veri Portalı
pharmacy:2052:38.429088:27.157102,pharmacy,Pharmacy,BABADAN ECZANESİ,38.429088,27.157102,ALSANCAK-BASMANE,,YENİŞEHİR MAH. İŞÇİLER CAD. NO:124/A,02323851592,,,2026-09-20T07:31:15.702Z,COMPLETE_FOR_MAPPABLE_ROWS,api,Tüm eczaneler,https://acikveri.bizizmir.com/dataset/nobetci-eczaneler-ve-eczane-listesi,CC BY 4.0,İzmir Büyükşehir Belediyesi Açık Veri Portalı
pharmacy:2053:38.432112:27.161852,pharmacy,Pharmacy,VEGA ECZANESİ,38.432112,27.161852,ALSANCAK-BASMANE,,HALKAPINAR MAH. 1558/1 SOK. NO:4N,02325029848,,,2026-09-20T07:31:15.702Z,COMPLETE_FOR_MAPPABLE_ROWS,api,Tüm eczaneler,https://acikveri.bizizmir.com/dataset/nobetci-eczaneler-ve-eczane-listesi,CC BY 4.0,İzmir Büyükşehir Belediyesi Açık Veri Portalı
pharmacy:2054:38.393765:27.088885,pharmacy,Pharmacy,BİLGE ECZANESİ,38.393765,27.088885,HATAY,,ESENYALI MAH. İNÖNÜ CAD. NO:625/B,02322850656,,,2026-09-20T07:31:15.702Z,COMPLETE_FOR_MAPPABLE_ROWS,api,Tüm eczaneler,https://acikveri.bizizmir.com/dataset/nobetci-eczaneler-ve-eczane-listesi,CC BY 4.0,İzmir Büyükşehir Belediyesi Açık Veri Portalı
pharmacy:2055:38.388689:27.160744,pharmacy,Pharmacy,TATLIM ECZANESİ,38.388689,27.160744,ŞİRİNYER,,VALİ RAHMİ BEY MAH. FORBES SOK. NO:141/A,02325606067,,,2026-09-20T07:31:15.702Z,COMPLETE_FOR_MAPPABLE_ROWS,api,Tüm eczaneler,https://acikveri.bizizmir.com/dataset/nobetci-eczaneler-ve-eczane-listesi,CC BY 4.0,İzmir Büyükşehir Belediyesi Açık Veri Portalı
pharmacy:2056:38.392767:27.087415,pharmacy,Pharmacy,POLİGON ECZANESİ,38.392767,27.087415,HATAY,,POLİGON MAH. İNÖNÜ CAD. NO:661,02321942045,,,2026-09-20T07:31:15.702Z,COMPLETE_FOR_MAPPABLE_ROWS,api,Tüm eczaneler,https://acikveri.bizizmir.com/dataset/nobetci-eczaneler-ve-eczane-listesi,CC BY 4.0,İzmir Büyükşehir Belediyesi Açık Veri Portalı
pharmacy:2057:38.495083:27.049029,pharmacy,Pharmacy,ZEYNEP EMRE ECZANESİ,38.495083,27.049029,ÇİĞLİ,,YENİ MAHALLE MAH. 8200/4 SOK. NO:1/J,02322031977,,,2026-09-20T07:31:15.702Z,COMPLETE_FOR_MAPPABLE_ROWS,api,Tüm eczaneler,https://acikveri.bizizmir.com/dataset/nobetci-eczaneler-ve-eczane-listesi,CC BY 4.0,İzmir Büyükşehir Belediyesi Açık Veri Portalı
pharmacy:2058:38.393902:27.013755,pharmacy,Pharmacy,YENİKALE ECZANESİ,38.393902,27.013755,NARLIDERE,,ÇAMTEPE MAH. MİTHATPAŞA CAD. NO:193/B,02322391717,,,2026-09-20T07:31:15.702Z,COMPLETE_FOR_MAPPABLE_ROWS,api,Tüm eczaneler,https://acikveri.bizizmir.com/dataset/nobetci-eczaneler-ve-eczane-listesi,CC BY 4.0,İzmir Büyükşehir Belediyesi Açık Veri Portalı
pharmacy:2059:38.394472:26.746962,pharmacy,Pharmacy,URLA BAHAR ECZANESİ,38.394472,26.746962,ÇEŞMEALTI,,GÜVENDİK MAH. MEHMET ALİ AYGÜVEN CAD. NO:150/A,02327550102,,,2026-09-20T07:31:15.702Z,COMPLETE_FOR_MAPPABLE_ROWS,api,Tüm eczaneler,https://acikveri.bizizmir.com/dataset/nobetci-eczaneler-ve-eczane-listesi,CC BY 4.0,İzmir Büyükşehir Belediyesi Açık Veri Portalı
pharmacy:2060:38.151101:27.371511,pharmacy,Pharmacy,ALPER ECZANESİ,38.151101,27.371511,TORBALI,,ATATÜRK MAH. 1596 SOK. NO:2/A,02328563500,,,2026-09-20T07:31:15.702Z,COMPLETE_FOR_MAPPABLE_ROWS,api,Tüm eczaneler,https://acikveri.bizizmir.com/dataset/nobetci-eczaneler-ve-eczane-listesi,CC BY 4.0,İzmir Büyükşehir Belediyesi Açık Veri Portalı
pharmacy:2061:38.149873:27.361997,pharmacy,Pharmacy,KRİSTAL ECZANESİ,38.149873,27.361997,TORBALI,,TEPEKÖY MAH. KAZIM DİRİK CAD. NO:2/A,02328562129,,,2026-09-20T07:31:15.702Z,COMPLETE_FOR_MAPPABLE_ROWS,api,Tüm eczaneler,https://acikveri.bizizmir.com/dataset/nobetci-eczaneler-ve-eczane-listesi,CC BY 4.0,İzmir Büyükşehir Belediyesi Açık Veri Portalı
pharmacy:2062:38.495083:27.049029,pharmacy,Pharmacy,ZEYNEP EMRE ECZANESİ,38.495083,27.049029,ÇİĞLİ,,YENİ MAHALLE MAH. 8200/4 SOK. NO:1/J,02326279742,,,2026-09-20T07:31:15.702Z,COMPLETE_FOR_MAPPABLE_ROWS,api,Tüm eczaneler,https://acikveri.bizizmir.com/dataset/nobetci-eczaneler-ve-eczane-listesi,CC BY 4.0,İzmir Büyükşehir Belediyesi Açık Veri Portalı
pharmacy:2063:38.796919:26.968721,pharmacy,Pharmacy,BAŞAK ECZANESİ,38.796919,26.968721,ALİAĞA,,ATATÜRK MAH. FATİH CAD. NO:31/A,02326160633,,,2026-09-20T07:31:15.702Z,COMPLETE_FOR_MAPPABLE_ROWS,api,Tüm eczaneler,https://acikveri.bizizmir.com/dataset/nobetci-eczaneler-ve-eczane-listesi,CC BY 4.0,İzmir Büyükşehir Belediyesi Açık Veri Portalı
pharmacy:2064:38.51811:27.057538,pharmacy,Pharmacy,DEFNE ECZANESİ,38.51811,27.057538,ÇİĞLİ,,EVKA-5 MAH. 8809/1 SOK. NO:149/B,02329999165,,,2026-09-20T07:31:15.702Z,COMPLETE_FOR_MAPPABLE_ROWS,api,Tüm eczaneler,https://acikveri.bizizmir.com/dataset/nobetci-eczaneler-ve-eczane-listesi,CC BY 4.0,İzmir Büyükşehir Belediyesi Açık Veri Portalı
pharmacy:2065:38.392892:27.032944,pharmacy,Pharmacy,İLKBAHAR ECZANESİ,38.392892,27.032944,İNCİRALTI,,KORUTÜRK MAH. MİTHATPAŞA CAD. NO:287/B,02322593559,,,2026-09-20T07:31:15.702Z,COMPLETE_FOR_MAPPABLE_ROWS,api,Tüm eczaneler,https://acikveri.bizizmir.com/dataset/nobetci-eczaneler-ve-eczane-listesi,CC BY 4.0,İzmir Büyükşehir Belediyesi Açık Veri Portalı
pharmacy:2066:39.118304:27.175678,pharmacy,Pharmacy,ŞEKER ECZANESİ,39.118304,27.175678,BERGAMA,,ZAFER MAH. 623 SOK. NO:3/D,02326314565,,,2026-09-20T07:31:15.702Z,COMPLETE_FOR_MAPPABLE_ROWS,api,Tüm eczaneler,https://acikveri.bizizmir.com/dataset/nobetci-eczaneler-ve-eczane-listesi,CC BY 4.0,İzmir Büyükşehir Belediyesi Açık Veri Portalı
pharmacy:2067:38.392925:27.056357,pharmacy,Pharmacy,AYSEL ECZANESİ,38.392925,27.056357,BALÇOVA,,ONUR MAH. ARDIÇ SOK. NO:21 B,02322597816,,,2026-09-20T07:31:15.702Z,COMPLETE_FOR_MAPPABLE_ROWS,api,Tüm eczaneler,https://acikveri.bizizmir.com/dataset/nobetci-eczaneler-ve-eczane-listesi,CC BY 4.0,İzmir Büyükşehir Belediyesi Açık Veri Portalı
pharmacy:2068:38.432563:27.143503,pharmacy,Pharmacy,DÜNYA ECZANESİ,38.432563,27.143503,ALSANCAK,,KÜLTÜR MAH. ŞAİR EŞREF BULVARI NO:55/D,02321839335,,,2026-09-20T07:31:15.702Z,COMPLETE_FOR_MAPPABLE_ROWS,api,Tüm eczaneler,https://acikveri.bizizmir.com/dataset/nobetci-eczaneler-ve-eczane-listesi,CC BY 4.0,İzmir Büyükşehir Belediyesi Açık Veri Portalı
pharmacy:2069:38.437516:27.174183,pharmacy,Pharmacy,İNCİR ECZANESİ,38.437516,27.174183,ÇAMDİBİ,,MERSİNLİ MAH. 2812 SOK. NO:10/A,02324354341,,,2026-09-20T07:31:15.702Z,COMPLETE_FOR_MAPPABLE_ROWS,api,Tüm eczaneler,https://acikveri.bizizmir.com/dataset/nobetci-eczaneler-ve-eczane-listesi,CC BY 4.0,İzmir Büyükşehir Belediyesi Açık Veri Portalı
pharmacy:2070:38.233513:27.965298,pharmacy,Pharmacy,CUMHURİYET ECZANESİ,38.233513,27.965298,ÖDEMİŞ,,MİMAR SİNAN MAH. GEDİZ CAD. NO:42/A,02325052152,,,2026-09-20T07:31:15.702Z,COMPLETE_FOR_MAPPABLE_ROWS,api,Tüm eczaneler,https://acikveri.bizizmir.com/dataset/nobetci-eczaneler-ve-eczane-listesi,CC BY 4.0,İzmir Büyükşehir Belediyesi Açık Veri Portalı
pharmacy:2071:38.470451:27.129699,pharmacy,Pharmacy,BAGDATOGLU ECZANESİ,38.470451,27.129699,GÜMÜŞPALA,,EMEK MAH. 7226 SOKAK NO:41/A BAYRAKLI,02328673297,,,2026-09-20T07:31:15.702Z,COMPLETE_FOR_MAPPABLE_ROWS,api,Tüm eczaneler,https://acikveri.bizizmir.com/dataset/nobetci-eczaneler-ve-eczane-listesi,CC BY 4.0,İzmir Büyükşehir Belediyesi Açık Veri Portalı
pharmacy:2072:38.396481:27.104704,pharmacy,Pharmacy,SARAÇ ECZANESİ,38.396481,27.104704,BASIN SİTESİ,,VATAN MAH. POLAT CAD. NO:107/A,02323733083,,,2026-09-20T07:31:15.702Z,COMPLETE_FOR_MAPPABLE_ROWS,api,Tüm eczaneler,https://acikveri.bizizmir.com/dataset/nobetci-eczaneler-ve-eczane-listesi,CC BY 4.0,İzmir Büyükşehir Belediyesi Açık Veri Portalı
pharmacy:2073:38.455266:27.182035,pharmacy,Pharmacy,LUNA ECZANESİ,38.455266,27.182035,BORNOVA 3,,MANSUROĞLU MAH. 286 SOK. NO:24/A,02329998634,,,2026-09-20T07:31:15.702Z,COMPLETE_FOR_MAPPABLE_ROWS,api,Tüm eczaneler,https://acikveri.bizizmir.com/dataset/nobetci-eczaneler-ve-eczane-listesi,CC BY 4.0,İzmir Büyükşehir Belediyesi Açık Veri Portalı
pharmacy:2074:38.518282:26.625497,pharmacy,Pharmacy,BARAN ECZANESİ,38.518282,26.625497,MORDOĞAN,,FATIH CD.NO.2/B MORDOGAN,02323476742,,,2026-09-20T07:31:15.702Z,COMPLETE_FOR_MAPPABLE_ROWS,api,Tüm eczaneler,https://acikveri.bizizmir.com/dataset/nobetci-eczaneler-ve-eczane-listesi,CC BY 4.0,İzmir Büyükşehir Belediyesi Açık Veri Portalı
pharmacy:2075:38.454727:27.204292,pharmacy,Pharmacy,PARK YAŞAM ECZANESİ,38.454727,27.204292,BORNOVA 2,,KAZIMDİRİK MAH. SANAYİ CAD. C BLOK NO:14/B,02322902025,,,2026-09-20T07:31:15.702Z,COMPLETE_FOR_MAPPABLE_ROWS,api,Tüm eczaneler,https://acikveri.bizizmir.com/dataset/nobetci-eczaneler-ve-eczane-listesi,CC BY 4.0,İzmir Büyükşehir Belediyesi Açık Veri Portalı
pharmacy:2076:38.435583:27.181597,pharmacy,Pharmacy,UYGAR ECZANESİ,38.435583,27.181597,ÇAMDİBİ,,BARBAROS MAH. REFİK TULGA CAD. NO:3(ŞOK MARKET KARŞISI DAP iZMİR ALTI),02325292898,,,2026-09-20T07:31:15.702Z,COMPLETE_FOR_MAPPABLE_ROWS,api,Tüm eczaneler,https://acikveri.bizizmir.com/dataset/nobetci-eczaneler-ve-eczane-listesi,CC BY 4.0,İzmir Büyükşehir Belediyesi Açık Veri Portalı
pharmacy:2077:38.461026:27.210211,pharmacy,Pharmacy,YURTSEVER ECZANESİ,38.461026,27.210211,BORNOVA 2,,KAZIM DİRİK MAH. GEDİZ CAD. NO:6/G,02325452575,,,2026-09-20T07:31:15.702Z,COMPLETE_FOR_MAPPABLE_ROWS,api,Tüm eczaneler,https://acikveri.bizizmir.com/dataset/nobetci-eczaneler-ve-eczane-listesi,CC BY 4.0,İzmir Büyükşehir Belediyesi Açık Veri Portalı
pharmacy:2078:38.231587:28.207126,pharmacy,Pharmacy,ÖZYILMAZ ECZANESİ,38.231587,28.207126,KİRAZ,,u0130STu0130KLAL MAHALLEu0130 SABu0130T ARLI CADDESu0130 NO 57 Ku0130RAZ u0130ZMu0130R,02325723549,,,2026-09-20T07:31:15.702Z,COMPLETE_FOR_MAPPABLE_ROWS,api,Tüm eczaneler,https://acikveri.bizizmir.com/dataset/nobetci-eczaneler-ve-eczane-listesi,CC BY 4.0,İzmir Büyükşehir Belediyesi Açık Veri Portalı
pharmacy:2079:38.079522:26.956146,pharmacy,Pharmacy,ADA ECZANESİ,38.079522,26.956146,GÜMÜLDÜR-ÜRKMEZ,,BENGİLER MAH. 6202 SOK. NO:9/A,02327420060,,,2026-09-20T07:31:15.702Z,COMPLETE_FOR_MAPPABLE_ROWS,api,Tüm eczaneler,https://acikveri.bizizmir.com/dataset/nobetci-eczaneler-ve-eczane-listesi,CC BY 4.0,İzmir Büyükşehir Belediyesi Açık Veri Portalı
pharmacy:2080:38.510967:27.040493,pharmacy,Pharmacy,HAYAT ECZANESİ,38.510967,27.040493,ÇİĞLİ,,BALATÇIK MAH. 8914 SOK. NO:6/A,02323861942,,,2026-09-20T07:31:15.702Z,COMPLETE_FOR_MAPPABLE_ROWS,api,Tüm eczaneler,https://acikveri.bizizmir.com/dataset/nobetci-eczaneler-ve-eczane-listesi,CC BY 4.0,İzmir Büyükşehir Belediyesi Açık Veri Portalı
pharmacy:2081:38.475921:27.181144,pharmacy,Pharmacy,IŞIL ECZANESİ,38.475921,27.181144,BAYRAKLI,,REFİK ŞEVKET İNCE MAH. 2143 SOK. NO:9/B,02323711525,,,2026-09-20T07:31:15.702Z,COMPLETE_FOR_MAPPABLE_ROWS,api,Tüm eczaneler,https://acikveri.bizizmir.com/dataset/nobetci-eczaneler-ve-eczane-listesi,CC BY 4.0,İzmir Büyükşehir Belediyesi Açık Veri Portalı
pharmacy:2082:38.466911:27.21875,pharmacy,Pharmacy,BÜYÜK ÇARŞI ECZANESİ,38.466911,27.21875,BORNOVA 1,,ERGENE MAH. 538 SOK. NO:21,02323434323,,,2026-09-20T07:31:15.702Z,COMPLETE_FOR_MAPPABLE_ROWS,api,Tüm eczaneler,https://acikveri.bizizmir.com/dataset/nobetci-eczaneler-ve-eczane-listesi,CC BY 4.0,İzmir Büyükşehir Belediyesi Açık Veri Portalı
pharmacy:2083:38.459302:27.175861,pharmacy,Pharmacy,İLGİ ECZANESİ,38.459302,27.175861,ÇİĞLİ,,ADALET MAH. 2132/2 SOK. NO:7/A,02323866001,,,2026-09-20T07:31:15.702Z,COMPLETE_FOR_MAPPABLE_ROWS,api,Tüm eczaneler,https://acikveri.bizizmir.com/dataset/nobetci-eczaneler-ve-eczane-listesi,CC BY 4.0,İzmir Büyükşehir Belediyesi Açık Veri Portalı
pharmacy:2084:38.350029:26.867249,pharmacy,Pharmacy,HOŞCAN ECZANESİ,38.350029,26.867249,GÜZELBAHÇE,,MUSTAFA KEMAL PAŞA MAH. 2730 SOK. NO:23/A,02320741002,,,2026-09-20T07:31:15.702Z,COMPLETE_FOR_MAPPABLE_ROWS,api,Tüm eczaneler,https://acikveri.bizizmir.com/dataset/nobetci-eczaneler-ve-eczane-listesi,CC BY 4.0,İzmir Büyükşehir Belediyesi Açık Veri Portalı
pharmacy:2085:38.464071:27.206464,pharmacy,Pharmacy,BORNOVA ORDU ECZANESİ,38.464071,27.206464,BORNOVA 2,,KAZIM DİRİK MAH. FATİH SULTAN MEHMET CAD. NO:3/A,02323737449,,,2026-09-20T07:31:15.702Z,COMPLETE_FOR_MAPPABLE_ROWS,api,Tüm eczaneler,https://acikveri.bizizmir.com/dataset/nobetci-eczaneler-ve-eczane-listesi,CC BY 4.0,İzmir Büyükşehir Belediyesi Açık Veri Portalı
pharmacy:2086:38.151471:27.367484,pharmacy,Pharmacy,BARIŞ ECZANESİ,38.151471,27.367484,TORBALI,,ATATÜRK MAH. 1529 SOK. NO:3/A,02328963235,,,2026-09-20T07:31:15.702Z,COMPLETE_FOR_MAPPABLE_ROWS,api,Tüm eczaneler,https://acikveri.bizizmir.com/dataset/nobetci-eczaneler-ve-eczane-listesi,CC BY 4.0,İzmir Büyükşehir Belediyesi Açık Veri Portalı
pharmacy:2087:38.553558:27.055981,pharmacy,Pharmacy,5.CADDE ECZANESİ,38.553558,27.055981,MENEMEN 2,,İSTİKLAL MAH. 5.CADDE NO:26/A,02320899111,,,2026-09-20T07:31:15.702Z,COMPLETE_FOR_MAPPABLE_ROWS,api,Tüm eczaneler,https://acikveri.bizizmir.com/dataset/nobetci-eczaneler-ve-eczane-listesi,CC BY 4.0,İzmir Büyükşehir Belediyesi Açık Veri Portalı
pharmacy:2088:38.481029:27.193975,pharmacy,Pharmacy,HAKAN BİLGİLİ ECZANESİ,38.481029,27.193975,ATATÜRK,,ATATÜRK MAH. SÜLEYMANİYE CAD. NO:87/A,02329999373,,,2026-09-20T07:31:15.702Z,COMPLETE_FOR_MAPPABLE_ROWS,api,Tüm eczaneler,https://acikveri.bizizmir.com/dataset/nobetci-eczaneler-ve-eczane-listesi,CC BY 4.0,İzmir Büyükşehir Belediyesi Açık Veri Portalı
pharmacy:2089:39.071014:26.888169,pharmacy,Pharmacy,DENİZ ECZANESİ,39.071014,26.888169,DİKİLİ,,İSMET PAŞA MAH. ŞEHİT SAMİ AKBULUT CAD. NO:44,02326712929,,,2026-09-20T07:31:15.702Z,COMPLETE_FOR_MAPPABLE_ROWS,api,Tüm eczaneler,https://acikveri.bizizmir.com/dataset/nobetci-eczaneler-ve-eczane-listesi,CC BY 4.0,İzmir Büyükşehir Belediyesi Açık Veri Portalı
pharmacy:2090:38.428006:27.151276,pharmacy,Pharmacy,YUNUS ECZANESİ,38.428006,27.151276,ALSANCAK-BASMANE,,KAHRAMANLAR MAH. AKINCILAR CAD. NO:40/A,02320131431,,,2026-09-20T07:31:15.702Z,COMPLETE_FOR_MAPPABLE_ROWS,api,Tüm eczaneler,https://acikveri.bizizmir.com/dataset/nobetci-eczaneler-ve-eczane-listesi,CC BY 4.0,İzmir Büyükşehir Belediyesi Açık Veri Portalı
pharmacy:2091:38.398372:27.090385,pharmacy,Pharmacy,CANSU ECZANESİ,38.398372,27.090385,MİTHATPAŞA,,GÖZTEPE MAH. MİTHATPAŞA CAD. NO:877/D,02322858775,,,2026-09-20T07:31:15.702Z,COMPLETE_FOR_MAPPABLE_ROWS,api,Tüm eczaneler,https://acikveri.bizizmir.com/dataset/nobetci-eczaneler-ve-eczane-listesi,CC BY 4.0,İzmir Büyükşehir Belediyesi Açık Veri Portalı
pharmacy:2092:38.233513:27.965298,pharmacy,Pharmacy,CUMHURİYET ECZANESİ,38.233513,27.965298,ÖDEMİŞ,,MİMAR SİNAN MAH. GEDİZ CAD. NO:42/A,02325022152,,,2026-09-20T07:31:15.702Z,COMPLETE_FOR_MAPPABLE_ROWS,api,Tüm eczaneler,https://acikveri.bizizmir.com/dataset/nobetci-eczaneler-ve-eczane-listesi,CC BY 4.0,İzmir Büyükşehir Belediyesi Açık Veri Portalı
pharmacy:2093:38.501904:27.05288,pharmacy,Pharmacy,KÜBRA ECZANESİ,38.501904,27.05288,ÇİĞLİ,,KÜÇÜKÇİĞLİ MAH. ANADOLU CAD. NO:1173,02323862686,,,2026-09-20T07:31:15.702Z,COMPLETE_FOR_MAPPABLE_ROWS,api,Tüm eczaneler,https://acikveri.bizizmir.com/dataset/nobetci-eczaneler-ve-eczane-listesi,CC BY 4.0,İzmir Büyükşehir Belediyesi Açık Veri Portalı
pharmacy:2094:38.376512:27.177927,pharmacy,Pharmacy,ÇAYAĞACI ECZANESİ,38.376512,27.177927,BUCA 2,,YILDIZ MH. HOCA AHMET YESEVİ CD. NO:20/1-A,02326707696,,,2026-09-20T07:31:15.702Z,COMPLETE_FOR_MAPPABLE_ROWS,api,Tüm eczaneler,https://acikveri.bizizmir.com/dataset/nobetci-eczaneler-ve-eczane-listesi,CC BY 4.0,İzmir Büyükşehir Belediyesi Açık Veri Portalı
pharmacy:2095:38.456235:27.199596,pharmacy,Pharmacy,KÖSE ECZANESİ,38.456235,27.199596,BORNOVA 3,,MANSUROĞLU MAH. HAŞİM İŞCAN CAD. NO:7/A,02323477372,,,2026-09-20T07:31:15.702Z,COMPLETE_FOR_MAPPABLE_ROWS,api,Tüm eczaneler,https://acikveri.bizizmir.com/dataset/nobetci-eczaneler-ve-eczane-listesi,CC BY 4.0,İzmir Büyükşehir Belediyesi Açık Veri Portalı
pharmacy:2096:38.36825:27.14304,pharmacy,Pharmacy,ŞENER ECZANESİ,38.36825,27.14304,GEDİZ,,649/7 SK. NO:30 GÖKSU MAH.,02322752773,,,2026-09-20T07:31:15.702Z,COMPLETE_FOR_MAPPABLE_ROWS,api,Tüm eczaneler,https://acikveri.bizizmir.com/dataset/nobetci-eczaneler-ve-eczane-listesi,CC BY 4.0,İzmir Büyükşehir Belediyesi Açık Veri Portalı
pharmacy:2097:38.377214:26.892292,pharmacy,Pharmacy,AHENK ECZANESİ,38.377214,26.892292,GÜZELBAHÇE,,YALI MAH. İSTİKBAL CAD. NO:19/B,02326081108,,,2026-09-20T07:31:15.702Z,COMPLETE_FOR_MAPPABLE_ROWS,api,Tüm eczaneler,https://acikveri.bizizmir.com/dataset/nobetci-eczaneler-ve-eczane-listesi,CC BY 4.0,İzmir Büyükşehir Belediyesi Açık Veri Portalı
pharmacy:2098:38.375014:26.872981,pharmacy,Pharmacy,ASLI ECZANESİ,38.375014,26.872981,GÜZELBAHÇE,,YALI MAH. MİTHATPAŞA CAD. NO:591/A,02322341717,,,2026-09-20T07:31:15.702Z,COMPLETE_FOR_MAPPABLE_ROWS,api,Tüm eczaneler,https://acikveri.bizizmir.com/dataset/nobetci-eczaneler-ve-eczane-listesi,CC BY 4.0,İzmir Büyükşehir Belediyesi Açık Veri Portalı
pharmacy:2099:38.384629:27.100832,pharmacy,Pharmacy,IMREN ECZANESİ,38.384629,27.100832,ESKİİZMİR-CENNETÇEŞME,,SALİH UMURTAK MAH. 9614 SOKAK NO:2/A,02322672010,,,2026-09-20T07:31:15.702Z,COMPLETE_FOR_MAPPABLE_ROWS,api,Tüm eczaneler,https://acikveri.bizizmir.com/dataset/nobetci-eczaneler-ve-eczane-listesi,CC BY 4.0,İzmir Büyükşehir Belediyesi Açık Veri Portalı
pharmacy:2100:38.554552:27.044599,pharmacy,Pharmacy,KAVAS ECZANESİ,38.554552,27.044599,MENEMEN 2,,30 AĞUSTOS MAH. 7112 SOK. NO:2/A,02326065997,,,2026-09-20T07:31:15.702Z,COMPLETE_FOR_MAPPABLE_ROWS,api,Tüm eczaneler,https://acikveri.bizizmir.com/dataset/nobetci-eczaneler-ve-eczane-listesi,CC BY 4.0,İzmir Büyükşehir Belediyesi Açık Veri Portalı
pharmacy:2101:38.404179:27.133762,pharmacy,Pharmacy,REYHAN ECZANESİ,38.404179,27.133762,EŞREFPAŞA,,ÇİMENTEPE MAH. 682 SOK. NO:34/A,02322289647,,,2026-09-20T07:31:15.702Z,COMPLETE_FOR_MAPPABLE_ROWS,api,Tüm eczaneler,https://acikveri.bizizmir.com/dataset/nobetci-eczaneler-ve-eczane-listesi,CC BY 4.0,İzmir Büyükşehir Belediyesi Açık Veri Portalı
pharmacy:3101:38.485944:27.15827,pharmacy,Pharmacy,YİĞİT ECZANESİ,38.485944,27.15827,BAYRAKLI,,REFİK ŞEVKET İNCE MAH. 1934 SOK. NO:37/A,02322038353,,,2026-09-20T07:31:15.702Z,COMPLETE_FOR_MAPPABLE_ROWS,api,Tüm eczaneler,https://acikveri.bizizmir.com/dataset/nobetci-eczaneler-ve-eczane-listesi,CC BY 4.0,İzmir Büyükşehir Belediyesi Açık Veri Portalı
pharmacy:3102:38.38415:27.101678,pharmacy,Pharmacy,YILDIZ ECZANESİ,38.38415,27.101678,ESKİİZMİR-CENNETÇEŞME,,SALİH OMURTAK MAH. 9602 SOK. NO:94/A,02322671015,,,2026-09-20T07:31:15.702Z,COMPLETE_FOR_MAPPABLE_ROWS,api,Tüm eczaneler,https://acikveri.bizizmir.com/dataset/nobetci-eczaneler-ve-eczane-listesi,CC BY 4.0,İzmir Büyükşehir Belediyesi Açık Veri Portalı
pharmacy:3103:38.2909:27.0932,pharmacy,Pharmacy,ADALI ECZANESİ,38.2909,27.0932,BAYRAKLI,,100. YIL MAH. 1934 SOK. NO:2/A F18 BLOK,02325046992,,,2026-09-20T07:31:15.702Z,COMPLETE_FOR_MAPPABLE_ROWS,api,Tüm eczaneler,https://acikveri.bizizmir.com/dataset/nobetci-eczaneler-ve-eczane-listesi,CC BY 4.0,İzmir Büyükşehir Belediyesi Açık Veri Portalı
pharmacy:3104:38.464544:27.109039,pharmacy,Pharmacy,NOTA ECZANESİ,38.464544,27.109039,KARŞIYAKA 2,,BAHRİYE ÜÇOK MAH. GİRNE BULVARI NO:166/A,02323651404,,,2026-09-20T07:31:15.702Z,COMPLETE_FOR_MAPPABLE_ROWS,api,Tüm eczaneler,https://acikveri.bizizmir.com/dataset/nobetci-eczaneler-ve-eczane-listesi,CC BY 4.0,İzmir Büyükşehir Belediyesi Açık Veri Portalı
pharmacy:3105:38.468548:27.218936,pharmacy,Pharmacy,ÖZ ECZANESİ,38.468548,27.218936,BORNOVA 1,,ERGENE MAH. 458 SOK. B BLOK NO:11B,02327309214,,,2026-09-20T07:31:15.702Z,COMPLETE_FOR_MAPPABLE_ROWS,api,Tüm eczaneler,https://acikveri.bizizmir.com/dataset/nobetci-eczaneler-ve-eczane-listesi,CC BY 4.0,İzmir Büyükşehir Belediyesi Açık Veri Portalı
pharmacy:3106:38.394708:27.004802,pharmacy,Pharmacy,NARLIDERE SAĞLIK ECZANESİ,38.394708,27.004802,NARLIDERE,,NARLI MAH. MİTHATPAŞA CAD. NO:248/A,02322396706,,,2026-09-20T07:31:15.702Z,COMPLETE_FOR_MAPPABLE_ROWS,api,Tüm eczaneler,https://acikveri.bizizmir.com/dataset/nobetci-eczaneler-ve-eczane-listesi,CC BY 4.0,İzmir Büyükşehir Belediyesi Açık Veri Portalı
pharmacy:3107:38.393368:27.052013,pharmacy,Pharmacy,FLORA ECZANESİ,38.393368,27.052013,BALÇOVA,,ONUR MAH. SARMAŞIK CAD. NO:10/A,02325113535,,,2026-09-20T07:31:15.702Z,COMPLETE_FOR_MAPPABLE_ROWS,api,Tüm eczaneler,https://acikveri.bizizmir.com/dataset/nobetci-eczaneler-ve-eczane-listesi,CC BY 4.0,İzmir Büyükşehir Belediyesi Açık Veri Portalı
pharmacy:3108:38.388976:27.058437,pharmacy,Pharmacy,CANDAN ECZANESİ,38.388976,27.058437,BALÇOVA,,ONUR MAH. ATA CAD. NO:108/A,02329990681,,,2026-09-20T07:31:15.702Z,COMPLETE_FOR_MAPPABLE_ROWS,api,Tüm eczaneler,https://acikveri.bizizmir.com/dataset/nobetci-eczaneler-ve-eczane-listesi,CC BY 4.0,İzmir Büyükşehir Belediyesi Açık Veri Portalı
pharmacy:3109:38.466767:27.109755,pharmacy,Pharmacy,KARŞIYAKA ECZANESİ,38.466767,27.109755,KARŞIYAKA 2,,BAHÇELİEVLER MAH. GİRNE BULVARI NO:188/A,02323230308,,,2026-09-20T07:31:15.702Z,COMPLETE_FOR_MAPPABLE_ROWS,api,Tüm eczaneler,https://acikveri.bizizmir.com/dataset/nobetci-eczaneler-ve-eczane-listesi,CC BY 4.0,İzmir Büyükşehir Belediyesi Açık Veri Portalı
pharmacy:3110:38.481029:27.193975,pharmacy,Pharmacy,HAKAN BİLGİLİ ECZANESİ,38.481029,27.193975,ATATÜRK,,ATATÜRK MAH. SÜLEYMANİYE CAD. NO:87/A,02321676967,,,2026-09-20T07:31:15.702Z,COMPLETE_FOR_MAPPABLE_ROWS,api,Tüm eczaneler,https://acikveri.bizizmir.com/dataset/nobetci-eczaneler-ve-eczane-listesi,CC BY 4.0,İzmir Büyükşehir Belediyesi Açık Veri Portalı
pharmacy:3111:38.802802:26.970384,pharmacy,Pharmacy,MELTEM ECZANESİ,38.802802,26.970384,ALİAĞA,,KÜLTÜR MAH. ATATÜRK CAD. NO:66/B,02326171152,,,2026-09-20T07:31:15.702Z,COMPLETE_FOR_MAPPABLE_ROWS,api,Tüm eczaneler,https://acikveri.bizizmir.com/dataset/nobetci-eczaneler-ve-eczane-listesi,CC BY 4.0,İzmir Büyükşehir Belediyesi Açık Veri Portalı
pharmacy:3112:38.442749:27.183066,pharmacy,Pharmacy,OKYAY ECZANESİ,38.442749,27.183066,ÇAMDİBİ,,ÇINAR MAH. 297 SOK. NO:6/D,02324352551,,,2026-09-20T07:31:15.702Z,COMPLETE_FOR_MAPPABLE_ROWS,api,Tüm eczaneler,https://acikveri.bizizmir.com/dataset/nobetci-eczaneler-ve-eczane-listesi,CC BY 4.0,İzmir Büyükşehir Belediyesi Açık Veri Portalı
pharmacy:3113:38.43404:27.145645,pharmacy,Pharmacy,DUYGU ECZANESİ,38.43404,27.145645,ALSANCAK,,MİMAR SİNAN MAH. ALİ ÇETİNKAYA BULVARI NO:63/A,02324463672,,,2026-09-20T07:31:15.702Z,COMPLETE_FOR_MAPPABLE_ROWS,api,Tüm eczaneler,https://acikveri.bizizmir.com/dataset/nobetci-eczaneler-ve-eczane-listesi,CC BY 4.0,İzmir Büyükşehir Belediyesi Açık Veri Portalı
pharmacy:3114:38.432954:27.149229,pharmacy,Pharmacy,SELİM ECZANESİ,38.432954,27.149229,ALSANCAK,,MİMAR SİNAN MAH. ALİ ÇETİNKAYA BULVARI NO:68/D,02324220274,,,2026-09-20T07:31:15.702Z,COMPLETE_FOR_MAPPABLE_ROWS,api,Tüm eczaneler,https://acikveri.bizizmir.com/dataset/nobetci-eczaneler-ve-eczane-listesi,CC BY 4.0,İzmir Büyükşehir Belediyesi Açık Veri Portalı
pharmacy:3115:38.471575:27.187535,pharmacy,Pharmacy,HAKAN ECZANESİ,38.471575,27.187535,OSMANGAZİ,,OSMANGAZİ MH. 597 SK. NO:36/A,02322405070,,,2026-09-20T07:31:15.702Z,COMPLETE_FOR_MAPPABLE_ROWS,api,Tüm eczaneler,https://acikveri.bizizmir.com/dataset/nobetci-eczaneler-ve-eczane-listesi,CC BY 4.0,İzmir Büyükşehir Belediyesi Açık Veri Portalı
pharmacy:3116:38.462285:27.104921,pharmacy,Pharmacy,ALTINKUM ECZANESİ,38.462285,27.104921,KARŞIYAKA 4,,NERGİZ MAH. 1775/2 SOK. NO:8/A,02325043334,,,2026-09-20T07:31:15.702Z,COMPLETE_FOR_MAPPABLE_ROWS,api,Tüm eczaneler,https://acikveri.bizizmir.com/dataset/nobetci-eczaneler-ve-eczane-listesi,CC BY 4.0,İzmir Büyükşehir Belediyesi Açık Veri Portalı
pharmacy:3117:38.49553:27.10557,pharmacy,Pharmacy,ÖZDE ECZANESİ,38.49553,27.10557,KARŞIYAKA 4,,ZÜBEYDE HANIM MAH. 7532 SOK. NO:161/C,02329998991,,,2026-09-20T07:31:15.702Z,COMPLETE_FOR_MAPPABLE_ROWS,api,Tüm eczaneler,https://acikveri.bizizmir.com/dataset/nobetci-eczaneler-ve-eczane-listesi,CC BY 4.0,İzmir Büyükşehir Belediyesi Açık Veri Portalı
pharmacy:3118:38.482711:27.110723,pharmacy,Pharmacy,ARDA ECZANESİ,38.482711,27.110723,KARŞIYAKA 4,,ÖRNEKKÖY MAH. 7442 SOK. NO:1/A,02326737435,,,2026-09-20T07:31:15.702Z,COMPLETE_FOR_MAPPABLE_ROWS,api,Tüm eczaneler,https://acikveri.bizizmir.com/dataset/nobetci-eczaneler-ve-eczane-listesi,CC BY 4.0,İzmir Büyükşehir Belediyesi Açık Veri Portalı
pharmacy:3119:38.489811:27.107774,pharmacy,Pharmacy,ÖZDE ECZANESİ,38.489811,27.107774,KARŞIYAKA 4,,ZÜBEYDE HANIM MAH. 7532 SOK. NO:161/C,02329998981,,,2026-09-20T07:31:15.702Z,COMPLETE_FOR_MAPPABLE_ROWS,api,Tüm eczaneler,https://acikveri.bizizmir.com/dataset/nobetci-eczaneler-ve-eczane-listesi,CC BY 4.0,İzmir Büyükşehir Belediyesi Açık Veri Portalı
pharmacy:3120:38.461862:27.10621,pharmacy,Pharmacy,NERGİZ ECZANESİ,38.461862,27.10621,KARŞIYAKA 4,,NERGIZ MAH. 1775/2 SOKAK NO:24/A,02329641007,,,2026-09-20T07:31:15.702Z,COMPLETE_FOR_MAPPABLE_ROWS,api,Tüm eczaneler,https://acikveri.bizizmir.com/dataset/nobetci-eczaneler-ve-eczane-listesi,CC BY 4.0,İzmir Büyükşehir Belediyesi Açık Veri Portalı
pharmacy:3121:38.471289:27.136717,pharmacy,Pharmacy,YILDIRIM ECZANESİ,38.471289,27.136717,GÜMÜŞPALA,,GÜMÜŞPALA MAH. 7068 SOK. NO:13/A,02325394099,,,2026-09-20T07:31:15.702Z,COMPLETE_FOR_MAPPABLE_ROWS,api,Tüm eczaneler,https://acikveri.bizizmir.com/dataset/nobetci-eczaneler-ve-eczane-listesi,CC BY 4.0,İzmir Büyükşehir Belediyesi Açık Veri Portalı
pharmacy:3122:38.389787:27.038118,pharmacy,Pharmacy,DERİN MAVİ ECZANESİ,38.389787,27.038118,İNCİRALTI,,KORUTÜRK MAH. VALİ HÜSEYİN ÖĞÜTÇEN CAD. NO:55/A-3,02322782884,,,2026-09-20T07:31:15.702Z,COMPLETE_FOR_MAPPABLE_ROWS,api,Tüm eczaneler,https://acikveri.bizizmir.com/dataset/nobetci-eczaneler-ve-eczane-listesi,CC BY 4.0,İzmir Büyükşehir Belediyesi Açık Veri Portalı
pharmacy:3123:38.375739:27.175504,pharmacy,Pharmacy,BORAS ECZANESİ,38.375739,27.175504,BUCA 2,,YILDIZ MH. 220/18 SK. NO:19,02328423364,,,2026-09-20T07:31:15.702Z,COMPLETE_FOR_MAPPABLE_ROWS,api,Tüm eczaneler,https://acikveri.bizizmir.com/dataset/nobetci-eczaneler-ve-eczane-listesi,CC BY 4.0,İzmir Büyükşehir Belediyesi Açık Veri Portalı
pharmacy:3124:38.401531:27.113293,pharmacy,Pharmacy,PETUNYA ECZANESİ,38.401531,27.113293,ÜÇYOL,,ARAP HASAN MAH. 235 SOK. NO:116/A,02322507182,,,2026-09-20T07:31:15.702Z,COMPLETE_FOR_MAPPABLE_ROWS,api,Tüm eczaneler,https://acikveri.bizizmir.com/dataset/nobetci-eczaneler-ve-eczane-listesi,CC BY 4.0,İzmir Büyükşehir Belediyesi Açık Veri Portalı
pharmacy:3125:38.17286:27.349242,pharmacy,Pharmacy,SEMİH ECZANESİ,38.17286,27.349242,TORBALI,,TORBALI MAH. METROPOLİS CAD. NO:35/A,02322020064,,,2026-09-20T07:31:15.702Z,COMPLETE_FOR_MAPPABLE_ROWS,api,Tüm eczaneler,https://acikveri.bizizmir.com/dataset/nobetci-eczaneler-ve-eczane-listesi,CC BY 4.0,İzmir Büyükşehir Belediyesi Açık Veri Portalı
pharmacy:3126:38.393153:26.747284,pharmacy,Pharmacy,ESRA ECZANESİ,38.393153,26.747284,ÇEŞMEALTI-İSKELE,,GÜVENDİK MAH. MEHMET ALİ AYGÜVEN CAD. NO:109/A,02325443936,,,2026-09-20T07:31:15.702Z,COMPLETE_FOR_MAPPABLE_ROWS,api,Tüm eczaneler,https://acikveri.bizizmir.com/dataset/nobetci-eczaneler-ve-eczane-listesi,CC BY 4.0,İzmir Büyükşehir Belediyesi Açık Veri Portalı
pharmacy:3127:38.383487:27.16581,pharmacy,Pharmacy,DENGE ECZANESİ,38.383487,27.16581,BUCA 1,,KOZAĞAÇ MAH. 259 SOK. NO:25/A,02321868580,,,2026-09-20T07:31:15.702Z,COMPLETE_FOR_MAPPABLE_ROWS,api,Tüm eczaneler,https://acikveri.bizizmir.com/dataset/nobetci-eczaneler-ve-eczane-listesi,CC BY 4.0,İzmir Büyükşehir Belediyesi Açık Veri Portalı
pharmacy:3128:38.476725:27.105752,pharmacy,Pharmacy,ALBAYRAK ECZANESİ,38.476725,27.105752,KARŞIYAKA 4,,İMBATLI MAH. 6086 SOK. NO:60/A,02325000023,,,2026-09-20T07:31:15.702Z,COMPLETE_FOR_MAPPABLE_ROWS,api,Tüm eczaneler,https://acikveri.bizizmir.com/dataset/nobetci-eczaneler-ve-eczane-listesi,CC BY 4.0,İzmir Büyükşehir Belediyesi Açık Veri Portalı
pharmacy:3129:38.46562:27.108889,pharmacy,Pharmacy,DENİZ GİRNE ECZANESİ,38.46562,27.108889,KARŞIYAKA 4,,GİRNE BULVARI 6045 SOK. NO:183,02323662551,,,2026-09-20T07:31:15.702Z,COMPLETE_FOR_MAPPABLE_ROWS,api,Tüm eczaneler,https://acikveri.bizizmir.com/dataset/nobetci-eczaneler-ve-eczane-listesi,CC BY 4.0,İzmir Büyükşehir Belediyesi Açık Veri Portalı
pharmacy:3130:38.787728:26.983896,pharmacy,Pharmacy,ŞEYMA MİNTAŞ ECZANESİ,38.787728,26.983896,ALİAĞA,,YENİ MAH. SAMURLU CAD. NO:49/A,02327072239,,,2026-09-20T07:31:15.702Z,COMPLETE_FOR_MAPPABLE_ROWS,api,Tüm eczaneler,https://acikveri.bizizmir.com/dataset/nobetci-eczaneler-ve-eczane-listesi,CC BY 4.0,İzmir Büyükşehir Belediyesi Açık Veri Portalı
pharmacy:3131:38.446544:27.205925,pharmacy,Pharmacy,LOTUS ECZANESİ,38.446544,27.205925,BORNOVA 2,,KAZIM DİRİK MAH. 6244 SOK. NO:2/B,02325036500,,,2026-09-20T07:31:15.702Z,COMPLETE_FOR_MAPPABLE_ROWS,api,Tüm eczaneler,https://acikveri.bizizmir.com/dataset/nobetci-eczaneler-ve-eczane-listesi,CC BY 4.0,İzmir Büyükşehir Belediyesi Açık Veri Portalı
pharmacy:3132:38.472844:27.067055,pharmacy,Pharmacy,OASİS ECZANESİ,38.472844,27.067055,KARŞIYAKA 3,,MAVİŞEHİR MAH. AZİZ NESİN BULVARI NO:127/D,02322033302,,,2026-09-20T07:31:15.702Z,COMPLETE_FOR_MAPPABLE_ROWS,api,Tüm eczaneler,https://acikveri.bizizmir.com/dataset/nobetci-eczaneler-ve-eczane-listesi,CC BY 4.0,İzmir Büyükşehir Belediyesi Açık Veri Portalı
pharmacy:3133:38.458319:27.095947,pharmacy,Pharmacy,DEFNE ECZANESİ,38.458319,27.095947,KARŞIYAKA 3,,BOSTANLI MAH. CEMAL GÜRSEL CAD. NO:528/B,02324588660,,,2026-09-20T07:31:15.702Z,COMPLETE_FOR_MAPPABLE_ROWS,api,Tüm eczaneler,https://acikveri.bizizmir.com/dataset/nobetci-eczaneler-ve-eczane-listesi,CC BY 4.0,İzmir Büyükşehir Belediyesi Açık Veri Portalı
pharmacy:3134:38.458319:27.095947,pharmacy,Pharmacy,DEFNE ECZANESİ,38.458319,27.095947,KARŞIYAKA 3,,BOSTANLI MAH. CEMAL GÜRSEL CAD. NO:528/B,02324948660,,,2026-09-20T07:31:15.702Z,COMPLETE_FOR_MAPPABLE_ROWS,api,Tüm eczaneler,https://acikveri.bizizmir.com/dataset/nobetci-eczaneler-ve-eczane-listesi,CC BY 4.0,İzmir Büyükşehir Belediyesi Açık Veri Portalı
pharmacy:3135:38.317894:26.326073,pharmacy,Pharmacy,UMUT ECZANESİ,38.317894,26.326073,ÇEŞME,,FAHRETTİNPAŞA MAH. 2222/1 SOK. NO:4A,02322029481,,,2026-09-20T07:31:15.702Z,COMPLETE_FOR_MAPPABLE_ROWS,api,Tüm eczaneler,https://acikveri.bizizmir.com/dataset/nobetci-eczaneler-ve-eczane-listesi,CC BY 4.0,İzmir Büyükşehir Belediyesi Açık Veri Portalı
pharmacy:3136:38.450552:27.184312,pharmacy,Pharmacy,PERLA ECZANESİ,38.450552,27.184312,BORNOVA 3,,MANSUROĞLU MAH. 286 SOK. NO:7/B,02325024292,,,2026-09-20T07:31:15.702Z,COMPLETE_FOR_MAPPABLE_ROWS,api,Tüm eczaneler,https://acikveri.bizizmir.com/dataset/nobetci-eczaneler-ve-eczane-listesi,CC BY 4.0,İzmir Büyükşehir Belediyesi Açık Veri Portalı
pharmacy:3137:38.19121:26.784998,pharmacy,Pharmacy,TEOS ECZANESİ,38.19121,26.784998,SEFERİHİSAR-SIĞACIK BÖLGESİ,,SIGACIK MAH. AKKUM CAD NO 35/A,02323939831,,,2026-09-20T07:31:15.702Z,COMPLETE_FOR_MAPPABLE_ROWS,api,Tüm eczaneler,https://acikveri.bizizmir.com/dataset/nobetci-eczaneler-ve-eczane-listesi,CC BY 4.0,İzmir Büyükşehir Belediyesi Açık Veri Portalı
pharmacy:3138:38.398423:27.075825,pharmacy,Pharmacy,EFESOĞLU ECZANESİ,38.398423,27.075825,MİTHATPAŞA,,ÜÇKUYULAR MAH. MITHATPASA CAD. NO:1105/A KONAK,02327803336,,,2026-09-20T07:31:15.702Z,COMPLETE_FOR_MAPPABLE_ROWS,api,Tüm eczaneler,https://acikveri.bizizmir.com/dataset/nobetci-eczaneler-ve-eczane-listesi,CC BY 4.0,İzmir Büyükşehir Belediyesi Açık Veri Portalı
pharmacy:3139:38.659082:26.764558,pharmacy,Pharmacy,LOTUS ECZANESİ,38.659082,26.764558,ESKİ FOÇA,,ATATÜRK MAH. 99 SOK. NO:26/A,02328126303,,,2026-09-20T07:31:15.702Z,COMPLETE_FOR_MAPPABLE_ROWS,api,Tüm eczaneler,https://acikveri.bizizmir.com/dataset/nobetci-eczaneler-ve-eczane-listesi,CC BY 4.0,İzmir Büyükşehir Belediyesi Açık Veri Portalı
pharmacy:3140:38.145745:27.357145,pharmacy,Pharmacy,NUREFŞAN ECZANESİ,38.145745,27.357145,TORBALI,,MURATBEY MAH. İBRAHİM KESİCİ CAD. NO:55/B,02322025021,,,2026-09-20T07:31:15.702Z,COMPLETE_FOR_MAPPABLE_ROWS,api,Tüm eczaneler,https://acikveri.bizizmir.com/dataset/nobetci-eczaneler-ve-eczane-listesi,CC BY 4.0,İzmir Büyükşehir Belediyesi Açık Veri Portalı
pharmacy:3141:38.456235:27.199596,pharmacy,Pharmacy,KÖSE ECZANESİ,38.456235,27.199596,BORNOVA 3,,MANSUROĞLU MAH. HAŞİM İŞCAN CAD. NO:7/A,02320919788,,,2026-09-20T07:31:15.702Z,COMPLETE_FOR_MAPPABLE_ROWS,api,Tüm eczaneler,https://acikveri.bizizmir.com/dataset/nobetci-eczaneler-ve-eczane-listesi,CC BY 4.0,İzmir Büyükşehir Belediyesi Açık Veri Portalı
pharmacy:3142:38.475002:27.203556,pharmacy,Pharmacy,ÖZGECAN ECZANESİ,38.475002,27.203556,ATATÜRK,,ATATÜRK MAH. ZİYA GÖKALP CAD. NO:101,02329999353,,,2026-09-20T07:31:15.702Z,COMPLETE_FOR_MAPPABLE_ROWS,api,Tüm eczaneler,https://acikveri.bizizmir.com/dataset/nobetci-eczaneler-ve-eczane-listesi,CC BY 4.0,İzmir Büyükşehir Belediyesi Açık Veri Portalı
pharmacy:3143:38.462986:27.124304,pharmacy,Pharmacy,YENİ FİGEN ECZANESİ,38.462986,27.124304,KARŞIYAKA 2,,BAHÇELİEVLER MAH. ŞEHİT İBRAHİM ER SOK. NO:137/A,02326288708,,,2026-09-20T07:31:15.702Z,COMPLETE_FOR_MAPPABLE_ROWS,api,Tüm eczaneler,https://acikveri.bizizmir.com/dataset/nobetci-eczaneler-ve-eczane-listesi,CC BY 4.0,İzmir Büyükşehir Belediyesi Açık Veri Portalı
pharmacy:3144:38.474468:27.106097,pharmacy,Pharmacy,İNALTEKİN ECZANESİ,38.474468,27.106097,KARŞIYAKA 4,,İMBATLI MAH. 6092/1 SOK. NO:1/A,02329080012,,,2026-09-20T07:31:15.702Z,COMPLETE_FOR_MAPPABLE_ROWS,api,Tüm eczaneler,https://acikveri.bizizmir.com/dataset/nobetci-eczaneler-ve-eczane-listesi,CC BY 4.0,İzmir Büyükşehir Belediyesi Açık Veri Portalı
pharmacy:3145:38.325355:26.753182,pharmacy,Pharmacy,MELEK ECZANESİ,38.325355,26.753182,URLA,,YAKA MAH. ERDOĞAN KER CAD. NO:112/B,02322538369,,,2026-09-20T07:31:15.702Z,COMPLETE_FOR_MAPPABLE_ROWS,api,Tüm eczaneler,https://acikveri.bizizmir.com/dataset/nobetci-eczaneler-ve-eczane-listesi,CC BY 4.0,İzmir Büyükşehir Belediyesi Açık Veri Portalı
pharmacy:3146:38.434462:27.162463,pharmacy,Pharmacy,MAHAL ECZANESİ,38.434462,27.162463,ALSANCAK-BASMANE,,HALKAPINAR MAH. MÜRSELPAŞA BULVARI MAHAL BOMONTİ İZMİR PROJESİ B BLOK NO:172/4A,02322462425,,,2026-09-20T07:31:15.702Z,COMPLETE_FOR_MAPPABLE_ROWS,api,Tüm eczaneler,https://acikveri.bizizmir.com/dataset/nobetci-eczaneler-ve-eczane-listesi,CC BY 4.0,İzmir Büyükşehir Belediyesi Açık Veri Portalı
pharmacy:3147:38.56501:27.04347,pharmacy,Pharmacy,SİBEL ECZANESİ,38.56501,27.04347,MENEMEN 2,,30 AĞUSTOS MAH. 7112 SOK. NO:4/A,02328708378,,,2026-09-20T07:31:15.702Z,COMPLETE_FOR_MAPPABLE_ROWS,api,Tüm eczaneler,https://acikveri.bizizmir.com/dataset/nobetci-eczaneler-ve-eczane-listesi,CC BY 4.0,İzmir Büyükşehir Belediyesi Açık Veri Portalı
pharmacy:3148:38.368708:27.125653,pharmacy,Pharmacy,SELAM ECZANESİ,38.368708,27.125653,KARABAĞLAR,,İHSAN ALYANAK MAH. 5027 SOK. NO:4,02322643579,,,2026-09-20T07:31:15.702Z,COMPLETE_FOR_MAPPABLE_ROWS,api,Tüm eczaneler,https://acikveri.bizizmir.com/dataset/nobetci-eczaneler-ve-eczane-listesi,CC BY 4.0,İzmir Büyükşehir Belediyesi Açık Veri Portalı
pharmacy:3149:38.394132:27.113278,pharmacy,Pharmacy,BEHNAZ ECZANESİ,38.394132,27.113278,YEŞİLYURT,,KAZIM KARABEKİR MAH. YILDIZ CAD. NO:99-103A,02322505464,,,2026-09-20T07:31:15.702Z,COMPLETE_FOR_MAPPABLE_ROWS,api,Tüm eczaneler,https://acikveri.bizizmir.com/dataset/nobetci-eczaneler-ve-eczane-listesi,CC BY 4.0,İzmir Büyükşehir Belediyesi Açık Veri Portalı
pharmacy:3150:38.160098:27.356189,pharmacy,Pharmacy,BUSE ÇÖL ECZANESİ,38.160098,27.356189,TORBALI,,ERTUĞRUL MAH. NECATİ DOĞANOĞLU SOK. NO:13/A,02328560118,,,2026-09-20T07:31:15.702Z,COMPLETE_FOR_MAPPABLE_ROWS,api,Tüm eczaneler,https://acikveri.bizizmir.com/dataset/nobetci-eczaneler-ve-eczane-listesi,CC BY 4.0,İzmir Büyükşehir Belediyesi Açık Veri Portalı
pharmacy:3151:38.787185:26.983196,pharmacy,Pharmacy,EGE ŞİFA ECZANESİ,38.787185,26.983196,ALİAĞA,,YENİ MAH. MEHMET AKİF CAD. NO:94/B,02326163595,,,2026-09-20T07:31:15.702Z,COMPLETE_FOR_MAPPABLE_ROWS,api,Tüm eczaneler,https://acikveri.bizizmir.com/dataset/nobetci-eczaneler-ve-eczane-listesi,CC BY 4.0,İzmir Büyükşehir Belediyesi Açık Veri Portalı
pharmacy:3152:38.526261:27.046952,pharmacy,Pharmacy,DEMİR ECZANESİ,38.526261,27.046952,ÇİĞLİ,,UĞUR MUMCU MAH. 8790/5 SOK. NO:132/B,02325114446,,,2026-09-20T07:31:15.702Z,COMPLETE_FOR_MAPPABLE_ROWS,api,Tüm eczaneler,https://acikveri.bizizmir.com/dataset/nobetci-eczaneler-ve-eczane-listesi,CC BY 4.0,İzmir Büyükşehir Belediyesi Açık Veri Portalı
pharmacy:3153:38.431413:27.208101,pharmacy,Pharmacy,PALMİYE ECZANESİ,38.431413,27.208101,ÇAMDİBİ,,YEŞİLOVA MAH. 4174 SOK. NO:101/A,02325279511,,,2026-09-20T07:31:15.702Z,COMPLETE_FOR_MAPPABLE_ROWS,api,Tüm eczaneler,https://acikveri.bizizmir.com/dataset/nobetci-eczaneler-ve-eczane-listesi,CC BY 4.0,İzmir Büyükşehir Belediyesi Açık Veri Portalı
pharmacy:3154:38.464146:27.21454,pharmacy,Pharmacy,BORNOVA MAVİ ECZANESİ,38.464146,27.21454,BORNOVA 2,,KAZIM DİRİK MAH. MUSTAFA KEMAL CAD. NO:37/A,02321008280,,,2026-09-20T07:31:15.702Z,COMPLETE_FOR_MAPPABLE_ROWS,api,Tüm eczaneler,https://acikveri.bizizmir.com/dataset/nobetci-eczaneler-ve-eczane-listesi,CC BY 4.0,İzmir Büyükşehir Belediyesi Açık Veri Portalı
pharmacy:3155:38.554979:27.044835,pharmacy,Pharmacy,SİBEL ECZANESİ,38.554979,27.044835,MENEMEN 2,,30 AĞUSTOS MAH. 7112 SOK. NO:4/A,02324630105,,,2026-09-20T07:31:15.702Z,COMPLETE_FOR_MAPPABLE_ROWS,api,Tüm eczaneler,https://acikveri.bizizmir.com/dataset/nobetci-eczaneler-ve-eczane-listesi,CC BY 4.0,İzmir Büyükşehir Belediyesi Açık Veri Portalı
pharmacy:3156:38.396453:27.104727,pharmacy,Pharmacy,ADA ECZANESİ,38.396453,27.104727,BASIN SİTESİ,,VATAN MAH. POLAT CAD. NO:107/A,02325789057,,,2026-09-20T07:31:15.702Z,COMPLETE_FOR_MAPPABLE_ROWS,api,Tüm eczaneler,https://acikveri.bizizmir.com/dataset/nobetci-eczaneler-ve-eczane-listesi,CC BY 4.0,İzmir Büyükşehir Belediyesi Açık Veri Portalı
pharmacy:3157:38.493827:27.108305,pharmacy,Pharmacy,GAMZE GÜNEY ECZANESİ,38.493827,27.108305,KARŞIYAKA 4,,ZÜBEYDE HANIM MAH. 7448/11 SOK. NO:7/Z05,02324904085,,,2026-09-20T07:31:15.702Z,COMPLETE_FOR_MAPPABLE_ROWS,api,Tüm eczaneler,https://acikveri.bizizmir.com/dataset/nobetci-eczaneler-ve-eczane-listesi,CC BY 4.0,İzmir Büyükşehir Belediyesi Açık Veri Portalı
pharmacy:3158:38.489977:27.213867,pharmacy,Pharmacy,EDA DENİZ ECZANESİ,38.489977,27.213867,ATATÜRK,,EVKA-4 MAH. 1027 SOK. 96 BLOK NO:29/A,02323516019,,,2026-09-20T07:31:15.702Z,COMPLETE_FOR_MAPPABLE_ROWS,api,Tüm eczaneler,https://acikveri.bizizmir.com/dataset/nobetci-eczaneler-ve-eczane-listesi,CC BY 4.0,İzmir Büyükşehir Belediyesi Açık Veri Portalı
pharmacy:3159:38.800774:26.974717,pharmacy,Pharmacy,ASLIHAN ECZANESİ,38.800774,26.974717,ALİAĞA,,KÜLTÜR MAH. FEVZİ PAŞA CAD. NO:58/C,02325813909,,,2026-09-20T07:31:15.702Z,COMPLETE_FOR_MAPPABLE_ROWS,api,Tüm eczaneler,https://acikveri.bizizmir.com/dataset/nobetci-eczaneler-ve-eczane-listesi,CC BY 4.0,İzmir Büyükşehir Belediyesi Açık Veri Portalı
pharmacy:3160:38.459121:27.098502,pharmacy,Pharmacy,KUMBASAR ECZANESİ,38.459121,27.098502,KARŞIYAKA 3,,BOSTANLI MAH. 1735 SOK. NO:194/B,02328692032,,,2026-09-20T07:31:15.702Z,COMPLETE_FOR_MAPPABLE_ROWS,api,Tüm eczaneler,https://acikveri.bizizmir.com/dataset/nobetci-eczaneler-ve-eczane-listesi,CC BY 4.0,İzmir Büyükşehir Belediyesi Açık Veri Portalı
pharmacy:3161:38.606658:27.087281,pharmacy,Pharmacy,GÖZDE ECZANESİ,38.606658,27.087281,MENEMEN,,UĞUR MUMCU MH. 1249 SK. NO:14/4,02328310101,,,2026-09-20T07:31:15.702Z,COMPLETE_FOR_MAPPABLE_ROWS,api,Tüm eczaneler,https://acikveri.bizizmir.com/dataset/nobetci-eczaneler-ve-eczane-listesi,CC BY 4.0,İzmir Büyükşehir Belediyesi Açık Veri Portalı
pharmacy:3162:38.470722:27.098368,pharmacy,Pharmacy,ERKAN ECZANESİ,38.470722,27.098368,KARŞIYAKA 4,,ŞEMİKLER MAH. 6182 SOK. NO:67/A,02328275791,,,2026-09-20T07:31:15.702Z,COMPLETE_FOR_MAPPABLE_ROWS,api,Tüm eczaneler,https://acikveri.bizizmir.com/dataset/nobetci-eczaneler-ve-eczane-listesi,CC BY 4.0,İzmir Büyükşehir Belediyesi Açık Veri Portalı
pharmacy:3163:38.49763:27.04896,pharmacy,Pharmacy,ÇİĞLİ DEVA ECZANESİ,38.49763,27.04896,ÇİĞLİ,,YENİMAHALLE MAH. 8764/3 SOK. NO:4/1A,02327805992,,,2026-09-20T07:31:15.702Z,COMPLETE_FOR_MAPPABLE_ROWS,api,Tüm eczaneler,https://acikveri.bizizmir.com/dataset/nobetci-eczaneler-ve-eczane-listesi,CC BY 4.0,İzmir Büyükşehir Belediyesi Açık Veri Portalı
pharmacy:3164:38.460073:27.10364,pharmacy,Pharmacy,MELTEM ECZANESİ,38.460073,27.10364,KARŞIYAKA 3,,BOSTANLI MAH. 1671 SOK. NO:189/B,02323362070,,,2026-09-20T07:31:15.702Z,COMPLETE_FOR_MAPPABLE_ROWS,api,Tüm eczaneler,https://acikveri.bizizmir.com/dataset/nobetci-eczaneler-ve-eczane-listesi,CC BY 4.0,İzmir Büyükşehir Belediyesi Açık Veri Portalı
pharmacy:3165:38.520088:27.040613,pharmacy,Pharmacy,DORUK ECZANESİ,38.520088,27.040613,ÇİĞLİ,,AHMET EFENDİ MAH. 8790/5 SOK. NO:15/A,02323390997,,,2026-09-20T07:31:15.702Z,COMPLETE_FOR_MAPPABLE_ROWS,api,Tüm eczaneler,https://acikveri.bizizmir.com/dataset/nobetci-eczaneler-ve-eczane-listesi,CC BY 4.0,İzmir Büyükşehir Belediyesi Açık Veri Portalı
pharmacy:3166:38.393356:27.07747,pharmacy,Pharmacy,GİZEM ECZANESİ,38.393356,27.07747,HATAY,,MUAMMER AKAR MAH. 45/1 SOK. NO:26/A,02322482935,,,2026-09-20T07:31:15.702Z,COMPLETE_FOR_MAPPABLE_ROWS,api,Tüm eczaneler,https://acikveri.bizizmir.com/dataset/nobetci-eczaneler-ve-eczane-listesi,CC BY 4.0,İzmir Büyükşehir Belediyesi Açık Veri Portalı
pharmacy:3167:38.305533:26.367741,pharmacy,Pharmacy,MERT ECZANESİ,38.305533,26.367741,ÇEŞME,,CELAL BAYAR MAH. 5152 SOK. NO:24/B,02322030203,,,2026-09-20T07:31:15.702Z,COMPLETE_FOR_MAPPABLE_ROWS,api,Tüm eczaneler,https://acikveri.bizizmir.com/dataset/nobetci-eczaneler-ve-eczane-listesi,CC BY 4.0,İzmir Büyükşehir Belediyesi Açık Veri Portalı
pharmacy:3168:38.293155:26.278257,pharmacy,Pharmacy,ÇİFTLİKKÖY ELVAN ECZANESİ,38.293155,26.278257,ÇEŞME,,ÇİFTLİK MAH. 44 SOK. NO:8/B,02327221172,,,2026-09-20T07:31:15.702Z,COMPLETE_FOR_MAPPABLE_ROWS,api,Tüm eczaneler,https://acikveri.bizizmir.com/dataset/nobetci-eczaneler-ve-eczane-listesi,CC BY 4.0,İzmir Büyükşehir Belediyesi Açık Veri Portalı
pharmacy:3169:38.193221:26.83779,pharmacy,Pharmacy,GAMZE ECZANESİ,38.193221,26.83779,SEFERİHİSAR,,HIDIRLIK MAH. İNÖNÜ CAD. NO:20/A,02327432307,,,2026-09-20T07:31:15.702Z,COMPLETE_FOR_MAPPABLE_ROWS,api,Tüm eczaneler,https://acikveri.bizizmir.com/dataset/nobetci-eczaneler-ve-eczane-listesi,CC BY 4.0,İzmir Büyükşehir Belediyesi Açık Veri Portalı
pharmacy:3170:38.098295:27.71956,pharmacy,Pharmacy,ÇALLI YAŞAM ECZANESİ,38.098295,27.71956,TİRE,,FATİH MAH. TURGUT ÖZAL BULVARI NO:6/A,02325124243,,,2026-09-20T07:31:15.702Z,COMPLETE_FOR_MAPPABLE_ROWS,api,Tüm eczaneler,https://acikveri.bizizmir.com/dataset/nobetci-eczaneler-ve-eczane-listesi,CC BY 4.0,İzmir Büyükşehir Belediyesi Açık Veri Portalı
pharmacy:3171:38.803102:26.97134,pharmacy,Pharmacy,HAYAT ECZANESİ,38.803102,26.97134,ALİAĞA,,KÜLTÜR MAH. ATATÜRK CAD. NO:57/C,02326000029,,,2026-09-20T07:31:15.702Z,COMPLETE_FOR_MAPPABLE_ROWS,api,Tüm eczaneler,https://acikveri.bizizmir.com/dataset/nobetci-eczaneler-ve-eczane-listesi,CC BY 4.0,İzmir Büyükşehir Belediyesi Açık Veri Portalı
pharmacy:3172:38.45856:27.12059,pharmacy,Pharmacy,PARLA ECZANESİ,38.45856,27.12059,KARŞIYAKA 1,,ALAYBEY MAH. MEHMET İHSAN ZEYREK SOK. NO:66/A,02324037575,,,2026-09-20T07:31:15.702Z,COMPLETE_FOR_MAPPABLE_ROWS,api,Tüm eczaneler,https://acikveri.bizizmir.com/dataset/nobetci-eczaneler-ve-eczane-listesi,CC BY 4.0,İzmir Büyükşehir Belediyesi Açık Veri Portalı
pharmacy:3173:38.400444:27.130953,pharmacy,Pharmacy,KAYA ECZANESİ,38.400444,27.130953,EŞREFPAŞA,,ZAFERTEPE MAH. YEŞİLLİK CAD. NO:55/A,02322323550,,,2026-09-20T07:31:15.702Z,COMPLETE_FOR_MAPPABLE_ROWS,api,Tüm eczaneler,https://acikveri.bizizmir.com/dataset/nobetci-eczaneler-ve-eczane-listesi,CC BY 4.0,İzmir Büyükşehir Belediyesi Açık Veri Portalı
pharmacy:3174:38.425792:27.201873,pharmacy,Pharmacy,BAŞARAN ECZANESİ,38.425792,27.201873,ALTINDAĞ,,BİRLİK MAH. KEMALPAŞA CAD. NO:251/C,02324674687,,,2026-09-20T07:31:15.702Z,COMPLETE_FOR_MAPPABLE_ROWS,api,Tüm eczaneler,https://acikveri.bizizmir.com/dataset/nobetci-eczaneler-ve-eczane-listesi,CC BY 4.0,İzmir Büyükşehir Belediyesi Açık Veri Portalı
pharmacy:3175:39.074685:26.892186,pharmacy,Pharmacy,DUYGU ECZANESİ,39.074685,26.892186,DİKİLİ,,İSMETPAŞA MAH. 8 SOK. NO:21/A,02326757050,,,2026-09-20T07:31:15.702Z,COMPLETE_FOR_MAPPABLE_ROWS,api,Tüm eczaneler,https://acikveri.bizizmir.com/dataset/nobetci-eczaneler-ve-eczane-listesi,CC BY 4.0,İzmir Büyükşehir Belediyesi Açık Veri Portalı
pharmacy:3176:38.555015:27.045052,pharmacy,Pharmacy,FURKAN ECZANESİ,38.555015,27.045052,MENEMEN 2,,30 AĞUSTOS MAH. 7129 SOK. NO:4/B,02324036666,,,2026-09-20T07:31:15.702Z,COMPLETE_FOR_MAPPABLE_ROWS,api,Tüm eczaneler,https://acikveri.bizizmir.com/dataset/nobetci-eczaneler-ve-eczane-listesi,CC BY 4.0,İzmir Büyükşehir Belediyesi Açık Veri Portalı
pharmacy:3177:38.478931:27.118839,pharmacy,Pharmacy,SARIKAYA ECZANESİ,38.478931,27.118839,GÜMÜŞPALA,,SOĞUKKUYU MAH. 1847/26 SOK. NO:5/E,02325039119,,,2026-09-20T07:31:15.702Z,COMPLETE_FOR_MAPPABLE_ROWS,api,Tüm eczaneler,https://acikveri.bizizmir.com/dataset/nobetci-eczaneler-ve-eczane-listesi,CC BY 4.0,İzmir Büyükşehir Belediyesi Açık Veri Portalı
pharmacy:3178:38.478002:27.128947,pharmacy,Pharmacy,AYTÜL ECZANESİ,38.478002,27.128947,GÜMÜŞPALA,,YAMANLAR MAH. 7301 SOK. NO:32/B,02323670105,,,2026-09-20T07:31:15.702Z,COMPLETE_FOR_MAPPABLE_ROWS,api,Tüm eczaneler,https://acikveri.bizizmir.com/dataset/nobetci-eczaneler-ve-eczane-listesi,CC BY 4.0,İzmir Büyükşehir Belediyesi Açık Veri Portalı
pharmacy:3179:38.462987:27.177448,pharmacy,Pharmacy,TUTKU ECZANESİ,38.462987,27.177448,BAYRAKLI,,ADALET MAH. 1645/20 SOK. NO:2/A,02323711455,,,2026-09-20T07:31:15.702Z,COMPLETE_FOR_MAPPABLE_ROWS,api,Tüm eczaneler,https://acikveri.bizizmir.com/dataset/nobetci-eczaneler-ve-eczane-listesi,CC BY 4.0,İzmir Büyükşehir Belediyesi Açık Veri Portalı
pharmacy:3180:38.393405:27.155331,pharmacy,Pharmacy,PELİN ECZANESİ,38.393405,27.155331,ŞİRİNYER,,YİĞİTLER MAH. FEVZİ ÇAKMAK CAD. NO:33/A,02324871487,,,2026-09-20T07:31:15.702Z,COMPLETE_FOR_MAPPABLE_ROWS,api,Tüm eczaneler,https://acikveri.bizizmir.com/dataset/nobetci-eczaneler-ve-eczane-listesi,CC BY 4.0,İzmir Büyükşehir Belediyesi Açık Veri Portalı
pharmacy:3181:38.160553:27.348228,pharmacy,Pharmacy,BİLGE ECZANESİ,38.160553,27.348228,TORBALI,,CUMHURİYET MAH. 2026 SOK. B2 BLOK NO:11/1A,02325025464,,,2026-09-20T07:31:15.702Z,COMPLETE_FOR_MAPPABLE_ROWS,api,Tüm eczaneler,https://acikveri.bizizmir.com/dataset/nobetci-eczaneler-ve-eczane-listesi,CC BY 4.0,İzmir Büyükşehir Belediyesi Açık Veri Portalı
pharmacy:3182:38.390595:27.161003,pharmacy,Pharmacy,BEYZA KOLDAŞ ECZANESİ,38.390595,27.161003,ŞİRİNYER,,VALİ RAHMİ BEY MAH. MENDERES CAD. NO:129/A,02324876157,,,2026-09-20T07:31:15.702Z,COMPLETE_FOR_MAPPABLE_ROWS,api,Tüm eczaneler,https://acikveri.bizizmir.com/dataset/nobetci-eczaneler-ve-eczane-listesi,CC BY 4.0,İzmir Büyükşehir Belediyesi Açık Veri Portalı
pharmacy:3183:38.431244:27.417997,pharmacy,Pharmacy,CUMHURİYET ECZANESİ,38.431244,27.417997,KEMALPAŞA,,MEHMET AKİF ERSOY MAH. 157 SOK. NO:43/A,02328784578,,,2026-09-20T07:31:15.702Z,COMPLETE_FOR_MAPPABLE_ROWS,api,Tüm eczaneler,https://acikveri.bizizmir.com/dataset/nobetci-eczaneler-ve-eczane-listesi,CC BY 4.0,İzmir Büyükşehir Belediyesi Açık Veri Portalı
pharmacy:3184:38.426361:27.417152,pharmacy,Pharmacy,KİRAZ ÇİÇEĞİ ECZANESİ,38.426361,27.417152,KEMALPAŞA,,SOĞUKPINAR MAH. TÜRK OCAĞI CAD. NO:12/E,02328786661,,,2026-09-20T07:31:15.702Z,COMPLETE_FOR_MAPPABLE_ROWS,api,Tüm eczaneler,https://acikveri.bizizmir.com/dataset/nobetci-eczaneler-ve-eczane-listesi,CC BY 4.0,İzmir Büyükşehir Belediyesi Açık Veri Portalı
pharmacy:3185:38.321219:27.125189,pharmacy,Pharmacy,ŞEMS ECZANESİ,38.321219,27.125189,GAZİEMİR,,IRMAK MAH. HASAN GÜVEN CAD. NO:19/1-C,02325473585,,,2026-09-20T07:31:15.702Z,COMPLETE_FOR_MAPPABLE_ROWS,api,Tüm eczaneler,https://acikveri.bizizmir.com/dataset/nobetci-eczaneler-ve-eczane-listesi,CC BY 4.0,İzmir Büyükşehir Belediyesi Açık Veri Portalı
pharmacy:3186:38.321278:27.125136,pharmacy,Pharmacy,VİTAL ECZANESİ,38.321278,27.125136,GAZİEMİR,,IRMAK MAH. HASAN GÜVEN CAD. NO:19/1D,02322520005,,,2026-09-20T07:31:15.702Z,COMPLETE_FOR_MAPPABLE_ROWS,api,Tüm eczaneler,https://acikveri.bizizmir.com/dataset/nobetci-eczaneler-ve-eczane-listesi,CC BY 4.0,İzmir Büyükşehir Belediyesi Açık Veri Portalı
pharmacy:3187:38.421299:27.137029,pharmacy,Pharmacy,ELİF ECZANESİ,38.421299,27.137029,ALSANCAK-BASMANE,,GAZIOSMANPASA BULV. 84/A,02324845283,,,2026-09-20T07:31:15.702Z,COMPLETE_FOR_MAPPABLE_ROWS,api,Tüm eczaneler,https://acikveri.bizizmir.com/dataset/nobetci-eczaneler-ve-eczane-listesi,CC BY 4.0,İzmir Büyükşehir Belediyesi Açık Veri Portalı
pharmacy:3188:38.321278:27.125136,pharmacy,Pharmacy,VİTAL ECZANESİ,38.321278,27.125136,GAZİEMİR,,IRMAK MAH. HASAN GÜVEN CAD. NO:19/1D,02322522250,,,2026-09-20T07:31:15.702Z,COMPLETE_FOR_MAPPABLE_ROWS,api,Tüm eczaneler,https://acikveri.bizizmir.com/dataset/nobetci-eczaneler-ve-eczane-listesi,CC BY 4.0,İzmir Büyükşehir Belediyesi Açık Veri Portalı
pharmacy:3189:38.22933:27.972359,pharmacy,Pharmacy,GÖKÇE ECZANESİ,38.22933,27.972359,ÖDEMİŞ,,AKINCILAR MAH. HÜRRİYET CAD. NO:32/B,02322122361,,,2026-09-20T07:31:15.702Z,COMPLETE_FOR_MAPPABLE_ROWS,api,Tüm eczaneler,https://acikveri.bizizmir.com/dataset/nobetci-eczaneler-ve-eczane-listesi,CC BY 4.0,İzmir Büyükşehir Belediyesi Açık Veri Portalı
pharmacy:3190:38.474512:27.093128,pharmacy,Pharmacy,AYLİN ECZANESİ,38.474512,27.093128,KARŞIYAKA 4,,ŞEMİKLER MAH. 6294 SOK. NO:32/A,02326380112,,,2026-09-20T07:31:15.702Z,COMPLETE_FOR_MAPPABLE_ROWS,api,Tüm eczaneler,https://acikveri.bizizmir.com/dataset/nobetci-eczaneler-ve-eczane-listesi,CC BY 4.0,İzmir Büyükşehir Belediyesi Açık Veri Portalı
pharmacy:3191:38.478931:27.118839,pharmacy,Pharmacy,SARIKAYA ECZANESİ,38.478931,27.118839,GÜMÜŞPALA,,SOĞUKKUYU MAH. 1847/26 SOK. NO:5/E,02325794715,,,2026-09-20T07:31:15.702Z,COMPLETE_FOR_MAPPABLE_ROWS,api,Tüm eczaneler,https://acikveri.bizizmir.com/dataset/nobetci-eczaneler-ve-eczane-listesi,CC BY 4.0,İzmir Büyükşehir Belediyesi Açık Veri Portalı
pharmacy:3192:38.423784:27.139141,pharmacy,Pharmacy,AKBAY ECZANESİ,38.423784,27.139141,ALSANCAK-BASMANE,,İSMET KAPTAN MAH. GAZİ BULVARI NO:102/A,02324846983,,,2026-09-20T07:31:15.702Z,COMPLETE_FOR_MAPPABLE_ROWS,api,Tüm eczaneler,https://acikveri.bizizmir.com/dataset/nobetci-eczaneler-ve-eczane-listesi,CC BY 4.0,İzmir Büyükşehir Belediyesi Açık Veri Portalı
pharmacy:3193:38.46273:27.191357,pharmacy,Pharmacy,ADALI ECZANESİ,38.46273,27.191357,BORNOVA 3,,MANAVKUYU MAH. FATİH SULTAN MEHMET CAD. NO:80/D,02325070505,,,2026-09-20T07:31:15.702Z,COMPLETE_FOR_MAPPABLE_ROWS,api,Tüm eczaneler,https://acikveri.bizizmir.com/dataset/nobetci-eczaneler-ve-eczane-listesi,CC BY 4.0,İzmir Büyükşehir Belediyesi Açık Veri Portalı
pharmacy:3194:38.465553:27.191663,pharmacy,Pharmacy,SAYGILI ECZANESİ,38.465553,27.191663,BORNOVA 3,,MANAVKUYU MAH. YÜZBAŞI İBRAHİM HAKKI CAD. NO:46/B,02326835843,,,2026-09-20T07:31:15.702Z,COMPLETE_FOR_MAPPABLE_ROWS,api,Tüm eczaneler,https://acikveri.bizizmir.com/dataset/nobetci-eczaneler-ve-eczane-listesi,CC BY 4.0,İzmir Büyükşehir Belediyesi Açık Veri Portalı
pharmacy:3195:38.520088:27.040613,pharmacy,Pharmacy,DORUK ECZANESİ,38.520088,27.040613,ÇİĞLİ,,AHMET EFENDİ MAH. 8790/5 SOK. NO:15/A,02328390997,,,2026-09-20T07:31:15.702Z,COMPLETE_FOR_MAPPABLE_ROWS,api,Tüm eczaneler,https://acikveri.bizizmir.com/dataset/nobetci-eczaneler-ve-eczane-listesi,CC BY 4.0,İzmir Büyükşehir Belediyesi Açık Veri Portalı
pharmacy:3196:38.390722:26.747033,pharmacy,Pharmacy,UMUT ECZANESİ,38.390722,26.747033,ÇEŞMEALTI-İSKELE,,DENİZLİ MAH. 113 SOK. NO:6/A,02327554249,,,2026-09-20T07:31:15.702Z,COMPLETE_FOR_MAPPABLE_ROWS,api,Tüm eczaneler,https://acikveri.bizizmir.com/dataset/nobetci-eczaneler-ve-eczane-listesi,CC BY 4.0,İzmir Büyükşehir Belediyesi Açık Veri Portalı
pharmacy:3197:38.228947:27.987065,pharmacy,Pharmacy,CANSU ECZANESİ,38.228947,27.987065,ÖDEMİŞ,,ZAFER MAH. 1339 SOK. NO:1/B,02323320560,,,2026-09-20T07:31:15.702Z,COMPLETE_FOR_MAPPABLE_ROWS,api,Tüm eczaneler,https://acikveri.bizizmir.com/dataset/nobetci-eczaneler-ve-eczane-listesi,CC BY 4.0,İzmir Büyükşehir Belediyesi Açık Veri Portalı
pharmacy:3198:38.382849:27.055706,pharmacy,Pharmacy,LEYLA ECZANESİ,38.382849,27.055706,BALÇOVA,,TELEFERİK MAH. ÖZSAĞLIK SOK. NO:40/A,02322537134,,,2026-09-20T07:31:15.702Z,COMPLETE_FOR_MAPPABLE_ROWS,api,Tüm eczaneler,https://acikveri.bizizmir.com/dataset/nobetci-eczaneler-ve-eczane-listesi,CC BY 4.0,İzmir Büyükşehir Belediyesi Açık Veri Portalı
pharmacy:3199:38.468422:27.230659,pharmacy,Pharmacy,FİNAL ECZANESİ,38.468422,27.230659,BORNOVA 1,,ERZENE MAH. HASAN ALİ YÜCEL CAD. NO:12/1B,02323471906,,,2026-09-20T07:31:15.702Z,COMPLETE_FOR_MAPPABLE_ROWS,api,Tüm eczaneler,https://acikveri.bizizmir.com/dataset/nobetci-eczaneler-ve-eczane-listesi,CC BY 4.0,İzmir Büyükşehir Belediyesi Açık Veri Portalı
pharmacy:3200:38.530417:27.047728,pharmacy,Pharmacy,ATADENİZ ECZANESİ,38.530417,27.047728,ÇİĞLİ,,İNÖNÜ MAH. 9 EYLÜL CAD. NO:17/E,02327072955,,,2026-09-20T07:31:15.702Z,COMPLETE_FOR_MAPPABLE_ROWS,api,Tüm eczaneler,https://acikveri.bizizmir.com/dataset/nobetci-eczaneler-ve-eczane-listesi,CC BY 4.0,İzmir Büyükşehir Belediyesi Açık Veri Portalı
pharmacy:3201:38.374785:27.126407,pharmacy,Pharmacy,YENIÇAMLIK ECZANESİ,38.374785,27.126407,KARABAĞLAR,,SELVILI MAH.4130 SK. NO:1/C,02322648709,,,2026-09-20T07:31:15.702Z,COMPLETE_FOR_MAPPABLE_ROWS,api,Tüm eczaneler,https://acikveri.bizizmir.com/dataset/nobetci-eczaneler-ve-eczane-listesi,CC BY 4.0,İzmir Büyükşehir Belediyesi Açık Veri Portalı
pharmacy:3202:38.354782:26.80553,pharmacy,Pharmacy,SAHİL ECZANESİ,38.354782,26.80553,ÇEŞMEALTI-İSKELE,,KALABAK MAH. NEYZEN TEVFİK CAD. NO:121/A,02327520252,,,2026-09-20T07:31:15.702Z,COMPLETE_FOR_MAPPABLE_ROWS,api,Tüm eczaneler,https://acikveri.bizizmir.com/dataset/nobetci-eczaneler-ve-eczane-listesi,CC BY 4.0,İzmir Büyükşehir Belediyesi Açık Veri Portalı
pharmacy:3203:38.508136:26.625728,pharmacy,Pharmacy,ARAS ECZANESİ,38.508136,26.625728,MORDOĞAN,,MORDOĞAN MAH. NAMIK KEMAL CAD. NO:51/A,02327755505,,,2026-09-20T07:31:15.702Z,COMPLETE_FOR_MAPPABLE_ROWS,api,Tüm eczaneler,https://acikveri.bizizmir.com/dataset/nobetci-eczaneler-ve-eczane-listesi,CC BY 4.0,İzmir Büyükşehir Belediyesi Açık Veri Portalı
pharmacy:3204:38.392666:27.043803,pharmacy,Pharmacy,KORUTÜRK ECZANESİ,38.392666,27.043803,BALÇOVA 2,,KORUTÜRK MAH. TAYFUN SOK. NO:1/B,02329698383,,,2026-09-20T07:31:15.702Z,COMPLETE_FOR_MAPPABLE_ROWS,api,Tüm eczaneler,https://acikveri.bizizmir.com/dataset/nobetci-eczaneler-ve-eczane-listesi,CC BY 4.0,İzmir Büyükşehir Belediyesi Açık Veri Portalı
pharmacy:3205:38.393785:27.043854,pharmacy,Pharmacy,PARLA ECZANESİ,38.393785,27.043854,BALÇOVA 2,,KORUTÜRK MAH. MİTHATPAŞA CAD. NO:223/A,02322594829,,,2026-09-20T07:31:15.702Z,COMPLETE_FOR_MAPPABLE_ROWS,api,Tüm eczaneler,https://acikveri.bizizmir.com/dataset/nobetci-eczaneler-ve-eczane-listesi,CC BY 4.0,İzmir Büyükşehir Belediyesi Açık Veri Portalı
pharmacy:3206:38.447577:27.248816,pharmacy,Pharmacy,BERRAK ECZANESİ,38.447577,27.248816,BORNOVA 4,,DOĞANLAR MAH. 1517 SOK. NO:37/A,02325028060,,,2026-09-20T07:31:15.702Z,COMPLETE_FOR_MAPPABLE_ROWS,api,Tüm eczaneler,https://acikveri.bizizmir.com/dataset/nobetci-eczaneler-ve-eczane-listesi,CC BY 4.0,İzmir Büyükşehir Belediyesi Açık Veri Portalı
pharmacy:3207:38.80152:26.976479,pharmacy,Pharmacy,ÖLMEZ ECZANESİ,38.80152,26.976479,ALİAĞA,,KÜLTÜR MAH. HÜRRİYET CAD. NO:187/A,02326166602,,,2026-09-20T07:31:15.702Z,COMPLETE_FOR_MAPPABLE_ROWS,api,Tüm eczaneler,https://acikveri.bizizmir.com/dataset/nobetci-eczaneler-ve-eczane-listesi,CC BY 4.0,İzmir Büyükşehir Belediyesi Açık Veri Portalı
pharmacy:3208:38.25516:27.138906,pharmacy,Pharmacy,SEVGİ ŞİMŞEK ECZANESİ,38.25516,27.138906,MENDERES,,MİTHATPAŞA MAH. CUMAOVASI CAD. NO:42/A,02327829850,,,2026-09-20T07:31:15.702Z,COMPLETE_FOR_MAPPABLE_ROWS,api,Tüm eczaneler,https://acikveri.bizizmir.com/dataset/nobetci-eczaneler-ve-eczane-listesi,CC BY 4.0,İzmir Büyükşehir Belediyesi Açık Veri Portalı
pharmacy:3209:38.393071:27.02032,pharmacy,Pharmacy,BİLGEN ECZANESİ,38.393071,27.02032,NARLIDERE,,ILICA MAH. MİTHATPAŞA CAD. NO:127/A,02322385580,,,2026-09-20T07:31:15.702Z,COMPLETE_FOR_MAPPABLE_ROWS,api,Tüm eczaneler,https://acikveri.bizizmir.com/dataset/nobetci-eczaneler-ve-eczane-listesi,CC BY 4.0,İzmir Büyükşehir Belediyesi Açık Veri Portalı
pharmacy:3210:38.377898:27.171513,pharmacy,Pharmacy,PERA ECZANESİ,38.377898,27.171513,BUCA 2,,KOZAĞAÇ MAH. GAZETECİ YAZAR İSMAİL SİVRİ BULVARI NO:87/A,02324401010,,,2026-09-20T07:31:15.702Z,COMPLETE_FOR_MAPPABLE_ROWS,api,Tüm eczaneler,https://acikveri.bizizmir.com/dataset/nobetci-eczaneler-ve-eczane-listesi,CC BY 4.0,İzmir Büyükşehir Belediyesi Açık Veri Portalı
pharmacy:3211:38.448021:27.231209,pharmacy,Pharmacy,DETAY ECZANESİ,38.448021,27.231209,BORNOVA 4,,MEVLANA MAH. 1751 SOK. NO:17-19/B,02322034648,,,2026-09-20T07:31:15.702Z,COMPLETE_FOR_MAPPABLE_ROWS,api,Tüm eczaneler,https://acikveri.bizizmir.com/dataset/nobetci-eczaneler-ve-eczane-listesi,CC BY 4.0,İzmir Büyükşehir Belediyesi Açık Veri Portalı
pharmacy:3212:38.477767:27.111623,pharmacy,Pharmacy,CANGÜL ECZANESİ,38.477767,27.111623,KARŞIYAKA 4,,ÖRNEKKÖY MH. 7401 SK. NO:28/A,02321371700,,,2026-09-20T07:31:15.702Z,COMPLETE_FOR_MAPPABLE_ROWS,api,Tüm eczaneler,https://acikveri.bizizmir.com/dataset/nobetci-eczaneler-ve-eczane-listesi,CC BY 4.0,İzmir Büyükşehir Belediyesi Açık Veri Portalı
pharmacy:3213:38.454852:27.106843,pharmacy,Pharmacy,ANAYURT ECZANESİ,38.454852,27.106843,KARŞIYAKA 1,,AKSOY MAH. GİRNE BULVARI NO:36/9A,02321690500,,,2026-09-20T07:31:15.702Z,COMPLETE_FOR_MAPPABLE_ROWS,api,Tüm eczaneler,https://acikveri.bizizmir.com/dataset/nobetci-eczaneler-ve-eczane-listesi,CC BY 4.0,İzmir Büyükşehir Belediyesi Açık Veri Portalı
pharmacy:3214:38.255049:27.124587,pharmacy,Pharmacy,BARBAROS ECZANESİ,38.255049,27.124587,MENDERES,,BARBAROS MAH. 340 SOK. NO:69/C,02326832159,,,2026-09-20T07:31:15.702Z,COMPLETE_FOR_MAPPABLE_ROWS,api,Tüm eczaneler,https://acikveri.bizizmir.com/dataset/nobetci-eczaneler-ve-eczane-listesi,CC BY 4.0,İzmir Büyükşehir Belediyesi Açık Veri Portalı
pharmacy:3215:38.39289:27.099533,pharmacy,Pharmacy,DERVİŞ ECZANESİ,38.39289,27.099533,BASIN SİTESİ,,MALİYECİLER MAH. 177/9 SOK. NO:16/A,02322477000,,,2026-09-20T07:31:15.702Z,COMPLETE_FOR_MAPPABLE_ROWS,api,Tüm eczaneler,https://acikveri.bizizmir.com/dataset/nobetci-eczaneler-ve-eczane-listesi,CC BY 4.0,İzmir Büyükşehir Belediyesi Açık Veri Portalı
pharmacy:3216:38.368076:27.17302,pharmacy,Pharmacy,BATI BUCA ECZANESİ,38.368076,27.17302,BUCA 2,,ÇAMLIKULE MAH. 220/21 SOK. NO:116/A,02325040442,,,2026-09-20T07:31:15.702Z,COMPLETE_FOR_MAPPABLE_ROWS,api,Tüm eczaneler,https://acikveri.bizizmir.com/dataset/nobetci-eczaneler-ve-eczane-listesi,CC BY 4.0,İzmir Büyükşehir Belediyesi Açık Veri Portalı
pharmacy:3217:38.382334:27.175054,pharmacy,Pharmacy,ACEMOĞLU ECZANESİ,38.382334,27.175054,BUCA 1,,KOZAĞAÇ MAH. ÖZMEN CAD. NO:17/B,02322505700,,,2026-09-20T07:31:15.702Z,COMPLETE_FOR_MAPPABLE_ROWS,api,Tüm eczaneler,https://acikveri.bizizmir.com/dataset/nobetci-eczaneler-ve-eczane-listesi,CC BY 4.0,İzmir Büyükşehir Belediyesi Açık Veri Portalı
pharmacy:3218:38.388299:27.150936,pharmacy,Pharmacy,DAMLA IŞIK ECZANESİ,38.388299,27.150936,ŞİRİNYER,,AKINCILAR MAH.506 SK. 3/A,02326332389,,,2026-09-20T07:31:15.702Z,COMPLETE_FOR_MAPPABLE_ROWS,api,Tüm eczaneler,https://acikveri.bizizmir.com/dataset/nobetci-eczaneler-ve-eczane-listesi,CC BY 4.0,İzmir Büyükşehir Belediyesi Açık Veri Portalı